BILLING_MONTH,VENDOR,VENDOR_PARTNER_NAME,VENDOR_PRODUCT_SKU,MODIFIER,QUANTITY,UNIT_PRICE,AMOUNT,CURRENCY
2026-05-01,Acronis,"1 Up Tech, LLC",SP4BMSENS,US_Master,991.07,0.0264,26.164248,USD
2026-05-01,Acronis,"1 Up Tech, LLC",SPBAMSENS,US_Master,2408.42,0.0545,131.25888999999998,USD
2026-05-01,Acronis,"1 Up Tech, LLC",SVEAMSENS,US_Master,1009.33,0.0272,27.453776,USD
2026-05-01,Acronis,1 ZERO 1 Comp Sols Ltd,SPBAMSENS,UK_GIG,1157.77,0.0545,63.098465,USD
2026-05-01,Acronis,1 ZERO 1 Comp Sols Ltd,SPD5MSENS,UK_GIG,1.0,7.0576,7.0576,USD
2026-05-01,Acronis,1 ZERO 1 Comp Sols Ltd,SPDAMSENS,UK_GIG,10672.91,0.0148,157.959068,USD
2026-05-01,Acronis,1 ZERO 1 Comp Sols Ltd,SPDCMSENS,UK_GIG,36.0,,0.0,USD
2026-05-01,Acronis,1 ZERO 1 Comp Sols Ltd,SPEAMSENS,UK_GIG,4.0,10.3731,41.4924,USD
2026-05-01,Acronis,1 ZERO 1 Comp Sols Ltd,SPFAMSENS,UK_GIG,17.0,3.6565,62.1605,USD
2026-05-01,Acronis,1 ZERO 1 Comp Sols Ltd,SPGAMSENS,UK_GIG,4.0,1.704,6.816,USD
2026-05-01,Acronis,1 ZERO 1 Comp Sols Ltd,SPIAMSENS,UK_GIG,2.0,0.6319,1.2638,USD
2026-05-01,Acronis,1 ZERO 1 Comp Sols Ltd,SRJAMSENS,UK_GIG,195.0,1.1502,224.289,USD
2026-05-01,Acronis,1 ZERO 1 Comp Sols Ltd,SRMAMSENS,UK_GIG,16.0,0.6674,10.6784,USD
2026-05-01,Acronis,A Tech 4 U,SP4BMSENS,US_Master,82.12,0.0264,2.167968,USD
2026-05-01,Acronis,A Tech 4 U,SPBAMSENS,US_Master,37898.509999999995,0.0545,2065.468795,USD
2026-05-01,Acronis,A Tech 4 U,SPDAMSENS,US_Master,376.5,0.0148,5.5722000000000005,USD
2026-05-01,Acronis,A Tech 4 U,SPGAMSENS,US_Master,2.0,1.704,3.408,USD
2026-05-01,Acronis,A Tech 4 U,SRHAMSENS,US_Master,2.0,0.7313,1.4626,USD
2026-05-01,Acronis,A Tech 4 U,SRIAMSENS,US_Master,8.0,0.1725,1.38,USD
2026-05-01,Acronis,A Tech 4 U,SVEAMSENS,US_Master,77.02,0.0272,2.094944,USD
2026-05-01,Acronis,ABtec Computer Solutions Ltd,SPBAMSENS,UK_GIG,726.18,0.0545,39.576809999999995,USD
2026-05-01,Acronis,ACT Enviro,SPBAMSENS,US2_GIG,36017.92,0.0545,1962.9766399999999,USD
2026-05-01,Acronis,ACT Enviro,SRIAMSENS,US2_GIG,1.0,0.1725,0.1725,USD
2026-05-01,Acronis,ADECS-Maple,SPD5MSENS,UK_GIG,0.0,7.0576,0.0,USD
2026-05-01,Acronis,ADECS-Maple,SPDAMSENS,UK_GIG,80021.44,0.0148,1184.3173120000001,USD
2026-05-01,Acronis,ADECS-Maple,SPDCMSENS,UK_GIG,260.0,,0.0,USD
2026-05-01,Acronis,ADECS-Maple,SPEAMSENS,UK_GIG,16.0,10.3731,165.9696,USD
2026-05-01,Acronis,ADECS-Maple,SPFAMSENS,UK_GIG,48.0,3.6565,175.512,USD
2026-05-01,Acronis,ADECS-Maple,SPGAMSENS,UK_GIG,19.0,1.704,32.376,USD
2026-05-01,Acronis,ADECS-Maple,SRJAMSENS,UK_GIG,530.0,1.1502,609.606,USD
2026-05-01,Acronis,AMEOT,SPDAMSENS,US_Master,1281.12,0.0148,18.960576,USD
2026-05-01,Acronis,AMS Retail Solutions,SP4BMSENS,US2_GIG,3333.5,0.0264,88.0044,USD
2026-05-01,Acronis,AMS Retail Solutions,SPBAMSENS,US2_GIG,3181.3700000000003,0.0545,173.384665,USD
2026-05-01,Acronis,AMS Retail Solutions,SRIAMSENS,US2_GIG,1.0,0.1725,0.1725,USD
2026-05-01,Acronis,ARGO-TECH Solutions Inc.,SPDAMSENS,US_Master,3689.68,0.0148,54.607264,USD
2026-05-01,Acronis,ARGO-TECH Solutions Inc.,SPEAMSENS,US_Master,3.0,10.3731,31.119300000000003,USD
2026-05-01,Acronis,"AZComp Technologies, Inc",SPBAMSENS,US2_GIG,1847.77,0.0545,100.703465,USD
2026-05-01,Acronis,Abbey Telecom,SP4BMSENS,UK_GIG,118.15,0.0264,3.11916,USD
2026-05-01,Acronis,Abbey Telecom,SPBAMSENS,UK_GIG,18860.77,0.0545,1027.911965,USD
2026-05-01,Acronis,Abbey Telecom,SPDAMSENS,UK_GIG,2326.11,0.0148,34.426428,USD
2026-05-01,Acronis,Abbey Telecom,SPFAMSENS,UK_GIG,3.0,3.6565,10.9695,USD
2026-05-01,Acronis,Abbey Telecom,SPGAMSENS,UK_GIG,1.0,1.704,1.704,USD
2026-05-01,Acronis,Abbey Telecom,SPIAMSENS,UK_GIG,2.0,0.6319,1.2638,USD
2026-05-01,Acronis,Abbey Telecom,SRHAMSENS,UK_GIG,1.0,0.7313,0.7313,USD
2026-05-01,Acronis,Abbey Telecom,SRIAMSENS,UK_GIG,1.0,0.1725,0.1725,USD
2026-05-01,Acronis,Achronix Semiconductor Corp,SPBAMSENS,US_Master,56.49,0.0545,3.0787050000000002,USD
2026-05-01,Acronis,Acuity Network Services,SPDAMSENS,US_Master,9421.97,0.0148,139.445156,USD
2026-05-01,Acronis,Acuity Network Services,SPFAMSENS,US_Master,5.0,3.6565,18.2825,USD
2026-05-01,Acronis,Acuity Network Services,SPGAMSENS,US_Master,38.0,1.704,64.752,USD
2026-05-01,Acronis,Adfranse Automatisering B V,SPDAMSENS,EU8_Master,667.4,0.0148,9.87752,USD
2026-05-01,Acronis,Adfranse Automatisering B V,SPDCMSENS,EU8_Master,2.0,,0.0,USD
2026-05-01,Acronis,Adfranse Automatisering B V,SPEAMSENS,EU8_Master,2.0,10.3731,20.7462,USD
2026-05-01,Acronis,Adfranse Automatisering B V,SPFAMSENS,EU8_Master,4.0,3.6565,14.626,USD
2026-05-01,Acronis,Adfranse Automatisering B V,SPGAMSENS,EU8_Master,1.0,1.704,1.704,USD
2026-05-01,Acronis,Adfranse Automatisering B V,SPIAMSENS,EU8_Master,4.0,0.6319,2.5276,USD
2026-05-01,Acronis,Adfranse Automatisering B V,SRHAMSENS,EU8_Master,1.0,0.7313,0.7313,USD
2026-05-01,Acronis,Adfranse Automatisering B V,SRIAMSENS,EU8_Master,1.0,0.1725,0.1725,USD
2026-05-01,Acronis,Adfranse Automatisering B V,SRJAMSENS,EU8_Master,9.0,1.1502,10.351799999999999,USD
2026-05-01,Acronis,"Adtech Computers, Inc.",SPDAMSENS,US_Master,142189.36000000002,0.0148,2104.402528,USD
2026-05-01,Acronis,"Adtech Computers, Inc.",SPEAMSENS,US_Master,70.0,10.3731,726.1170000000001,USD
2026-05-01,Acronis,"Adtech Computers, Inc.",SPFAMSENS,US_Master,157.0,3.6565,574.0704999999999,USD
2026-05-01,Acronis,"Adtech Computers, Inc.",SPGAMSENS,US_Master,17.0,1.704,28.968,USD
2026-05-01,Acronis,"Adtech Computers, Inc.",SPIAMSENS,US_Master,1.0,0.6319,0.6319,USD
2026-05-01,Acronis,"Adtech Computers, Inc.",SRHAMSENS,US_Master,1.0,0.7313,0.7313,USD
2026-05-01,Acronis,"Adtech Computers, Inc.",SRIAMSENS,US_Master,1.0,0.1725,0.1725,USD
2026-05-01,Acronis,"Adtech Computers, Inc.",SVEAMSENS,US_Master,237.56,0.0272,6.461632,USD
2026-05-01,Acronis,Advanced Systems,SPDAMSENS,CAN_DEV,80881.05,0.0148,1197.03954,USD
2026-05-01,Acronis,Advanced Systems,SPEAMSENS,CAN_DEV,6.0,10.3731,62.238600000000005,USD
2026-05-01,Acronis,Advanced Systems,SPFAMSENS,CAN_DEV,117.0,3.6565,427.8105,USD
2026-05-01,Acronis,Advanced Systems,SPGAMSENS,CAN_DEV,63.0,1.704,107.352,USD
2026-05-01,Acronis,Advantech IT Solutions,SPDAMSENS,US_Master,11189.31,0.0148,165.601788,USD
2026-05-01,Acronis,Advantech IT Solutions,SPEAMSENS,US_Master,3.0,10.3731,31.119300000000003,USD
2026-05-01,Acronis,Advantech IT Solutions,SPFAMSENS,US_Master,10.0,3.6565,36.565,USD
2026-05-01,Acronis,Advantech IT Solutions,SPGAMSENS,US_Master,2.0,1.704,3.408,USD
2026-05-01,Acronis,Advantech IT Solutions,SRIAMSENS,US_Master,5.0,0.1725,0.8624999999999999,USD
2026-05-01,Acronis,Advantech IT Solutions,SRJAMSENS,US_Master,5.0,1.1502,5.7509999999999994,USD
2026-05-01,Acronis,Agilico,SO4AMSENS,UK_DEV,812.0,1.3348,1083.8576,USD
2026-05-01,Acronis,Agilico,SPBAMSENS,UK_DEV,13676.09,0.0545,745.346905,USD
2026-05-01,Acronis,Agilico,SPDAMSENS,UK_DEV,108499.92,0.0148,1605.798816,USD
2026-05-01,Acronis,Agilico,SPDCMSENS,UK_DEV,1009.0,,0.0,USD
2026-05-01,Acronis,Agilico,SPEAMSENS,UK_DEV,5.0,10.3731,51.865500000000004,USD
2026-05-01,Acronis,Agilico,SPFAMSENS,UK_DEV,133.0,3.6565,486.3145,USD
2026-05-01,Acronis,Agilico,SPGAMSENS,UK_DEV,5.0,1.704,8.52,USD
2026-05-01,Acronis,Agilico,SPIAMSENS,UK_DEV,23.0,0.6319,14.5337,USD
2026-05-01,Acronis,Agilico,SRHAMSENS,UK_DEV,5.0,0.7313,3.6565,USD
2026-05-01,Acronis,Agilico,SRIAMSENS,UK_DEV,462.0,0.1725,79.695,USD
2026-05-01,Acronis,Agilico,SRJAMSENS,UK_DEV,812.0,1.1502,933.9623999999999,USD
2026-05-01,Acronis,Agilico,SRMAMSENS,UK_DEV,104.0,0.6674,69.4096,USD
2026-05-01,Acronis,Agilico,SRXAMSENS,UK_DEV,30.0,0.2574,7.722,USD
2026-05-01,Acronis,Akita Systems,SPBAMSENS,UK_DEV,434.63,0.0545,23.687335,USD
2026-05-01,Acronis,Akita Systems,SPDAMSENS,UK_DEV,314.31,0.0148,4.651788,USD
2026-05-01,Acronis,Akita Systems,SPDCMSENS,UK_DEV,3031.0,,0.0,USD
2026-05-01,Acronis,Akita Systems,SPIAMSENS,UK_DEV,1.0,0.6319,0.6319,USD
2026-05-01,Acronis,Akita Systems,SQ8AMSENS,UK_DEV,11.0,1.1502,12.652199999999999,USD
2026-05-01,Acronis,Akita Systems,SRJAMSENS,UK_DEV,4344.0,1.1502,4996.4688,USD
2026-05-01,Acronis,Aldebaran Group,SEDAMSENS,US_Master,1.0,1.3774,1.3774,USD
2026-05-01,Acronis,Aldebaran Group,SPDAMSENS,US_Master,56546.61,0.0148,836.8898280000001,USD
2026-05-01,Acronis,Aldebaran Group,SPEAMSENS,US_Master,3.0,10.3731,31.119300000000003,USD
2026-05-01,Acronis,Aldebaran Group,SPFAMSENS,US_Master,64.0,3.6565,234.016,USD
2026-05-01,Acronis,Aldebaran Group,SPGAMSENS,US_Master,4.0,1.704,6.816,USD
2026-05-01,Acronis,Aldebaran Group,SPIAMSENS,US_Master,6.0,0.6319,3.7914000000000003,USD
2026-05-01,Acronis,Aldebaran Group,SQYAMSENS,US_Master,420.02,0.0275,11.55055,USD
2026-05-01,Acronis,Aldebaran Group,SRJAMSENS,US_Master,38.0,1.1502,43.7076,USD
2026-05-01,Acronis,Aldebaran Group,SVEAMSENS,US_Master,57584.32,0.0272,1566.293504,USD
2026-05-01,Acronis,AlphaKOR Group Inc,SP4BMSENS,US2_GIG,3784.91,0.0264,99.921624,USD
2026-05-01,Acronis,AlphaKOR Group Inc,SPBAMSENS,US2_GIG,19778.68,0.0545,1077.9380600000002,USD
2026-05-01,Acronis,AlphaKOR Group Inc,SPDAMSENS,US2_GIG,1069.27,0.0148,15.825196,USD
2026-05-01,Acronis,AlphaKOR Group Inc,SPEAMSENS,US2_GIG,0.0,10.3731,0.0,USD
2026-05-01,Acronis,AlphaKOR Group Inc,SPFAMSENS,US2_GIG,0.0,3.6565,0.0,USD
2026-05-01,Acronis,AlphaKOR Group Inc,SPGAMSENS,US2_GIG,0.0,1.704,0.0,USD
2026-05-01,Acronis,AlphaKOR Group Inc,SPIAMSENS,US2_GIG,6.0,0.6319,3.7914000000000003,USD
2026-05-01,Acronis,AlphaKOR Group Inc,SRHAMSENS,US2_GIG,0.0,0.7313,0.0,USD
2026-05-01,Acronis,AlphaKOR Group Inc,SRIAMSENS,US2_GIG,0.0,0.1725,0.0,USD
2026-05-01,Acronis,"Anderson Computer, LLC",SPDAMSENS,US_Master,934.02,0.0148,13.823496,USD
2026-05-01,Acronis,"Anderson Computer, LLC",SPEAMSENS,US_Master,1.0,10.3731,10.3731,USD
2026-05-01,Acronis,"Anderson Computer, LLC",SPFAMSENS,US_Master,4.0,3.6565,14.626,USD
2026-05-01,Acronis,"Anderson Computer, LLC",SPGAMSENS,US_Master,27.0,1.704,46.007999999999996,USD
2026-05-01,Acronis,"Anderson Computer, LLC",SPIAMSENS,US_Master,19.0,0.6319,12.0061,USD
2026-05-01,Acronis,"Anderson Computer, LLC",SQACMSENS,US_Master,1.0,28.4,28.4,USD
2026-05-01,Acronis,"Anderson Computer, LLC",SRHAMSENS,US_Master,1.0,0.7313,0.7313,USD
2026-05-01,Acronis,"Anderson Computer, LLC",SRIAMSENS,US_Master,1.0,0.1725,0.1725,USD
2026-05-01,Acronis,Andrews & Associates IT Solutions,SPBAMSENS,US_Master,713.93,0.0545,38.909184999999994,USD
2026-05-01,Acronis,Andrews & Associates IT Solutions,SPDAMSENS,US_Master,169824.5,0.0148,2513.4026000000003,USD
2026-05-01,Acronis,Andrews & Associates IT Solutions,SPDCMSENS,US_Master,18.0,,0.0,USD
2026-05-01,Acronis,Andrews & Associates IT Solutions,SPEAMSENS,US_Master,58.0,10.3731,601.6398,USD
2026-05-01,Acronis,Andrews & Associates IT Solutions,SPFAMSENS,US_Master,124.0,3.6565,453.406,USD
2026-05-01,Acronis,Andrews & Associates IT Solutions,SPGAMSENS,US_Master,188.0,1.704,320.352,USD
2026-05-01,Acronis,Andrews & Associates IT Solutions,SRIAMSENS,US_Master,25.0,0.1725,4.3125,USD
2026-05-01,Acronis,Andrews & Associates IT Solutions,SRJAMSENS,US_Master,8.0,1.1502,9.2016,USD
2026-05-01,Acronis,Archis Technologies,SPBAMSENS,US_Master,4046.83,0.0545,220.552235,USD
2026-05-01,Acronis,ArgoNet,SPDAMSENS,US_Master,1517.01,0.0148,22.451748000000002,USD
2026-05-01,Acronis,ArgoNet,SPEAMSENS,US_Master,1.0,10.3731,10.3731,USD
2026-05-01,Acronis,ArgoNet,SPGAMSENS,US_Master,13.0,1.704,22.152,USD
2026-05-01,Acronis,ArgoNet,SPIAMSENS,US_Master,1.0,0.6319,0.6319,USD
2026-05-01,Acronis,ArgoNet,SRIAMSENS,US_Master,5.0,0.1725,0.8624999999999999,USD
2026-05-01,Acronis,Armagh Cash Register Ltd,SPDAMSENS,CAN_DEV,2090.0,0.0148,30.932000000000002,USD
2026-05-01,Acronis,Armagh Cash Register Ltd,SPEAMSENS,CAN_DEV,1.0,10.3731,10.3731,USD
2026-05-01,Acronis,Armagh Cash Register Ltd,SPFAMSENS,CAN_DEV,4.0,3.6565,14.626,USD
2026-05-01,Acronis,Armagh Cash Register Ltd,SPGAMSENS,CAN_DEV,68.0,1.704,115.872,USD
2026-05-01,Acronis,Arthur Allen Technology,SPDAMSENS,US_Master,525.49,0.0148,7.777252000000001,USD
2026-05-01,Acronis,Arthur Allen Technology,SPEAMSENS,US_Master,2.0,10.3731,20.7462,USD
2026-05-01,Acronis,Arthur Allen Technology,SPIAMSENS,US_Master,1.0,0.6319,0.6319,USD
2026-05-01,Acronis,Ascension Technology,SO4AMSENS,US_Master,88.0,1.3348,117.4624,USD
2026-05-01,Acronis,Ascension Technology,SPIAMSENS,US_Master,8.0,0.6319,5.0552,USD
2026-05-01,Acronis,Ashbury,SPDAMSENS,UK_DEV,371.01,0.0148,5.490948,USD
2026-05-01,Acronis,Ashbury,SPDCMSENS,UK_DEV,208.0,,0.0,USD
2026-05-01,Acronis,Ashbury,SRJAMSENS,UK_DEV,331.0,1.1502,380.71619999999996,USD
2026-05-01,Acronis,Associated Time & Parking Controls,SPBAMSENS,US2_GIG,122.91,0.0545,6.698595,USD
2026-05-01,Acronis,Astec IT Consultancy LTD,SPDAMSENS,UK_DEV,652.36,0.0148,9.654928,USD
2026-05-01,Acronis,Astec IT Consultancy LTD,SPEAMSENS,UK_DEV,2.0,10.3731,20.7462,USD
2026-05-01,Acronis,Astec IT Consultancy LTD,SPGAMSENS,UK_DEV,47.0,1.704,80.088,USD
2026-05-01,Acronis,Astec IT Consultancy LTD,SPIAMSENS,UK_DEV,2.0,0.6319,1.2638,USD
2026-05-01,Acronis,Athens Micro,SPD5MSENS,US_Master,1.0,7.0576,7.0576,USD
2026-05-01,Acronis,Athens Micro,SPEAMSENS,US_Master,48.0,10.3731,497.90880000000004,USD
2026-05-01,Acronis,Athens Micro,SPFAMSENS,US_Master,185.0,3.6565,676.4525,USD
2026-05-01,Acronis,Athens Micro,SPGAMSENS,US_Master,171.0,1.704,291.384,USD
2026-05-01,Acronis,Aufsite,SPBAMSENS,US_Master,9407.71,0.0545,512.720195,USD
2026-05-01,Acronis,Austin Computer Guys,SPDAMSENS,US_Master,5745.01,0.0148,85.026148,USD
2026-05-01,Acronis,Austin Computer Guys,SPEAMSENS,US_Master,21.0,10.3731,217.8351,USD
2026-05-01,Acronis,"Autokiniton US Holdings, Inc.",SPDAMSENS,US_Master,32.15,0.0148,0.47582,USD
2026-05-01,Acronis,"Autokiniton US Holdings, Inc.",SPEAMSENS,US_Master,1.0,10.3731,10.3731,USD
2026-05-01,Acronis,"Autokiniton US Holdings, Inc.",SPFAMSENS,US_Master,1.0,3.6565,3.6565,USD
2026-05-01,Acronis,"Autokiniton US Holdings, Inc.",SPGAMSENS,US_Master,42.0,1.704,71.568,USD
2026-05-01,Acronis,"Autokiniton US Holdings, Inc.",SPIAMSENS,US_Master,36.0,0.6319,22.7484,USD
2026-05-01,Acronis,Automated Business Products,SPBAMSENS,US_Master,2779.59,0.0545,151.48765500000002,USD
2026-05-01,Acronis,Automated Business Products,SPDAMSENS,US_Master,1228.1,0.0148,18.17588,USD
2026-05-01,Acronis,Automated Business Products,SPEAMSENS,US_Master,2.0,10.3731,20.7462,USD
2026-05-01,Acronis,Automated Business Products,SRIAMSENS,US_Master,7.0,0.1725,1.2075,USD
2026-05-01,Acronis,Automated Business Products,SVEAMSENS,US_Master,1229.9,0.0272,33.45328,USD
2026-05-01,Acronis,Avalon Hills,SP4BMSENS,US_Master,1031.2,0.0264,27.22368,USD
2026-05-01,Acronis,Avalon Hills,SPBAMSENS,US_Master,988.87,0.0545,53.893415,USD
2026-05-01,Acronis,Avalon Hills,SRHAMSENS,US_Master,1.0,0.7313,0.7313,USD
2026-05-01,Acronis,Avalon Hills,SRIAMSENS,US_Master,0.0,0.1725,0.0,USD
2026-05-01,Acronis,Axiom,SP4BMSENS,US_Master,5564.33,0.0264,146.898312,USD
2026-05-01,Acronis,Axiom,SPBAMSENS,US_Master,12168.84,0.0545,663.20178,USD
2026-05-01,Acronis,Axiom,SRIAMSENS,US_Master,2.0,0.1725,0.345,USD
2026-05-01,Acronis,B4B Telecoms,SPBAMSENS,UK_GIG,21717.41,0.0545,1183.598845,USD
2026-05-01,Acronis,B4B Telecoms,SPDCMSENS,UK_GIG,587.0,,0.0,USD
2026-05-01,Acronis,B4B Telecoms,SQ2AMSENS,UK_GIG,8292.12,0.0646,535.670952,USD
2026-05-01,Acronis,BB2 Technology Group,SPDAMSENS,US_Master,14016.86,0.0148,207.44952800000002,USD
2026-05-01,Acronis,BB2 Technology Group,SPDCMSENS,US_Master,483.0,,0.0,USD
2026-05-01,Acronis,BB2 Technology Group,SPEAMSENS,US_Master,1.0,10.3731,10.3731,USD
2026-05-01,Acronis,BB2 Technology Group,SPFAMSENS,US_Master,4.0,3.6565,14.626,USD
2026-05-01,Acronis,BB2 Technology Group,SPGAMSENS,US_Master,13.0,1.704,22.152,USD
2026-05-01,Acronis,BB2 Technology Group,SRHAMSENS,US_Master,5.0,0.7313,3.6565,USD
2026-05-01,Acronis,BB2 Technology Group,SRJAMSENS,US_Master,401.0,1.1502,461.23019999999997,USD
2026-05-01,Acronis,BCIT Solutions,SPDAMSENS,AUS_GIG,17777.07,0.0148,263.100636,USD
2026-05-01,Acronis,BCIT Solutions,SPEAMSENS,AUS_GIG,2.0,10.3731,20.7462,USD
2026-05-01,Acronis,BCIT Solutions,SPFAMSENS,AUS_GIG,15.0,3.6565,54.8475,USD
2026-05-01,Acronis,BCIT Solutions,SPGAMSENS,AUS_GIG,10.0,1.704,17.04,USD
2026-05-01,Acronis,BD Managed Services,SP5AMSENS,US5_DEV,0.2,0.0113,0.00226,USD
2026-05-01,Acronis,BD Managed Services,SPBAMSENS,US5_DEV,331.22,0.0545,18.05149,USD
2026-05-01,Acronis,BD Managed Services,SPD5MSENS,US5_DEV,1.0,7.0576,7.0576,USD
2026-05-01,Acronis,BD Managed Services,SPDAMSENS,US5_DEV,18407.38,0.0148,272.429224,USD
2026-05-01,Acronis,BD Managed Services,SPEAMSENS,US5_DEV,3.0,10.3731,31.119300000000003,USD
2026-05-01,Acronis,BD Managed Services,SPFAMSENS,US5_DEV,14.0,3.6565,51.190999999999995,USD
2026-05-01,Acronis,BD Managed Services,SPGAMSENS,US5_DEV,8.0,1.704,13.632,USD
2026-05-01,Acronis,BD Managed Services,SPIAMSENS,US5_DEV,1.0,0.6319,0.6319,USD
2026-05-01,Acronis,BEAR BYTE GmbH,SHJAMSENS,EU8_Master,70.0,0.62475,43.7325,USD
2026-05-01,Acronis,BEAR BYTE GmbH,SO4AMSENS,EU8_Master,77.0,1.3348,102.7796,USD
2026-05-01,Acronis,BEAR BYTE GmbH,SO6AMSENS,EU8_Master,76.0,0.7242,55.039199999999994,USD
2026-05-01,Acronis,BEAR BYTE GmbH,SPDAMSENS,EU8_Master,9918.34,0.0148,146.79143200000001,USD
2026-05-01,Acronis,BEAR BYTE GmbH,SPDCMSENS,EU8_Master,105.0,,0.0,USD
2026-05-01,Acronis,BEAR BYTE GmbH,SPEAMSENS,EU8_Master,3.0,10.3731,31.119300000000003,USD
2026-05-01,Acronis,BEAR BYTE GmbH,SPFAMSENS,EU8_Master,5.0,3.6565,18.2825,USD
2026-05-01,Acronis,BEAR BYTE GmbH,SPGAMSENS,EU8_Master,58.0,1.704,98.832,USD
2026-05-01,Acronis,BEAR BYTE GmbH,SQ8AMSENS,EU8_Master,5.0,1.1502,5.7509999999999994,USD
2026-05-01,Acronis,BEAR BYTE GmbH,SRJAMSENS,EU8_Master,91.0,1.1502,104.66819999999998,USD
2026-05-01,Acronis,BEAR BYTE GmbH,SVEAMSENS,EU8_Master,519.14,0.0272,14.120607999999999,USD
2026-05-01,Acronis,BIZITSS,SO4AMSENS,US2_DEV,13.0,1.3348,17.3524,USD
2026-05-01,Acronis,BIZITSS,SPDAMSENS,US2_DEV,31899.36,0.0148,472.11052800000004,USD
2026-05-01,Acronis,BIZITSS,SPEAMSENS,US2_DEV,11.0,10.3731,114.10410000000002,USD
2026-05-01,Acronis,BIZITSS,SPFAMSENS,US2_DEV,21.0,3.6565,76.7865,USD
2026-05-01,Acronis,BIZITSS,SPGAMSENS,US2_DEV,9.0,1.704,15.336,USD
2026-05-01,Acronis,BIZITSS,SPIAMSENS,US2_DEV,25.0,0.6319,15.797500000000001,USD
2026-05-01,Acronis,BIZITSS,SRIAMSENS,US2_DEV,5.0,0.1725,0.8624999999999999,USD
2026-05-01,Acronis,BIZITSS,SRJAMSENS,US2_DEV,15.0,1.1502,17.253,USD
2026-05-01,Acronis,"Backroom IT, LLC",SP1AMSENS,US2_GIG,164.77,0.05445,8.9717265,USD
2026-05-01,Acronis,"Backroom IT, LLC",SPBAMSENS,US2_GIG,415.03,0.0545,22.619135,USD
2026-05-01,Acronis,Balliante Ltd,SPBAMSENS,UK_GIG,37.6,0.0545,2.0492,USD
2026-05-01,Acronis,Balliante Ltd,SPDAMSENS,UK_GIG,14114.32,0.0148,208.89193600000002,USD
2026-05-01,Acronis,Balliante Ltd,SPDCMSENS,UK_GIG,265.0,,0.0,USD
2026-05-01,Acronis,Balliante Ltd,SPEAMSENS,UK_GIG,7.0,10.3731,72.61170000000001,USD
2026-05-01,Acronis,Balliante Ltd,SPFAMSENS,UK_GIG,11.0,3.6565,40.2215,USD
2026-05-01,Acronis,Balliante Ltd,SPGAMSENS,UK_GIG,1.0,1.704,1.704,USD
2026-05-01,Acronis,Balliante Ltd,SPIAMSENS,UK_GIG,4.0,0.6319,2.5276,USD
2026-05-01,Acronis,Balliante Ltd,SRHAMSENS,UK_GIG,1.0,0.7313,0.7313,USD
2026-05-01,Acronis,Balliante Ltd,SRIAMSENS,UK_GIG,1.0,0.1725,0.1725,USD
2026-05-01,Acronis,Balliante Ltd,SRJAMSENS,UK_GIG,347.0,1.1502,399.1194,USD
2026-05-01,Acronis,Baltnetos Komunikacijos,SPDAMSENS,US_Master,9.43,0.0148,0.139564,USD
2026-05-01,Acronis,Baltnetos Komunikacijos,SPIAMSENS,US_Master,1.0,0.6319,0.6319,USD
2026-05-01,Acronis,Beartech Inc,SPIAMSENS,US_Master,1.0,0.6319,0.6319,USD
2026-05-01,Acronis,Bel USA LLC,SP4BMSENS,SG1_GIG,1749.95,0.0264,46.19868,USD
2026-05-01,Acronis,Bel USA LLC,SPBAMSENS,SG1_GIG,10770.46,0.0545,586.99007,USD
2026-05-01,Acronis,Bel USA LLC,SPDAMSENS,US_Master,114389.78,0.0148,1692.968744,USD
2026-05-01,Acronis,Bel USA LLC,SPEAMSENS,US_Master,2.0,10.3731,20.7462,USD
2026-05-01,Acronis,Bel USA LLC,SPFAMSENS,US_Master,20.0,3.6565,73.13,USD
2026-05-01,Acronis,Bel USA LLC,SPGAMSENS,US_Master,35.0,1.704,59.64,USD
2026-05-01,Acronis,Bel USA LLC,SRHAMSENS,US_Master,12.0,0.7313,8.775599999999999,USD
2026-05-01,Acronis,Bel USA LLC,SRIAMSENS,SG1_GIG,19.0,0.1725,3.2775,USD
2026-05-01,Acronis,Bel USA LLC,SRIAMSENS,US_Master,11.0,0.1725,1.8975,USD
2026-05-01,Acronis,Bel USA LLC,SRJAMSENS,US_Master,490.0,1.1502,563.598,USD
2026-05-01,Acronis,Bellwether Technology Corporation,SPDAMSENS,US_Master,23871.43,0.0148,353.29716400000007,USD
2026-05-01,Acronis,Bellwether Technology Corporation,SPFAMSENS,US_Master,1.0,3.6565,3.6565,USD
2026-05-01,Acronis,Bellwether Technology Corporation,SPIAMSENS,US_Master,19.0,0.6319,12.0061,USD
2026-05-01,Acronis,Bigfoot Technology Group,SP5AMSENS,US_Master,609.81,0.0113,6.890852999999999,USD
2026-05-01,Acronis,Bigfoot Technology Group,SPD5MSENS,US_Master,1.0,7.0576,7.0576,USD
2026-05-01,Acronis,Bigfoot Technology Group,SPDAMSENS,US_Master,703.86,0.0148,10.417128,USD
2026-05-01,Acronis,Bigfoot Technology Group,SPEAMSENS,US_Master,1.0,10.3731,10.3731,USD
2026-05-01,Acronis,Bigfoot Technology Group,SPIAMSENS,US_Master,4.0,0.6319,2.5276,USD
2026-05-01,Acronis,Binyod LLC,SO4AMSENS,US_Master,16.0,1.3348,21.3568,USD
2026-05-01,Acronis,Binyod LLC,SPDAMSENS,US_Master,8155.19,0.0148,120.696812,USD
2026-05-01,Acronis,Binyod LLC,SPDCMSENS,US_Master,24.0,,0.0,USD
2026-05-01,Acronis,Binyod LLC,SPFAMSENS,US_Master,2.0,3.6565,7.313,USD
2026-05-01,Acronis,Binyod LLC,SPGAMSENS,US_Master,8.0,1.704,13.632,USD
2026-05-01,Acronis,Binyod LLC,SPIAMSENS,US_Master,5.0,0.6319,3.1595,USD
2026-05-01,Acronis,Binyod LLC,SRHAMSENS,US_Master,15.0,0.7313,10.9695,USD
2026-05-01,Acronis,Binyod LLC,SRIAMSENS,US_Master,24.0,0.1725,4.14,USD
2026-05-01,Acronis,Binyod LLC,SRJAMSENS,US_Master,5.0,1.1502,5.7509999999999994,USD
2026-05-01,Acronis,Binyod LLC,SVEAMSENS,US_Master,4855.65,0.0272,132.07368,USD
2026-05-01,Acronis,Bitswift Technology Solutions,SPBAMSENS,US2_GIG,1955.95,0.0545,106.599275,USD
2026-05-01,Acronis,Bitswift Technology Solutions,SRIAMSENS,US2_GIG,8.0,0.1725,1.38,USD
2026-05-01,Acronis,Black Bottle,SPDAMSENS,US_Master,9082.11,0.0148,134.415228,USD
2026-05-01,Acronis,Black Bottle,SPDCMSENS,US_Master,2.0,,0.0,USD
2026-05-01,Acronis,Black Bottle,SPEAMSENS,US_Master,2.0,10.3731,20.7462,USD
2026-05-01,Acronis,Black Bottle,SPGAMSENS,US_Master,3.0,1.704,5.112,USD
2026-05-01,Acronis,Black Bottle,SRIAMSENS,US_Master,2.0,0.1725,0.345,USD
2026-05-01,Acronis,Black Bottle,SRJAMSENS,US_Master,38.0,1.1502,43.7076,USD
2026-05-01,Acronis,Blackleaf Solutions LLC,SPEAMSENS,US_Master,5.0,10.3731,51.865500000000004,USD
2026-05-01,Acronis,Blackleaf Solutions LLC,SPFAMSENS,US_Master,10.0,3.6565,36.565,USD
2026-05-01,Acronis,Blackleaf Solutions LLC,SPIAMSENS,US_Master,1.0,0.6319,0.6319,USD
2026-05-01,Acronis,"Blough Tech, Inc.",SPEAMSENS,US_Master,1.0,10.3731,10.3731,USD
2026-05-01,Acronis,"Blough Tech, Inc.",SPIAMSENS,US_Master,1.0,0.6319,0.6319,USD
2026-05-01,Acronis,Blue Line Technologies,SPDAMSENS,US5_DEV,31793.74,0.0148,470.54735200000005,USD
2026-05-01,Acronis,Blue Line Technologies,SPEAMSENS,US5_DEV,18.0,10.3731,186.7158,USD
2026-05-01,Acronis,Blue Line Technologies,SPFAMSENS,US5_DEV,9.0,3.6565,32.9085,USD
2026-05-01,Acronis,Blue Line Technologies,SPGAMSENS,US5_DEV,41.0,1.704,69.864,USD
2026-05-01,Acronis,Blue Technologies Smart Solutions Inc.,SPD5MSENS,US_Master,2.0,7.0576,14.1152,USD
2026-05-01,Acronis,Blue Technologies Smart Solutions Inc.,SPDAMSENS,US_Master,22567.33,0.0148,333.99648400000007,USD
2026-05-01,Acronis,Blue Technologies Smart Solutions Inc.,SPEAMSENS,US_Master,6.0,10.3731,62.238600000000005,USD
2026-05-01,Acronis,Blue Technologies Smart Solutions Inc.,SPFAMSENS,US_Master,54.0,3.6565,197.451,USD
2026-05-01,Acronis,Blue Technologies Smart Solutions Inc.,SPIAMSENS,US_Master,26.0,0.6319,16.4294,USD
2026-05-01,Acronis,Blueline Computing (DAFTech),SPDAMSENS,UK_DEV,6431.72,0.0148,95.189456,USD
2026-05-01,Acronis,Blueline Computing (DAFTech),SPEAMSENS,UK_DEV,7.0,10.3731,72.61170000000001,USD
2026-05-01,Acronis,Blueline Computing (DAFTech),SPFAMSENS,UK_DEV,3.0,3.6565,10.9695,USD
2026-05-01,Acronis,Blueline Computing (DAFTech),SPGAMSENS,UK_DEV,3.0,1.704,5.112,USD
2026-05-01,Acronis,Blueline Computing (DAFTech),SRHAMSENS,UK_DEV,3.0,0.7313,2.1938999999999997,USD
2026-05-01,Acronis,Blueline Computing (DAFTech),SRIAMSENS,UK_DEV,5.0,0.1725,0.8624999999999999,USD
2026-05-01,Acronis,Blueshift Computer Technology,SPBAMSENS,US5_DEV,642.96,0.0545,35.04132,USD
2026-05-01,Acronis,Blueshift Computer Technology,SPDAMSENS,US5_DEV,57401.119999999995,0.0148,849.536576,USD
2026-05-01,Acronis,Blueshift Computer Technology,SPDCMSENS,US5_DEV,59.0,,0.0,USD
2026-05-01,Acronis,Blueshift Computer Technology,SPEAMSENS,US5_DEV,14.0,10.3731,145.22340000000003,USD
2026-05-01,Acronis,Blueshift Computer Technology,SPFAMSENS,US5_DEV,47.0,3.6565,171.8555,USD
2026-05-01,Acronis,Blueshift Computer Technology,SPGAMSENS,US5_DEV,106.0,1.704,180.624,USD
2026-05-01,Acronis,Blueshift Computer Technology,SRJAMSENS,US5_DEV,403.0,1.1502,463.53059999999994,USD
2026-05-01,Acronis,"Boston HelpDesk, Inc.",SPDAMSENS,US_Master,7227.91,0.0148,106.973068,USD
2026-05-01,Acronis,"Boston HelpDesk, Inc.",SPEAMSENS,US_Master,1.0,10.3731,10.3731,USD
2026-05-01,Acronis,"Boston HelpDesk, Inc.",SPFAMSENS,US_Master,6.0,3.6565,21.939,USD
2026-05-01,Acronis,"Boston HelpDesk, Inc.",SRIAMSENS,US_Master,1.0,0.1725,0.1725,USD
2026-05-01,Acronis,BrainWave Computers,SPDAMSENS,US_Master,3012.76,0.0148,44.588848000000006,USD
2026-05-01,Acronis,BrainWave Computers,SPEAMSENS,US_Master,1.0,10.3731,10.3731,USD
2026-05-01,Acronis,BrainWave Computers,SPGAMSENS,US_Master,5.0,1.704,8.52,USD
2026-05-01,Acronis,Buddy Rents,SPDAMSENS,US_Master,5792.349999999999,0.0148,85.72677999999999,USD
2026-05-01,Acronis,Buddy Rents,SPEAMSENS,US_Master,222.0,10.3731,2302.8282000000004,USD
2026-05-01,Acronis,Bulletproof InfoTech Inc.,SPDAMSENS,US_Master,48244.8,0.0148,714.02304,USD
2026-05-01,Acronis,Bulletproof InfoTech Inc.,SPDCMSENS,US_Master,26.0,,0.0,USD
2026-05-01,Acronis,Bulletproof InfoTech Inc.,SPEAMSENS,US_Master,1.0,10.3731,10.3731,USD
2026-05-01,Acronis,Bulletproof InfoTech Inc.,SPFAMSENS,US_Master,129.0,3.6565,471.6885,USD
2026-05-01,Acronis,Bulletproof InfoTech Inc.,SPGAMSENS,US_Master,10.0,1.704,17.04,USD
2026-05-01,Acronis,Bulletproof InfoTech Inc.,SRJAMSENS,US_Master,37.0,1.1502,42.557399999999994,USD
2026-05-01,Acronis,Business Computer Solutions,SEDAMSENS,UK_DEV,7.0,1.3774,9.6418,USD
2026-05-01,Acronis,Business Computer Solutions,SPDAMSENS,UK_DEV,139005.87,0.0148,2057.286876,USD
2026-05-01,Acronis,Business Computer Solutions,SPDCMSENS,UK_DEV,924.0,,0.0,USD
2026-05-01,Acronis,Business Computer Solutions,SPEAMSENS,UK_DEV,5.0,10.3731,51.865500000000004,USD
2026-05-01,Acronis,Business Computer Solutions,SPFAMSENS,UK_DEV,135.0,3.6565,493.6275,USD
2026-05-01,Acronis,Business Computer Solutions,SPGAMSENS,UK_DEV,22.0,1.704,37.488,USD
2026-05-01,Acronis,Business Computer Solutions,SPIAMSENS,UK_DEV,6.0,0.6319,3.7914000000000003,USD
2026-05-01,Acronis,Business Computer Solutions,SQ7AMSENS,UK_DEV,1.0,1.8741,1.8741,USD
2026-05-01,Acronis,Business Computer Solutions,SQYAMSENS,UK_DEV,1573.23,0.0275,43.263825000000004,USD
2026-05-01,Acronis,Business Computer Solutions,SRJAMSENS,UK_DEV,1355.0,1.1502,1558.521,USD
2026-05-01,Acronis,Business Computer Solutions,SVEAMSENS,UK_DEV,63359.16,0.0272,1723.369152,USD
2026-05-01,Acronis,Business Data Solutions,SO4AMSENS,US5_DEV,376.0,1.3348,501.8848,USD
2026-05-01,Acronis,Business Data Solutions,SPDAMSENS,US5_DEV,28372.260000000002,0.0148,419.909448,USD
2026-05-01,Acronis,Business Data Solutions,SPDCMSENS,US5_DEV,816.0,,0.0,USD
2026-05-01,Acronis,Business Data Solutions,SPEAMSENS,US5_DEV,2.0,10.3731,20.7462,USD
2026-05-01,Acronis,Business Data Solutions,SPFAMSENS,US5_DEV,1.0,3.6565,3.6565,USD
2026-05-01,Acronis,Business Data Solutions,SPGAMSENS,US5_DEV,27.0,1.704,46.007999999999996,USD
2026-05-01,Acronis,Business Data Solutions,SRHAMSENS,US5_DEV,2.0,0.7313,1.4626,USD
2026-05-01,Acronis,Business Data Solutions,SRIAMSENS,US5_DEV,664.0,0.1725,114.53999999999999,USD
2026-05-01,Acronis,Business Data Solutions,SRJAMSENS,US5_DEV,1253.0,1.1502,1441.2006,USD
2026-05-01,Acronis,ByteWyze Computer Services,SPDAMSENS,US_Master,11224.1,0.0148,166.11668,USD
2026-05-01,Acronis,ByteWyze Computer Services,SPEAMSENS,US_Master,28.0,10.3731,290.44680000000005,USD
2026-05-01,Acronis,ByteWyze Computer Services,SPFAMSENS,US_Master,8.0,3.6565,29.252,USD
2026-05-01,Acronis,ByteWyze Computer Services,SPGAMSENS,US_Master,4.0,1.704,6.816,USD
2026-05-01,Acronis,ByteWyze Computer Services,SRJAMSENS,US_Master,4.0,1.1502,4.6008,USD
2026-05-01,Acronis,CHS Networks,SPDAMSENS,UK_DEV,60844.48,0.0148,900.4983040000001,USD
2026-05-01,Acronis,CHS Networks,SPDCMSENS,UK_DEV,1414.0,,0.0,USD
2026-05-01,Acronis,CHS Networks,SPEAMSENS,UK_DEV,3.0,10.3731,31.119300000000003,USD
2026-05-01,Acronis,CHS Networks,SPFAMSENS,UK_DEV,61.0,3.6565,223.04649999999998,USD
2026-05-01,Acronis,CHS Networks,SPGAMSENS,UK_DEV,10.0,1.704,17.04,USD
2026-05-01,Acronis,CHS Networks,SPIAMSENS,UK_DEV,1.0,0.6319,0.6319,USD
2026-05-01,Acronis,CHS Networks,SRJAMSENS,UK_DEV,2460.0,1.1502,2829.4919999999997,USD
2026-05-01,Acronis,CHS Networks,SVEAMSENS,UK_DEV,10561.16,0.0272,287.263552,USD
2026-05-01,Acronis,"CMIT Solutions of Oak Park, Hinsdale and Oak Brook - 887,107",SPDAMSENS,US5_GIG,557.01,0.0148,8.243748,USD
2026-05-01,Acronis,"CMIT Solutions of Oak Park, Hinsdale and Oak Brook - 887,107",SPGAMSENS,US5_GIG,6.0,1.704,10.224,USD
2026-05-01,Acronis,CMIT South Brevard 179,SPDAMSENS,US_Master,619.13,0.0148,9.163124,USD
2026-05-01,Acronis,CMIT South Brevard 179,SPGAMSENS,US_Master,1.0,1.704,1.704,USD
2026-05-01,Acronis,CMIT South Brevard 179,SPIAMSENS,US_Master,1.0,0.6319,0.6319,USD
2026-05-01,Acronis,COMHOME Network Solutions,SPBAMSENS,US_Master,12917.66,0.0545,704.0124699999999,USD
2026-05-01,Acronis,COMHOME Network Solutions,SPDAMSENS,US_Master,2638.81,0.0148,39.054388,USD
2026-05-01,Acronis,COMHOME Network Solutions,SPIAMSENS,US_Master,1.0,0.6319,0.6319,USD
2026-05-01,Acronis,COMHOME Network Solutions,SQ8AMSENS,US_Master,29.0,1.1502,33.355799999999995,USD
2026-05-01,Acronis,CSI,SPBAMSENS,US_Master,7427.28,0.0545,404.78675999999996,USD
2026-05-01,Acronis,CWL Systems Ltd,SPDAMSENS,UK_DEV,3483.61,0.0148,51.557428,USD
2026-05-01,Acronis,CWL Systems Ltd,SPEAMSENS,UK_DEV,1.0,10.3731,10.3731,USD
2026-05-01,Acronis,CWL Systems Ltd,SPFAMSENS,UK_DEV,12.0,3.6565,43.878,USD
2026-05-01,Acronis,CWL Systems Ltd,SPGAMSENS,UK_DEV,1.0,1.704,1.704,USD
2026-05-01,Acronis,CWL Systems Ltd,SPIAMSENS,UK_DEV,8.0,0.6319,5.0552,USD
2026-05-01,Acronis,CWL Systems Ltd,SRIAMSENS,UK_DEV,1.0,0.1725,0.1725,USD
2026-05-01,Acronis,CYB3R,SO4AMSENS,UK_DEV,346.0,1.3348,461.8408,USD
2026-05-01,Acronis,CYB3R,SPDAMSENS,UK_DEV,52876.75,0.0148,782.5759,USD
2026-05-01,Acronis,CYB3R,SPDCMSENS,UK_DEV,1166.0,,0.0,USD
2026-05-01,Acronis,CYB3R,SPEAMSENS,UK_DEV,14.0,10.3731,145.22340000000003,USD
2026-05-01,Acronis,CYB3R,SPFAMSENS,UK_DEV,48.0,3.6565,175.512,USD
2026-05-01,Acronis,CYB3R,SPGAMSENS,UK_DEV,8.0,1.704,13.632,USD
2026-05-01,Acronis,CYB3R,SPIAMSENS,UK_DEV,42.0,0.6319,26.5398,USD
2026-05-01,Acronis,CYB3R,SQ8AMSENS,UK_DEV,4.0,1.1502,4.6008,USD
2026-05-01,Acronis,CYB3R,SRHAMSENS,UK_DEV,78.0,0.7313,57.041399999999996,USD
2026-05-01,Acronis,CYB3R,SRI5MSENS,UK_DEV,9.0,1.15,10.35,USD
2026-05-01,Acronis,CYB3R,SRIAMSENS,UK_DEV,647.0,0.1725,111.60749999999999,USD
2026-05-01,Acronis,CYB3R,SRJAMSENS,UK_DEV,777.0,1.1502,893.7053999999999,USD
2026-05-01,Acronis,CYB3R,SVEAMSENS,UK_DEV,3265.59,0.0272,88.824048,USD
2026-05-01,Acronis,CaffComm Systems Inc.,SPEAMSENS,CAN_DEV,25.0,10.3731,259.32750000000004,USD
2026-05-01,Acronis,CaffComm Systems Inc.,SPFAMSENS,CAN_DEV,91.0,3.6565,332.7415,USD
2026-05-01,Acronis,CaffComm Systems Inc.,SPGAMSENS,CAN_DEV,15.0,1.704,25.56,USD
2026-05-01,Acronis,CaffComm Systems Inc.,SPIAMSENS,CAN_DEV,7.0,0.6319,4.4233,USD
2026-05-01,Acronis,Capital Business Machines,SPDAMSENS,US_Master,47687.29,0.0148,705.7718920000001,USD
2026-05-01,Acronis,Capital Business Machines,SPDCMSENS,US_Master,4.0,,0.0,USD
2026-05-01,Acronis,Capital Business Machines,SPEAMSENS,US_Master,16.0,10.3731,165.9696,USD
2026-05-01,Acronis,Capital Business Machines,SPFAMSENS,US_Master,23.0,3.6565,84.09949999999999,USD
2026-05-01,Acronis,Capital Business Machines,SPGAMSENS,US_Master,5.0,1.704,8.52,USD
2026-05-01,Acronis,Capital Business Machines,SRJAMSENS,US_Master,4.0,1.1502,4.6008,USD
2026-05-01,Acronis,Carmichael Business Technology Inc.,SP5AMSENS,US_Master,3110.95,0.0113,35.153735,USD
2026-05-01,Acronis,Carmichael Business Technology Inc.,SPBAMSENS,US_Master,0.0,0.0545,0.0,USD
2026-05-01,Acronis,Carmichael Business Technology Inc.,SPDAMSENS,US_Master,104797.37,0.0148,1551.001076,USD
2026-05-01,Acronis,Carmichael Business Technology Inc.,SPEAMSENS,US_Master,23.0,10.3731,238.58130000000003,USD
2026-05-01,Acronis,Carmichael Business Technology Inc.,SPFAMSENS,US_Master,13.0,3.6565,47.5345,USD
2026-05-01,Acronis,Carmichael Business Technology Inc.,SPGAMSENS,US_Master,379.0,1.704,645.816,USD
2026-05-01,Acronis,Carmichael Business Technology Inc.,SPIAMSENS,US_Master,6.0,0.6319,3.7914000000000003,USD
2026-05-01,Acronis,Carmichael Consulting Solutions,SPDAMSENS,US_Master,108597.14,0.0148,1607.237672,USD
2026-05-01,Acronis,Carmichael Consulting Solutions,SPEAMSENS,US_Master,23.0,10.3731,238.58130000000003,USD
2026-05-01,Acronis,Carmichael Consulting Solutions,SPFAMSENS,US_Master,70.0,3.6565,255.95499999999998,USD
2026-05-01,Acronis,Carmichael Consulting Solutions,SPGAMSENS,US_Master,970.0,1.704,1652.8799999999999,USD
2026-05-01,Acronis,Carmichael Consulting Solutions,SPIAMSENS,US_Master,86.0,0.6319,54.3434,USD
2026-05-01,Acronis,Carmichael Consulting Solutions,SRHAMSENS,US_Master,1.0,0.7313,0.7313,USD
2026-05-01,Acronis,Carmichael Consulting Solutions,SVEAMSENS,US_Master,101.96,0.0272,2.7733119999999998,USD
2026-05-01,Acronis,Carter Computer Consulting,SPDAMSENS,US_Master,20997.52,0.0148,310.763296,USD
2026-05-01,Acronis,Carter Computer Consulting,SPDCMSENS,US_Master,35.0,,0.0,USD
2026-05-01,Acronis,Carter Computer Consulting,SPFAMSENS,US_Master,2.0,3.6565,7.313,USD
2026-05-01,Acronis,Carter Computer Consulting,SPGAMSENS,US_Master,26.0,1.704,44.304,USD
2026-05-01,Acronis,Carter Computer Consulting,SRBAMSENS,US_Master,1.0,0.37,0.37,USD
2026-05-01,Acronis,Carter Computer Consulting,SRJAMSENS,US_Master,111.0,1.1502,127.67219999999999,USD
2026-05-01,Acronis,Caspian IT Group,SH1AMSENS,US_Master,146.01,0.0239,3.489639,USD
2026-05-01,Acronis,Caspian IT Group,SHAAMSENS,US_Master,14.0,0.4121,5.7694,USD
2026-05-01,Acronis,Caspian IT Group,SHJAMSENS,US_Master,13.0,0.62475,8.12175,USD
2026-05-01,Acronis,Caspian IT Group,SPD5MSENS,US_Master,1.0,7.0576,7.0576,USD
2026-05-01,Acronis,Caspian IT Group,SPDAMSENS,US_Master,112629.73999999999,0.0148,1666.9201520000001,USD
2026-05-01,Acronis,Caspian IT Group,SPDCMSENS,US_Master,12.0,,0.0,USD
2026-05-01,Acronis,Caspian IT Group,SPEAMSENS,US_Master,34.0,10.3731,352.6854,USD
2026-05-01,Acronis,Caspian IT Group,SPFAMSENS,US_Master,190.0,3.6565,694.735,USD
2026-05-01,Acronis,Caspian IT Group,SPGAMSENS,US_Master,72.0,1.704,122.688,USD
2026-05-01,Acronis,Caspian IT Group,SPZBMSENS,US_Master,24.45,0.0593,1.4498849999999999,USD
2026-05-01,Acronis,Caspian IT Group,SQ1AMSENS,US_Master,5419.72,0.0239,129.53130800000002,USD
2026-05-01,Acronis,Caspian IT Group,SRAAMSENS,US_Master,43.0,0.5333,22.9319,USD
2026-05-01,Acronis,Caspian IT Group,SRJAMSENS,US_Master,160.0,1.1502,184.03199999999998,USD
2026-05-01,Acronis,Catapult Tek,SPDAMSENS,US5_DEV,4571.45,0.0148,67.65746,USD
2026-05-01,Acronis,Catapult Tek,SPEAMSENS,US5_DEV,2.0,10.3731,20.7462,USD
2026-05-01,Acronis,Catapult Tek,SPFAMSENS,US5_DEV,8.0,3.6565,29.252,USD
2026-05-01,Acronis,Catapult Tek,SPGAMSENS,US5_DEV,14.0,1.704,23.855999999999998,USD
2026-05-01,Acronis,Catapult Tek,SPIAMSENS,US5_DEV,1.0,0.6319,0.6319,USD
2026-05-01,Acronis,Catapult Tek,SRJAMSENS,US5_DEV,18.0,1.1502,20.703599999999998,USD
2026-05-01,Acronis,Catapult Tek,SRMAMSENS,US5_DEV,7.0,0.6674,4.6718,USD
2026-05-01,Acronis,Cattle Tech Inc,SPDAMSENS,CAN_DEV,5854.21,0.0148,86.642308,USD
2026-05-01,Acronis,Cattle Tech Inc,SPEAMSENS,CAN_DEV,3.0,10.3731,31.119300000000003,USD
2026-05-01,Acronis,Cattle Tech Inc,SPGAMSENS,CAN_DEV,20.0,1.704,34.08,USD
2026-05-01,Acronis,CenTex Technologies,SPDAMSENS,US_Master,14884.62,0.0148,220.29237600000002,USD
2026-05-01,Acronis,CenTex Technologies,SPEAMSENS,US_Master,7.0,10.3731,72.61170000000001,USD
2026-05-01,Acronis,CenTex Technologies,SPGAMSENS,US_Master,14.0,1.704,23.855999999999998,USD
2026-05-01,Acronis,Chris Humphrey Office National,SPDAMSENS,AUS_DEV,31879.75,0.0148,471.82030000000003,USD
2026-05-01,Acronis,Chris Humphrey Office National,SPDCMSENS,AUS_DEV,44.0,,0.0,USD
2026-05-01,Acronis,Chris Humphrey Office National,SPEAMSENS,AUS_DEV,10.0,10.3731,103.73100000000001,USD
2026-05-01,Acronis,Chris Humphrey Office National,SPFAMSENS,AUS_DEV,41.0,3.6565,149.91649999999998,USD
2026-05-01,Acronis,Chris Humphrey Office National,SPGAMSENS,AUS_DEV,8.0,1.704,13.632,USD
2026-05-01,Acronis,Chris Humphrey Office National,SPIAMSENS,AUS_DEV,3.0,0.6319,1.8957000000000002,USD
2026-05-01,Acronis,Chris Humphrey Office National,SQYAMSENS,AUS_DEV,34.8,0.0275,0.957,USD
2026-05-01,Acronis,Chris Humphrey Office National,SRHAMSENS,AUS_DEV,51.0,0.7313,37.296299999999995,USD
2026-05-01,Acronis,Chris Humphrey Office National,SRJAMSENS,AUS_DEV,35.0,1.1502,40.257,USD
2026-05-01,Acronis,Chris Humphrey Office National,SVEAMSENS,AUS_DEV,5401.99,0.0272,146.934128,USD
2026-05-01,Acronis,"Circle Technologies, Ltd",SPDAMSENS,CAN_DEV,5583.52,0.0148,82.63609600000001,USD
2026-05-01,Acronis,"Circle Technologies, Ltd",SPFAMSENS,CAN_DEV,6.0,3.6565,21.939,USD
2026-05-01,Acronis,"Circle Technologies, Ltd",SPGAMSENS,CAN_DEV,2.0,1.704,3.408,USD
2026-05-01,Acronis,"Circle Technologies, Ltd",SPIAMSENS,CAN_DEV,2.0,0.6319,1.2638,USD
2026-05-01,Acronis,Cirroform LLC,SPDAMSENS,US_Master,1166.99,0.0148,17.271452,USD
2026-05-01,Acronis,Cirroform LLC,SPEAMSENS,US_Master,1.0,10.3731,10.3731,USD
2026-05-01,Acronis,Cirroform LLC,SPFAMSENS,US_Master,2.0,3.6565,7.313,USD
2026-05-01,Acronis,Cirroform LLC,SPIAMSENS,US_Master,1.0,0.6319,0.6319,USD
2026-05-01,Acronis,Clementech,SP5AMSENS,US_Master,528.34,0.0113,5.970242,USD
2026-05-01,Acronis,Clementech,SPBAMSENS,US_Master,528.34,0.0545,28.79453,USD
2026-05-01,Acronis,Clementech,SPDAMSENS,US_Master,506.21,0.0148,7.4919080000000005,USD
2026-05-01,Acronis,Clementech,SPEAMSENS,US_Master,1.0,10.3731,10.3731,USD
2026-05-01,Acronis,Clementech,SPFAMSENS,US_Master,1.0,3.6565,3.6565,USD
2026-05-01,Acronis,Clementech,SPGAMSENS,US_Master,1.0,1.704,1.704,USD
2026-05-01,Acronis,Clementech,SPIAMSENS,US_Master,3.0,0.6319,1.8957000000000002,USD
2026-05-01,Acronis,Client Solutions & Systems,SPDAMSENS,US_Master,2699.06,0.0148,39.946088,USD
2026-05-01,Acronis,Client Solutions & Systems,SPEAMSENS,US_Master,5.0,10.3731,51.865500000000004,USD
2026-05-01,Acronis,Client Solutions & Systems,SPGAMSENS,US_Master,14.0,1.704,23.855999999999998,USD
2026-05-01,Acronis,Co-Managed Backup Testing,SPDAMSENS,US_Master,0.77,0.0148,0.011396000000000002,USD
2026-05-01,Acronis,Co-Managed Backup Testing,SPFAMSENS,US_Master,1.0,3.6565,3.6565,USD
2026-05-01,Acronis,Co-Managed Backup Testing,SPIAMSENS,US_Master,9.0,0.6319,5.6871,USD
2026-05-01,Acronis,Co-Managed Backup Testing,SRHAMSENS,US_Master,1.0,0.7313,0.7313,USD
2026-05-01,Acronis,Co-Managed Backup Testing,SRIAMSENS,US_Master,1.0,0.1725,0.1725,USD
2026-05-01,Acronis,Commercial Networks LTD,SPDAMSENS,UK_DEV,11118.15,0.0148,164.54862,USD
2026-05-01,Acronis,Commercial Networks LTD,SPEAMSENS,UK_DEV,1.0,10.3731,10.3731,USD
2026-05-01,Acronis,Commercial Networks LTD,SPFAMSENS,UK_DEV,6.0,3.6565,21.939,USD
2026-05-01,Acronis,Commercial Networks LTD,SRHAMSENS,UK_DEV,1.0,0.7313,0.7313,USD
2026-05-01,Acronis,Community Action Partnership Huntsville / Madison,SPDAMSENS,US2_GIG,1311.83,0.0148,19.415084,USD
2026-05-01,Acronis,Community Action Partnership Huntsville / Madison,SPDCMSENS,US2_GIG,7.0,,0.0,USD
2026-05-01,Acronis,Community Action Partnership Huntsville / Madison,SPFAMSENS,US2_GIG,3.0,3.6565,10.9695,USD
2026-05-01,Acronis,Community Action Partnership Huntsville / Madison,SPGAMSENS,US2_GIG,2.0,1.704,3.408,USD
2026-05-01,Acronis,Community Action Partnership Huntsville / Madison,SRHAMSENS,US2_GIG,4.0,0.7313,2.9252,USD
2026-05-01,Acronis,Community Action Partnership Huntsville / Madison,SRIAMSENS,US2_GIG,4.0,0.1725,0.69,USD
2026-05-01,Acronis,Community Action Partnership Huntsville / Madison,SRJAMSENS,US2_GIG,22.0,1.1502,25.304399999999998,USD
2026-05-01,Acronis,Community Alternatives,SPDAMSENS,US_Master,5780.96,0.0148,85.55820800000001,USD
2026-05-01,Acronis,Community Alternatives,SPEAMSENS,US_Master,4.0,10.3731,41.4924,USD
2026-05-01,Acronis,Community Alternatives,SPFAMSENS,US_Master,5.0,3.6565,18.2825,USD
2026-05-01,Acronis,Community Alternatives,SRIAMSENS,US_Master,2.0,0.1725,0.345,USD
2026-05-01,Acronis,Community Technology Consultants LLC,SPDAMSENS,US_Master,5802.15,0.0148,85.87182000000001,USD
2026-05-01,Acronis,Community Technology Consultants LLC,SPDCMSENS,US_Master,141.0,,0.0,USD
2026-05-01,Acronis,Community Technology Consultants LLC,SPEAMSENS,US_Master,5.0,10.3731,51.865500000000004,USD
2026-05-01,Acronis,Community Technology Consultants LLC,SPGAMSENS,US_Master,26.0,1.704,44.304,USD
2026-05-01,Acronis,Community Technology Consultants LLC,SRIAMSENS,US_Master,6.0,0.1725,1.035,USD
2026-05-01,Acronis,Community Technology Consultants LLC,SRJAMSENS,US_Master,145.0,1.1502,166.779,USD
2026-05-01,Acronis,Complete I.T. Limited,SP4BMSENS,UK_DEV,4751.36,0.0264,125.435904,USD
2026-05-01,Acronis,Complete I.T. Limited,SPBAMSENS,UK_DEV,20029.96,0.0545,1091.63282,USD
2026-05-01,Acronis,Complete I.T. Limited,SPDAMSENS,UK_DEV,33794.81,0.0148,500.163188,USD
2026-05-01,Acronis,Complete I.T. Limited,SPEAMSENS,UK_DEV,11.0,10.3731,114.10410000000002,USD
2026-05-01,Acronis,Complete I.T. Limited,SPFAMSENS,UK_DEV,23.0,3.6565,84.09949999999999,USD
2026-05-01,Acronis,Complete I.T. Limited,SPGAMSENS,UK_DEV,2.0,1.704,3.408,USD
2026-05-01,Acronis,Complete I.T. Limited,SPIAMSENS,UK_DEV,7.0,0.6319,4.4233,USD
2026-05-01,Acronis,Complete I.T. Limited,SRHAMSENS,UK_DEV,6.0,0.7313,4.3877999999999995,USD
2026-05-01,Acronis,Complete I.T. Limited,SRIAMSENS,UK_DEV,14.0,0.1725,2.415,USD
2026-05-01,Acronis,Computeam,SP4BMSENS,UK_GIG,2003.97,0.0264,52.904808,USD
2026-05-01,Acronis,Computeam,SPBAMSENS,UK_GIG,292600.07,0.0545,15946.703815,USD
2026-05-01,Acronis,Computeam,SPDAMSENS,UK_GIG,36865.88,0.0148,545.615024,USD
2026-05-01,Acronis,Computeam,SPDCMSENS,UK_GIG,643.0,,0.0,USD
2026-05-01,Acronis,Computeam,SPEAMSENS,UK_GIG,4.0,10.3731,41.4924,USD
2026-05-01,Acronis,Computeam,SPFAMSENS,UK_GIG,48.0,3.6565,175.512,USD
2026-05-01,Acronis,Computeam,SQ8AMSENS,UK_GIG,799.0,1.1502,919.0097999999999,USD
2026-05-01,Acronis,Computeam,SRHAMSENS,UK_GIG,5.0,0.7313,3.6565,USD
2026-05-01,Acronis,Computeam,SRIAMSENS,UK_GIG,22.0,0.1725,3.795,USD
2026-05-01,Acronis,Computer Ally,SPDAMSENS,US_Master,307.64,0.0148,4.553072,USD
2026-05-01,Acronis,Computer Ally,SPIAMSENS,US_Master,2.0,0.6319,1.2638,USD
2026-05-01,Acronis,Computer Engineering Group,SPDAMSENS,US_Master,3197.95,0.0148,47.32966,USD
2026-05-01,Acronis,Computer Engineering Group,SPDCMSENS,US_Master,482.0,,0.0,USD
2026-05-01,Acronis,Computer Engineering Group,SPGAMSENS,US_Master,1.0,1.704,1.704,USD
2026-05-01,Acronis,Computer Engineering Group,SPIAMSENS,US_Master,3.0,0.6319,1.8957000000000002,USD
2026-05-01,Acronis,Computer Engineering Group,SQ8AMSENS,US_Master,52.0,1.1502,59.810399999999994,USD
2026-05-01,Acronis,Computer Engineering Group,SRJAMSENS,US_Master,938.0,1.1502,1078.8875999999998,USD
2026-05-01,Acronis,Computer FX,SPBAMSENS,US2_GIG,1424.06,0.0545,77.61126999999999,USD
2026-05-01,Acronis,Computer FX,SRIAMSENS,US2_GIG,2.0,0.1725,0.345,USD
2026-05-01,Acronis,Computer Heaven,SPDAMSENS,US_Master,115.72,0.0148,1.712656,USD
2026-05-01,Acronis,Computer Heaven,SPDCMSENS,US_Master,23.0,,0.0,USD
2026-05-01,Acronis,Computer Heaven,SPEAMSENS,US_Master,3.0,10.3731,31.119300000000003,USD
2026-05-01,Acronis,Computer Heaven,SPFAMSENS,US_Master,4.0,3.6565,14.626,USD
2026-05-01,Acronis,Computer Heaven,SPGAMSENS,US_Master,329.0,1.704,560.616,USD
2026-05-01,Acronis,Computer Heaven,SPIAMSENS,US_Master,14.0,0.6319,8.8466,USD
2026-05-01,Acronis,Computer Heaven,SRDUMSENS,US_Master,3.0,4.65,13.950000000000001,USD
2026-05-01,Acronis,Computer Heaven,SRFUMSENS,US_Master,130.0,0.38335,49.8355,USD
2026-05-01,Acronis,Computer Heaven,SRHAMSENS,US_Master,359.0,0.7313,262.5367,USD
2026-05-01,Acronis,Computer Heaven,SRI5MSENS,US_Master,1.0,1.15,1.15,USD
2026-05-01,Acronis,Computer Heaven,SRIAMSENS,US_Master,335.0,0.1725,57.787499999999994,USD
2026-05-01,Acronis,Computers Etc,SPDAMSENS,US_Master,115822.15,0.0148,1714.16782,USD
2026-05-01,Acronis,Computers Etc,SPEAMSENS,US_Master,36.0,10.3731,373.4316,USD
2026-05-01,Acronis,Computers Etc,SPFAMSENS,US_Master,60.0,3.6565,219.39,USD
2026-05-01,Acronis,Computers Etc,SPGAMSENS,US_Master,143.0,1.704,243.672,USD
2026-05-01,Acronis,Comstar Technologies,SPBAMSENS,US2_GIG,1823.1,0.0545,99.35895,USD
2026-05-01,Acronis,Concerto Networks,SPDAMSENS,US_Master,95158.35,0.0148,1408.3435800000002,USD
2026-05-01,Acronis,Concerto Networks,SPIAMSENS,US_Master,3.0,0.6319,1.8957000000000002,USD
2026-05-01,Acronis,Concord Hospitality (Acronis Migration),SP4BMSENS,US2_GIG,75881.09,0.0264,2003.2607759999999,USD
2026-05-01,Acronis,Concord Hospitality (Acronis Migration),SPBAMSENS,US2_GIG,185361.25,0.0545,10102.188125,USD
2026-05-01,Acronis,Concord Hospitality (Acronis Migration),SPDCMSENS,US2_GIG,1.0,,0.0,USD
2026-05-01,Acronis,Concord Hospitality (Acronis Migration),SRHAMSENS,US2_GIG,18.0,0.7313,13.1634,USD
2026-05-01,Acronis,Concord Hospitality (Acronis Migration),SRIAMSENS,US2_GIG,5.0,0.1725,0.8624999999999999,USD
2026-05-01,Acronis,"Cook Consulting & Services, LLC",SP5AMSENS,US_Master,0.52,0.0113,0.005876,USD
2026-05-01,Acronis,"Cook Consulting & Services, LLC",SPBAMSENS,US_Master,0.52,0.0545,0.02834,USD
2026-05-01,Acronis,"Cook Consulting & Services, LLC",SPIAMSENS,US_Master,1.0,0.6319,0.6319,USD
2026-05-01,Acronis,Copy Systems Inc,SPD5MSENS,US_Master,1.0,7.0576,7.0576,USD
2026-05-01,Acronis,Copy Systems Inc,SPDAMSENS,US_Master,13810.82,0.0148,204.400136,USD
2026-05-01,Acronis,Copy Systems Inc,SPEAMSENS,US_Master,2.0,10.3731,20.7462,USD
2026-05-01,Acronis,Copy Systems Inc,SPFAMSENS,US_Master,6.0,3.6565,21.939,USD
2026-05-01,Acronis,Copy Systems Inc,SPGAMSENS,US_Master,5.0,1.704,8.52,USD
2026-05-01,Acronis,Cor Managed Services,SPDAMSENS,US_Master,1202.85,0.0148,17.80218,USD
2026-05-01,Acronis,Cor Managed Services,SPDCMSENS,US_Master,71.0,,0.0,USD
2026-05-01,Acronis,Cor Managed Services,SPEAMSENS,US_Master,1.0,10.3731,10.3731,USD
2026-05-01,Acronis,Cor Managed Services,SPGAMSENS,US_Master,10.0,1.704,17.04,USD
2026-05-01,Acronis,Cor Managed Services,SPIAMSENS,US_Master,9.0,0.6319,5.6871,USD
2026-05-01,Acronis,Cor Managed Services,SRJAMSENS,US_Master,250.0,1.1502,287.54999999999995,USD
2026-05-01,Acronis,CoreTrek AS,SPFAMSENS,UK_DEV,89.0,3.6565,325.4285,USD
2026-05-01,Acronis,CoreTrek AS,SPIAMSENS,UK_DEV,1.0,0.6319,0.6319,USD
2026-05-01,Acronis,Coviah,SPDAMSENS,US2_GIG,154.39,0.0148,2.284972,USD
2026-05-01,Acronis,Coviah,SPIAMSENS,US2_GIG,2.0,0.6319,1.2638,USD
2026-05-01,Acronis,Crodin,SPDAMSENS,US_Master,1011.78,0.0148,14.974344,USD
2026-05-01,Acronis,Crodin,SPEAMSENS,US_Master,1.0,10.3731,10.3731,USD
2026-05-01,Acronis,Crodin,SPGAMSENS,US_Master,1.0,1.704,1.704,USD
2026-05-01,Acronis,Crodin,SPIAMSENS,US_Master,1.0,0.6319,0.6319,USD
2026-05-01,Acronis,Custom Solutions,SPDAMSENS,US_Master,1148.79,0.0148,17.002092,USD
2026-05-01,Acronis,Custom Solutions,SPEAMSENS,US_Master,5.0,10.3731,51.865500000000004,USD
2026-05-01,Acronis,Custom Solutions,SPFAMSENS,US_Master,2.0,3.6565,7.313,USD
2026-05-01,Acronis,Custom Solutions,SPGAMSENS,US_Master,10.0,1.704,17.04,USD
2026-05-01,Acronis,Custom Solutions,SRIAMSENS,US_Master,5.0,0.1725,0.8624999999999999,USD
2026-05-01,Acronis,Cyber Advisors Inc.,SPDAMSENS,US_Master,13275.79,0.0148,196.481692,USD
2026-05-01,Acronis,Cyber Advisors Inc.,SPEAMSENS,US_Master,6.0,10.3731,62.238600000000005,USD
2026-05-01,Acronis,Cyber Advisors Inc.,SPFAMSENS,US_Master,9.0,3.6565,32.9085,USD
2026-05-01,Acronis,Cyber Advisors Inc.,SPGAMSENS,US_Master,3.0,1.704,5.112,USD
2026-05-01,Acronis,Cyber Advisors Inc.,SPIAMSENS,US_Master,1.0,0.6319,0.6319,USD
2026-05-01,Acronis,Cyber Advisors Inc.,SRHAMSENS,US_Master,2.0,0.7313,1.4626,USD
2026-05-01,Acronis,Cyber Advisors Inc.,SRIAMSENS,US_Master,4.0,0.1725,0.69,USD
2026-05-01,Acronis,CyberNET,SPDAMSENS,US5_DEV,2053.1,0.0148,30.38588,USD
2026-05-01,Acronis,CyberNET,SPFAMSENS,US5_DEV,3.0,3.6565,10.9695,USD
2026-05-01,Acronis,CyberPrairie,SPDAMSENS,US_Master,38396.5,0.0148,568.2682,USD
2026-05-01,Acronis,CyberPrairie,SPDCMSENS,US_Master,413.0,,0.0,USD
2026-05-01,Acronis,CyberPrairie,SPEAMSENS,US_Master,13.0,10.3731,134.8503,USD
2026-05-01,Acronis,CyberPrairie,SPFAMSENS,US_Master,16.0,3.6565,58.504,USD
2026-05-01,Acronis,CyberPrairie,SPGAMSENS,US_Master,4.0,1.704,6.816,USD
2026-05-01,Acronis,CyberPrairie,SPIAMSENS,US_Master,3.0,0.6319,1.8957000000000002,USD
2026-05-01,Acronis,CyberPrairie,SRJAMSENS,US_Master,397.0,1.1502,456.6294,USD
2026-05-01,Acronis,Cyberlink ASP Technology LLC (Avitus Tech),SPDAMSENS,US_Master,383.05,0.0148,5.6691400000000005,USD
2026-05-01,Acronis,Cyberlink ASP Technology LLC (Avitus Tech),SPEAMSENS,US_Master,3.0,10.3731,31.119300000000003,USD
2026-05-01,Acronis,Cyberlink ASP Technology LLC (Avitus Tech),SPFAMSENS,US_Master,4.0,3.6565,14.626,USD
2026-05-01,Acronis,Cyberlink ASP Technology LLC (Avitus Tech),SPGAMSENS,US_Master,3.0,1.704,5.112,USD
2026-05-01,Acronis,Cyberlink ASP Technology LLC (Avitus Tech),SRIAMSENS,US_Master,1.0,0.1725,0.1725,USD
2026-05-01,Acronis,DG Network Solutions LLC,SP4BMSENS,US_Master,3388.26,0.0264,89.45006400000001,USD
2026-05-01,Acronis,DG Network Solutions LLC,SPBAMSENS,US_Master,22887.98,0.0545,1247.39491,USD
2026-05-01,Acronis,DG Network Solutions LLC,SPDCMSENS,US_Master,1.0,,0.0,USD
2026-05-01,Acronis,DS Network Ltd,SPDAMSENS,US_Master,2861.48,0.0148,42.349904,USD
2026-05-01,Acronis,DS Network Ltd,SPEAMSENS,US_Master,1.0,10.3731,10.3731,USD
2026-05-01,Acronis,DS Network Ltd,SPFAMSENS,US_Master,4.0,3.6565,14.626,USD
2026-05-01,Acronis,DS Network Ltd,SPGAMSENS,US_Master,1.0,1.704,1.704,USD
2026-05-01,Acronis,DS Network Ltd,SPIAMSENS,US_Master,4.0,0.6319,2.5276,USD
2026-05-01,Acronis,Data Fast Solutions,SPD5MSENS,US_Master,3.0,7.0576,21.1728,USD
2026-05-01,Acronis,Data Fast Solutions,SPDAMSENS,US_Master,11760.03,0.0148,174.04844400000002,USD
2026-05-01,Acronis,Data Fast Solutions,SPEAMSENS,US_Master,6.0,10.3731,62.238600000000005,USD
2026-05-01,Acronis,Data Fast Solutions,SPFAMSENS,US_Master,4.0,3.6565,14.626,USD
2026-05-01,Acronis,Data Fast Solutions,SPGAMSENS,US_Master,12.0,1.704,20.448,USD
2026-05-01,Acronis,Data Fast Solutions,SPIAMSENS,US_Master,1.0,0.6319,0.6319,USD
2026-05-01,Acronis,Data Fast Solutions,SRHAMSENS,US_Master,2.0,0.7313,1.4626,USD
2026-05-01,Acronis,Data Fast Solutions,SRIAMSENS,US_Master,17.0,0.1725,2.9324999999999997,USD
2026-05-01,Acronis,David Horne Consulting,SPDAMSENS,US_Master,913.98,0.0148,13.526904000000002,USD
2026-05-01,Acronis,David Horne Consulting,SPEAMSENS,US_Master,2.0,10.3731,20.7462,USD
2026-05-01,Acronis,David Horne Consulting,SRIAMSENS,US_Master,1.0,0.1725,0.1725,USD
2026-05-01,Acronis,Decision Logic,SP5AMSENS,US_Master,1210.34,0.0113,13.676841999999999,USD
2026-05-01,Acronis,Decision Logic,SPDAMSENS,US_Master,1210.34,0.0148,17.913032,USD
2026-05-01,Acronis,Decision Logic,SPEAMSENS,US_Master,1.0,10.3731,10.3731,USD
2026-05-01,Acronis,Decision Logic,SPGAMSENS,US_Master,3.0,1.704,5.112,USD
2026-05-01,Acronis,Decision Logic,SPIAMSENS,US_Master,4.0,0.6319,2.5276,USD
2026-05-01,Acronis,Desert IT Solutions /1,SPDAMSENS,US_Master,508.6,0.0148,7.527280000000001,USD
2026-05-01,Acronis,Desert IT Solutions /1,SPDCMSENS,US_Master,6.0,,0.0,USD
2026-05-01,Acronis,Desert IT Solutions /1,SPEAMSENS,US_Master,1.0,10.3731,10.3731,USD
2026-05-01,Acronis,Desert IT Solutions /1,SPFAMSENS,US_Master,69.0,3.6565,252.2985,USD
2026-05-01,Acronis,Desert IT Solutions /1,SPGAMSENS,US_Master,2.0,1.704,3.408,USD
2026-05-01,Acronis,Desert IT Solutions /1,SREUMSENS,US_Master,12.0,1.86,22.32,USD
2026-05-01,Acronis,Desert IT Solutions /1,SRFUMSENS,US_Master,2.0,0.38335,0.7667,USD
2026-05-01,Acronis,Desert IT Solutions /1,SRIAMSENS,US_Master,1.0,0.1725,0.1725,USD
2026-05-01,Acronis,Desert IT Solutions /1,SRJAMSENS,US_Master,27.0,1.1502,31.0554,USD
2026-05-01,Acronis,Dexcore LLC,SPDAMSENS,US5_DEV,1675.16,0.0148,24.792368000000003,USD
2026-05-01,Acronis,Dexcore LLC,SPFAMSENS,US5_DEV,2.0,3.6565,7.313,USD
2026-05-01,Acronis,"Dexcore, LLC",SPDAMSENS,US_Master,579.87,0.0148,8.582076,USD
2026-05-01,Acronis,"Dexcore, LLC",SPEAMSENS,US_Master,1.0,10.3731,10.3731,USD
2026-05-01,Acronis,"Dexcore, LLC",SPFAMSENS,US_Master,1.0,3.6565,3.6565,USD
2026-05-01,Acronis,"Dexcore, LLC",SPIAMSENS,US_Master,2.0,0.6319,1.2638,USD
2026-05-01,Acronis,Dialysis Care Center,SPDAMSENS,US_Master,1673.98,0.0148,24.774904000000003,USD
2026-05-01,Acronis,Dialysis Care Center,SPEAMSENS,US_Master,5.0,10.3731,51.865500000000004,USD
2026-05-01,Acronis,Dialysis Care Center,SPFAMSENS,US_Master,13.0,3.6565,47.5345,USD
2026-05-01,Acronis,Digidogtech,SP1AMSENS,UK_GIG,25.14,0.05445,1.368873,USD
2026-05-01,Acronis,Digidogtech,SPBAMSENS,UK_GIG,574.1,0.0545,31.28845,USD
2026-05-01,Acronis,Digidogtech,SRIAMSENS,UK_GIG,1.0,0.1725,0.1725,USD
2026-05-01,Acronis,Digital Office Systems Inc,SPD5MSENS,US2_DEV,0.0,7.0576,0.0,USD
2026-05-01,Acronis,Digital Office Systems Inc,SPDAMSENS,US2_DEV,38667.59,0.0148,572.2803319999999,USD
2026-05-01,Acronis,Digital Office Systems Inc,SPEAMSENS,US2_DEV,9.0,10.3731,93.3579,USD
2026-05-01,Acronis,Digital Office Systems Inc,SPFAMSENS,US2_DEV,52.0,3.6565,190.138,USD
2026-05-01,Acronis,Digital Office Systems Inc,SPGAMSENS,US2_DEV,1.0,1.704,1.704,USD
2026-05-01,Acronis,Digital Office Systems Inc,SPIAMSENS,US2_DEV,9.0,0.6319,5.6871,USD
2026-05-01,Acronis,DigitalBrainz,SPDAMSENS,US5_DEV,6538.51,0.0148,96.76994800000001,USD
2026-05-01,Acronis,DigitalBrainz,SPIAMSENS,US5_DEV,1.0,0.6319,0.6319,USD
2026-05-01,Acronis,Direct Distributors,SPEAMSENS,US2_DEV,13.0,10.3731,134.8503,USD
2026-05-01,Acronis,Direct Distributors,SPGAMSENS,US2_DEV,5.0,1.704,8.52,USD
2026-05-01,Acronis,E2E Technology Solutions,SPDAMSENS,US_Master,4900.85,0.0148,72.53258000000001,USD
2026-05-01,Acronis,E2E Technology Solutions,SPEAMSENS,US_Master,6.0,10.3731,62.238600000000005,USD
2026-05-01,Acronis,E2E Technology Solutions,SPFAMSENS,US_Master,3.0,3.6565,10.9695,USD
2026-05-01,Acronis,E2E Technology Solutions,SPGAMSENS,US_Master,46.0,1.704,78.384,USD
2026-05-01,Acronis,E2E Technology Solutions,SRI5MSENS,US_Master,2.0,1.15,2.3,USD
2026-05-01,Acronis,E2E Technology Solutions,SRIAMSENS,US_Master,6.0,0.1725,1.035,USD
2026-05-01,Acronis,ECTECH LLC,SPDAMSENS,US_Master,4166.12,0.0148,61.658576000000004,USD
2026-05-01,Acronis,ECTECH LLC,SPDCMSENS,US_Master,1.0,,0.0,USD
2026-05-01,Acronis,ECTECH LLC,SPEAMSENS,US_Master,5.0,10.3731,51.865500000000004,USD
2026-05-01,Acronis,ECTECH LLC,SPFAMSENS,US_Master,6.0,3.6565,21.939,USD
2026-05-01,Acronis,ECTECH LLC,SPGAMSENS,US_Master,2.0,1.704,3.408,USD
2026-05-01,Acronis,ECTECH LLC,SPIAMSENS,US_Master,1.0,0.6319,0.6319,USD
2026-05-01,Acronis,ECTECH LLC,SRHAMSENS,US_Master,7.0,0.7313,5.1190999999999995,USD
2026-05-01,Acronis,ECTECH LLC,SRI5MSENS,US_Master,2.0,1.15,2.3,USD
2026-05-01,Acronis,ECTECH LLC,SRIAMSENS,US_Master,4.0,0.1725,0.69,USD
2026-05-01,Acronis,ENT Networks Inc,SPDAMSENS,US2_DEV,4781.96,0.0148,70.773008,USD
2026-05-01,Acronis,ENT Networks Inc,SPEAMSENS,US2_DEV,5.0,10.3731,51.865500000000004,USD
2026-05-01,Acronis,ENT Networks Inc,SPGAMSENS,US2_DEV,3.0,1.704,5.112,USD
2026-05-01,Acronis,ENT Networks Inc,SRHAMSENS,US2_DEV,1.0,0.7313,0.7313,USD
2026-05-01,Acronis,ENT Networks Inc,SRIAMSENS,US2_DEV,5.0,0.1725,0.8624999999999999,USD
2026-05-01,Acronis,ENT Networks Inc,SVEAMSENS,US2_DEV,2984.36,0.0272,81.174592,USD
2026-05-01,Acronis,EZ Solutions,SPDAMSENS,US_Master,0.0,0.0148,0.0,USD
2026-05-01,Acronis,EZ Solutions,SPDCMSENS,US_Master,0.0,,0.0,USD
2026-05-01,Acronis,EZ Solutions,SPIAMSENS,US_Master,0.0,0.6319,0.0,USD
2026-05-01,Acronis,EZ Solutions,SRJAMSENS,US_Master,0.0,1.1502,0.0,USD
2026-05-01,Acronis,Educational Records Bureau,SPBAMSENS,US_Master,10218.27,0.0545,556.895715,USD
2026-05-01,Acronis,Electronic Business Systems UK,SPDAMSENS,UK_DEV,79033.03,0.0148,1169.688844,USD
2026-05-01,Acronis,Electronic Business Systems UK,SPEAMSENS,UK_DEV,6.0,10.3731,62.238600000000005,USD
2026-05-01,Acronis,Electronic Business Systems UK,SPFAMSENS,UK_DEV,176.0,3.6565,643.544,USD
2026-05-01,Acronis,Electronic Business Systems UK,SPGAMSENS,UK_DEV,5.0,1.704,8.52,USD
2026-05-01,Acronis,Electronic Business Systems UK,SPIAMSENS,UK_DEV,2.0,0.6319,1.2638,USD
2026-05-01,Acronis,Electronic Business Systems UK,SPXAMSENS,UK_DEV,4104.55,0.0239,98.09874500000001,USD
2026-05-01,Acronis,Electronic Business Systems UK,SRHAMSENS,UK_DEV,1.0,0.7313,0.7313,USD
2026-05-01,Acronis,Electronic Business Systems UK,SRIAMSENS,UK_DEV,5.0,0.1725,0.8624999999999999,USD
2026-05-01,Acronis,Elevity IT,SP4BMSENS,US_Master,1159.45,0.0264,30.60948,USD
2026-05-01,Acronis,Elevity IT,SPBAMSENS,US_Master,1161.67,0.0545,63.311015000000005,USD
2026-05-01,Acronis,Elevity IT,SPDAMSENS,US_Master,300339.89,0.0148,4445.030372,USD
2026-05-01,Acronis,Elevity IT,SPDCMSENS,US_Master,1.0,,0.0,USD
2026-05-01,Acronis,Elevity IT,SPEAMSENS,US_Master,18.0,10.3731,186.7158,USD
2026-05-01,Acronis,Elevity IT,SPFAMSENS,US_Master,306.0,3.6565,1118.889,USD
2026-05-01,Acronis,Elevity IT,SPGAMSENS,US_Master,21.0,1.704,35.784,USD
2026-05-01,Acronis,Elevity IT,SPIAMSENS,US_Master,32.0,0.6319,20.2208,USD
2026-05-01,Acronis,Elevity IT,SQYAMSENS,US_Master,2231.89,0.0275,61.376974999999995,USD
2026-05-01,Acronis,Elevity IT,SRHAMSENS,US_Master,2.0,0.7313,1.4626,USD
2026-05-01,Acronis,Elevity IT,SRIAMSENS,US_Master,6.0,0.1725,1.035,USD
2026-05-01,Acronis,Elevity IT,SVEAMSENS,US_Master,112884.36,0.0272,3070.454592,USD
2026-05-01,Acronis,Empower Information Systems,SPDAMSENS,US2_DEV,1602.21,0.0148,23.712708000000003,USD
2026-05-01,Acronis,Empower Information Systems,SPIAMSENS,US2_DEV,2.0,0.6319,1.2638,USD
2026-05-01,Acronis,Enhanced Computing Solutions,SPD5MSENS,US_Master,1.0,7.0576,7.0576,USD
2026-05-01,Acronis,Enhanced Computing Solutions,SPDAMSENS,US_Master,69642.28,0.0148,1030.705744,USD
2026-05-01,Acronis,Enhanced Computing Solutions,SPDCMSENS,US_Master,95.0,,0.0,USD
2026-05-01,Acronis,Enhanced Computing Solutions,SPEAMSENS,US_Master,39.0,10.3731,404.5509,USD
2026-05-01,Acronis,Enhanced Computing Solutions,SPFAMSENS,US_Master,27.0,3.6565,98.7255,USD
2026-05-01,Acronis,Enhanced Computing Solutions,SPGAMSENS,US_Master,341.0,1.704,581.064,USD
2026-05-01,Acronis,Enhanced Computing Solutions,SPIAMSENS,US_Master,4.0,0.6319,2.5276,USD
2026-05-01,Acronis,Enhanced Computing Solutions,SQ8AMSENS,US_Master,396.0,1.1502,455.47919999999993,USD
2026-05-01,Acronis,Enhanced Computing Solutions,SRIAMSENS,US_Master,3.0,0.1725,0.5175,USD
2026-05-01,Acronis,Enhanced Computing Solutions,SRJAMSENS,US_Master,334.0,1.1502,384.16679999999997,USD
2026-05-01,Acronis,Enterprise Business IT Solutions Pty Ltd,SPDAMSENS,AUS_DEV,3513.03,0.0148,51.992844000000005,USD
2026-05-01,Acronis,Enterprise Business IT Solutions Pty Ltd,SPEAMSENS,AUS_DEV,1.0,10.3731,10.3731,USD
2026-05-01,Acronis,Enterprise Business IT Solutions Pty Ltd,SPFAMSENS,AUS_DEV,3.0,3.6565,10.9695,USD
2026-05-01,Acronis,"Envision Technology Advisors, LLC",SP4BMSENS,US_Master,0.0,0.0264,0.0,USD
2026-05-01,Acronis,"Envision Technology Advisors, LLC",SPBAMSENS,US_Master,1527.71,0.0545,83.260195,USD
2026-05-01,Acronis,"Envision Technology Advisors, LLC",SRIAMSENS,US_Master,8.0,0.1725,1.38,USD
2026-05-01,Acronis,Eos Systems,SPBAMSENS,US_Master,2577.83,0.0545,140.491735,USD
2026-05-01,Acronis,EssentialNet Solutions,SPDAMSENS,US_Master,63766.29,0.0148,943.741092,USD
2026-05-01,Acronis,EssentialNet Solutions,SPDCMSENS,US_Master,87.0,,0.0,USD
2026-05-01,Acronis,EssentialNet Solutions,SPEAMSENS,US_Master,10.0,10.3731,103.73100000000001,USD
2026-05-01,Acronis,EssentialNet Solutions,SPFAMSENS,US_Master,89.0,3.6565,325.4285,USD
2026-05-01,Acronis,EssentialNet Solutions,SPGAMSENS,US_Master,60.0,1.704,102.24,USD
2026-05-01,Acronis,EssentialNet Solutions,SPIAMSENS,US_Master,3.0,0.6319,1.8957000000000002,USD
2026-05-01,Acronis,EssentialNet Solutions,SRJAMSENS,US_Master,374.0,1.1502,430.17479999999995,USD
2026-05-01,Acronis,Eugenius,SP4BMSENS,US2_GIG,96.37,0.0264,2.544168,USD
2026-05-01,Acronis,Eugenius,SPBAMSENS,US2_GIG,2438.16,0.0545,132.87972000000002,USD
2026-05-01,Acronis,Extech Ltd (1010936),SPBAMSENS,UK_DEV,48397.29,0.0545,2637.652305,USD
2026-05-01,Acronis,Extech Ltd (1010936),SPDAMSENS,UK_DEV,1564.83,0.0148,23.159484,USD
2026-05-01,Acronis,Extech Ltd (1010936),SPDCMSENS,UK_DEV,1833.0,,0.0,USD
2026-05-01,Acronis,Extech Ltd (1010936),SPGAMSENS,UK_DEV,1.0,1.704,1.704,USD
2026-05-01,Acronis,Extech Ltd (1010936),SPIAMSENS,UK_DEV,1.0,0.6319,0.6319,USD
2026-05-01,Acronis,Extech Ltd (1010936),SRJAMSENS,UK_DEV,22.0,1.1502,25.304399999999998,USD
2026-05-01,Acronis,F8 Tech LLC,SPD5MSENS,US5_DEV,1.0,7.0576,7.0576,USD
2026-05-01,Acronis,F8 Tech LLC,SPDAMSENS,US5_DEV,57342.43,0.0148,848.6679640000001,USD
2026-05-01,Acronis,F8 Tech LLC,SPEAMSENS,US5_DEV,12.0,10.3731,124.47720000000001,USD
2026-05-01,Acronis,F8 Tech LLC,SPFAMSENS,US5_DEV,78.0,3.6565,285.207,USD
2026-05-01,Acronis,F8 Tech LLC,SPGAMSENS,US5_DEV,10.0,1.704,17.04,USD
2026-05-01,Acronis,F8 Tech LLC,SPIAMSENS,US5_DEV,1.0,0.6319,0.6319,USD
2026-05-01,Acronis,FLR Spectron Ltd,SPBAMSENS,UK_DEV,1956.01,0.0545,106.60254499999999,USD
2026-05-01,Acronis,FLR Spectron Ltd,SPDAMSENS,UK_DEV,46526.29,0.0148,688.589092,USD
2026-05-01,Acronis,FLR Spectron Ltd,SPDCMSENS,UK_DEV,109.0,,0.0,USD
2026-05-01,Acronis,FLR Spectron Ltd,SPEAMSENS,UK_DEV,16.0,10.3731,165.9696,USD
2026-05-01,Acronis,FLR Spectron Ltd,SPFAMSENS,UK_DEV,73.0,3.6565,266.92449999999997,USD
2026-05-01,Acronis,FLR Spectron Ltd,SPGAMSENS,UK_DEV,28.0,1.704,47.711999999999996,USD
2026-05-01,Acronis,FLR Spectron Ltd,SPIAMSENS,UK_DEV,4.0,0.6319,2.5276,USD
2026-05-01,Acronis,FLR Spectron Ltd,SQ1AMSENS,UK_DEV,24953.3,0.0239,596.38387,USD
2026-05-01,Acronis,FLR Spectron Ltd,SRHAMSENS,UK_DEV,2.0,0.7313,1.4626,USD
2026-05-01,Acronis,"FSi Strategies, Inc.",SP4BMSENS,US_Master,3450.23,0.0264,91.086072,USD
2026-05-01,Acronis,"FSi Strategies, Inc.",SPBAMSENS,US_Master,3847.2,0.0545,209.67239999999998,USD
2026-05-01,Acronis,FastString,SPDAMSENS,US2_DEV,1149.37,0.0148,17.010676,USD
2026-05-01,Acronis,FastString,SPEAMSENS,US2_DEV,1.0,10.3731,10.3731,USD
2026-05-01,Acronis,FastString,SRIAMSENS,US2_DEV,1.0,0.1725,0.1725,USD
2026-05-01,Acronis,Filconet,SPDAMSENS,US_Master,6924.780000000001,0.0148,102.486744,USD
2026-05-01,Acronis,Filconet,SPEAMSENS,US_Master,1.0,10.3731,10.3731,USD
2026-05-01,Acronis,Filconet,SPFAMSENS,US_Master,7.0,3.6565,25.595499999999998,USD
2026-05-01,Acronis,Filconet,SPGAMSENS,US_Master,2.0,1.704,3.408,USD
2026-05-01,Acronis,Filconet,SPIAMSENS,US_Master,3.0,0.6319,1.8957000000000002,USD
2026-05-01,Acronis,Five Rivers IT,SPBAMSENS,US2_GIG,19435.25,0.0545,1059.221125,USD
2026-05-01,Acronis,Five Rivers IT,SRIAMSENS,US2_GIG,2.0,0.1725,0.345,USD
2026-05-01,Acronis,Five Star Technology Solutions,SPFAMSENS,US5_DEV,23.0,3.6565,84.09949999999999,USD
2026-05-01,Acronis,Five Star Technology Solutions,SPIAMSENS,US5_DEV,4.0,0.6319,2.5276,USD
2026-05-01,Acronis,Five Star Technology Solutions,SQ8AMSENS,US5_DEV,25.0,1.1502,28.754999999999995,USD
2026-05-01,Acronis,Five Star Technology Solutions,SREUMSENS,US5_DEV,19.0,1.86,35.34,USD
2026-05-01,Acronis,Flex IT Solutions,SPDAMSENS,US_Master,1064.03,0.0148,15.747644000000001,USD
2026-05-01,Acronis,Flex IT Solutions,SPFAMSENS,US_Master,1.0,3.6565,3.6565,USD
2026-05-01,Acronis,Flex IT Solutions,SPIAMSENS,US_Master,4.0,0.6319,2.5276,USD
2026-05-01,Acronis,Flexxa di Andrea Monguzzi,SPDAMSENS,EU8_Master,46278.47,0.0148,684.9213560000001,USD
2026-05-01,Acronis,Flexxa di Andrea Monguzzi,SPDCMSENS,EU8_Master,11.0,,0.0,USD
2026-05-01,Acronis,Flexxa di Andrea Monguzzi,SPEAMSENS,EU8_Master,1.0,10.3731,10.3731,USD
2026-05-01,Acronis,Flexxa di Andrea Monguzzi,SPGAMSENS,EU8_Master,6.0,1.704,10.224,USD
2026-05-01,Acronis,Flexxa di Andrea Monguzzi,SPIAMSENS,EU8_Master,1.0,0.6319,0.6319,USD
2026-05-01,Acronis,Flexxa di Andrea Monguzzi,SQ8AMSENS,EU8_Master,9.0,1.1502,10.351799999999999,USD
2026-05-01,Acronis,Flexxa di Andrea Monguzzi,SRJAMSENS,EU8_Master,12.0,1.1502,13.802399999999999,USD
2026-05-01,Acronis,Focus Technology Solutions Ltd,SPDAMSENS,UK_DEV,9510.67,0.0148,140.757916,USD
2026-05-01,Acronis,Focus Technology Solutions Ltd,SPFAMSENS,UK_DEV,27.0,3.6565,98.7255,USD
2026-05-01,Acronis,Focus Technology Solutions Ltd,SPGAMSENS,UK_DEV,2.0,1.704,3.408,USD
2026-05-01,Acronis,Focus Technology Solutions Ltd,SPIAMSENS,UK_DEV,0.0,0.6319,0.0,USD
2026-05-01,Acronis,Focus Technology Solutions Ltd,SVEAMSENS,UK_DEV,2209.2,0.0272,60.090239999999994,USD
2026-05-01,Acronis,Forged IT Services,SPBAMSENS,US_Master,2484.51,0.0545,135.405795,USD
2026-05-01,Acronis,Forged IT Services,SPDAMSENS,US_Master,53.28,0.0148,0.788544,USD
2026-05-01,Acronis,Forged IT Services,SPGAMSENS,US_Master,1.0,1.704,1.704,USD
2026-05-01,Acronis,Forged IT Services,SPIAMSENS,US_Master,1.0,0.6319,0.6319,USD
2026-05-01,Acronis,Fort Valley Utility Commission,SPDAMSENS,US_Master,22326.3,0.0148,330.42924,USD
2026-05-01,Acronis,FrontierMSP,SPDAMSENS,US_Master,2081.92,0.0148,30.812416000000002,USD
2026-05-01,Acronis,FrontierMSP,SPDCMSENS,US_Master,15.0,,0.0,USD
2026-05-01,Acronis,FrontierMSP,SPEAMSENS,US_Master,1.0,10.3731,10.3731,USD
2026-05-01,Acronis,FrontierMSP,SPFAMSENS,US_Master,1.0,3.6565,3.6565,USD
2026-05-01,Acronis,FrontierMSP,SPGAMSENS,US_Master,1.0,1.704,1.704,USD
2026-05-01,Acronis,FrontierMSP,SPIAMSENS,US_Master,1.0,0.6319,0.6319,USD
2026-05-01,Acronis,FrontierMSP,SRJAMSENS,US_Master,101.0,1.1502,116.1702,USD
2026-05-01,Acronis,Frontline Security Solutions,SPDAMSENS,UK_DEV,8.77,0.0148,0.129796,USD
2026-05-01,Acronis,Frontline Security Solutions,SPEAMSENS,UK_DEV,1.0,10.3731,10.3731,USD
2026-05-01,Acronis,Frontline Security Solutions,SRIAMSENS,UK_DEV,1.0,0.1725,0.1725,USD
2026-05-01,Acronis,Fusion Factor Corporation,SPDAMSENS,US_Master,8327.13,0.0148,123.241524,USD
2026-05-01,Acronis,Fusion Factor Corporation,SPEAMSENS,US_Master,6.0,10.3731,62.238600000000005,USD
2026-05-01,Acronis,Fusion Factor Corporation,SPFAMSENS,US_Master,8.0,3.6565,29.252,USD
2026-05-01,Acronis,Fusion Factor Corporation,SRHAMSENS,US_Master,6.0,0.7313,4.3877999999999995,USD
2026-05-01,Acronis,Fusion Factor Corporation,SRIAMSENS,US_Master,6.0,0.1725,1.035,USD
2026-05-01,Acronis,GEM Technologies Inc,SPDAMSENS,US2_GIG,337.2,0.0148,4.99056,USD
2026-05-01,Acronis,GEM Technologies Inc,SPGAMSENS,US2_GIG,2.0,1.704,3.408,USD
2026-05-01,Acronis,GRS Technology Solutions,SPBAMSENS,US_Master,601.01,0.0545,32.755044999999996,USD
2026-05-01,Acronis,GRS Technology Solutions,SPIAMSENS,US_Master,2.0,0.6319,1.2638,USD
2026-05-01,Acronis,"GSG Computers, Inc.",SPDAMSENS,US_Master,2444.8,0.0148,36.183040000000005,USD
2026-05-01,Acronis,"GSG Computers, Inc.",SPFAMSENS,US_Master,1.0,3.6565,3.6565,USD
2026-05-01,Acronis,GTech Data LLC,SPDAMSENS,US_Master,1623.28,0.0148,24.024544000000002,USD
2026-05-01,Acronis,GTech Data LLC,SPEAMSENS,US_Master,1.0,10.3731,10.3731,USD
2026-05-01,Acronis,GTech Data LLC,SPGAMSENS,US_Master,4.0,1.704,6.816,USD
2026-05-01,Acronis,Geecon IT Solutions,SPEAMSENS,UK_DEV,2.0,10.3731,20.7462,USD
2026-05-01,Acronis,Geecon IT Solutions,SPFAMSENS,UK_DEV,19.0,3.6565,69.4735,USD
2026-05-01,Acronis,Geecon IT Solutions,SPGAMSENS,UK_DEV,10.0,1.704,17.04,USD
2026-05-01,Acronis,Geecon IT Solutions,SRDUMSENS,UK_DEV,2.0,4.65,9.3,USD
2026-05-01,Acronis,Geecon IT Solutions,SREUMSENS,UK_DEV,11.0,1.86,20.46,USD
2026-05-01,Acronis,Geecon IT Solutions,SRFUMSENS,UK_DEV,9.0,0.38335,3.4501500000000003,USD
2026-05-01,Acronis,Genone Technology Services Inc,SP4BMSENS,US_Master,260.05,0.0264,6.8653200000000005,USD
2026-05-01,Acronis,Genone Technology Services Inc,SPBAMSENS,US_Master,1934.29,0.0545,105.41880499999999,USD
2026-05-01,Acronis,Genone Technology Services Inc,SRHAMSENS,US_Master,1.0,0.7313,0.7313,USD
2026-05-01,Acronis,Glory Global Solutions NZ,SPBAMSENS,AUS_GIG,48.59,0.0545,2.648155,USD
2026-05-01,Acronis,"Gray Wolf Information Technologies, Inc.",SPDAMSENS,US_Master,3852.12,0.0148,57.011376,USD
2026-05-01,Acronis,"Gray Wolf Information Technologies, Inc.",SPEAMSENS,US_Master,5.0,10.3731,51.865500000000004,USD
2026-05-01,Acronis,"Gray Wolf Information Technologies, Inc.",SPFAMSENS,US_Master,1.0,3.6565,3.6565,USD
2026-05-01,Acronis,"Gray Wolf Information Technologies, Inc.",SPGAMSENS,US_Master,6.0,1.704,10.224,USD
2026-05-01,Acronis,"Gray Wolf Information Technologies, Inc.",SPIAMSENS,US_Master,14.0,0.6319,8.8466,USD
2026-05-01,Acronis,"Gray Wolf Information Technologies, Inc.",SVEAMSENS,US_Master,3458.2,0.0272,94.06303999999999,USD
2026-05-01,Acronis,"Green Qube, Inc",SPBAMSENS,US_Master,1341.45,0.0545,73.109025,USD
2026-05-01,Acronis,"Green Qube, Inc",SPDAMSENS,US_Master,12127.31,0.0148,179.484188,USD
2026-05-01,Acronis,"Green Qube, Inc",SPEAMSENS,US_Master,1.0,10.3731,10.3731,USD
2026-05-01,Acronis,"Green Qube, Inc",SPFAMSENS,US_Master,18.0,3.6565,65.817,USD
2026-05-01,Acronis,"Green Qube, Inc",SPIAMSENS,US_Master,3.0,0.6319,1.8957000000000002,USD
2026-05-01,Acronis,"Guardnet, Inc",SPDAMSENS,US_Master,1327.5700000000002,0.0148,19.648036,USD
2026-05-01,Acronis,"Guardnet, Inc",SPEAMSENS,US_Master,3.0,10.3731,31.119300000000003,USD
2026-05-01,Acronis,"Guardnet, Inc",SPFAMSENS,US_Master,12.0,3.6565,43.878,USD
2026-05-01,Acronis,"Guardnet, Inc",SPGAMSENS,US_Master,2.0,1.704,3.408,USD
2026-05-01,Acronis,"Guardnet, Inc",SRIAMSENS,US_Master,2.0,0.1725,0.345,USD
2026-05-01,Acronis,Gurusis Inc,SPDAMSENS,US_Master,6934.93,0.0148,102.636964,USD
2026-05-01,Acronis,Gurusis Inc,SPIAMSENS,US_Master,1.0,0.6319,0.6319,USD
2026-05-01,Acronis,HCITSP,SPFAMSENS,US_Master,1.0,3.6565,3.6565,USD
2026-05-01,Acronis,HCITSP,SPGAMSENS,US_Master,1.0,1.704,1.704,USD
2026-05-01,Acronis,HCITSP,SPIAMSENS,US_Master,6.0,0.6319,3.7914000000000003,USD
2026-05-01,Acronis,"HRI Properties, LLC",SPDAMSENS,US_Master,15720.119999999999,0.0148,232.65777599999998,USD
2026-05-01,Acronis,"HRI Properties, LLC",SPEAMSENS,US_Master,14.0,10.3731,145.22340000000003,USD
2026-05-01,Acronis,"HRI Properties, LLC",SPFAMSENS,US_Master,36.0,3.6565,131.634,USD
2026-05-01,Acronis,"HRI Properties, LLC",SPGAMSENS,US_Master,13.0,1.704,22.152,USD
2026-05-01,Acronis,Hanatechinc,SPBAMSENS,US2_GIG,389.41,0.0545,21.222845000000003,USD
2026-05-01,Acronis,Hanatechinc,SPIAMSENS,US2_GIG,1.0,0.6319,0.6319,USD
2026-05-01,Acronis,Hanatechinc,SVEAMSENS,US2_GIG,0.01,0.0272,0.000272,USD
2026-05-01,Acronis,Harness Group,SPDAMSENS,US_Master,4670.1,0.0148,69.11748000000001,USD
2026-05-01,Acronis,Harness Group,SPDCMSENS,US_Master,44.0,,0.0,USD
2026-05-01,Acronis,Harness Group,SPEAMSENS,US_Master,2.0,10.3731,20.7462,USD
2026-05-01,Acronis,Harness Group,SPFAMSENS,US_Master,55.0,3.6565,201.1075,USD
2026-05-01,Acronis,Harness Group,SRDUMSENS,US_Master,2.0,4.65,9.3,USD
2026-05-01,Acronis,Harness Group,SREUMSENS,US_Master,33.0,1.86,61.38,USD
2026-05-01,Acronis,Harness Group,SRJAMSENS,US_Master,639.0,1.1502,734.9777999999999,USD
2026-05-01,Acronis,"Harris Technology Services, LLC",SPDAMSENS,US2_DEV,13544.48,0.0148,200.458304,USD
2026-05-01,Acronis,"Harris Technology Services, LLC",SPFAMSENS,US2_DEV,49.0,3.6565,179.1685,USD
2026-05-01,Acronis,"Harris Technology Services, LLC",SPGAMSENS,US2_DEV,7.0,1.704,11.927999999999999,USD
2026-05-01,Acronis,"Harris Technology Services, LLC",SRIAMSENS,US2_DEV,5.0,0.1725,0.8624999999999999,USD
2026-05-01,Acronis,Harwood International Corp.,SPDAMSENS,US_Master,24334.24,0.0148,360.14675200000005,USD
2026-05-01,Acronis,Harwood International Corp.,SPEAMSENS,US_Master,5.0,10.3731,51.865500000000004,USD
2026-05-01,Acronis,Harwood International Corp.,SPFAMSENS,US_Master,17.0,3.6565,62.1605,USD
2026-05-01,Acronis,Harwood International Corp.,SPGAMSENS,US_Master,1.0,1.704,1.704,USD
2026-05-01,Acronis,Harwood International Corp.,SQYAMSENS,US_Master,2975.85,0.0275,81.835875,USD
2026-05-01,Acronis,Harwood International Corp.,SVEAMSENS,US_Master,20555.45,0.0272,559.10824,USD
2026-05-01,Acronis,"Higher Ground Technologies, Inc.",SPD5MSENS,US2_DEV,1.0,7.0576,7.0576,USD
2026-05-01,Acronis,"Higher Ground Technologies, Inc.",SPDAMSENS,US2_DEV,54843.7,0.0148,811.68676,USD
2026-05-01,Acronis,"Higher Ground Technologies, Inc.",SPDCMSENS,US2_DEV,19.0,,0.0,USD
2026-05-01,Acronis,"Higher Ground Technologies, Inc.",SPEAMSENS,US2_DEV,15.0,10.3731,155.59650000000002,USD
2026-05-01,Acronis,"Higher Ground Technologies, Inc.",SPFAMSENS,US2_DEV,39.0,3.6565,142.6035,USD
2026-05-01,Acronis,"Higher Ground Technologies, Inc.",SPGAMSENS,US2_DEV,61.0,1.704,103.944,USD
2026-05-01,Acronis,"Higher Ground Technologies, Inc.",SRIAMSENS,US2_DEV,7.0,0.1725,1.2075,USD
2026-05-01,Acronis,"Higher Ground Technologies, Inc.",SRJAMSENS,US2_DEV,141.0,1.1502,162.17819999999998,USD
2026-05-01,Acronis,Hilltop Valley Consulting,SPEAMSENS,US_Master,3.0,10.3731,31.119300000000003,USD
2026-05-01,Acronis,Hilltop Valley Consulting,SPFAMSENS,US_Master,6.0,3.6565,21.939,USD
2026-05-01,Acronis,Homeport Electronics,SP4BMSENS,US2_GIG,1460.37,0.0264,38.553768,USD
2026-05-01,Acronis,Homeport Electronics,SPBAMSENS,US2_GIG,1243.29,0.0545,67.75930500000001,USD
2026-05-01,Acronis,Homeport Electronics,SRIAMSENS,US2_GIG,1.0,0.1725,0.1725,USD
2026-05-01,Acronis,HostFaddy,SPDAMSENS,UK_DEV,7939.54,0.0148,117.50519200000001,USD
2026-05-01,Acronis,HostFaddy,SPFAMSENS,UK_DEV,1.0,3.6565,3.6565,USD
2026-05-01,Acronis,HostFaddy,SPIAMSENS,UK_DEV,1.0,0.6319,0.6319,USD
2026-05-01,Acronis,HostFaddy,SQ7AMSENS,UK_DEV,5.0,1.8741,9.3705,USD
2026-05-01,Acronis,ICSI,SPDAMSENS,UK_GIG,3.05,0.0148,0.04514,USD
2026-05-01,Acronis,ICSI,SPDCMSENS,UK_GIG,4.0,,0.0,USD
2026-05-01,Acronis,ICSI,SRJAMSENS,UK_GIG,1.0,1.1502,1.1502,USD
2026-05-01,Acronis,IDFS,SP4BMSENS,CAN_DEV,226.96,0.0264,5.991744,USD
2026-05-01,Acronis,IDFS,SPBAMSENS,CAN_DEV,321.85,0.0545,17.540825,USD
2026-05-01,Acronis,IDFS,SPDAMSENS,CAN_DEV,20030.62,0.0148,296.453176,USD
2026-05-01,Acronis,IDFS,SPEAMSENS,CAN_DEV,9.0,10.3731,93.3579,USD
2026-05-01,Acronis,IDFS,SPFAMSENS,CAN_DEV,2.0,3.6565,7.313,USD
2026-05-01,Acronis,IDFS,SPGAMSENS,CAN_DEV,31.0,1.704,52.824,USD
2026-05-01,Acronis,IDFS,SPIAMSENS,CAN_DEV,3.0,0.6319,1.8957000000000002,USD
2026-05-01,Acronis,IDFS,SRJAMSENS,CAN_DEV,6.0,1.1502,6.901199999999999,USD
2026-05-01,Acronis,IDT Support,SPD5MSENS,UK_DEV,1.0,7.0576,7.0576,USD
2026-05-01,Acronis,IDT Support,SPEAMSENS,UK_DEV,1.0,10.3731,10.3731,USD
2026-05-01,Acronis,IDT Support,SPFAMSENS,UK_DEV,93.0,3.6565,340.05449999999996,USD
2026-05-01,Acronis,IDT Support,SPGAMSENS,UK_DEV,8.0,1.704,13.632,USD
2026-05-01,Acronis,IDT Support,SPIAMSENS,UK_DEV,5.0,0.6319,3.1595,USD
2026-05-01,Acronis,"IS Consulting Services, LLC",SPBAMSENS,US_Master,3619.52,0.0545,197.26384000000002,USD
2026-05-01,Acronis,"IS Consulting Services, LLC",SPDCMSENS,US_Master,5.0,,0.0,USD
2026-05-01,Acronis,"IS Consulting Services, LLC",SRHAMSENS,US_Master,2.0,0.7313,1.4626,USD
2026-05-01,Acronis,"IS Consulting Services, LLC",SRIAMSENS,US_Master,2.0,0.1725,0.345,USD
2026-05-01,Acronis,IT Automation,SPDAMSENS,US_Master,10636.98,0.0148,157.427304,USD
2026-05-01,Acronis,IT Automation,SPDCMSENS,US_Master,37.0,,0.0,USD
2026-05-01,Acronis,IT Automation,SPFAMSENS,US_Master,22.0,3.6565,80.443,USD
2026-05-01,Acronis,IT Automation,SPGAMSENS,US_Master,1.0,1.704,1.704,USD
2026-05-01,Acronis,IT Automation,SRJAMSENS,US_Master,204.0,1.1502,234.64079999999998,USD
2026-05-01,Acronis,IT In Demand,SPBAMSENS,US_Master,7710.45,0.0545,420.219525,USD
2026-05-01,Acronis,IT Kauai Inc,SEDAMSENS,US_Master,1.0,1.3774,1.3774,USD
2026-05-01,Acronis,IT Kauai Inc,SPDAMSENS,US_Master,63982.89,0.0148,946.946772,USD
2026-05-01,Acronis,IT Kauai Inc,SPEAMSENS,US_Master,14.0,10.3731,145.22340000000003,USD
2026-05-01,Acronis,IT Kauai Inc,SPFAMSENS,US_Master,54.0,3.6565,197.451,USD
2026-05-01,Acronis,IT Kauai Inc,SPGAMSENS,US_Master,271.0,1.704,461.784,USD
2026-05-01,Acronis,IT Kauai Inc,SPIAMSENS,US_Master,49.0,0.6319,30.9631,USD
2026-05-01,Acronis,IT Kauai Inc,SQYAMSENS,US_Master,0.98,0.0275,0.026949999999999998,USD
2026-05-01,Acronis,IT Kauai Inc,SUVAMSENS,US_Master,2.2,0.0149,0.032780000000000004,USD
2026-05-01,Acronis,IT Kauai Inc,SVEAMSENS,US_Master,300.87,0.0272,8.183664,USD
2026-05-01,Acronis,"IT by Design, Inc.",SPBAMSENS,US_Master,2699.77,0.0545,147.137465,USD
2026-05-01,Acronis,IT4ME,SPDAMSENS,US5_DEV,6547.85,0.0148,96.90818000000002,USD
2026-05-01,Acronis,IT4ME,SPDCMSENS,US5_DEV,7.0,,0.0,USD
2026-05-01,Acronis,IT4ME,SPEAMSENS,US5_DEV,4.0,10.3731,41.4924,USD
2026-05-01,Acronis,IT4ME,SPFAMSENS,US5_DEV,6.0,3.6565,21.939,USD
2026-05-01,Acronis,IT4ME,SPGAMSENS,US5_DEV,17.0,1.704,28.968,USD
2026-05-01,Acronis,IT4ME,SPIAMSENS,US5_DEV,5.0,0.6319,3.1595,USD
2026-05-01,Acronis,IT4ME,SRJAMSENS,US5_DEV,79.0,1.1502,90.8658,USD
2026-05-01,Acronis,IT4ME,SRMAMSENS,US5_DEV,99.0,0.6674,66.0726,USD
2026-05-01,Acronis,Icelantic,SEDAMSENS,UK_DEV,0.0,1.3774,0.0,USD
2026-05-01,Acronis,Icelantic,SO4AMSENS,UK_DEV,2530.0,1.3348,3377.044,USD
2026-05-01,Acronis,Icelantic,SPBAMSENS,UK_DEV,1996.38,0.0545,108.80271,USD
2026-05-01,Acronis,Icelantic,SPD5MSENS,UK_DEV,7.0,7.0576,49.4032,USD
2026-05-01,Acronis,Icelantic,SPDAMSENS,UK_DEV,131464.08000000002,0.0148,1945.668384,USD
2026-05-01,Acronis,Icelantic,SPDCMSENS,UK_DEV,3587.0,,0.0,USD
2026-05-01,Acronis,Icelantic,SPEAMSENS,UK_DEV,25.0,10.3731,259.32750000000004,USD
2026-05-01,Acronis,Icelantic,SPFAMSENS,UK_DEV,85.0,3.6565,310.8025,USD
2026-05-01,Acronis,Icelantic,SPGAMSENS,UK_DEV,43.0,1.704,73.27199999999999,USD
2026-05-01,Acronis,Icelantic,SPXAMSENS,UK_DEV,457.87,0.0239,10.943093000000001,USD
2026-05-01,Acronis,Icelantic,SQ8AMSENS,UK_DEV,3.0,1.1502,3.4505999999999997,USD
2026-05-01,Acronis,Icelantic,SQYAMSENS,UK_DEV,652.33,0.0275,17.939075000000003,USD
2026-05-01,Acronis,Icelantic,SRAAMSENS,UK_DEV,8.0,0.5333,4.2664,USD
2026-05-01,Acronis,Icelantic,SRJAMSENS,UK_DEV,2610.0,1.1502,3002.022,USD
2026-05-01,Acronis,Icelantic,SVEAMSENS,UK_DEV,1490.26,0.0272,40.535072,USD
2026-05-01,Acronis,In-Telecom,SPDAMSENS,US_Master,4440.18,0.0148,65.71466400000001,USD
2026-05-01,Acronis,In-Telecom,SPFAMSENS,US_Master,1.0,3.6565,3.6565,USD
2026-05-01,Acronis,Infinite Systems Inc,SPD5MSENS,US_Master,1.0,7.0576,7.0576,USD
2026-05-01,Acronis,Infinite Systems Inc,SPDAMSENS,US_Master,32759.48,0.0148,484.840304,USD
2026-05-01,Acronis,Infinite Systems Inc,SPEAMSENS,US_Master,1.0,10.3731,10.3731,USD
2026-05-01,Acronis,Infinite Systems Inc,SPFAMSENS,US_Master,27.0,3.6565,98.7255,USD
2026-05-01,Acronis,Infinite Systems Inc,SPGAMSENS,US_Master,9.0,1.704,15.336,USD
2026-05-01,Acronis,Infinite Systems Inc,SPIAMSENS,US_Master,1.0,0.6319,0.6319,USD
2026-05-01,Acronis,Infinite Systems Inc,SRBAMSENS,US_Master,1.0,0.37,0.37,USD
2026-05-01,Acronis,Infinite Systems Inc,SVEAMSENS,US_Master,13241.74,0.0272,360.175328,USD
2026-05-01,Acronis,Infinity Group,SPDAMSENS,UK_DEV,2305.87,0.0148,34.126876,USD
2026-05-01,Acronis,Infinity Group,SPDCMSENS,UK_DEV,674.0,,0.0,USD
2026-05-01,Acronis,Infinity Group,SRJAMSENS,UK_DEV,724.0,1.1502,832.7447999999999,USD
2026-05-01,Acronis,Infinity Group / France,SPDCMSENS,EU1_GIG,21.0,,0.0,USD
2026-05-01,Acronis,Infinity Group / France,SRAAMSENS,EU1_GIG,99.0,0.5333,52.7967,USD
2026-05-01,Acronis,InfoTech Maine LLC,SPBAMSENS,US_Master,149.81,0.0545,8.164645,USD
2026-05-01,Acronis,InfoTech Maine LLC,SPDCMSENS,US_Master,2.0,,0.0,USD
2026-05-01,Acronis,"Innovative Network, Inc.",SPDAMSENS,US_Master,32942.99,0.0148,487.55625200000003,USD
2026-05-01,Acronis,"Innovative Network, Inc.",SPEAMSENS,US_Master,16.0,10.3731,165.9696,USD
2026-05-01,Acronis,"Innovative Network, Inc.",SPFAMSENS,US_Master,1.0,3.6565,3.6565,USD
2026-05-01,Acronis,"Innovative Network, Inc.",SPGAMSENS,US_Master,13.0,1.704,22.152,USD
2026-05-01,Acronis,"Innovative Network, Inc.",SPIAMSENS,US_Master,13.0,0.6319,8.2147,USD
2026-05-01,Acronis,"Innovative Network, Inc.",SRI5MSENS,US_Master,1.0,1.15,1.15,USD
2026-05-01,Acronis,"Innovative Network, Inc.",SRIAMSENS,US_Master,1.0,0.1725,0.1725,USD
2026-05-01,Acronis,"Innovative Network, Inc.",SUVAMSENS,US_Master,21.67,0.0149,0.32288300000000003,USD
2026-05-01,Acronis,"International Micro Systems, Inc.",SPBAMSENS,US_Master,18426.22,0.0545,1004.2289900000001,USD
2026-05-01,Acronis,"International Micro Systems, Inc.",SPDCMSENS,US_Master,5.0,,0.0,USD
2026-05-01,Acronis,"International Micro Systems, Inc.",SRIAMSENS,US_Master,19.0,0.1725,3.2775,USD
2026-05-01,Acronis,Intrada Technologies LLC,SBDAMSENS,US5_DEV,1.0,29.82,29.82,USD
2026-05-01,Acronis,Intrada Technologies LLC,SBDCMSENS,US5_DEV,1.0,3.6275,3.6275,USD
2026-05-01,Acronis,Intrada Technologies LLC,SP5AMSENS,US5_DEV,775.42,0.0113,8.762246,USD
2026-05-01,Acronis,Intrada Technologies LLC,SPDAMSENS,US5_DEV,53376.46,0.0148,789.9716080000001,USD
2026-05-01,Acronis,Intrada Technologies LLC,SPDCMSENS,US5_DEV,69.0,,0.0,USD
2026-05-01,Acronis,Intrada Technologies LLC,SPEAMSENS,US5_DEV,27.0,10.3731,280.07370000000003,USD
2026-05-01,Acronis,Intrada Technologies LLC,SPFAMSENS,US5_DEV,67.0,3.6565,244.9855,USD
2026-05-01,Acronis,Intrada Technologies LLC,SPGAMSENS,US5_DEV,60.0,1.704,102.24,USD
2026-05-01,Acronis,Intrada Technologies LLC,SPIAMSENS,US5_DEV,11.0,0.6319,6.9509,USD
2026-05-01,Acronis,Intrada Technologies LLC,SQ7AMSENS,US5_DEV,6.0,1.8741,11.2446,USD
2026-05-01,Acronis,Intrada Technologies LLC,SQ8AMSENS,US5_DEV,78.0,1.1502,89.7156,USD
2026-05-01,Acronis,Intrada Technologies LLC,SRJAMSENS,US5_DEV,704.0,1.1502,809.7407999999999,USD
2026-05-01,Acronis,Intrada Technologies LLC,SVEAMSENS,US5_DEV,2800.92,0.0272,76.185024,USD
2026-05-01,Acronis,Intricate Networks,SPDAMSENS,CAN_DEV,1382.89,0.0148,20.466772000000002,USD
2026-05-01,Acronis,Intricate Networks,SPFAMSENS,CAN_DEV,17.0,3.6565,62.1605,USD
2026-05-01,Acronis,Intricate Networks,SPGAMSENS,CAN_DEV,7.0,1.704,11.927999999999999,USD
2026-05-01,Acronis,Intricate Networks,SPIAMSENS,CAN_DEV,1.0,0.6319,0.6319,USD
2026-05-01,Acronis,"Ion Technology Group, LLC",SPBAMSENS,US5_DEV,13423.52,0.0545,731.58184,USD
2026-05-01,Acronis,"Ion Technology Group, LLC",SPDCMSENS,US5_DEV,51.0,,0.0,USD
2026-05-01,Acronis,"Itechra, Inc.",SPDAMSENS,US_Master,21312.81,0.0148,315.429588,USD
2026-05-01,Acronis,"Itechra, Inc.",SPFAMSENS,US_Master,2.0,3.6565,7.313,USD
2026-05-01,Acronis,"Itechra, Inc.",SPIAMSENS,US_Master,5.0,0.6319,3.1595,USD
2026-05-01,Acronis,Izzio Artisan Bakery,SPDAMSENS,US_Master,7077.19,0.0148,104.742412,USD
2026-05-01,Acronis,Izzio Artisan Bakery,SPFAMSENS,US_Master,15.0,3.6565,54.8475,USD
2026-05-01,Acronis,Izzio Artisan Bakery,SPIAMSENS,US_Master,3.0,0.6319,1.8957000000000002,USD
2026-05-01,Acronis,J&S Advanced I.T.,SPDAMSENS,US_Master,28505.54,0.0148,421.881992,USD
2026-05-01,Acronis,J&S Advanced I.T.,SPDCMSENS,US_Master,7.0,,0.0,USD
2026-05-01,Acronis,J&S Advanced I.T.,SPEAMSENS,US_Master,3.0,10.3731,31.119300000000003,USD
2026-05-01,Acronis,J&S Advanced I.T.,SPFAMSENS,US_Master,19.0,3.6565,69.4735,USD
2026-05-01,Acronis,J&S Advanced I.T.,SPGAMSENS,US_Master,43.0,1.704,73.27199999999999,USD
2026-05-01,Acronis,J&S Advanced I.T.,SPIAMSENS,US_Master,7.0,0.6319,4.4233,USD
2026-05-01,Acronis,J&S Advanced I.T.,SRJAMSENS,US_Master,173.0,1.1502,198.98459999999997,USD
2026-05-01,Acronis,"JDI Technology Group, Inc.",SPDAMSENS,US2_GIG,1630.1399999999999,0.0148,24.126072,USD
2026-05-01,Acronis,"JDI Technology Group, Inc.",SPGAMSENS,US2_GIG,6.0,1.704,10.224,USD
2026-05-01,Acronis,"JDI Technology Group, Inc.",SPIAMSENS,US2_GIG,1.0,0.6319,0.6319,USD
2026-05-01,Acronis,"JDI Technology Group, Inc.",SRIAMSENS,US2_GIG,2.0,0.1725,0.345,USD
2026-05-01,Acronis,JEC Technologies Group,SPDAMSENS,AUS_DEV,443.48,0.0148,6.563504000000001,USD
2026-05-01,Acronis,"JEVSUPPORT, LLC",SPDAMSENS,US_Master,6169.44,0.0148,91.307712,USD
2026-05-01,Acronis,"JEVSUPPORT, LLC",SPDCMSENS,US_Master,1.0,,0.0,USD
2026-05-01,Acronis,"JEVSUPPORT, LLC",SPIAMSENS,US_Master,8.0,0.6319,5.0552,USD
2026-05-01,Acronis,"JEVSUPPORT, LLC",SVEAMSENS,US_Master,610.57,0.0272,16.607504,USD
2026-05-01,Acronis,JWS Solutions,SPDAMSENS,US5_DEV,6208.030000000001,0.0148,91.87884400000002,USD
2026-05-01,Acronis,JWS Solutions,SPDCMSENS,US5_DEV,6.0,,0.0,USD
2026-05-01,Acronis,JWS Solutions,SPEAMSENS,US5_DEV,2.0,10.3731,20.7462,USD
2026-05-01,Acronis,JWS Solutions,SPFAMSENS,US5_DEV,2.0,3.6565,7.313,USD
2026-05-01,Acronis,JWS Solutions,SPGAMSENS,US5_DEV,46.0,1.704,78.384,USD
2026-05-01,Acronis,JWS Solutions,SPIAMSENS,US5_DEV,0.0,0.6319,0.0,USD
2026-05-01,Acronis,JWS Solutions,SRHAMSENS,US5_DEV,10.0,0.7313,7.313,USD
2026-05-01,Acronis,JWS Solutions,SRIAMSENS,US5_DEV,54.0,0.1725,9.315,USD
2026-05-01,Acronis,Jeff Computers,SPDAMSENS,US_Master,50970.82,0.0148,754.3681359999999,USD
2026-05-01,Acronis,Jeff Computers,SPGAMSENS,US_Master,238.0,1.704,405.55199999999996,USD
2026-05-01,Acronis,Jilasoan,SPDAMSENS,US_Master,12411.37,0.0148,183.68827600000003,USD
2026-05-01,Acronis,Jilasoan,SPEAMSENS,US_Master,3.0,10.3731,31.119300000000003,USD
2026-05-01,Acronis,JointVue,SPDAMSENS,US_Master,907.11,0.0148,13.425228,USD
2026-05-01,Acronis,JointVue,SPGAMSENS,US_Master,3.0,1.704,5.112,USD
2026-05-01,Acronis,KAB Computer Services LLC,SPDAMSENS,US_Master,61033.34,0.0148,903.2934319999999,USD
2026-05-01,Acronis,KAB Computer Services LLC,SPEAMSENS,US_Master,33.0,10.3731,342.31230000000005,USD
2026-05-01,Acronis,KAB Computer Services LLC,SPFAMSENS,US_Master,10.0,3.6565,36.565,USD
2026-05-01,Acronis,KAB Computer Services LLC,SPGAMSENS,US_Master,128.0,1.704,218.112,USD
2026-05-01,Acronis,KAB Computer Services LLC,SPIAMSENS,US_Master,12.0,0.6319,7.582800000000001,USD
2026-05-01,Acronis,Kaminski Engineering & Management,SPIAMSENS,US_Master,1.0,0.6319,0.6319,USD
2026-05-01,Acronis,Keystone,SPDAMSENS,US_Master,31847.73,0.0148,471.346404,USD
2026-05-01,Acronis,Keystone,SPEAMSENS,US_Master,3.0,10.3731,31.119300000000003,USD
2026-05-01,Acronis,Keystone,SPFAMSENS,US_Master,19.0,3.6565,69.4735,USD
2026-05-01,Acronis,Keystone,SPGAMSENS,US_Master,35.0,1.704,59.64,USD
2026-05-01,Acronis,Keystone,SRIAMSENS,US_Master,1.0,0.1725,0.1725,USD
2026-05-01,Acronis,Keystone Information Technology,SPDAMSENS,US2_DEV,14121.38,0.0148,208.996424,USD
2026-05-01,Acronis,Keystone Information Technology,SPEAMSENS,US2_DEV,0.0,10.3731,0.0,USD
2026-05-01,Acronis,Keystone Information Technology,SPFAMSENS,US2_DEV,0.0,3.6565,0.0,USD
2026-05-01,Acronis,Keystone Information Technology,SPGAMSENS,US2_DEV,0.0,1.704,0.0,USD
2026-05-01,Acronis,Keystone Information Technology,SPIAMSENS,US2_DEV,14.0,0.6319,8.8466,USD
2026-05-01,Acronis,Keystone Information Technology,SRHAMSENS,US2_DEV,0.0,0.7313,0.0,USD
2026-05-01,Acronis,Keystone Information Technology,SRIAMSENS,US2_DEV,0.0,0.1725,0.0,USD
2026-05-01,Acronis,Kezber,SPDAMSENS,US_Master,2358.7,0.0148,34.90876,USD
2026-05-01,Acronis,Kezber,SPDCMSENS,US_Master,137.0,,0.0,USD
2026-05-01,Acronis,Kezber,SPEAMSENS,US_Master,0.0,10.3731,0.0,USD
2026-05-01,Acronis,Kezber,SPFAMSENS,US_Master,0.0,3.6565,0.0,USD
2026-05-01,Acronis,Kezber,SPGAMSENS,US_Master,0.0,1.704,0.0,USD
2026-05-01,Acronis,Kezber,SRJAMSENS,US_Master,97.0,1.1502,111.56939999999999,USD
2026-05-01,Acronis,Kimmit Ltd,SPDAMSENS,UK_DEV,5000.34,0.0148,74.005032,USD
2026-05-01,Acronis,Kismet Solutions Inc.,SPDAMSENS,US_Master,22861.64,0.0148,338.3522720000001,USD
2026-05-01,Acronis,Kismet Solutions Inc.,SPEAMSENS,US_Master,5.0,10.3731,51.865500000000004,USD
2026-05-01,Acronis,Kismet Solutions Inc.,SPFAMSENS,US_Master,17.0,3.6565,62.1605,USD
2026-05-01,Acronis,Kismet Solutions Inc.,SPGAMSENS,US_Master,5.0,1.704,8.52,USD
2026-05-01,Acronis,Knowing Technologies,SPDAMSENS,US_Master,16499.559999999998,0.0148,244.193488,USD
2026-05-01,Acronis,Knowing Technologies,SPDCMSENS,US_Master,4.0,,0.0,USD
2026-05-01,Acronis,Knowing Technologies,SPEAMSENS,US_Master,6.0,10.3731,62.238600000000005,USD
2026-05-01,Acronis,Knowing Technologies,SPFAMSENS,US_Master,31.0,3.6565,113.3515,USD
2026-05-01,Acronis,Knowing Technologies,SQ1AMSENS,US_Master,3895.49,0.0239,93.102211,USD
2026-05-01,Acronis,Knowing Technologies,SQ8AMSENS,US_Master,22.0,1.1502,25.304399999999998,USD
2026-05-01,Acronis,Knowing Technologies,SRJAMSENS,US_Master,34.0,1.1502,39.10679999999999,USD
2026-05-01,Acronis,Krueger Communications,SPDAMSENS,US_Master,262873.39999999997,0.0148,3890.52632,USD
2026-05-01,Acronis,Krueger Communications,SPEAMSENS,US_Master,12.0,10.3731,124.47720000000001,USD
2026-05-01,Acronis,Krueger Communications,SPFAMSENS,US_Master,513.0,3.6565,1875.7845,USD
2026-05-01,Acronis,Krueger Communications,SPGAMSENS,US_Master,7.0,1.704,11.927999999999999,USD
2026-05-01,Acronis,Krueger Communications,SPIAMSENS,US_Master,4.0,0.6319,2.5276,USD
2026-05-01,Acronis,Krueger Communications,SVEAMSENS,US_Master,73289.28,0.0272,1993.468416,USD
2026-05-01,Acronis,LP Techs LLC,SPDAMSENS,US5_DEV,26101.53,0.0148,386.302644,USD
2026-05-01,Acronis,LP Techs LLC,SPEAMSENS,US5_DEV,1.0,10.3731,10.3731,USD
2026-05-01,Acronis,LP Techs LLC,SPFAMSENS,US5_DEV,0.0,3.6565,0.0,USD
2026-05-01,Acronis,LP Techs LLC,SPGAMSENS,US5_DEV,18.0,1.704,30.672,USD
2026-05-01,Acronis,LP Techs LLC,SPIAMSENS,US5_DEV,12.0,0.6319,7.582800000000001,USD
2026-05-01,Acronis,LP Techs LLC,SRIAMSENS,US5_DEV,2.0,0.1725,0.345,USD
2026-05-01,Acronis,Launch IT,SEDAMSENS,US_Master,1.0,1.3774,1.3774,USD
2026-05-01,Acronis,Launch IT,SPDAMSENS,US_Master,31268.34,0.0148,462.771432,USD
2026-05-01,Acronis,Launch IT,SPEAMSENS,US_Master,9.0,10.3731,93.3579,USD
2026-05-01,Acronis,Launch IT,SPFAMSENS,US_Master,22.0,3.6565,80.443,USD
2026-05-01,Acronis,Launch IT,SPGAMSENS,US_Master,8.0,1.704,13.632,USD
2026-05-01,Acronis,Launch IT,SPIAMSENS,US_Master,21.0,0.6319,13.2699,USD
2026-05-01,Acronis,Launch IT,SQYAMSENS,US_Master,6.61,0.0275,0.18177500000000002,USD
2026-05-01,Acronis,Launch IT,SVEAMSENS,US_Master,9311.39,0.0272,253.26980799999998,USD
2026-05-01,Acronis,Law Office of David M. Sperling,SP4BMSENS,US_Master,1192.45,0.0264,31.48068,USD
2026-05-01,Acronis,Law Office of David M. Sperling,SPBAMSENS,US_Master,1764.32,0.0545,96.15544,USD
2026-05-01,Acronis,Leading Technology Europe Ltd,SPDAMSENS,UK_DEV,611.27,0.0148,9.046796,USD
2026-05-01,Acronis,Leading Technology Europe Ltd,SPDCMSENS,UK_DEV,30.0,,0.0,USD
2026-05-01,Acronis,Leading Technology Europe Ltd,SPFAMSENS,UK_DEV,1.0,3.6565,3.6565,USD
2026-05-01,Acronis,Leading Technology Europe Ltd,SPGAMSENS,UK_DEV,1.0,1.704,1.704,USD
2026-05-01,Acronis,Leading Technology Europe Ltd,SPIAMSENS,UK_DEV,12.0,0.6319,7.582800000000001,USD
2026-05-01,Acronis,Leading Technology Europe Ltd,SQ8AMSENS,UK_DEV,22.0,1.1502,25.304399999999998,USD
2026-05-01,Acronis,Leading Technology Europe Ltd,SRJAMSENS,UK_DEV,252.0,1.1502,289.8504,USD
2026-05-01,Acronis,Lemonov LLC,SPBAMSENS,US_Master,172.89,0.0545,9.422505,USD
2026-05-01,Acronis,Lemonov LLC,SPDAMSENS,US_Master,11963.32,0.0148,177.057136,USD
2026-05-01,Acronis,Lemonov LLC,SPEAMSENS,US_Master,6.0,10.3731,62.238600000000005,USD
2026-05-01,Acronis,Lemonov LLC,SPGAMSENS,US_Master,1.0,1.704,1.704,USD
2026-05-01,Acronis,Lemonov LLC,SPIAMSENS,US_Master,3.0,0.6319,1.8957000000000002,USD
2026-05-01,Acronis,Lemonov LLC,SRHAMSENS,US_Master,2.0,0.7313,1.4626,USD
2026-05-01,Acronis,Lemonov LLC,SRI5MSENS,US_Master,1.0,1.15,1.15,USD
2026-05-01,Acronis,Lemonov LLC,SRIAMSENS,US_Master,4.0,0.1725,0.69,USD
2026-05-01,Acronis,Lenex IT,SPD5MSENS,UK_DEV,1.0,7.0576,7.0576,USD
2026-05-01,Acronis,Lenex IT,SPDAMSENS,UK_DEV,51307.63,0.0148,759.352924,USD
2026-05-01,Acronis,Lenex IT,SPDCMSENS,UK_DEV,7.0,,0.0,USD
2026-05-01,Acronis,Lenex IT,SPFAMSENS,UK_DEV,28.0,3.6565,102.38199999999999,USD
2026-05-01,Acronis,Lenex IT,SPGAMSENS,UK_DEV,5.0,1.704,8.52,USD
2026-05-01,Acronis,Lenex IT,SPIAMSENS,UK_DEV,3.0,0.6319,1.8957000000000002,USD
2026-05-01,Acronis,Lenex IT,SRJAMSENS,UK_DEV,7.0,1.1502,8.0514,USD
2026-05-01,Acronis,Lenex IT,SVEAMSENS,UK_DEV,445.91,0.0272,12.128752,USD
2026-05-01,Acronis,Libra ICT,SPDAMSENS,US_Master,24021.43,0.0148,355.51716400000004,USD
2026-05-01,Acronis,Libra ICT,SPEAMSENS,US_Master,3.0,10.3731,31.119300000000003,USD
2026-05-01,Acronis,Libra ICT,SPGAMSENS,US_Master,42.0,1.704,71.568,USD
2026-05-01,Acronis,Lietz Development,SPDAMSENS,US5_DEV,102102.05,0.0148,1511.11034,USD
2026-05-01,Acronis,Lietz Development,SPDCMSENS,US5_DEV,1361.0,,0.0,USD
2026-05-01,Acronis,Lietz Development,SPEAMSENS,US5_DEV,85.0,10.3731,881.7135000000001,USD
2026-05-01,Acronis,Lietz Development,SPFAMSENS,US5_DEV,407.0,3.6565,1488.1955,USD
2026-05-01,Acronis,Lietz Development,SPGAMSENS,US5_DEV,151.0,1.704,257.304,USD
2026-05-01,Acronis,Lietz Development,SPIAMSENS,US5_DEV,1.0,0.6319,0.6319,USD
2026-05-01,Acronis,Lietz Development,SQ6AMSENS,US5_DEV,0.01,,0.0,USD
2026-05-01,Acronis,Lietz Development,SR3AMSENS,US5_DEV,2.0,1.115,2.23,USD
2026-05-01,Acronis,Lietz Development,SRJAMSENS,US5_DEV,5804.0,1.1502,6675.760799999999,USD
2026-05-01,Acronis,LifeBrite Hosptial Group,SPDAMSENS,US_Master,4557.96,0.0148,67.457808,USD
2026-05-01,Acronis,LifeBrite Hosptial Group,SPFAMSENS,US_Master,7.0,3.6565,25.595499999999998,USD
2026-05-01,Acronis,Lifeline Technology Solutions,SPBAMSENS,US_Master,84880.18,0.0545,4625.96981,USD
2026-05-01,Acronis,Lighthouse Technology Services,SPDAMSENS,US_Master,202.6,0.0148,2.9984800000000003,USD
2026-05-01,Acronis,Lighthouse Technology Services,SPEAMSENS,US_Master,1.0,10.3731,10.3731,USD
2026-05-01,Acronis,Local IT,SPDAMSENS,US_Master,18361.010000000002,0.0148,271.742948,USD
2026-05-01,Acronis,Local IT,SPEAMSENS,US_Master,3.0,10.3731,31.119300000000003,USD
2026-05-01,Acronis,Local IT,SPFAMSENS,US_Master,1.0,3.6565,3.6565,USD
2026-05-01,Acronis,Local IT,SPGAMSENS,US_Master,21.0,1.704,35.784,USD
2026-05-01,Acronis,Local IT,SPIAMSENS,US_Master,10.0,0.6319,6.319,USD
2026-05-01,Acronis,Local IT,SQ8AMSENS,US_Master,348.0,1.1502,400.26959999999997,USD
2026-05-01,Acronis,Louisiana Eye & Laser,SPDAMSENS,US_Master,20532.39,0.0148,303.879372,USD
2026-05-01,Acronis,Louisiana Eye & Laser,SPEAMSENS,US_Master,2.0,10.3731,20.7462,USD
2026-05-01,Acronis,Louisiana Eye & Laser,SPFAMSENS,US_Master,2.0,3.6565,7.313,USD
2026-05-01,Acronis,Louisiana Eye & Laser,SPGAMSENS,US_Master,1.0,1.704,1.704,USD
2026-05-01,Acronis,Louisiana Eye & Laser,SPIAMSENS,US_Master,1.0,0.6319,0.6319,USD
2026-05-01,Acronis,MBACIO,SPDAMSENS,US_Master,11410.79,0.0148,168.87969200000003,USD
2026-05-01,Acronis,MBACIO,SPDCMSENS,US_Master,50.0,,0.0,USD
2026-05-01,Acronis,MBACIO,SRJAMSENS,US_Master,128.0,1.1502,147.2256,USD
2026-05-01,Acronis,MCS,SPDAMSENS,US2_DEV,184.9,0.0148,2.73652,USD
2026-05-01,Acronis,MCS,SPIAMSENS,US2_DEV,3.0,0.6319,1.8957000000000002,USD
2026-05-01,Acronis,MCS,SUVAMSENS,US2_DEV,0.37,0.0149,0.005513,USD
2026-05-01,Acronis,MCS Computer Support,SPBBMSENS,UK_GIG,630.6,0.0313,19.73778,USD
2026-05-01,Acronis,MCS Computer Support,SPEAMSENS,UK_GIG,8.0,10.3731,82.9848,USD
2026-05-01,Acronis,MCS Computer Support,SPFAMSENS,UK_GIG,4.0,3.6565,14.626,USD
2026-05-01,Acronis,MCS Computer Support,SPGAMSENS,UK_GIG,46.0,1.704,78.384,USD
2026-05-01,Acronis,MRL Network Solutions,SPDAMSENS,US_Master,23973.19,0.0148,354.803212,USD
2026-05-01,Acronis,MRL Network Solutions,SPEAMSENS,US_Master,26.0,10.3731,269.7006,USD
2026-05-01,Acronis,MRL Network Solutions,SPFAMSENS,US_Master,14.0,3.6565,51.190999999999995,USD
2026-05-01,Acronis,MRL Network Solutions,SPGAMSENS,US_Master,42.0,1.704,71.568,USD
2026-05-01,Acronis,MRL Network Solutions,SPIAMSENS,US_Master,2.0,0.6319,1.2638,USD
2026-05-01,Acronis,MRL Network Solutions,SRJAMSENS,US_Master,1.0,1.1502,1.1502,USD
2026-05-01,Acronis,MRL Network Solutions,SRMAMSENS,US_Master,20.0,0.6674,13.347999999999999,USD
2026-05-01,Acronis,MRL Network Solutions,SVEAMSENS,US_Master,1107.74,0.0272,30.130527999999998,USD
2026-05-01,Acronis,MYComputing Inc.,SPBAMSENS,CAN_DEV,273.68,0.0545,14.915560000000001,USD
2026-05-01,Acronis,MYComputing Inc.,SPDAMSENS,CAN_DEV,4469.79,0.0148,66.15289200000001,USD
2026-05-01,Acronis,MYComputing Inc.,SPDCMSENS,CAN_DEV,10.0,,0.0,USD
2026-05-01,Acronis,MYComputing Inc.,SPGAMSENS,CAN_DEV,3.0,1.704,5.112,USD
2026-05-01,Acronis,MYComputing Inc.,SPIAMSENS,CAN_DEV,1.0,0.6319,0.6319,USD
2026-05-01,Acronis,MYComputing Inc.,SRJAMSENS,CAN_DEV,3.0,1.1502,3.4505999999999997,USD
2026-05-01,Acronis,Manna Networks,SPDAMSENS,US5_DEV,64154.96,0.0148,949.4934079999999,USD
2026-05-01,Acronis,Manna Networks,SPDCMSENS,US5_DEV,17.0,,0.0,USD
2026-05-01,Acronis,Manna Networks,SPEAMSENS,US5_DEV,11.0,10.3731,114.10410000000002,USD
2026-05-01,Acronis,Manna Networks,SPFAMSENS,US5_DEV,12.0,3.6565,43.878,USD
2026-05-01,Acronis,Manna Networks,SPGAMSENS,US5_DEV,125.0,1.704,213.0,USD
2026-05-01,Acronis,Manna Networks,SRIAMSENS,US5_DEV,160.0,0.1725,27.599999999999998,USD
2026-05-01,Acronis,Manning's Office Solutions,SPBAMSENS,US2_DEV,1036.78,0.0545,56.504509999999996,USD
2026-05-01,Acronis,Manning's Office Solutions,SRIAMSENS,US2_DEV,5.0,0.1725,0.8624999999999999,USD
2026-05-01,Acronis,Mason Infotech Ltd,SPD5MSENS,UK_DEV,1.0,7.0576,7.0576,USD
2026-05-01,Acronis,Mason Infotech Ltd,SPDAMSENS,UK_DEV,22839.47,0.0148,338.024156,USD
2026-05-01,Acronis,Mason Infotech Ltd,SPDCMSENS,UK_DEV,320.0,,0.0,USD
2026-05-01,Acronis,Mason Infotech Ltd,SPEAMSENS,UK_DEV,8.0,10.3731,82.9848,USD
2026-05-01,Acronis,Mason Infotech Ltd,SPFAMSENS,UK_DEV,6.0,3.6565,21.939,USD
2026-05-01,Acronis,Mason Infotech Ltd,SRIAMSENS,UK_DEV,1.0,0.1725,0.1725,USD
2026-05-01,Acronis,Mason Infotech Ltd,SRJAMSENS,UK_DEV,382.0,1.1502,439.37639999999993,USD
2026-05-01,Acronis,Maverick Gardner,SO4AMSENS,US_Master,64.0,1.3348,85.4272,USD
2026-05-01,Acronis,"Meantide Associates, LLC",SPDAMSENS,US2_DEV,2798.18,0.0148,41.413064,USD
2026-05-01,Acronis,"Meantide Associates, LLC",SPEAMSENS,US2_DEV,4.0,10.3731,41.4924,USD
2026-05-01,Acronis,"Meantide Associates, LLC",SPGAMSENS,US2_DEV,4.0,1.704,6.816,USD
2026-05-01,Acronis,"Meantide Associates, LLC",SRIAMSENS,US2_DEV,3.0,0.1725,0.5175,USD
2026-05-01,Acronis,"Meantide Associates, LLC",SVEAMSENS,US2_DEV,1447.03,0.0272,39.359215999999996,USD
2026-05-01,Acronis,Medic Cloud,SPDAMSENS,AUS_DEV,3792.19,0.0148,56.12441200000001,USD
2026-05-01,Acronis,Medic Cloud,SPEAMSENS,AUS_DEV,2.0,10.3731,20.7462,USD
2026-05-01,Acronis,Medic Cloud,SPFAMSENS,AUS_DEV,6.0,3.6565,21.939,USD
2026-05-01,Acronis,Medic Cloud,SPGAMSENS,AUS_DEV,3.0,1.704,5.112,USD
2026-05-01,Acronis,Medical Technology Solutions LLC,SPBAMSENS,US2_GIG,5100.09,0.0545,277.954905,USD
2026-05-01,Acronis,Medical Technology Solutions LLC,SRIAMSENS,US2_GIG,1.0,0.1725,0.1725,USD
2026-05-01,Acronis,Merit Technology Consultants,SP5AMSENS,US_Master,1771.95,0.0113,20.023035,USD
2026-05-01,Acronis,Merit Technology Consultants,SPDAMSENS,US_Master,1771.95,0.0148,26.224860000000003,USD
2026-05-01,Acronis,Merit Technology Consultants,SPEAMSENS,US_Master,1.0,10.3731,10.3731,USD
2026-05-01,Acronis,Merit Technology Consultants,SPFAMSENS,US_Master,2.0,3.6565,7.313,USD
2026-05-01,Acronis,Merit Technology Consultants,SPIAMSENS,US_Master,1.0,0.6319,0.6319,USD
2026-05-01,Acronis,Merit Technology Consultants,SRHAMSENS,US_Master,1.0,0.7313,0.7313,USD
2026-05-01,Acronis,Merit Technology Consultants,SRIAMSENS,US_Master,1.0,0.1725,0.1725,USD
2026-05-01,Acronis,Metrix,SPDAMSENS,US2_DEV,1202.97,0.0148,17.803956,USD
2026-05-01,Acronis,Metrix,SPDCMSENS,US2_DEV,51.0,,0.0,USD
2026-05-01,Acronis,Metrix,SPEAMSENS,US2_DEV,3.0,10.3731,31.119300000000003,USD
2026-05-01,Acronis,Metrix,SRJAMSENS,US2_DEV,101.0,1.1502,116.1702,USD
2026-05-01,Acronis,Micro Computer Consulting Inc.,SPDAMSENS,US_Master,0.0,0.0148,0.0,USD
2026-05-01,Acronis,Micro Computer Consulting Inc.,SPIAMSENS,US_Master,0.0,0.6319,0.0,USD
2026-05-01,Acronis,Micro Computer Consulting Inc.,SVEAMSENS,US_Master,0.0,0.0272,0.0,USD
2026-05-01,Acronis,MicroSPED (#5607),SPBAMSENS,US5_DEV,34.33,0.0545,1.870985,USD
2026-05-01,Acronis,Microtel Systems Corp,SPDAMSENS,US2_DEV,11351.13,0.0148,167.996724,USD
2026-05-01,Acronis,Microtel Systems Corp,SPEAMSENS,US2_DEV,2.0,10.3731,20.7462,USD
2026-05-01,Acronis,Microtel Systems Corp,SPFAMSENS,US2_DEV,1.0,3.6565,3.6565,USD
2026-05-01,Acronis,Microtel Systems Corp,SPGAMSENS,US2_DEV,0.0,1.704,0.0,USD
2026-05-01,Acronis,Microtel Systems Corp,SPIAMSENS,US2_DEV,2.0,0.6319,1.2638,USD
2026-05-01,Acronis,"Midwest Computing Group, Inc.",SPD5MSENS,US_Master,1.0,7.0576,7.0576,USD
2026-05-01,Acronis,"Midwest Computing Group, Inc.",SPDAMSENS,US_Master,5141.82,0.0148,76.098936,USD
2026-05-01,Acronis,"Midwest Computing Group, Inc.",SPEAMSENS,US_Master,4.0,10.3731,41.4924,USD
2026-05-01,Acronis,"Midwest Computing Group, Inc.",SPFAMSENS,US_Master,4.0,3.6565,14.626,USD
2026-05-01,Acronis,"Midwest Computing Group, Inc.",SPGAMSENS,US_Master,10.0,1.704,17.04,USD
2026-05-01,Acronis,"Midwest Computing Group, Inc.",SRHAMSENS,US_Master,9.0,0.7313,6.5817,USD
2026-05-01,Acronis,"Midwest Computing Group, Inc.",SRIAMSENS,US_Master,13.0,0.1725,2.2424999999999997,USD
2026-05-01,Acronis,"Midwest Computing Group, Inc.",SRJAMSENS,US_Master,32.0,1.1502,36.8064,USD
2026-05-01,Acronis,Mission Critical Systems,SEDAMSENS,US5_DEV,1.0,1.3774,1.3774,USD
2026-05-01,Acronis,Mission Critical Systems,SP5AMSENS,US5_DEV,2515.48,0.0113,28.424923999999997,USD
2026-05-01,Acronis,Mission Critical Systems,SPDAMSENS,US5_DEV,146638.54,0.0148,2170.250392,USD
2026-05-01,Acronis,Mission Critical Systems,SPDCMSENS,US5_DEV,284.0,,0.0,USD
2026-05-01,Acronis,Mission Critical Systems,SPEAMSENS,US5_DEV,40.0,10.3731,414.92400000000004,USD
2026-05-01,Acronis,Mission Critical Systems,SPFAMSENS,US5_DEV,172.0,3.6565,628.918,USD
2026-05-01,Acronis,Mission Critical Systems,SPGAMSENS,US5_DEV,19.0,1.704,32.376,USD
2026-05-01,Acronis,Mission Critical Systems,SPIAMSENS,US5_DEV,45.0,0.6319,28.4355,USD
2026-05-01,Acronis,Mission Critical Systems,SRI5MSENS,US5_DEV,1.0,1.15,1.15,USD
2026-05-01,Acronis,Mission Critical Systems,SRJAMSENS,US5_DEV,1077.0,1.1502,1238.7653999999998,USD
2026-05-01,Acronis,Mission Critical Systems,SVEAMSENS,US5_DEV,12479.51,0.0272,339.44267199999996,USD
2026-05-01,Acronis,Mittenpunkt Corporation (#1796967),SPEAMSENS,US5_DEV,10.0,10.3731,103.73100000000001,USD
2026-05-01,Acronis,Mittenpunkt Corporation (#1796967),SPFAMSENS,US5_DEV,35.0,3.6565,127.97749999999999,USD
2026-05-01,Acronis,Mittenpunkt Corporation (#1796967),SPGAMSENS,US5_DEV,4.0,1.704,6.816,USD
2026-05-01,Acronis,MobileTech Ltd,SEDAMSENS,US_Master,0.0,1.3774,0.0,USD
2026-05-01,Acronis,MobileTech Ltd,SPD5MSENS,US_Master,0.0,7.0576,0.0,USD
2026-05-01,Acronis,MobileTech Ltd,SPDAMSENS,US_Master,142.64,0.0148,2.111072,USD
2026-05-01,Acronis,MobileTech Ltd,SPDCMSENS,US_Master,0.0,,0.0,USD
2026-05-01,Acronis,MobileTech Ltd,SPEAMSENS,US_Master,0.0,10.3731,0.0,USD
2026-05-01,Acronis,MobileTech Ltd,SPFAMSENS,US_Master,1.0,3.6565,3.6565,USD
2026-05-01,Acronis,MobileTech Ltd,SPGAMSENS,US_Master,0.0,1.704,0.0,USD
2026-05-01,Acronis,MobileTech Ltd,SPIAMSENS,US_Master,1.0,0.6319,0.6319,USD
2026-05-01,Acronis,MobileTech Ltd,SQ1AMSENS,US_Master,0.0,0.0239,0.0,USD
2026-05-01,Acronis,MobileTech Ltd,SRAAMSENS,US_Master,0.0,0.5333,0.0,USD
2026-05-01,Acronis,MobileTech Ltd,SRHAMSENS,US_Master,1.0,0.7313,0.7313,USD
2026-05-01,Acronis,MobileTech Ltd,SRJAMSENS,US_Master,0.0,1.1502,0.0,USD
2026-05-01,Acronis,MobileTech Ltd,SVEAMSENS,US_Master,0.0,0.0272,0.0,USD
2026-05-01,Acronis,Montec IT Group,SCVAMSENS,US_Master,0.0,,0.0,USD
2026-05-01,Acronis,Montec IT Group,SPFAMSENS,US_Master,10.0,3.6565,36.565,USD
2026-05-01,Acronis,Montec IT Group,SPGAMSENS,US_Master,8.0,1.704,13.632,USD
2026-05-01,Acronis,Montec IT Group,SPIAMSENS,US_Master,6.0,0.6319,3.7914000000000003,USD
2026-05-01,Acronis,MooIT,SPD5MSENS,US_Master,1.0,7.0576,7.0576,USD
2026-05-01,Acronis,MooIT,SPDAMSENS,US_Master,134089.04,0.0148,1984.517792,USD
2026-05-01,Acronis,MooIT,SPDCMSENS,US_Master,3.0,,0.0,USD
2026-05-01,Acronis,MooIT,SPEAMSENS,US_Master,52.0,10.3731,539.4012,USD
2026-05-01,Acronis,MooIT,SPFAMSENS,US_Master,43.0,3.6565,157.2295,USD
2026-05-01,Acronis,MooIT,SPGAMSENS,US_Master,130.0,1.704,221.51999999999998,USD
2026-05-01,Acronis,MooIT,SPIAMSENS,US_Master,7.0,0.6319,4.4233,USD
2026-05-01,Acronis,MooIT,SQ8AMSENS,US_Master,50.0,1.1502,57.50999999999999,USD
2026-05-01,Acronis,MooIT,SRJAMSENS,US_Master,22.0,1.1502,25.304399999999998,USD
2026-05-01,Acronis,Moon Computers Ltd,SEDAMSENS,UK_DEV,0.0,1.3774,0.0,USD
2026-05-01,Acronis,Moon Computers Ltd,SPBAMSENS,UK_DEV,0.0,0.0545,0.0,USD
2026-05-01,Acronis,Moon Computers Ltd,SPDAMSENS,UK_DEV,0.0,0.0148,0.0,USD
2026-05-01,Acronis,Moon Computers Ltd,SPDCMSENS,UK_DEV,0.0,,0.0,USD
2026-05-01,Acronis,Moon Computers Ltd,SPEAMSENS,UK_DEV,0.0,10.3731,0.0,USD
2026-05-01,Acronis,Moon Computers Ltd,SPFAMSENS,UK_DEV,0.0,3.6565,0.0,USD
2026-05-01,Acronis,Moon Computers Ltd,SPGAMSENS,UK_DEV,0.0,1.704,0.0,USD
2026-05-01,Acronis,Moon Computers Ltd,SPIAMSENS,UK_DEV,0.0,0.6319,0.0,USD
2026-05-01,Acronis,Moon Computers Ltd,SRJAMSENS,UK_DEV,0.0,1.1502,0.0,USD
2026-05-01,Acronis,Moon Computers Ltd,SVEAMSENS,UK_DEV,0.0,0.0272,0.0,USD
2026-05-01,Acronis,Morris Business Solutions,SPDAMSENS,US5_DEV,59929.61,0.0148,886.9582280000001,USD
2026-05-01,Acronis,Morris Business Solutions,SPDCMSENS,US5_DEV,2.0,,0.0,USD
2026-05-01,Acronis,Morris Business Solutions,SPEAMSENS,US5_DEV,18.0,10.3731,186.7158,USD
2026-05-01,Acronis,Morris Business Solutions,SPFAMSENS,US5_DEV,13.0,3.6565,47.5345,USD
2026-05-01,Acronis,Morris Business Solutions,SPGAMSENS,US5_DEV,36.0,1.704,61.344,USD
2026-05-01,Acronis,Morris Business Solutions,SPIAMSENS,US5_DEV,9.0,0.6319,5.6871,USD
2026-05-01,Acronis,Morris Business Solutions,SQ8AMSENS,US5_DEV,80.0,1.1502,92.01599999999999,USD
2026-05-01,Acronis,Morris Business Solutions,SRHAMSENS,US5_DEV,3.0,0.7313,2.1938999999999997,USD
2026-05-01,Acronis,Morris Business Solutions,SRI5MSENS,US5_DEV,2.0,1.15,2.3,USD
2026-05-01,Acronis,Morris Business Solutions,SRIAMSENS,US5_DEV,4.0,0.1725,0.69,USD
2026-05-01,Acronis,Morris Business Solutions,SRJAMSENS,US5_DEV,63.0,1.1502,72.4626,USD
2026-05-01,Acronis,Motion 3 Technology LLC,SEDAMSENS,US_Master,1.0,1.3774,1.3774,USD
2026-05-01,Acronis,Motion 3 Technology LLC,SPDAMSENS,US_Master,8723.8,0.0148,129.11223999999999,USD
2026-05-01,Acronis,Motion 3 Technology LLC,SPFAMSENS,US_Master,7.0,3.6565,25.595499999999998,USD
2026-05-01,Acronis,Motion 3 Technology LLC,SPIAMSENS,US_Master,1.0,0.6319,0.6319,USD
2026-05-01,Acronis,Motion 3 Technology LLC,SVEAMSENS,US_Master,442.74,0.0272,12.042527999999999,USD
2026-05-01,Acronis,Myriad Technologies Services Pty Ltd,SPDAMSENS,AUS_DEV,33750.19,0.0148,499.50281200000006,USD
2026-05-01,Acronis,Myriad Technologies Services Pty Ltd,SPEAMSENS,AUS_DEV,7.0,10.3731,72.61170000000001,USD
2026-05-01,Acronis,Myriad Technologies Services Pty Ltd,SPFAMSENS,AUS_DEV,37.0,3.6565,135.2905,USD
2026-05-01,Acronis,Myriad Technologies Services Pty Ltd,SPGAMSENS,AUS_DEV,3.0,1.704,5.112,USD
2026-05-01,Acronis,Myriad Technologies Services Pty Ltd,SPIAMSENS,AUS_DEV,9.0,0.6319,5.6871,USD
2026-05-01,Acronis,Myriad Technologies Services Pty Ltd,SQACMSENS,AUS_DEV,4.0,28.4,113.6,USD
2026-05-01,Acronis,N1Discovery LLC,SPDAMSENS,US5_DEV,374.25,0.0148,5.5389,USD
2026-05-01,Acronis,N1Discovery LLC,SPDCMSENS,US5_DEV,2.0,,0.0,USD
2026-05-01,Acronis,N1Discovery LLC,SRJAMSENS,US5_DEV,43.0,1.1502,49.4586,USD
2026-05-01,Acronis,NCS IT Ltd,SEDAMSENS,UK_DEV,2.0,1.3774,2.7548,USD
2026-05-01,Acronis,NCS IT Ltd,SPBAMSENS,UK_DEV,6108.82,0.0545,332.93068999999997,USD
2026-05-01,Acronis,NCS IT Ltd,SPDAMSENS,UK_DEV,174947.67,0.0148,2589.2255160000004,USD
2026-05-01,Acronis,NCS IT Ltd,SPDCMSENS,UK_DEV,1011.0,,0.0,USD
2026-05-01,Acronis,NCS IT Ltd,SPEAMSENS,UK_DEV,8.0,10.3731,82.9848,USD
2026-05-01,Acronis,NCS IT Ltd,SPFAMSENS,UK_DEV,345.0,3.6565,1261.4925,USD
2026-05-01,Acronis,NCS IT Ltd,SPGAMSENS,UK_DEV,35.0,1.704,59.64,USD
2026-05-01,Acronis,NCS IT Ltd,SPIAMSENS,UK_DEV,29.0,0.6319,18.3251,USD
2026-05-01,Acronis,NCS IT Ltd,SQ1AMSENS,UK_DEV,5467.53,0.0239,130.673967,USD
2026-05-01,Acronis,NCS IT Ltd,SQYAMSENS,UK_DEV,0.86,0.0275,0.02365,USD
2026-05-01,Acronis,NCS IT Ltd,SRAAMSENS,UK_DEV,61.0,0.5333,32.5313,USD
2026-05-01,Acronis,NCS IT Ltd,SRBAMSENS,UK_DEV,1.0,0.37,0.37,USD
2026-05-01,Acronis,NCS IT Ltd,SREUMSENS,UK_DEV,0.0,1.86,0.0,USD
2026-05-01,Acronis,NCS IT Ltd,SRJAMSENS,UK_DEV,1373.0,1.1502,1579.2245999999998,USD
2026-05-01,Acronis,NCS IT Ltd,SVEAMSENS,UK_DEV,3885.85,0.0272,105.69511999999999,USD
2026-05-01,Acronis,NCS Network Consulting,SPDAMSENS,US_Master,6331.11,0.0148,93.700428,USD
2026-05-01,Acronis,NCS Network Consulting,SPEAMSENS,US_Master,4.0,10.3731,41.4924,USD
2026-05-01,Acronis,NCS Network Consulting,SPFAMSENS,US_Master,8.0,3.6565,29.252,USD
2026-05-01,Acronis,NCS Network Consulting,SRIAMSENS,US_Master,1.0,0.1725,0.1725,USD
2026-05-01,Acronis,NEO TECHNOLOGIES CONSULTING PTY LTD,SPDAMSENS,AUS_DEV,0.0,0.0148,0.0,USD
2026-05-01,Acronis,NEO TECHNOLOGIES CONSULTING PTY LTD,SPDCMSENS,AUS_DEV,0.0,,0.0,USD
2026-05-01,Acronis,NEO TECHNOLOGIES CONSULTING PTY LTD,SPEAMSENS,AUS_DEV,0.0,10.3731,0.0,USD
2026-05-01,Acronis,NEO TECHNOLOGIES CONSULTING PTY LTD,SPGAMSENS,AUS_DEV,0.0,1.704,0.0,USD
2026-05-01,Acronis,NEO TECHNOLOGIES CONSULTING PTY LTD,SPIAMSENS,AUS_DEV,0.0,0.6319,0.0,USD
2026-05-01,Acronis,NEO TECHNOLOGIES CONSULTING PTY LTD,SRJAMSENS,AUS_DEV,0.0,1.1502,0.0,USD
2026-05-01,Acronis,NIC Inc.,SO4AMSENS,US_Master,469.0,1.3348,626.0212,USD
2026-05-01,Acronis,NIC Inc.,SPD5MSENS,US_Master,1.0,7.0576,7.0576,USD
2026-05-01,Acronis,NIC Inc.,SPDAMSENS,US_Master,43787.99,0.0148,648.062252,USD
2026-05-01,Acronis,NIC Inc.,SPDCMSENS,US_Master,62.0,,0.0,USD
2026-05-01,Acronis,NIC Inc.,SPEAMSENS,US_Master,5.0,10.3731,51.865500000000004,USD
2026-05-01,Acronis,NIC Inc.,SPFAMSENS,US_Master,93.0,3.6565,340.05449999999996,USD
2026-05-01,Acronis,NIC Inc.,SPGAMSENS,US_Master,12.0,1.704,20.448,USD
2026-05-01,Acronis,NIC Inc.,SPIAMSENS,US_Master,1.0,0.6319,0.6319,USD
2026-05-01,Acronis,NIC Inc.,SRJAMSENS,US_Master,65.0,1.1502,74.76299999999999,USD
2026-05-01,Acronis,"NXC Holdings, LLC",SPDAMSENS,US_Master,676.74,0.0148,10.015752,USD
2026-05-01,Acronis,"NXC Holdings, LLC",SPDCMSENS,US_Master,47.0,,0.0,USD
2026-05-01,Acronis,"NXC Holdings, LLC",SPEAMSENS,US_Master,4.0,10.3731,41.4924,USD
2026-05-01,Acronis,"NXC Holdings, LLC",SPIAMSENS,US_Master,2.0,0.6319,1.2638,USD
2026-05-01,Acronis,"NXC Holdings, LLC",SRJAMSENS,US_Master,61.0,1.1502,70.1622,USD
2026-05-01,Acronis,NXT IT Solutions,SO4AMSENS,AUS_DEV,848.0,1.3348,1131.9104,USD
2026-05-01,Acronis,NXT IT Solutions,SPDAMSENS,AUS_DEV,33689.28,0.0148,498.601344,USD
2026-05-01,Acronis,NXT IT Solutions,SPEAMSENS,AUS_DEV,1.0,10.3731,10.3731,USD
2026-05-01,Acronis,NXT IT Solutions,SPFAMSENS,AUS_DEV,66.0,3.6565,241.32899999999998,USD
2026-05-01,Acronis,NXT IT Solutions,SPGAMSENS,AUS_DEV,1.0,1.704,1.704,USD
2026-05-01,Acronis,NXT IT Solutions,SPIAMSENS,AUS_DEV,45.0,0.6319,28.4355,USD
2026-05-01,Acronis,NXT IT Solutions,SREUMSENS,AUS_DEV,0.0,1.86,0.0,USD
2026-05-01,Acronis,NXT IT Solutions,SVEAMSENS,AUS_DEV,1666.58,0.0272,45.33097599999999,USD
2026-05-01,Acronis,National Oak Distributors,SPBAMSENS,US2_GIG,5492.48,0.0545,299.34015999999997,USD
2026-05-01,Acronis,Navious Technologies,SPDAMSENS,US_Master,0.0,0.0148,0.0,USD
2026-05-01,Acronis,Navious Technologies,SPIAMSENS,US_Master,0.0,0.6319,0.0,USD
2026-05-01,Acronis,Navious Technologies,SVEAMSENS,US_Master,0.0,0.0272,0.0,USD
2026-05-01,Acronis,"NetWerks Strategic Services, LLC",SPDAMSENS,US_Master,0.0,0.0148,0.0,USD
2026-05-01,Acronis,"NetWerks Strategic Services, LLC",SPEAMSENS,US_Master,0.0,10.3731,0.0,USD
2026-05-01,Acronis,"NetWerks Strategic Services, LLC",SPFAMSENS,US_Master,0.0,3.6565,0.0,USD
2026-05-01,Acronis,"NetWerks Strategic Services, LLC",SPGAMSENS,US_Master,0.0,1.704,0.0,USD
2026-05-01,Acronis,"NetWerks Strategic Services, LLC",SPIAMSENS,US_Master,0.0,0.6319,0.0,USD
2026-05-01,Acronis,"Netizen, LLC",SPDAMSENS,US_Master,1722.04,0.0148,25.486192,USD
2026-05-01,Acronis,Netmatters,SP4BMSENS,UK_DEV,8319.05,0.0264,219.62292,USD
2026-05-01,Acronis,Netmatters,SPBAMSENS,UK_DEV,75053.96,0.0545,4090.4408200000003,USD
2026-05-01,Acronis,Netmatters,SPDAMSENS,UK_DEV,91056.21,0.0148,1347.631908,USD
2026-05-01,Acronis,Netmatters,SPDCMSENS,UK_DEV,1695.0,,0.0,USD
2026-05-01,Acronis,Netmatters,SPEAMSENS,UK_DEV,45.0,10.3731,466.78950000000003,USD
2026-05-01,Acronis,Netmatters,SPFAMSENS,UK_DEV,125.0,3.6565,457.0625,USD
2026-05-01,Acronis,Netmatters,SPGAMSENS,UK_DEV,9.0,1.704,15.336,USD
2026-05-01,Acronis,Netmatters,SQ2AMSENS,UK_DEV,205.2,0.0646,13.25592,USD
2026-05-01,Acronis,Netmatters,SQ7AMSENS,UK_DEV,11.0,1.8741,20.6151,USD
2026-05-01,Acronis,Netmatters,SRDUMSENS,UK_DEV,6.0,4.65,27.900000000000002,USD
2026-05-01,Acronis,Netmatters,SREUMSENS,UK_DEV,1.0,1.86,1.86,USD
2026-05-01,Acronis,Netmatters,SRIAMSENS,UK_DEV,1.0,0.1725,0.1725,USD
2026-05-01,Acronis,Netmatters,SRJAMSENS,UK_DEV,2378.0,1.1502,2735.1756,USD
2026-05-01,Acronis,Netmatters,SVEAMSENS,UK_DEV,1243.8,0.0272,33.83136,USD
2026-05-01,Acronis,Netsource One Inc,SPBAMSENS,US_Master,3377.59,0.0545,184.078655,USD
2026-05-01,Acronis,Network Concern,SO4AMSENS,US_Master,465.0,1.3348,620.682,USD
2026-05-01,Acronis,Network Concern,SPIAMSENS,US_Master,4.0,0.6319,2.5276,USD
2026-05-01,Acronis,Network Connections Inc (NCI),SPBAMSENS,US_Master,9756.1,0.0545,531.70745,USD
2026-05-01,Acronis,Network Design Systems,SPBAMSENS,US2_GIG,0.0,0.0545,0.0,USD
2026-05-01,Acronis,Network Enginuity,SP4BMSENS,US_Master,148.53,0.0264,3.921192,USD
2026-05-01,Acronis,Network Enginuity,SPBAMSENS,US_Master,1390.99,0.0545,75.808955,USD
2026-05-01,Acronis,Network Enginuity,SPDCMSENS,US_Master,1.0,,0.0,USD
2026-05-01,Acronis,Network Enginuity,SRHAMSENS,US_Master,1.0,0.7313,0.7313,USD
2026-05-01,Acronis,Network Enginuity,SRIAMSENS,US_Master,1.0,0.1725,0.1725,USD
2026-05-01,Acronis,Network Utilities,SP4BMSENS,UK_GIG,50.9,0.0264,1.34376,USD
2026-05-01,Acronis,Network Utilities,SPBAMSENS,UK_GIG,3421.32,0.0545,186.46194,USD
2026-05-01,Acronis,Network Utilities,SPDAMSENS,UK_GIG,1708.6,0.0148,25.28728,USD
2026-05-01,Acronis,Network Utilities,SPDCMSENS,UK_GIG,75.0,,0.0,USD
2026-05-01,Acronis,Network Utilities,SPEAMSENS,UK_GIG,3.0,10.3731,31.119300000000003,USD
2026-05-01,Acronis,Network Utilities,SPFAMSENS,UK_GIG,5.0,3.6565,18.2825,USD
2026-05-01,Acronis,Network Utilities,SPIAMSENS,UK_GIG,1.0,0.6319,0.6319,USD
2026-05-01,Acronis,Network Utilities,SRHAMSENS,UK_GIG,11.0,0.7313,8.0443,USD
2026-05-01,Acronis,Network Utilities,SRIAMSENS,UK_GIG,10.0,0.1725,1.7249999999999996,USD
2026-05-01,Acronis,Network Utilities,SRJAMSENS,UK_GIG,93.0,1.1502,106.9686,USD
2026-05-01,Acronis,Network Utilities,SVEAMSENS,UK_GIG,1527.56,0.0272,41.549632,USD
2026-05-01,Acronis,New Level Technology,SPDAMSENS,US_Master,95.69,0.0148,1.4162120000000002,USD
2026-05-01,Acronis,New Level Technology,SPEAMSENS,US_Master,1.0,10.3731,10.3731,USD
2026-05-01,Acronis,New Level Technology,SPFAMSENS,US_Master,2.0,3.6565,7.313,USD
2026-05-01,Acronis,New Level Technology,SPGAMSENS,US_Master,6.0,1.704,10.224,USD
2026-05-01,Acronis,New Level Technology,SRDUMSENS,US_Master,1.0,4.65,4.65,USD
2026-05-01,Acronis,New Level Technology,SREUMSENS,US_Master,2.0,1.86,3.72,USD
2026-05-01,Acronis,New Level Technology,SRFUMSENS,US_Master,6.0,0.38335,2.3001,USD
2026-05-01,Acronis,Nex-Tech LLC,SO4AMSENS,US_Master,404.0,1.3348,539.2592,USD
2026-05-01,Acronis,Nex-Tech LLC,SPDAMSENS,US_Master,371735.34,0.0148,5501.683032000001,USD
2026-05-01,Acronis,Nex-Tech LLC,SPEAMSENS,US_Master,20.0,10.3731,207.46200000000002,USD
2026-05-01,Acronis,Nex-Tech LLC,SPFAMSENS,US_Master,283.0,3.6565,1034.7894999999999,USD
2026-05-01,Acronis,Nex-Tech LLC,SPGAMSENS,US_Master,83.0,1.704,141.432,USD
2026-05-01,Acronis,Nex-Tech LLC,SPIAMSENS,US_Master,39.0,0.6319,24.6441,USD
2026-05-01,Acronis,Nice-pak,SQ2AMSENS,US2_GIG,18053.48,0.0646,1166.2548080000001,USD
2026-05-01,Acronis,Nice-pak,SRIAMSENS,US2_GIG,5.0,0.1725,0.8624999999999999,USD
2026-05-01,Acronis,Nitor Solutions+partner,SPDAMSENS,US_Master,5498.81,0.0148,81.382388,USD
2026-05-01,Acronis,Nitor Solutions+partner,SPGAMSENS,US_Master,11.0,1.704,18.744,USD
2026-05-01,Acronis,Nitor Solutions+partner,SRIAMSENS,US_Master,1.0,0.1725,0.1725,USD
2026-05-01,Acronis,Noah Morrison,SPDAMSENS,US_Master,1322.85,0.0148,19.57818,USD
2026-05-01,Acronis,Noah Morrison,SPFAMSENS,US_Master,5.0,3.6565,18.2825,USD
2026-05-01,Acronis,Nomad Technology Group,SPDAMSENS,US_Master,16298.45,0.0148,241.21706,USD
2026-05-01,Acronis,Nomad Technology Group,SPFAMSENS,US_Master,14.0,3.6565,51.190999999999995,USD
2026-05-01,Acronis,Nomad Technology Group,SPGAMSENS,US_Master,2.0,1.704,3.408,USD
2026-05-01,Acronis,Nomad Technology Group,SPIAMSENS,US_Master,3.0,0.6319,1.8957000000000002,USD
2026-05-01,Acronis,Nomad Technology Group,SQYAMSENS,US_Master,1.0,0.0275,0.0275,USD
2026-05-01,Acronis,Nomad Technology Group,SREUMSENS,US_Master,3.0,1.86,5.58,USD
2026-05-01,Acronis,Nomad Technology Group,SVEAMSENS,US_Master,2707.21,0.0272,73.636112,USD
2026-05-01,Acronis,Northern Computer,SPBAMSENS,CAN_DEV,13221.72,0.0545,720.5837399999999,USD
2026-05-01,Acronis,Northern Saints Catholic Education Trust,SPFAMSENS,UK_DEV,116.0,3.6565,424.154,USD
2026-05-01,Acronis,Northern Saints Catholic Education Trust,SRHAMSENS,UK_DEV,4.0,0.7313,2.9252,USD
2026-05-01,Acronis,Northern Saints Catholic Education Trust,SRIAMSENS,UK_DEV,39.0,0.1725,6.727499999999999,USD
2026-05-01,Acronis,Nuvex Solutions,SPDAMSENS,US_Master,28141.54,0.0148,416.494792,USD
2026-05-01,Acronis,Nuvex Solutions,SPEAMSENS,US_Master,30.0,10.3731,311.19300000000004,USD
2026-05-01,Acronis,Nuvex Solutions,SPFAMSENS,US_Master,4.0,3.6565,14.626,USD
2026-05-01,Acronis,Nuvex Solutions,SPGAMSENS,US_Master,49.0,1.704,83.496,USD
2026-05-01,Acronis,Nuvex Solutions,SPIAMSENS,US_Master,6.0,0.6319,3.7914000000000003,USD
2026-05-01,Acronis,Nuvex Solutions,SRIAMSENS,US_Master,1.0,0.1725,0.1725,USD
2026-05-01,Acronis,OPEN CLOUD MEDIA LTD,SPDAMSENS,UK_DEV,4464.25,0.0148,66.07090000000001,USD
2026-05-01,Acronis,OPEN CLOUD MEDIA LTD,SPDCMSENS,UK_DEV,173.0,,0.0,USD
2026-05-01,Acronis,OPEN CLOUD MEDIA LTD,SPGAMSENS,UK_DEV,3.0,1.704,5.112,USD
2026-05-01,Acronis,OPEN CLOUD MEDIA LTD,SPIAMSENS,UK_DEV,1.0,0.6319,0.6319,USD
2026-05-01,Acronis,OPEN CLOUD MEDIA LTD,SQ7AMSENS,UK_DEV,2.0,1.8741,3.7482,USD
2026-05-01,Acronis,OPEN CLOUD MEDIA LTD,SQ8AMSENS,UK_DEV,69.0,1.1502,79.3638,USD
2026-05-01,Acronis,OPEN CLOUD MEDIA LTD,SRHAMSENS,UK_DEV,21.0,0.7313,15.357299999999999,USD
2026-05-01,Acronis,OPEN CLOUD MEDIA LTD,SRIAMSENS,UK_DEV,37.0,0.1725,6.382499999999999,USD
2026-05-01,Acronis,OPEN CLOUD MEDIA LTD,SRJAMSENS,UK_DEV,663.0,1.1502,762.5826,USD
2026-05-01,Acronis,OPEN CLOUD MEDIA LTD,SRMAMSENS,UK_DEV,102.0,0.6674,68.0748,USD
2026-05-01,Acronis,Objective Technologies Ltd,SP4BMSENS,UK_GIG,745.7,0.0264,19.68648,USD
2026-05-01,Acronis,Objective Technologies Ltd,SPBAMSENS,UK_GIG,16327.34,0.0545,889.84003,USD
2026-05-01,Acronis,Objective Technologies Ltd,SRHAMSENS,UK_GIG,1.0,0.7313,0.7313,USD
2026-05-01,Acronis,Objective Technologies Ltd,SRIAMSENS,UK_GIG,1.0,0.1725,0.1725,USD
2026-05-01,Acronis,OfficeAnyplace Ltd,SPBAMSENS,UK_GIG,4010.75,0.0545,218.58587500000002,USD
2026-05-01,Acronis,Omni Technologies Alliance,SPDAMSENS,US_Master,7220.93,0.0148,106.869764,USD
2026-05-01,Acronis,Omni Technologies Alliance,SPEAMSENS,US_Master,2.0,10.3731,20.7462,USD
2026-05-01,Acronis,Omni Technologies Alliance,SPFAMSENS,US_Master,2.0,3.6565,7.313,USD
2026-05-01,Acronis,Omni Technologies Alliance,SPGAMSENS,US_Master,1.0,1.704,1.704,USD
2026-05-01,Acronis,Omni Technologies Alliance,SRHAMSENS,US_Master,3.0,0.7313,2.1938999999999997,USD
2026-05-01,Acronis,Omni Technologies Alliance,SRI5MSENS,US_Master,1.0,1.15,1.15,USD
2026-05-01,Acronis,Omni Technologies Alliance,SRIAMSENS,US_Master,4.0,0.1725,0.69,USD
2026-05-01,Acronis,On-Site Computers Inc.,SPDAMSENS,US_Master,116652.23000000001,0.0148,1726.453004,USD
2026-05-01,Acronis,On-Site Computers Inc.,SPDCMSENS,US_Master,175.0,,0.0,USD
2026-05-01,Acronis,On-Site Computers Inc.,SPEAMSENS,US_Master,29.0,10.3731,300.8199,USD
2026-05-01,Acronis,On-Site Computers Inc.,SPFAMSENS,US_Master,83.0,3.6565,303.48949999999996,USD
2026-05-01,Acronis,On-Site Computers Inc.,SPGAMSENS,US_Master,84.0,1.704,143.136,USD
2026-05-01,Acronis,On-Site Computers Inc.,SPIAMSENS,US_Master,90.0,0.6319,56.871,USD
2026-05-01,Acronis,On-Site Computers Inc.,SRAAMSENS,US_Master,0.0,0.5333,0.0,USD
2026-05-01,Acronis,On-Site Computers Inc.,SRIAMSENS,US_Master,2.0,0.1725,0.345,USD
2026-05-01,Acronis,On-Site Computers Inc.,SRJAMSENS,US_Master,907.0,1.1502,1043.2314,USD
2026-05-01,Acronis,OneCom Ltd,SPBAMSENS,UK_DEV,0.0,0.0545,0.0,USD
2026-05-01,Acronis,OneCom Ltd,SPDAMSENS,UK_DEV,91343.68999999999,0.0148,1351.886612,USD
2026-05-01,Acronis,OneCom Ltd,SPDCMSENS,UK_DEV,952.0,,0.0,USD
2026-05-01,Acronis,OneCom Ltd,SPEAMSENS,UK_DEV,16.0,10.3731,165.9696,USD
2026-05-01,Acronis,OneCom Ltd,SPFAMSENS,UK_DEV,112.0,3.6565,409.52799999999996,USD
2026-05-01,Acronis,OneCom Ltd,SPGAMSENS,UK_DEV,5.0,1.704,8.52,USD
2026-05-01,Acronis,OneCom Ltd,SPIAMSENS,UK_DEV,4.0,0.6319,2.5276,USD
2026-05-01,Acronis,OneCom Ltd,SRJAMSENS,UK_DEV,3222.0,1.1502,3705.9444,USD
2026-05-01,Acronis,Origami Technology Group,SPBAMSENS,US_Master,21127.71,0.0545,1151.460195,USD
2026-05-01,Acronis,Origami Technology Group,SPDCMSENS,US_Master,44.0,,0.0,USD
2026-05-01,Acronis,Oryx Align,SPDAMSENS,UK_GIG,167782.93,0.0148,2483.187364,USD
2026-05-01,Acronis,Oryx Align,SPEAMSENS,UK_GIG,92.0,10.3731,954.3252000000001,USD
2026-05-01,Acronis,Oryx Align,SPFAMSENS,UK_GIG,25.0,3.6565,91.4125,USD
2026-05-01,Acronis,Oryx Align,SPGAMSENS,UK_GIG,398.0,1.704,678.192,USD
2026-05-01,Acronis,Oryx Align,SQYAMSENS,UK_GIG,7.1,0.0275,0.19524999999999998,USD
2026-05-01,Acronis,Oryx Align,SRIAMSENS,UK_GIG,1.0,0.1725,0.1725,USD
2026-05-01,Acronis,Oryx Align,SVEAMSENS,UK_GIG,4355.15,0.0272,118.46007999999998,USD
2026-05-01,Acronis,Oscar Wilson Engine & Parts,SPDAMSENS,US_Master,5068.05,0.0148,75.00714,USD
2026-05-01,Acronis,Oscar Wilson Engine & Parts,SPEAMSENS,US_Master,9.0,10.3731,93.3579,USD
2026-05-01,Acronis,Oscar Wilson Engine & Parts,SPFAMSENS,US_Master,1.0,3.6565,3.6565,USD
2026-05-01,Acronis,Oscar Wilson Engine & Parts,SRIAMSENS,US_Master,1.0,0.1725,0.1725,USD
2026-05-01,Acronis,Otero Consulting Group,SP5AMSENS,US_Master,294.56,0.0113,3.328528,USD
2026-05-01,Acronis,Otero Consulting Group,SPDAMSENS,US_Master,546.56,0.0148,8.089088,USD
2026-05-01,Acronis,Otero Consulting Group,SPIAMSENS,US_Master,2.0,0.6319,1.2638,USD
2026-05-01,Acronis,PA Computer Connections,SP1AMSENS,US_Master,5.53,0.05445,0.3011085,USD
2026-05-01,Acronis,PA Computer Connections,SP4BMSENS,US_Master,1961.59,0.0264,51.785976,USD
2026-05-01,Acronis,PA Computer Connections,SPBAMSENS,US_Master,1139.65,0.0545,62.110925,USD
2026-05-01,Acronis,PA Computer Connections,SPDAMSENS,US_Master,51720.97,0.0148,765.470356,USD
2026-05-01,Acronis,PA Computer Connections,SPDCMSENS,US_Master,3.0,,0.0,USD
2026-05-01,Acronis,PA Computer Connections,SPEAMSENS,US_Master,29.0,10.3731,300.8199,USD
2026-05-01,Acronis,PA Computer Connections,SPFAMSENS,US_Master,87.0,3.6565,318.1155,USD
2026-05-01,Acronis,PA Computer Connections,SPGAMSENS,US_Master,20.0,1.704,34.08,USD
2026-05-01,Acronis,PA Computer Connections,SPIAMSENS,US_Master,1.0,0.6319,0.6319,USD
2026-05-01,Acronis,PA Computer Connections,SRJAMSENS,US_Master,32.0,1.1502,36.8064,USD
2026-05-01,Acronis,PC Solution Direct,SPDAMSENS,US5_GIG,32195.989999999998,0.0148,476.500652,USD
2026-05-01,Acronis,PC Solution Direct,SPEAMSENS,US5_GIG,11.0,10.3731,114.10410000000002,USD
2026-05-01,Acronis,PC Solution Direct,SPFAMSENS,US5_GIG,7.0,3.6565,25.595499999999998,USD
2026-05-01,Acronis,PC Solution Direct,SPGAMSENS,US5_GIG,87.0,1.704,148.248,USD
2026-05-01,Acronis,PC Solution Direct,SPIAMSENS,US5_GIG,67.0,0.6319,42.3373,USD
2026-05-01,Acronis,PC Solution Direct,SQ8AMSENS,US5_GIG,1.0,1.1502,1.1502,USD
2026-05-01,Acronis,PC Solutions,SPBAMSENS,US_Master,1323.46,0.0545,72.12857,USD
2026-05-01,Acronis,PC Solutions,SRIAMSENS,US_Master,1.0,0.1725,0.1725,USD
2026-05-01,Acronis,PCPLUS NETWORKS1,SPGAMSENS,US_Master,5.0,1.704,8.52,USD
2026-05-01,Acronis,PDC Wellness,SPDAMSENS,UK_GIG,0.01,0.0148,0.00014800000000000002,USD
2026-05-01,Acronis,PDC Wellness,SPDCMSENS,UK_GIG,4.0,,0.0,USD
2026-05-01,Acronis,PDC Wellness,SPGAMSENS,UK_GIG,213.0,1.704,362.952,USD
2026-05-01,Acronis,PDC Wellness,SRFUMSENS,UK_GIG,213.0,0.38335,81.65355000000001,USD
2026-05-01,Acronis,PDC Wellness,SRI5MSENS,UK_GIG,3.0,1.15,3.4499999999999997,USD
2026-05-01,Acronis,PDC Wellness,SRIAMSENS,UK_GIG,210.0,0.1725,36.224999999999994,USD
2026-05-01,Acronis,POS Partners Inc,SPIAMSENS,US2_GIG,1.0,0.6319,0.6319,USD
2026-05-01,Acronis,Philantech3,SPIAMSENS,US_Master,1.0,0.6319,0.6319,USD
2026-05-01,Acronis,Pivotal IT,SPDAMSENS,US5_DEV,27078.31,0.0148,400.75898800000004,USD
2026-05-01,Acronis,Pivotal IT,SPDCMSENS,US5_DEV,32.0,,0.0,USD
2026-05-01,Acronis,Pivotal IT,SPEAMSENS,US5_DEV,7.0,10.3731,72.61170000000001,USD
2026-05-01,Acronis,Pivotal IT,SPFAMSENS,US5_DEV,23.0,3.6565,84.09949999999999,USD
2026-05-01,Acronis,Pivotal IT,SPGAMSENS,US5_DEV,17.0,1.704,28.968,USD
2026-05-01,Acronis,Pivotal IT,SPIAMSENS,US5_DEV,24.0,0.6319,15.165600000000001,USD
2026-05-01,Acronis,Pivotal IT,SRJAMSENS,US5_DEV,49.0,1.1502,56.35979999999999,USD
2026-05-01,Acronis,Pivotal IT,SVEAMSENS,US5_DEV,10642.51,0.0272,289.476272,USD
2026-05-01,Acronis,Platform 24,SEDAMSENS,AUS_GIG,5.0,1.3774,6.887,USD
2026-05-01,Acronis,Platform 24,SPDAMSENS,AUS_GIG,12345.08,0.0148,182.707184,USD
2026-05-01,Acronis,Platform 24,SPEAMSENS,AUS_GIG,4.0,10.3731,41.4924,USD
2026-05-01,Acronis,Platform 24,SPFAMSENS,AUS_GIG,7.0,3.6565,25.595499999999998,USD
2026-05-01,Acronis,Platform 24,SQYAMSENS,AUS_GIG,7.7,0.0275,0.21175,USD
2026-05-01,Acronis,Platform 24,SVEAMSENS,AUS_GIG,5327.27,0.0272,144.901744,USD
2026-05-01,Acronis,Power Up Boston,SPDAMSENS,US_Master,35671.53,0.0148,527.938644,USD
2026-05-01,Acronis,Power Up Boston,SPEAMSENS,US_Master,6.0,10.3731,62.238600000000005,USD
2026-05-01,Acronis,Power Up Boston,SPFAMSENS,US_Master,32.0,3.6565,117.008,USD
2026-05-01,Acronis,Power Up Boston,SPGAMSENS,US_Master,5.0,1.704,8.52,USD
2026-05-01,Acronis,Power Up Boston,SPIAMSENS,US_Master,8.0,0.6319,5.0552,USD
2026-05-01,Acronis,Power Up Boston,SRHAMSENS,US_Master,2.0,0.7313,1.4626,USD
2026-05-01,Acronis,Power Up Boston,SRIAMSENS,US_Master,2.0,0.1725,0.345,USD
2026-05-01,Acronis,Prefix Technologies,SPBAMSENS,US_Master,2941.93,0.0545,160.335185,USD
2026-05-01,Acronis,Prefix Technologies,SPDAMSENS,US_Master,2454.62,0.0148,36.328376000000006,USD
2026-05-01,Acronis,Prefix Technologies,SPDCMSENS,US_Master,3.0,,0.0,USD
2026-05-01,Acronis,Prefix Technologies,SPEAMSENS,US_Master,4.0,10.3731,41.4924,USD
2026-05-01,Acronis,Prefix Technologies,SPFAMSENS,US_Master,3.0,3.6565,10.9695,USD
2026-05-01,Acronis,Prefix Technologies,SPGAMSENS,US_Master,1.0,1.704,1.704,USD
2026-05-01,Acronis,Prefix Technologies,SPIAMSENS,US_Master,9.0,0.6319,5.6871,USD
2026-05-01,Acronis,Prefix Technologies,SRJAMSENS,US_Master,8.0,1.1502,9.2016,USD
2026-05-01,Acronis,Premier Technology LLC,SPDAMSENS,US_Master,86704.33,0.0148,1283.2240840000002,USD
2026-05-01,Acronis,Premier Technology LLC,SPEAMSENS,US_Master,28.0,10.3731,290.44680000000005,USD
2026-05-01,Acronis,Premier Technology LLC,SPFAMSENS,US_Master,62.0,3.6565,226.703,USD
2026-05-01,Acronis,Premier Technology LLC,SPGAMSENS,US_Master,35.0,1.704,59.64,USD
2026-05-01,Acronis,Premier Technology LLC,SPIAMSENS,US_Master,60.0,0.6319,37.914,USD
2026-05-01,Acronis,Prevos Solutions,SPDAMSENS,UK_DEV,29864.13,0.0148,441.98912400000006,USD
2026-05-01,Acronis,Prevos Solutions,SPDCMSENS,UK_DEV,346.0,,0.0,USD
2026-05-01,Acronis,Prevos Solutions,SPEAMSENS,UK_DEV,7.0,10.3731,72.61170000000001,USD
2026-05-01,Acronis,Prevos Solutions,SPFAMSENS,UK_DEV,40.0,3.6565,146.26,USD
2026-05-01,Acronis,Prevos Solutions,SPGAMSENS,UK_DEV,35.0,1.704,59.64,USD
2026-05-01,Acronis,Prevos Solutions,SPIAMSENS,UK_DEV,20.0,0.6319,12.638,USD
2026-05-01,Acronis,Prevos Solutions,SQ8AMSENS,UK_DEV,12.0,1.1502,13.802399999999999,USD
2026-05-01,Acronis,Prevos Solutions,SRHAMSENS,UK_DEV,1.0,0.7313,0.7313,USD
2026-05-01,Acronis,Prevos Solutions,SRI5MSENS,UK_DEV,1.0,1.15,1.15,USD
2026-05-01,Acronis,Prevos Solutions,SRJAMSENS,UK_DEV,453.0,1.1502,521.0405999999999,USD
2026-05-01,Acronis,Prevos Solutions,SVEAMSENS,UK_DEV,16252.16,0.0272,442.05875199999997,USD
2026-05-01,Acronis,"Professional Business Systems, Inc - (BAD Tenant)",SPDAMSENS,US_Master,261.52,0.0148,3.8704959999999997,USD
2026-05-01,Acronis,Professional Computer Support,SPDAMSENS,US_Master,915.91,0.0148,13.555468,USD
2026-05-01,Acronis,Promethius Consulting,SPDAMSENS,US_Master,12283.87,0.0148,181.80127600000003,USD
2026-05-01,Acronis,Promethius Consulting,SPEAMSENS,US_Master,12.0,10.3731,124.47720000000001,USD
2026-05-01,Acronis,Promethius Consulting,SPFAMSENS,US_Master,11.0,3.6565,40.2215,USD
2026-05-01,Acronis,Promethius Consulting,SPGAMSENS,US_Master,3.0,1.704,5.112,USD
2026-05-01,Acronis,Promethius Consulting,SPIAMSENS,US_Master,6.0,0.6319,3.7914000000000003,USD
2026-05-01,Acronis,Promethius Consulting,SRIAMSENS,US_Master,1.0,0.1725,0.1725,USD
2026-05-01,Acronis,Prosper IT,SPDAMSENS,US_Master,412.58,0.0148,6.106184,USD
2026-05-01,Acronis,Prosper IT,SPEAMSENS,US_Master,1.0,10.3731,10.3731,USD
2026-05-01,Acronis,Prosper IT,SPIAMSENS,US_Master,1.0,0.6319,0.6319,USD
2026-05-01,Acronis,"Prosper IT, LLC",SPDAMSENS,US_Master,49487.21,0.0148,732.410708,USD
2026-05-01,Acronis,"Prosper IT, LLC",SPEAMSENS,US_Master,6.0,10.3731,62.238600000000005,USD
2026-05-01,Acronis,"Prosper IT, LLC",SPFAMSENS,US_Master,27.0,3.6565,98.7255,USD
2026-05-01,Acronis,"Prosper IT, LLC",SPGAMSENS,US_Master,2.0,1.704,3.408,USD
2026-05-01,Acronis,"Prosper IT, LLC",SPIAMSENS,US_Master,17.0,0.6319,10.7423,USD
2026-05-01,Acronis,Prostyle Consulting,SP5AMSENS,US_Master,750.84,0.0113,8.484492,USD
2026-05-01,Acronis,Prostyle Consulting,SPDAMSENS,US_Master,750.84,0.0148,11.112432,USD
2026-05-01,Acronis,Prostyle Consulting,SPEAMSENS,US_Master,1.0,10.3731,10.3731,USD
2026-05-01,Acronis,Prostyle Consulting,SPFAMSENS,US_Master,3.0,3.6565,10.9695,USD
2026-05-01,Acronis,Prostyle Consulting,SPGAMSENS,US_Master,4.0,1.704,6.816,USD
2026-05-01,Acronis,Prostyle Consulting,SPIAMSENS,US_Master,4.0,0.6319,2.5276,USD
2026-05-01,Acronis,Proven Business Systems /1,SPBAMSENS,US2_GIG,46.65,0.0545,2.5424249999999997,USD
2026-05-01,Acronis,"Pruitt Communications, Inc.",SPDAMSENS,US_Master,43037.43,0.0148,636.9539639999999,USD
2026-05-01,Acronis,"Pruitt Communications, Inc.",SPEAMSENS,US_Master,2.0,10.3731,20.7462,USD
2026-05-01,Acronis,"Pruitt Communications, Inc.",SPFAMSENS,US_Master,60.0,3.6565,219.39,USD
2026-05-01,Acronis,"Pruitt Communications, Inc.",SPGAMSENS,US_Master,1.0,1.704,1.704,USD
2026-05-01,Acronis,"Pruitt Communications, Inc.",SRIAMSENS,US_Master,2.0,0.1725,0.345,USD
2026-05-01,Acronis,Pure Technology /1,SP4BMSENS,US5_GIG,20.76,0.0264,0.548064,USD
2026-05-01,Acronis,Pure Technology /1,SPBAMSENS,US5_GIG,15889.19,0.0545,865.960855,USD
2026-05-01,Acronis,Pure Technology /1,SRIAMSENS,US5_GIG,2.0,0.1725,0.345,USD
2026-05-01,Acronis,QIT Solutions,SPBAMSENS,UK_GIG,5334.11,0.0545,290.70899499999996,USD
2026-05-01,Acronis,QIT Solutions,SPBAMSENS,US_Master,1152.9,0.0545,62.83305,USD
2026-05-01,Acronis,QIT Solutions,SPDAMSENS,US_Master,129969.5,0.0148,1923.5486,USD
2026-05-01,Acronis,QIT Solutions,SPDCMSENS,US_Master,4182.0,,0.0,USD
2026-05-01,Acronis,QIT Solutions,SPEAMSENS,US_Master,15.0,10.3731,155.59650000000002,USD
2026-05-01,Acronis,QIT Solutions,SPFAMSENS,US_Master,394.0,3.6565,1440.661,USD
2026-05-01,Acronis,QIT Solutions,SPGAMSENS,US_Master,21.0,1.704,35.784,USD
2026-05-01,Acronis,QIT Solutions,SPIAMSENS,US_Master,30.0,0.6319,18.957,USD
2026-05-01,Acronis,QIT Solutions,SQ7AMSENS,US_Master,10.0,1.8741,18.741,USD
2026-05-01,Acronis,QIT Solutions,SQ8AMSENS,US_Master,89.0,1.1502,102.36779999999999,USD
2026-05-01,Acronis,QIT Solutions,SRHAMSENS,US_Master,1.0,0.7313,0.7313,USD
2026-05-01,Acronis,QIT Solutions,SRIAMSENS,US_Master,1.0,0.1725,0.1725,USD
2026-05-01,Acronis,QIT Solutions,SRJAMSENS,US_Master,1698.0,1.1502,1953.0395999999998,USD
2026-05-01,Acronis,QIT Solutions,SVEAMSENS,US_Master,805.99,0.0272,21.922928,USD
2026-05-01,Acronis,Quick Fix Network,SPDAMSENS,US_Master,9012.46,0.0148,133.38440799999998,USD
2026-05-01,Acronis,Quick Fix Network,SPGAMSENS,US_Master,70.0,1.704,119.28,USD
2026-05-01,Acronis,Quick Fix Network,SRHAMSENS,US_Master,1.0,0.7313,0.7313,USD
2026-05-01,Acronis,RAD Group,SPDAMSENS,UK_DEV,412.82,0.0148,6.109736,USD
2026-05-01,Acronis,RAD Group,SPFAMSENS,UK_DEV,1.0,3.6565,3.6565,USD
2026-05-01,Acronis,RAD Group,SPGAMSENS,UK_DEV,5.0,1.704,8.52,USD
2026-05-01,Acronis,RMHT Solutions LLC,SPDAMSENS,US_Master,109919.78,0.0148,1626.812744,USD
2026-05-01,Acronis,RMHT Solutions LLC,SPEAMSENS,US_Master,138.0,10.3731,1431.4878,USD
2026-05-01,Acronis,RMHT Solutions LLC,SPGAMSENS,US_Master,9.0,1.704,15.336,USD
2026-05-01,Acronis,ROCC Computers Ltd,SPBAMSENS,UK_DEV,16.15,0.0545,0.8801749999999999,USD
2026-05-01,Acronis,ROCC Computers Ltd,SPDAMSENS,UK_DEV,10207.65,0.0148,151.07322,USD
2026-05-01,Acronis,ROCC Computers Ltd,SPEAMSENS,UK_DEV,1.0,10.3731,10.3731,USD
2026-05-01,Acronis,ROCC Computers Ltd,SPFAMSENS,UK_DEV,19.0,3.6565,69.4735,USD
2026-05-01,Acronis,ROCC Computers Ltd,SPGAMSENS,UK_DEV,7.0,1.704,11.927999999999999,USD
2026-05-01,Acronis,Radiance Technology Solutions,SPD5MSENS,US_Master,1.0,7.0576,7.0576,USD
2026-05-01,Acronis,Radiance Technology Solutions,SPDAMSENS,US_Master,5098.93,0.0148,75.46416400000001,USD
2026-05-01,Acronis,Radiance Technology Solutions,SPGAMSENS,US_Master,11.0,1.704,18.744,USD
2026-05-01,Acronis,Radiance Technology Solutions,SPIAMSENS,US_Master,3.0,0.6319,1.8957000000000002,USD
2026-05-01,Acronis,Radiance Technology Solutions,SRJAMSENS,US_Master,33.0,1.1502,37.956599999999995,USD
2026-05-01,Acronis,Radiance Technology Solutions,SRMAMSENS,US_Master,33.0,0.6674,22.0242,USD
2026-05-01,Acronis,"Rapid Domains, Inc.",SP4BMSENS,US_Master,71.47,0.0264,1.886808,USD
2026-05-01,Acronis,"Rapid Domains, Inc.",SPBAMSENS,US_Master,112.93,0.0545,6.154685000000001,USD
2026-05-01,Acronis,"Rapid Domains, Inc.",SPDAMSENS,US_Master,84944.20999999999,0.0148,1257.174308,USD
2026-05-01,Acronis,"Rapid Domains, Inc.",SPDCMSENS,US_Master,17.0,,0.0,USD
2026-05-01,Acronis,"Rapid Domains, Inc.",SPEAMSENS,US_Master,58.0,10.3731,601.6398,USD
2026-05-01,Acronis,"Rapid Domains, Inc.",SPFAMSENS,US_Master,127.0,3.6565,464.3755,USD
2026-05-01,Acronis,"Rapid Domains, Inc.",SPGAMSENS,US_Master,278.0,1.704,473.712,USD
2026-05-01,Acronis,"Rapid Domains, Inc.",SRHAMSENS,US_Master,1.0,0.7313,0.7313,USD
2026-05-01,Acronis,"Rapid Domains, Inc.",SRIAMSENS,US_Master,4.0,0.1725,0.69,USD
2026-05-01,Acronis,"Rapid Domains, Inc.",SRJAMSENS,US_Master,67.0,1.1502,77.06339999999999,USD
2026-05-01,Acronis,RealPage,SPDAMSENS,US_Master,2105.77,0.0148,31.165396,USD
2026-05-01,Acronis,RealPage,SPGAMSENS,US_Master,7.0,1.704,11.927999999999999,USD
2026-05-01,Acronis,RealPage,SPIAMSENS,US_Master,2.0,0.6319,1.2638,USD
2026-05-01,Acronis,Reclamere,SPDAMSENS,US_Master,4942.3,0.0148,73.14604,USD
2026-05-01,Acronis,Reclamere,SPEAMSENS,US_Master,3.0,10.3731,31.119300000000003,USD
2026-05-01,Acronis,Reclamere,SPGAMSENS,US_Master,3.0,1.704,5.112,USD
2026-05-01,Acronis,Reclamere,SRHAMSENS,US_Master,3.0,0.7313,2.1938999999999997,USD
2026-05-01,Acronis,Reclamere,SRJAMSENS,US_Master,11.0,1.1502,12.652199999999999,USD
2026-05-01,Acronis,Reclamere,SVEAMSENS,US_Master,1000.0,0.0272,27.2,USD
2026-05-01,Acronis,Red Mosquito Ltd,SEDAMSENS,UK_DEV,3.0,1.3774,4.1322,USD
2026-05-01,Acronis,Red Mosquito Ltd,SPD5MSENS,UK_DEV,2.0,7.0576,14.1152,USD
2026-05-01,Acronis,Red Mosquito Ltd,SPDAMSENS,UK_DEV,111413.7,0.0148,1648.92276,USD
2026-05-01,Acronis,Red Mosquito Ltd,SPDCMSENS,UK_DEV,1123.0,,0.0,USD
2026-05-01,Acronis,Red Mosquito Ltd,SPEAMSENS,UK_DEV,32.0,10.3731,331.9392,USD
2026-05-01,Acronis,Red Mosquito Ltd,SPFAMSENS,UK_DEV,117.0,3.6565,427.8105,USD
2026-05-01,Acronis,Red Mosquito Ltd,SPGAMSENS,UK_DEV,11.0,1.704,18.744,USD
2026-05-01,Acronis,Red Mosquito Ltd,SPIAMSENS,UK_DEV,70.0,0.6319,44.233000000000004,USD
2026-05-01,Acronis,Red Mosquito Ltd,SQYAMSENS,UK_DEV,4.93,0.0275,0.135575,USD
2026-05-01,Acronis,Red Mosquito Ltd,SRJAMSENS,UK_DEV,1220.0,1.1502,1403.244,USD
2026-05-01,Acronis,Red Mosquito Ltd,SVEAMSENS,UK_DEV,9629.59,0.0272,261.924848,USD
2026-05-01,Acronis,"Regent ISO, LLC",SO4AMSENS,US_Master,111.0,1.3348,148.1628,USD
2026-05-01,Acronis,"Regent ISO, LLC",SPIAMSENS,US_Master,3.0,0.6319,1.8957000000000002,USD
2026-05-01,Acronis,Reliable Technology Solutions,SPD5MSENS,US5_DEV,1.0,7.0576,7.0576,USD
2026-05-01,Acronis,Reliable Technology Solutions,SPDAMSENS,US5_DEV,65022.17,0.0148,962.328116,USD
2026-05-01,Acronis,Reliable Technology Solutions,SPEAMSENS,US5_DEV,6.0,10.3731,62.238600000000005,USD
2026-05-01,Acronis,Reliable Technology Solutions,SPFAMSENS,US5_DEV,73.0,3.6565,266.92449999999997,USD
2026-05-01,Acronis,Reliable Technology Solutions,SPGAMSENS,US5_DEV,16.0,1.704,27.264,USD
2026-05-01,Acronis,Reliable Technology Solutions,SPIAMSENS,US5_DEV,13.0,0.6319,8.2147,USD
2026-05-01,Acronis,Reliant Group,SPDAMSENS,US_Master,159.86,0.0148,2.3659280000000003,USD
2026-05-01,Acronis,Reliant Group,SPGAMSENS,US_Master,1.0,1.704,1.704,USD
2026-05-01,Acronis,Resolution IT,SPBAMSENS,UK_GIG,35896.3,0.0545,1956.3483500000002,USD
2026-05-01,Acronis,Resolution IT,SPDCMSENS,UK_GIG,2.0,,0.0,USD
2026-05-01,Acronis,Resolution IT,SVEAMSENS,UK_GIG,7125.72,0.0272,193.819584,USD
2026-05-01,Acronis,Resonant Technology Partners LLC,SPBAMSENS,US_Master,3315.56,0.0545,180.69802,USD
2026-05-01,Acronis,Resonant Technology Partners LLC,SRHAMSENS,US_Master,6.0,0.7313,4.3877999999999995,USD
2026-05-01,Acronis,Resonant Technology Partners LLC,SRI5MSENS,US_Master,1.0,1.15,1.15,USD
2026-05-01,Acronis,Resonant Technology Partners LLC,SRIAMSENS,US_Master,6.0,0.1725,1.035,USD
2026-05-01,Acronis,Revolution IT Ltd,SEDAMSENS,UK_DEV,1.0,1.3774,1.3774,USD
2026-05-01,Acronis,Revolution IT Ltd,SPDAMSENS,UK_DEV,6073.1,0.0148,89.88188000000001,USD
2026-05-01,Acronis,Revolution IT Ltd,SPEAMSENS,UK_DEV,1.0,10.3731,10.3731,USD
2026-05-01,Acronis,Revolution IT Ltd,SPFAMSENS,UK_DEV,24.0,3.6565,87.756,USD
2026-05-01,Acronis,Revolution IT Ltd,SVEAMSENS,UK_DEV,1755.1,0.0272,47.738719999999994,USD
2026-05-01,Acronis,Riviera Networks Limited,SP4BMSENS,UK_GIG,911.78,0.0264,24.070992,USD
2026-05-01,Acronis,Riviera Networks Limited,SPBAMSENS,UK_GIG,169.89999999999998,0.0545,9.25955,USD
2026-05-01,Acronis,Riviera Networks Limited,SPDAMSENS,UK_GIG,138.89,0.0148,2.0555719999999997,USD
2026-05-01,Acronis,Riviera Networks Limited,SPIAMSENS,UK_GIG,1.0,0.6319,0.6319,USD
2026-05-01,Acronis,Rockford IT,SPDAMSENS,US5_DEV,4756.02,0.0148,70.389096,USD
2026-05-01,Acronis,Rockford IT,SPEAMSENS,US5_DEV,3.0,10.3731,31.119300000000003,USD
2026-05-01,Acronis,Rockford IT,SPFAMSENS,US5_DEV,7.0,3.6565,25.595499999999998,USD
2026-05-01,Acronis,Rockford IT,SPGAMSENS,US5_DEV,4.0,1.704,6.816,USD
2026-05-01,Acronis,Rockford IT,SPIAMSENS,US5_DEV,5.0,0.6319,3.1595,USD
2026-05-01,Acronis,Rockford IT,SRIAMSENS,US5_DEV,2.0,0.1725,0.345,USD
2026-05-01,Acronis,Roebuck Technologies,SPDAMSENS,US_Master,45844.84,0.0148,678.5036319999999,USD
2026-05-01,Acronis,Roebuck Technologies,SPEAMSENS,US_Master,10.0,10.3731,103.73100000000001,USD
2026-05-01,Acronis,Roebuck Technologies,SPFAMSENS,US_Master,32.0,3.6565,117.008,USD
2026-05-01,Acronis,Roebuck Technologies,SPGAMSENS,US_Master,39.0,1.704,66.456,USD
2026-05-01,Acronis,Roebuck Technologies,SPIAMSENS,US_Master,1.0,0.6319,0.6319,USD
2026-05-01,Acronis,Rx Technology,SPDAMSENS,US_Master,76362.67,0.0148,1130.167516,USD
2026-05-01,Acronis,Rx Technology,SPEAMSENS,US_Master,8.0,10.3731,82.9848,USD
2026-05-01,Acronis,Rx Technology,SPFAMSENS,US_Master,47.0,3.6565,171.8555,USD
2026-05-01,Acronis,Rx Technology,SPGAMSENS,US_Master,21.0,1.704,35.784,USD
2026-05-01,Acronis,Rx Technology,SPIAMSENS,US_Master,12.0,0.6319,7.582800000000001,USD
2026-05-01,Acronis,Rx Technology,SRHAMSENS,US_Master,2.0,0.7313,1.4626,USD
2026-05-01,Acronis,Rx Technology,SRI5MSENS,US_Master,3.0,1.15,3.4499999999999997,USD
2026-05-01,Acronis,Rx Technology,SRIAMSENS,US_Master,6.0,0.1725,1.035,USD
2026-05-01,Acronis,Rx Technology,SVEAMSENS,US_Master,940.56,0.0272,25.583232,USD
2026-05-01,Acronis,S Hotel Jamaica,SPEAMSENS,US_Master,3.0,10.3731,31.119300000000003,USD
2026-05-01,Acronis,S Hotel Jamaica,SQ1AMSENS,US_Master,2592.93,0.0239,61.971027,USD
2026-05-01,Acronis,S Hotel Jamaica,SRAAMSENS,US_Master,19.0,0.5333,10.1327,USD
2026-05-01,Acronis,S Hotel Jamaica,SRIAMSENS,US_Master,2.0,0.1725,0.345,USD
2026-05-01,Acronis,SHARKTOOTH NETWORKS INC,SP4BMSENS,US2_GIG,364.65,0.0264,9.626759999999999,USD
2026-05-01,Acronis,SHARKTOOTH NETWORKS INC,SPBAMSENS,US2_GIG,2253.34,0.0545,122.80703,USD
2026-05-01,Acronis,SIAX COMPUTING SOLUTIONS,SPDAMSENS,AUS_DEV,56967.98,0.0148,843.126104,USD
2026-05-01,Acronis,SIAX COMPUTING SOLUTIONS,SPDCMSENS,AUS_DEV,0.0,,0.0,USD
2026-05-01,Acronis,SIAX COMPUTING SOLUTIONS,SPEAMSENS,AUS_DEV,1.0,10.3731,10.3731,USD
2026-05-01,Acronis,SIAX COMPUTING SOLUTIONS,SPFAMSENS,AUS_DEV,103.0,3.6565,376.61949999999996,USD
2026-05-01,Acronis,SIAX COMPUTING SOLUTIONS,SPGAMSENS,AUS_DEV,26.0,1.704,44.304,USD
2026-05-01,Acronis,SIAX COMPUTING SOLUTIONS,SPIAMSENS,AUS_DEV,2.0,0.6319,1.2638,USD
2026-05-01,Acronis,SIAX COMPUTING SOLUTIONS,SRIAMSENS,AUS_DEV,3.0,0.1725,0.5175,USD
2026-05-01,Acronis,SIAX COMPUTING SOLUTIONS,SRJAMSENS,AUS_DEV,0.0,1.1502,0.0,USD
2026-05-01,Acronis,SZS Consulting,SPEAMSENS,US5_DEV,9.0,10.3731,93.3579,USD
2026-05-01,Acronis,SZS Consulting,SPFAMSENS,US5_DEV,26.0,3.6565,95.069,USD
2026-05-01,Acronis,SZS Consulting,SPGAMSENS,US5_DEV,4.0,1.704,6.816,USD
2026-05-01,Acronis,SZS Consulting,SPIAMSENS,US5_DEV,3.0,0.6319,1.8957000000000002,USD
2026-05-01,Acronis,SZS Consulting,SREUMSENS,US5_DEV,1.0,1.86,1.86,USD
2026-05-01,Acronis,SZS Consulting,SRFUMSENS,US5_DEV,1.0,0.38335,0.38335,USD
2026-05-01,Acronis,SZS Consulting,SRHAMSENS,US5_DEV,1.0,0.7313,0.7313,USD
2026-05-01,Acronis,SZS Consulting,SRIAMSENS,US5_DEV,2.0,0.1725,0.345,USD
2026-05-01,Acronis,Sabre Systems UK Ltd,SPDAMSENS,UK_DEV,23390.6,0.0148,346.18088,USD
2026-05-01,Acronis,Sabre Systems UK Ltd,SPDCMSENS,UK_DEV,20.0,,0.0,USD
2026-05-01,Acronis,Sabre Systems UK Ltd,SPEAMSENS,UK_DEV,25.0,10.3731,259.32750000000004,USD
2026-05-01,Acronis,Sabre Systems UK Ltd,SPFAMSENS,UK_DEV,30.0,3.6565,109.695,USD
2026-05-01,Acronis,Sabre Systems UK Ltd,SPGAMSENS,UK_DEV,31.0,1.704,52.824,USD
2026-05-01,Acronis,Sabre Systems UK Ltd,SPIAMSENS,UK_DEV,6.0,0.6319,3.7914000000000003,USD
2026-05-01,Acronis,Sabre Systems UK Ltd,SQ1AMSENS,UK_DEV,3604.09,0.0239,86.13775100000001,USD
2026-05-01,Acronis,Sabre Systems UK Ltd,SRIAMSENS,UK_DEV,9.0,0.1725,1.5524999999999998,USD
2026-05-01,Acronis,Sabre Systems UK Ltd,SRJAMSENS,UK_DEV,92.0,1.1502,105.8184,USD
2026-05-01,Acronis,Sanchez Management Corp,SPDAMSENS,US_Master,1962.43,0.0148,29.043964000000003,USD
2026-05-01,Acronis,Sanchez Management Corp,SPDCMSENS,US_Master,11.0,,0.0,USD
2026-05-01,Acronis,Sanchez Management Corp,SPFAMSENS,US_Master,10.0,3.6565,36.565,USD
2026-05-01,Acronis,Sanchez Management Corp,SRJAMSENS,US_Master,88.0,1.1502,101.21759999999999,USD
2026-05-01,Acronis,Sanchez Management Corp,SRMAMSENS,US_Master,41.0,0.6674,27.3634,USD
2026-05-01,Acronis,SatCom & Computers,SPDAMSENS,US_Master,10020.0,0.0148,148.296,USD
2026-05-01,Acronis,SatCom & Computers,SPDCMSENS,US_Master,0.0,,0.0,USD
2026-05-01,Acronis,SatCom & Computers,SPEAMSENS,US_Master,8.0,10.3731,82.9848,USD
2026-05-01,Acronis,SatCom & Computers,SPFAMSENS,US_Master,0.0,3.6565,0.0,USD
2026-05-01,Acronis,SatCom & Computers,SPGAMSENS,US_Master,31.0,1.704,52.824,USD
2026-05-01,Acronis,SatCom & Computers,SPIAMSENS,US_Master,4.0,0.6319,2.5276,USD
2026-05-01,Acronis,SatCom & Computers,SRHAMSENS,US_Master,5.0,0.7313,3.6565,USD
2026-05-01,Acronis,SatCom & Computers,SRIAMSENS,US_Master,7.0,0.1725,1.2075,USD
2026-05-01,Acronis,ScotiaComp Technologies,SPDAMSENS,CAN_DEV,42468.83,0.0148,628.5386840000001,USD
2026-05-01,Acronis,ScotiaComp Technologies,SPEAMSENS,CAN_DEV,2.0,10.3731,20.7462,USD
2026-05-01,Acronis,ScotiaComp Technologies,SPFAMSENS,CAN_DEV,0.0,3.6565,0.0,USD
2026-05-01,Acronis,ScotiaComp Technologies,SPGAMSENS,CAN_DEV,47.0,1.704,80.088,USD
2026-05-01,Acronis,ScotiaComp Technologies,SPIAMSENS,CAN_DEV,9.0,0.6319,5.6871,USD
2026-05-01,Acronis,ScotiaComp Technologies,SRHAMSENS,CAN_DEV,0.0,0.7313,0.0,USD
2026-05-01,Acronis,Scout Energy Partners,SPDAMSENS,US_Master,65118.3,0.0148,963.75084,USD
2026-05-01,Acronis,Scout Energy Partners,SPEAMSENS,US_Master,15.0,10.3731,155.59650000000002,USD
2026-05-01,Acronis,Scout Energy Partners,SPFAMSENS,US_Master,37.0,3.6565,135.2905,USD
2026-05-01,Acronis,Scout Energy Partners,SVEAMSENS,US_Master,2010.66,0.0272,54.689952,USD
2026-05-01,Acronis,Secur3IT,SPDAMSENS,US_Master,1185.57,0.0148,17.546436,USD
2026-05-01,Acronis,Secur3IT,SPGAMSENS,US_Master,5.0,1.704,8.52,USD
2026-05-01,Acronis,Secure Cyber Defense,SPBAMSENS,US_Master,269.43,0.0545,14.683935,USD
2026-05-01,Acronis,Secure Cyber Defense,SPIAMSENS,US_Master,1.0,0.6319,0.6319,USD
2026-05-01,Acronis,SecureTech,SO4AMSENS,US_Master,189.0,1.3348,252.2772,USD
2026-05-01,Acronis,SecureTech,SPDAMSENS,US_Master,35452.850000000006,0.0148,524.70218,USD
2026-05-01,Acronis,SecureTech,SPEAMSENS,US_Master,1.0,10.3731,10.3731,USD
2026-05-01,Acronis,SecureTech,SPFAMSENS,US_Master,4.0,3.6565,14.626,USD
2026-05-01,Acronis,SecureTech,SPGAMSENS,US_Master,15.0,1.704,25.56,USD
2026-05-01,Acronis,SecureTech,SPIAMSENS,US_Master,3.0,0.6319,1.8957000000000002,USD
2026-05-01,Acronis,SecureTech,SVEAMSENS,US_Master,767.08,0.0272,20.864576,USD
2026-05-01,Acronis,"Sedona, Inc.",SPDAMSENS,US_Master,36648.19,0.0148,542.3932120000001,USD
2026-05-01,Acronis,"Sedona, Inc.",SPEAMSENS,US_Master,12.0,10.3731,124.47720000000001,USD
2026-05-01,Acronis,"Sedona, Inc.",SPFAMSENS,US_Master,54.0,3.6565,197.451,USD
2026-05-01,Acronis,"Sedona, Inc.",SPIAMSENS,US_Master,3.0,0.6319,1.8957000000000002,USD
2026-05-01,Acronis,Seiu-Uhw,SPDAMSENS,US_Master,3017.22,0.0148,44.654856,USD
2026-05-01,Acronis,Seiu-Uhw,SPFAMSENS,US_Master,5.0,3.6565,18.2825,USD
2026-05-01,Acronis,Seiu-Uhw,SRIAMSENS,US_Master,2.0,0.1725,0.345,USD
2026-05-01,Acronis,Semsoft,SPDAMSENS,CAN_DEV,18394.07,0.0148,272.232236,USD
2026-05-01,Acronis,Semsoft,SPDCMSENS,CAN_DEV,46.0,,0.0,USD
2026-05-01,Acronis,Semsoft,SPFAMSENS,CAN_DEV,34.0,3.6565,124.321,USD
2026-05-01,Acronis,Semsoft,SPIAMSENS,CAN_DEV,1.0,0.6319,0.6319,USD
2026-05-01,Acronis,Semsoft,SQ8AMSENS,CAN_DEV,8.0,1.1502,9.2016,USD
2026-05-01,Acronis,Semsoft,SRJAMSENS,CAN_DEV,384.0,1.1502,441.67679999999996,USD
2026-05-01,Acronis,Serit Ostereng IT,SP4BMSENS,EU2_DEV,644.28,0.0264,17.008992,USD
2026-05-01,Acronis,Serit Ostereng IT,SPBAMSENS,EU2_DEV,37075.520000000004,0.0545,2020.61584,USD
2026-05-01,Acronis,Serit Ostereng IT,SPDAMSENS,EU2_DEV,82.69,0.0148,1.2238120000000001,USD
2026-05-01,Acronis,Serit Ostereng IT,SQ2AMSENS,EU2_DEV,890.31,0.0646,57.514026,USD
2026-05-01,Acronis,Serit Ostereng IT,SRDUMSENS,EU2_DEV,1.0,4.65,4.65,USD
2026-05-01,Acronis,Serit Ostereng IT,SRHAMSENS,EU2_DEV,1.0,0.7313,0.7313,USD
2026-05-01,Acronis,Simplified Business Solutions,SPDAMSENS,US_Master,24894.58,0.0148,368.43978400000003,USD
2026-05-01,Acronis,Simplified Business Solutions,SPEAMSENS,US_Master,12.0,10.3731,124.47720000000001,USD
2026-05-01,Acronis,Simplified Business Solutions,SPFAMSENS,US_Master,38.0,3.6565,138.947,USD
2026-05-01,Acronis,Simplified Business Solutions,SPGAMSENS,US_Master,11.0,1.704,18.744,USD
2026-05-01,Acronis,Simplified Business Solutions,SPIAMSENS,US_Master,3.0,0.6319,1.8957000000000002,USD
2026-05-01,Acronis,Skynet Broadband Pty Ltd,SPDAMSENS,AUS_DEV,53398.84,0.0148,790.302832,USD
2026-05-01,Acronis,Skynet Broadband Pty Ltd,SPDCMSENS,AUS_DEV,231.0,,0.0,USD
2026-05-01,Acronis,Skynet Broadband Pty Ltd,SPEAMSENS,AUS_DEV,2.0,10.3731,20.7462,USD
2026-05-01,Acronis,Skynet Broadband Pty Ltd,SPFAMSENS,AUS_DEV,76.0,3.6565,277.894,USD
2026-05-01,Acronis,Skynet Broadband Pty Ltd,SPGAMSENS,AUS_DEV,1.0,1.704,1.704,USD
2026-05-01,Acronis,Skynet Broadband Pty Ltd,SPIAMSENS,AUS_DEV,12.0,0.6319,7.582800000000001,USD
2026-05-01,Acronis,Skynet Broadband Pty Ltd,SRHAMSENS,AUS_DEV,14.0,0.7313,10.238199999999999,USD
2026-05-01,Acronis,Skynet Broadband Pty Ltd,SRIAMSENS,AUS_DEV,1.0,0.1725,0.1725,USD
2026-05-01,Acronis,Skynet Broadband Pty Ltd,SRJAMSENS,AUS_DEV,319.0,1.1502,366.9138,USD
2026-05-01,Acronis,Smart Pro Technologies LLC,SPDAMSENS,US_Master,29780.45,0.0148,440.75066000000004,USD
2026-05-01,Acronis,Smart Pro Technologies LLC,SPEAMSENS,US_Master,3.0,10.3731,31.119300000000003,USD
2026-05-01,Acronis,Smart Pro Technologies LLC,SPFAMSENS,US_Master,28.0,3.6565,102.38199999999999,USD
2026-05-01,Acronis,Smart Pro Technologies LLC,SPGAMSENS,US_Master,9.0,1.704,15.336,USD
2026-05-01,Acronis,Smart Pro Technologies LLC,SVEAMSENS,US_Master,13488.47,0.0272,366.88638399999996,USD
2026-05-01,Acronis,SoConnect,SPDAMSENS,UK_DEV,12618.73,0.0148,186.757204,USD
2026-05-01,Acronis,SoConnect,SPEAMSENS,UK_DEV,8.0,10.3731,82.9848,USD
2026-05-01,Acronis,SoConnect,SPFAMSENS,UK_DEV,5.0,3.6565,18.2825,USD
2026-05-01,Acronis,SoConnect,SRHAMSENS,UK_DEV,1.0,0.7313,0.7313,USD
2026-05-01,Acronis,SoConnect,SRIAMSENS,UK_DEV,2.0,0.1725,0.345,USD
2026-05-01,Acronis,SoConnect,SVEAMSENS,UK_DEV,1167.9,0.0272,31.76688,USD
2026-05-01,Acronis,SoftLink Computer Solutions,SPD5MSENS,US_Master,3.0,7.0576,21.1728,USD
2026-05-01,Acronis,SoftLink Computer Solutions,SPDAMSENS,US_Master,103390.44,0.0148,1530.1785120000002,USD
2026-05-01,Acronis,SoftLink Computer Solutions,SPDCMSENS,US_Master,13.0,,0.0,USD
2026-05-01,Acronis,SoftLink Computer Solutions,SPEAMSENS,US_Master,7.0,10.3731,72.61170000000001,USD
2026-05-01,Acronis,SoftLink Computer Solutions,SPFAMSENS,US_Master,0.0,3.6565,0.0,USD
2026-05-01,Acronis,SoftLink Computer Solutions,SPGAMSENS,US_Master,305.0,1.704,519.72,USD
2026-05-01,Acronis,SoftLink Computer Solutions,SPIAMSENS,US_Master,15.0,0.6319,9.4785,USD
2026-05-01,Acronis,SoftLink Computer Solutions,SRJAMSENS,US_Master,325.0,1.1502,373.81499999999994,USD
2026-05-01,Acronis,SouthBridge Consulting,SPGAMSENS,US2_DEV,0.0,1.704,0.0,USD
2026-05-01,Acronis,"Southeastern Security Professionals, LLC",SPBAMSENS,US_Master,1419.16,0.0545,77.34422,USD
2026-05-01,Acronis,"Southeastern Security Professionals, LLC",SPDAMSENS,US_Master,83.15,0.0148,1.23062,USD
2026-05-01,Acronis,"Southeastern Security Professionals, LLC",SPFAMSENS,US_Master,1.0,3.6565,3.6565,USD
2026-05-01,Acronis,Southwest Office Systems Inc,SPDAMSENS,US2_DEV,1193.65,0.0148,17.666020000000003,USD
2026-05-01,Acronis,Southwest Office Systems Inc,SPEAMSENS,US2_DEV,3.0,10.3731,31.119300000000003,USD
2026-05-01,Acronis,Southwest Office Systems Inc,SPFAMSENS,US2_DEV,6.0,3.6565,21.939,USD
2026-05-01,Acronis,Southwest Office Systems Inc,SRIAMSENS,US2_DEV,9.0,0.1725,1.5524999999999998,USD
2026-05-01,Acronis,Southwest Office Systems Inc,SVEAMSENS,US2_DEV,809.36,0.0272,22.014592,USD
2026-05-01,Acronis,Specific Gravity Group,SPIAMSENS,US_Master,2.0,0.6319,1.2638,USD
2026-05-01,Acronis,Staley Technologies – Cyber & Managed IT Services (HoganTaylor),SO4AMSENS,US_Master,23.0,1.3348,30.7004,USD
2026-05-01,Acronis,Staley Technologies – Cyber & Managed IT Services (HoganTaylor),SPDAMSENS,US_Master,29288.06,0.0148,433.46328800000003,USD
2026-05-01,Acronis,Staley Technologies – Cyber & Managed IT Services (HoganTaylor),SPDCMSENS,US_Master,197.0,,0.0,USD
2026-05-01,Acronis,Staley Technologies – Cyber & Managed IT Services (HoganTaylor),SPEAMSENS,US_Master,4.0,10.3731,41.4924,USD
2026-05-01,Acronis,Staley Technologies – Cyber & Managed IT Services (HoganTaylor),SPFAMSENS,US_Master,2.0,3.6565,7.313,USD
2026-05-01,Acronis,Staley Technologies – Cyber & Managed IT Services (HoganTaylor),SPGAMSENS,US_Master,12.0,1.704,20.448,USD
2026-05-01,Acronis,Staley Technologies – Cyber & Managed IT Services (HoganTaylor),SPIAMSENS,US_Master,14.0,0.6319,8.8466,USD
2026-05-01,Acronis,Staley Technologies – Cyber & Managed IT Services (HoganTaylor),SRHAMSENS,US_Master,5.0,0.7313,3.6565,USD
2026-05-01,Acronis,Staley Technologies – Cyber & Managed IT Services (HoganTaylor),SRI5MSENS,US_Master,1.0,1.15,1.15,USD
2026-05-01,Acronis,Staley Technologies – Cyber & Managed IT Services (HoganTaylor),SRJAMSENS,US_Master,351.0,1.1502,403.7202,USD
2026-05-01,Acronis,Staley Technologies – Cyber & Managed IT Services (HoganTaylor),SUVAMSENS,US_Master,21.53,0.0149,0.320797,USD
2026-05-01,Acronis,Sterling Technology Solutions,SP4BMSENS,US5_DEV,2305.25,0.0264,60.8586,USD
2026-05-01,Acronis,Sterling Technology Solutions,SPBAMSENS,US5_DEV,12526.859999999999,0.0545,682.7138699999999,USD
2026-05-01,Acronis,Sterling Technology Solutions,SPD5MSENS,US5_DEV,1.0,7.0576,7.0576,USD
2026-05-01,Acronis,Sterling Technology Solutions,SPDAMSENS,US5_DEV,120645.98999999999,0.0148,1785.560652,USD
2026-05-01,Acronis,Sterling Technology Solutions,SPDCMSENS,US5_DEV,123.0,,0.0,USD
2026-05-01,Acronis,Sterling Technology Solutions,SPEAMSENS,US5_DEV,3.0,10.3731,31.119300000000003,USD
2026-05-01,Acronis,Sterling Technology Solutions,SPFAMSENS,US5_DEV,86.0,3.6565,314.459,USD
2026-05-01,Acronis,Sterling Technology Solutions,SPGAMSENS,US5_DEV,7.0,1.704,11.927999999999999,USD
2026-05-01,Acronis,Sterling Technology Solutions,SRJAMSENS,US5_DEV,1023.0,1.1502,1176.6545999999998,USD
2026-05-01,Acronis,Streetertech,SPDAMSENS,US2_GIG,99.18,0.0148,1.467864,USD
2026-05-01,Acronis,Streetertech,SPGAMSENS,US2_GIG,5.0,1.704,8.52,USD
2026-05-01,Acronis,"Strong Connexions, Inc.",SPBAMSENS,US_Master,5582.41,0.0545,304.24134499999997,USD
2026-05-01,Acronis,Structured Communication Systems,SPBAMSENS,US_Master,1895.78,0.0545,103.32001,USD
2026-05-01,Acronis,Structured Communication Systems,SPDAMSENS,US_Master,68281.69,0.0148,1010.569012,USD
2026-05-01,Acronis,Structured Communication Systems,SPDCMSENS,US_Master,194.0,,0.0,USD
2026-05-01,Acronis,Structured Communication Systems,SPEAMSENS,US_Master,7.0,10.3731,72.61170000000001,USD
2026-05-01,Acronis,Structured Communication Systems,SPFAMSENS,US_Master,80.0,3.6565,292.52,USD
2026-05-01,Acronis,Structured Communication Systems,SPGAMSENS,US_Master,55.0,1.704,93.72,USD
2026-05-01,Acronis,Structured Communication Systems,SPIAMSENS,US_Master,3.0,0.6319,1.8957000000000002,USD
2026-05-01,Acronis,Structured Communication Systems,SQYAMSENS,US_Master,2979.66,0.0275,81.94064999999999,USD
2026-05-01,Acronis,Structured Communication Systems,SRJAMSENS,US_Master,861.0,1.1502,990.3222,USD
2026-05-01,Acronis,Structured Communication Systems,SVEAMSENS,US_Master,9632.35,0.0272,261.99992,USD
2026-05-01,Acronis,"Superior Steel, Inc",SPDAMSENS,US_Master,35091.63,0.0148,519.356124,USD
2026-05-01,Acronis,"Superior Steel, Inc",SPEAMSENS,US_Master,9.0,10.3731,93.3579,USD
2026-05-01,Acronis,System Go,SP4BMSENS,US_Master,8932.67,0.0264,235.822488,USD
2026-05-01,Acronis,System Go,SPBAMSENS,US_Master,63105.16,0.0545,3439.23122,USD
2026-05-01,Acronis,T3 Networks,SPDAMSENS,US_Master,598.11,0.0148,8.852027999999999,USD
2026-05-01,Acronis,T3 Networks,SPEAMSENS,US_Master,6.0,10.3731,62.238600000000005,USD
2026-05-01,Acronis,T3 Networks,SPFAMSENS,US_Master,8.0,3.6565,29.252,USD
2026-05-01,Acronis,T3 Networks,SPGAMSENS,US_Master,46.0,1.704,78.384,USD
2026-05-01,Acronis,T3voicenet,SPBAMSENS,US_Master,7876.19,0.0545,429.25235499999997,USD
2026-05-01,Acronis,T3voicenet,SPDAMSENS,US_Master,2586.4,0.0148,38.27872,USD
2026-05-01,Acronis,T3voicenet,SPGAMSENS,US_Master,4.0,1.704,6.816,USD
2026-05-01,Acronis,T3voicenet,SPIAMSENS,US_Master,4.0,0.6319,2.5276,USD
2026-05-01,Acronis,TC IT Solutions,SPBAMSENS,US_Master,535.25,0.0545,29.171125,USD
2026-05-01,Acronis,TCT Federal Credit Union,SPDAMSENS,US_Master,3261.35,0.0148,48.26798,USD
2026-05-01,Acronis,TCT Federal Credit Union,SPFAMSENS,US_Master,7.0,3.6565,25.595499999999998,USD
2026-05-01,Acronis,TEKSCAPE INC,SBDBMSENS,US5_DEV,2.0,20.64,41.28,USD
2026-05-01,Acronis,TEKSCAPE INC,SBDDMSENS,US5_DEV,190.0,1.44195,273.9705,USD
2026-05-01,Acronis,TEKSCAPE INC,SEDAMSENS,US5_DEV,6.0,1.3774,8.2644,USD
2026-05-01,Acronis,TEKSCAPE INC,SPDAMSENS,US5_DEV,54765.09,0.0148,810.523332,USD
2026-05-01,Acronis,TEKSCAPE INC,SPDCMSENS,US5_DEV,1008.0,,0.0,USD
2026-05-01,Acronis,TEKSCAPE INC,SPEAMSENS,US5_DEV,1.0,10.3731,10.3731,USD
2026-05-01,Acronis,TEKSCAPE INC,SPFAMSENS,US5_DEV,82.0,3.6565,299.83299999999997,USD
2026-05-01,Acronis,TEKSCAPE INC,SPGAMSENS,US5_DEV,1.0,1.704,1.704,USD
2026-05-01,Acronis,TEKSCAPE INC,SPIAMSENS,US5_DEV,10.0,0.6319,6.319,USD
2026-05-01,Acronis,TEKSCAPE INC,SPSAMSENS,US5_DEV,9.24,0.0149,0.137676,USD
2026-05-01,Acronis,TEKSCAPE INC,SQ8AMSENS,US5_DEV,10.0,1.1502,11.501999999999999,USD
2026-05-01,Acronis,TEKSCAPE INC,SRJAMSENS,US5_DEV,975.0,1.1502,1121.445,USD
2026-05-01,Acronis,TEKSCAPE INC,SRMAMSENS,US5_DEV,3.0,0.6674,2.0022,USD
2026-05-01,Acronis,TEKSCAPE INC,SVEAMSENS,US5_DEV,36874.7,0.0272,1002.9918399999999,USD
2026-05-01,Acronis,Tailored Technology Services,SPD5MSENS,US5_DEV,2.0,7.0576,14.1152,USD
2026-05-01,Acronis,Tailored Technology Services,SPDAMSENS,US5_DEV,190866.5,0.0148,2824.8242,USD
2026-05-01,Acronis,Tailored Technology Services,SPDCMSENS,US5_DEV,937.0,,0.0,USD
2026-05-01,Acronis,Tailored Technology Services,SPEAMSENS,US5_DEV,29.0,10.3731,300.8199,USD
2026-05-01,Acronis,Tailored Technology Services,SPFAMSENS,US5_DEV,52.0,3.6565,190.138,USD
2026-05-01,Acronis,Tailored Technology Services,SPGAMSENS,US5_DEV,21.0,1.704,35.784,USD
2026-05-01,Acronis,Tailored Technology Services,SPIAMSENS,US5_DEV,7.0,0.6319,4.4233,USD
2026-05-01,Acronis,Tailored Technology Services,SQ8AMSENS,US5_DEV,124.0,1.1502,142.6248,USD
2026-05-01,Acronis,Tailored Technology Services,SRHAMSENS,US5_DEV,1.0,0.7313,0.7313,USD
2026-05-01,Acronis,Tailored Technology Services,SRIAMSENS,US5_DEV,5.0,0.1725,0.8624999999999999,USD
2026-05-01,Acronis,Tailored Technology Services,SRJAMSENS,US5_DEV,1314.0,1.1502,1511.3627999999999,USD
2026-05-01,Acronis,"Tech Heroes, Inc",SPD5MSENS,US_Master,4.0,7.0576,28.2304,USD
2026-05-01,Acronis,"Tech Heroes, Inc",SPDAMSENS,US_Master,87735.85,0.0148,1298.49058,USD
2026-05-01,Acronis,"Tech Heroes, Inc",SPEAMSENS,US_Master,58.0,10.3731,601.6398,USD
2026-05-01,Acronis,"Tech Heroes, Inc",SPFAMSENS,US_Master,32.0,3.6565,117.008,USD
2026-05-01,Acronis,"Tech Heroes, Inc",SPGAMSENS,US_Master,4.0,1.704,6.816,USD
2026-05-01,Acronis,"Tech Heroes, Inc",SPIAMSENS,US_Master,50.0,0.6319,31.595000000000002,USD
2026-05-01,Acronis,"Tech Heroes, Inc",SRHAMSENS,US_Master,2.0,0.7313,1.4626,USD
2026-05-01,Acronis,"Tech Heroes, Inc",SRIAMSENS,US_Master,14.0,0.1725,2.415,USD
2026-05-01,Acronis,"Tech Heroes, Inc",SVEAMSENS,US_Master,361.85,0.0272,9.84232,USD
2026-05-01,Acronis,Tech Savvy Team LLC,SPIAMSENS,US_Master,1.0,0.6319,0.6319,USD
2026-05-01,Acronis,Tech4Biz,SPDAMSENS,AUS_DEV,91682.0,0.0148,1356.8936,USD
2026-05-01,Acronis,Tech4Biz,SPDCMSENS,AUS_DEV,275.0,,0.0,USD
2026-05-01,Acronis,Tech4Biz,SPFAMSENS,AUS_DEV,2.0,3.6565,7.313,USD
2026-05-01,Acronis,Tech4Biz,SPGAMSENS,AUS_DEV,269.0,1.704,458.376,USD
2026-05-01,Acronis,Tech4Biz,SRAAMSENS,AUS_DEV,3.0,0.5333,1.5998999999999999,USD
2026-05-01,Acronis,Tech4Biz,SRHAMSENS,AUS_DEV,11.0,0.7313,8.0443,USD
2026-05-01,Acronis,Tech4Biz,SRI5MSENS,AUS_DEV,5.0,1.15,5.75,USD
2026-05-01,Acronis,Tech4Biz,SRIAMSENS,AUS_DEV,5.0,0.1725,0.8624999999999999,USD
2026-05-01,Acronis,Tech4Biz,SRJAMSENS,AUS_DEV,533.0,1.1502,613.0565999999999,USD
2026-05-01,Acronis,Technical drive limited,SPD5MSENS,UK_DEV,4.0,7.0576,28.2304,USD
2026-05-01,Acronis,Technical drive limited,SPDAMSENS,UK_DEV,66146.34,0.0148,978.965832,USD
2026-05-01,Acronis,Technical drive limited,SPEAMSENS,UK_DEV,80.0,10.3731,829.8480000000001,USD
2026-05-01,Acronis,Technical drive limited,SPFAMSENS,UK_DEV,148.0,3.6565,541.162,USD
2026-05-01,Acronis,Technical drive limited,SPGAMSENS,UK_DEV,28.0,1.704,47.711999999999996,USD
2026-05-01,Acronis,Technical drive limited,SPIAMSENS,UK_DEV,1.0,0.6319,0.6319,USD
2026-05-01,Acronis,Technical drive limited,SQ1AMSENS,UK_DEV,1158.21,0.0239,27.681219000000002,USD
2026-05-01,Acronis,"TechnoLogyx, Inc.",SPBAMSENS,US_Master,6.68,0.0545,0.36406,USD
2026-05-01,Acronis,"TechnoLogyx, Inc.",SPDAMSENS,US_Master,586.81,0.0148,8.684788,USD
2026-05-01,Acronis,"TechnoLogyx, Inc.",SPEAMSENS,US_Master,2.0,10.3731,20.7462,USD
2026-05-01,Acronis,"TechnoLogyx, Inc.",SRIAMSENS,US_Master,1.0,0.1725,0.1725,USD
2026-05-01,Acronis,Technology Plus,SPBAMSENS,US_Master,75115.24,0.0545,4093.78058,USD
2026-05-01,Acronis,Technology Plus,SPDCMSENS,US_Master,426.0,,0.0,USD
2026-05-01,Acronis,Technology Services LLC - b4b158ba-e742-4ba1-9b41-fa35798c71d6,SBDAMSENS,US5_DEV,1.0,29.82,29.82,USD
2026-05-01,Acronis,Technology Services LLC - b4b158ba-e742-4ba1-9b41-fa35798c71d6,SBDBMSENS,US5_DEV,3.0,20.64,61.92,USD
2026-05-01,Acronis,Technology Services LLC - b4b158ba-e742-4ba1-9b41-fa35798c71d6,SBDCMSENS,US5_DEV,2.0,3.6275,7.255,USD
2026-05-01,Acronis,Technology Services LLC - b4b158ba-e742-4ba1-9b41-fa35798c71d6,SPBAMSENS,US5_DEV,2246.45,0.0545,122.431525,USD
2026-05-01,Acronis,Technology Services LLC - b4b158ba-e742-4ba1-9b41-fa35798c71d6,SPDAMSENS,US5_DEV,11008.79,0.0148,162.93009200000003,USD
2026-05-01,Acronis,Technology Services LLC - b4b158ba-e742-4ba1-9b41-fa35798c71d6,SPEAMSENS,US5_DEV,2.0,10.3731,20.7462,USD
2026-05-01,Acronis,Technology Services LLC - b4b158ba-e742-4ba1-9b41-fa35798c71d6,SPFAMSENS,US5_DEV,42.0,3.6565,153.573,USD
2026-05-01,Acronis,Technology Services LLC - b4b158ba-e742-4ba1-9b41-fa35798c71d6,SPGAMSENS,US5_DEV,18.0,1.704,30.672,USD
2026-05-01,Acronis,Technology Services LLC - b4b158ba-e742-4ba1-9b41-fa35798c71d6,SPIAMSENS,US5_DEV,3.0,0.6319,1.8957000000000002,USD
2026-05-01,Acronis,Technology Services LLC - b4b158ba-e742-4ba1-9b41-fa35798c71d6,SRJAMSENS,US5_DEV,1.0,1.1502,1.1502,USD
2026-05-01,Acronis,Technology on Premise,SPDAMSENS,US_Master,7495.79,0.0148,110.937692,USD
2026-05-01,Acronis,Technology on Premise,SPEAMSENS,US_Master,0.0,10.3731,0.0,USD
2026-05-01,Acronis,Technology on Premise,SPFAMSENS,US_Master,0.0,3.6565,0.0,USD
2026-05-01,Acronis,Technology on Premise,SPIAMSENS,US_Master,1.0,0.6319,0.6319,USD
2026-05-01,Acronis,Technology on Premise,SRHAMSENS,US_Master,0.0,0.7313,0.0,USD
2026-05-01,Acronis,Technology on Premise,SRIAMSENS,US_Master,0.0,0.1725,0.0,USD
2026-05-01,Acronis,Techton Consulting LLC,SPD5MSENS,US5_DEV,2.0,7.0576,14.1152,USD
2026-05-01,Acronis,Techton Consulting LLC,SPDAMSENS,US5_DEV,23487.42,0.0148,347.613816,USD
2026-05-01,Acronis,Techton Consulting LLC,SPEAMSENS,US5_DEV,3.0,10.3731,31.119300000000003,USD
2026-05-01,Acronis,Techton Consulting LLC,SPFAMSENS,US5_DEV,2.0,3.6565,7.313,USD
2026-05-01,Acronis,Techton Consulting LLC,SVEAMSENS,US5_DEV,4738.58,0.0272,128.889376,USD
2026-05-01,Acronis,Temple & Associates,SBATFNLOS,US_Master,154.0,0.6745,103.873,USD
2026-05-01,Acronis,Temple & Associates,SPDAMSENS,US_Master,92454.9,0.0148,1368.33252,USD
2026-05-01,Acronis,Temple & Associates,SPDCMSENS,US_Master,329.0,,0.0,USD
2026-05-01,Acronis,Temple & Associates,SPEAMSENS,US_Master,7.0,10.3731,72.61170000000001,USD
2026-05-01,Acronis,Temple & Associates,SPFAMSENS,US_Master,112.0,3.6565,409.52799999999996,USD
2026-05-01,Acronis,Temple & Associates,SPGAMSENS,US_Master,4.0,1.704,6.816,USD
2026-05-01,Acronis,Temple & Associates,SQ8AMSENS,US_Master,32.0,1.1502,36.8064,USD
2026-05-01,Acronis,Temple & Associates,SQYAMSENS,US_Master,32392.57,0.0275,890.795675,USD
2026-05-01,Acronis,Temple & Associates,SRJAMSENS,US_Master,634.0,1.1502,729.2267999999999,USD
2026-05-01,Acronis,Temple & Associates,SVEAMSENS,US_Master,23485.83,0.0272,638.814576,USD
2026-05-01,Acronis,Terminal B,SPDAMSENS,US5_DEV,21889.15,0.0148,323.95942,USD
2026-05-01,Acronis,Terminal B,SPEAMSENS,US5_DEV,11.0,10.3731,114.10410000000002,USD
2026-05-01,Acronis,Terminal B,SPFAMSENS,US5_DEV,4.0,3.6565,14.626,USD
2026-05-01,Acronis,Terminal B,SPGAMSENS,US5_DEV,103.0,1.704,175.512,USD
2026-05-01,Acronis,Terminal B,SPIAMSENS,US5_DEV,1.0,0.6319,0.6319,USD
2026-05-01,Acronis,The Cloud Platform,SPDAMSENS,US_Master,17502.36,0.0148,259.03492800000004,USD
2026-05-01,Acronis,The Cloud Platform,SPDCMSENS,US_Master,26.0,,0.0,USD
2026-05-01,Acronis,The Cloud Platform,SPFAMSENS,US_Master,3.0,3.6565,10.9695,USD
2026-05-01,Acronis,The Cloud Platform,SPIAMSENS,US_Master,1.0,0.6319,0.6319,USD
2026-05-01,Acronis,The Cloud Platform,SRHAMSENS,US_Master,3.0,0.7313,2.1938999999999997,USD
2026-05-01,Acronis,The Cloud Platform,SRIAMSENS,US_Master,3.0,0.1725,0.5175,USD
2026-05-01,Acronis,The Cloud Platform,SRJAMSENS,US_Master,91.0,1.1502,104.66819999999998,USD
2026-05-01,Acronis,The Computer Doctors,SPD5MSENS,US_Master,1.0,7.0576,7.0576,USD
2026-05-01,Acronis,The Computer Doctors,SPDAMSENS,US_Master,10226.83,0.0148,151.35708400000001,USD
2026-05-01,Acronis,The Computer Doctors,SPDCMSENS,US_Master,89.0,,0.0,USD
2026-05-01,Acronis,The Computer Doctors,SPEAMSENS,US_Master,21.0,10.3731,217.8351,USD
2026-05-01,Acronis,The Computer Doctors,SPFAMSENS,US_Master,19.0,3.6565,69.4735,USD
2026-05-01,Acronis,The Computer Doctors,SPGAMSENS,US_Master,82.0,1.704,139.728,USD
2026-05-01,Acronis,The Computer Doctors,SPIAMSENS,US_Master,5.0,0.6319,3.1595,USD
2026-05-01,Acronis,The Computer Doctors,SRIAMSENS,US_Master,1.0,0.1725,0.1725,USD
2026-05-01,Acronis,The Computer Doctors,SRJAMSENS,US_Master,226.0,1.1502,259.9452,USD
2026-05-01,Acronis,The Connected Office,SPBAMSENS,US_Master,6300.7699999999995,0.0545,343.391965,USD
2026-05-01,Acronis,The Connected Office,SPDAMSENS,US_Master,2093.21,0.0148,30.979508000000003,USD
2026-05-01,Acronis,The Connected Office,SPDCMSENS,US_Master,15.0,,0.0,USD
2026-05-01,Acronis,The Connected Office,SPGAMSENS,US_Master,7.0,1.704,11.927999999999999,USD
2026-05-01,Acronis,The Connected Office,SPIAMSENS,US_Master,2.0,0.6319,1.2638,USD
2026-05-01,Acronis,The Connected Office,SRJAMSENS,US_Master,188.0,1.1502,216.2376,USD
2026-05-01,Acronis,The Hill Country Tech,SPDAMSENS,US_Master,3025.29,0.0148,44.774292,USD
2026-05-01,Acronis,The Hill Country Tech,SPEAMSENS,US_Master,1.0,10.3731,10.3731,USD
2026-05-01,Acronis,The Hill Country Tech,SPGAMSENS,US_Master,7.0,1.704,11.927999999999999,USD
2026-05-01,Acronis,The Hill Country Tech,SRIAMSENS,US_Master,6.0,0.1725,1.035,USD
2026-05-01,Acronis,The Learning Exchange,SP4BMSENS,US2_GIG,96.61,0.0264,2.550504,USD
2026-05-01,Acronis,The Learning Exchange,SPBAMSENS,US2_GIG,2610.24,0.0545,142.25807999999998,USD
2026-05-01,Acronis,The Learning Exchange,SRHAMSENS,US2_GIG,48.0,0.7313,35.102399999999996,USD
2026-05-01,Acronis,The Learning Exchange,SRIAMSENS,US2_GIG,1.0,0.1725,0.1725,USD
2026-05-01,Acronis,The Navicon Group,SPDAMSENS,US_Master,1074.88,0.0148,15.908224000000002,USD
2026-05-01,Acronis,The Navicon Group,SPEAMSENS,US_Master,3.0,10.3731,31.119300000000003,USD
2026-05-01,Acronis,The Ulven Companies,SPDAMSENS,US_Master,19595.3,0.0148,290.01044,USD
2026-05-01,Acronis,The Ulven Companies,SPIAMSENS,US_Master,4.0,0.6319,2.5276,USD
2026-05-01,Acronis,TheSoftwareConsultant,SPDAMSENS,US_Master,702.61,0.0148,10.398628,USD
2026-05-01,Acronis,TheSoftwareConsultant,SPEAMSENS,US_Master,1.0,10.3731,10.3731,USD
2026-05-01,Acronis,TheSoftwareConsultant,SRIAMSENS,US_Master,1.0,0.1725,0.1725,USD
2026-05-01,Acronis,TheSoftwareConsultant,SVEAMSENS,US_Master,702.61,0.0272,19.110992,USD
2026-05-01,Acronis,Therma-Glass,SP5AMSENS,US_Master,3749.68,0.0113,42.37138399999999,USD
2026-05-01,Acronis,Therma-Glass,SPDAMSENS,US_Master,3749.68,0.0148,55.495264,USD
2026-05-01,Acronis,Therma-Glass,SPGAMSENS,US_Master,12.0,1.704,20.448,USD
2026-05-01,Acronis,Therma-Glass,SRHAMSENS,US_Master,12.0,0.7313,8.775599999999999,USD
2026-05-01,Acronis,Therma-Glass,SVEAMSENS,US_Master,207.47,0.0272,5.643184,USD
2026-05-01,Acronis,"ThinkTech Computers, Inc",SPDCMSENS,US_Master,8.0,,0.0,USD
2026-05-01,Acronis,"ThinkTech Computers, Inc",SPEAMSENS,US_Master,1.0,10.3731,10.3731,USD
2026-05-01,Acronis,"ThinkTech Computers, Inc",SPFAMSENS,US_Master,23.0,3.6565,84.09949999999999,USD
2026-05-01,Acronis,"ThinkTech Computers, Inc",SPGAMSENS,US_Master,34.0,1.704,57.936,USD
2026-05-01,Acronis,"ThinkTech Computers, Inc",SRAAMSENS,US_Master,30.0,0.5333,15.999,USD
2026-05-01,Acronis,"ThinkTech Computers, Inc",SRHAMSENS,US_Master,3.0,0.7313,2.1938999999999997,USD
2026-05-01,Acronis,"ThinkTech Computers, Inc",SRIAMSENS,US_Master,1.0,0.1725,0.1725,USD
2026-05-01,Acronis,ThreatAdvice,SO4AMSENS,US_Master,130.0,1.3348,173.524,USD
2026-05-01,Acronis,ThrottleNet Inc,SPDAMSENS,US_Master,62191.56,0.0148,920.4350880000001,USD
2026-05-01,Acronis,ThrottleNet Inc,SPEAMSENS,US_Master,31.0,10.3731,321.5661,USD
2026-05-01,Acronis,ThrottleNet Inc,SPFAMSENS,US_Master,24.0,3.6565,87.756,USD
2026-05-01,Acronis,ThrottleNet Inc,SPGAMSENS,US_Master,20.0,1.704,34.08,USD
2026-05-01,Acronis,ThrottleNet Inc,SRIAMSENS,US_Master,3.0,0.1725,0.5175,USD
2026-05-01,Acronis,ThrottleNet Inc,SVEAMSENS,US_Master,955.96,0.0272,26.002112,USD
2026-05-01,Acronis,Titan Technology Partners,SPDAMSENS,US_Master,55851.51,0.0148,826.6023480000001,USD
2026-05-01,Acronis,Titan Technology Partners,SPEAMSENS,US_Master,7.0,10.3731,72.61170000000001,USD
2026-05-01,Acronis,Titan Technology Partners,SPFAMSENS,US_Master,90.0,3.6565,329.085,USD
2026-05-01,Acronis,Titan Technology Partners,SPGAMSENS,US_Master,10.0,1.704,17.04,USD
2026-05-01,Acronis,Titan Technology Partners,SPIAMSENS,US_Master,9.0,0.6319,5.6871,USD
2026-05-01,Acronis,Titan Technology Partners,SVEAMSENS,US_Master,55988.04,0.0272,1522.8746879999999,USD
2026-05-01,Acronis,Titanium,SEDAMSENS,US_Master,1.0,1.3774,1.3774,USD
2026-05-01,Acronis,Titanium,SPDAMSENS,US_Master,24650.69,0.0148,364.830212,USD
2026-05-01,Acronis,Titanium,SPEAMSENS,US_Master,6.0,10.3731,62.238600000000005,USD
2026-05-01,Acronis,Titanium,SPFAMSENS,US_Master,9.0,3.6565,32.9085,USD
2026-05-01,Acronis,Titanium,SPGAMSENS,US_Master,11.0,1.704,18.744,USD
2026-05-01,Acronis,Titanium,SPIAMSENS,US_Master,14.0,0.6319,8.8466,USD
2026-05-01,Acronis,Titanium,SVEAMSENS,US_Master,23918.25,0.0272,650.5763999999999,USD
2026-05-01,Acronis,Today's Business Computers Inc,SPDAMSENS,US_Master,5145.63,0.0148,76.15532400000001,USD
2026-05-01,Acronis,Today's Business Computers Inc,SPEAMSENS,US_Master,7.0,10.3731,72.61170000000001,USD
2026-05-01,Acronis,Today's Business Computers Inc,SPFAMSENS,US_Master,4.0,3.6565,14.626,USD
2026-05-01,Acronis,Today's Business Computers Inc,SPGAMSENS,US_Master,12.0,1.704,20.448,USD
2026-05-01,Acronis,Today's Business Computers Inc,SPIAMSENS,US_Master,1.0,0.6319,0.6319,USD
2026-05-01,Acronis,Today's Business Computers Inc,SRIAMSENS,US_Master,1.0,0.1725,0.1725,USD
2026-05-01,Acronis,Torden,SPDAMSENS,US_Master,5.99,0.0148,0.08865200000000001,USD
2026-05-01,Acronis,Torden,SPDCMSENS,US_Master,22.0,,0.0,USD
2026-05-01,Acronis,Torden,SPIAMSENS,US_Master,5.0,0.6319,3.1595,USD
2026-05-01,Acronis,Torden,SRJAMSENS,US_Master,106.0,1.1502,121.92119999999998,USD
2026-05-01,Acronis,Total Group International Ltd.,SPBAMSENS,UK_GIG,6730.4800000000005,0.0545,366.81116000000003,USD
2026-05-01,Acronis,Total Tech Solutions,SBDCMSENS,US5_DEV,1.0,3.6275,3.6275,USD
2026-05-01,Acronis,Total Tech Solutions,SPBAMSENS,US5_DEV,3617.3500000000004,0.0545,197.145575,USD
2026-05-01,Acronis,Total Tech Solutions,SPDAMSENS,US5_DEV,5379.45,0.0148,79.61586,USD
2026-05-01,Acronis,Total Tech Solutions,SPEAMSENS,US5_DEV,7.0,10.3731,72.61170000000001,USD
2026-05-01,Acronis,Total Tech Solutions,SPFAMSENS,US5_DEV,7.0,3.6565,25.595499999999998,USD
2026-05-01,Acronis,Total Tech Solutions,SPGAMSENS,US5_DEV,7.0,1.704,11.927999999999999,USD
2026-05-01,Acronis,Total Tech Solutions,SPIAMSENS,US5_DEV,30.0,0.6319,18.957,USD
2026-05-01,Acronis,Total Tech Solutions,SPSAMSENS,US5_DEV,115.18,0.0149,1.716182,USD
2026-05-01,Acronis,Total Tech Solutions,SRHAMSENS,US5_DEV,10.0,0.7313,7.313,USD
2026-05-01,Acronis,Total Tech Solutions,SRIAMSENS,US5_DEV,17.0,0.1725,2.9325,USD
2026-05-01,Acronis,Towner Communications,SPBAMSENS,US2_GIG,90.42,0.0545,4.92789,USD
2026-05-01,Acronis,Trahan Computer Tech,SPDAMSENS,US_Master,1971.71,0.0148,29.181308,USD
2026-05-01,Acronis,Trahan Computer Tech,SPGAMSENS,US_Master,1.0,1.704,1.704,USD
2026-05-01,Acronis,Trahan Computer Tech,SPIAMSENS,US_Master,1.0,0.6319,0.6319,USD
2026-05-01,Acronis,Trimble Networks Pty Ltd,SEDAMSENS,AUS_DEV,2.0,1.3774,2.7548,USD
2026-05-01,Acronis,Trimble Networks Pty Ltd,SPDAMSENS,AUS_DEV,25235.8,0.0148,373.48984,USD
2026-05-01,Acronis,Trimble Networks Pty Ltd,SPFAMSENS,AUS_DEV,39.0,3.6565,142.6035,USD
2026-05-01,Acronis,Trimble Networks Pty Ltd,SQYAMSENS,AUS_DEV,104.53,0.0275,2.874575,USD
2026-05-01,Acronis,Trimble Networks Pty Ltd,SVEAMSENS,AUS_DEV,25271.91,0.0272,687.395952,USD
2026-05-01,Acronis,Tristate IT Inc,SPBAMSENS,US2_GIG,11349.800000000001,0.0545,618.5641,USD
2026-05-01,Acronis,Tristate IT Inc,SPDCMSENS,US2_GIG,13.0,,0.0,USD
2026-05-01,Acronis,Tristate IT Inc,SRIAMSENS,US2_GIG,2.0,0.1725,0.345,USD
2026-05-01,Acronis,Turner Teleco - Alexandria LA,SEDAMSENS,US5_DEV,3.0,1.3774,4.1322,USD
2026-05-01,Acronis,Turner Teleco - Alexandria LA,SPD5MSENS,US5_DEV,2.0,7.0576,14.1152,USD
2026-05-01,Acronis,Turner Teleco - Alexandria LA,SPDAMSENS,US5_DEV,121377.82999999999,0.0148,1796.3918840000001,USD
2026-05-01,Acronis,Turner Teleco - Alexandria LA,SPDCMSENS,US5_DEV,348.0,,0.0,USD
2026-05-01,Acronis,Turner Teleco - Alexandria LA,SPEAMSENS,US5_DEV,54.0,10.3731,560.1474000000001,USD
2026-05-01,Acronis,Turner Teleco - Alexandria LA,SPFAMSENS,US5_DEV,97.0,3.6565,354.6805,USD
2026-05-01,Acronis,Turner Teleco - Alexandria LA,SPGAMSENS,US5_DEV,74.0,1.704,126.096,USD
2026-05-01,Acronis,Turner Teleco - Alexandria LA,SPIAMSENS,US5_DEV,117.0,0.6319,73.9323,USD
2026-05-01,Acronis,Turner Teleco - Alexandria LA,SQYAMSENS,US5_DEV,6.1,0.0275,0.16774999999999998,USD
2026-05-01,Acronis,Turner Teleco - Alexandria LA,SRDUMSENS,US5_DEV,2.0,4.65,9.3,USD
2026-05-01,Acronis,Turner Teleco - Alexandria LA,SRHAMSENS,US5_DEV,50.0,0.7313,36.565,USD
2026-05-01,Acronis,Turner Teleco - Alexandria LA,SRI5MSENS,US5_DEV,1.0,1.15,1.15,USD
2026-05-01,Acronis,Turner Teleco - Alexandria LA,SRIAMSENS,US5_DEV,1.0,0.1725,0.1725,USD
2026-05-01,Acronis,Turner Teleco - Alexandria LA,SRJAMSENS,US5_DEV,561.0,1.1502,645.2621999999999,USD
2026-05-01,Acronis,Turner Teleco - Alexandria LA,SVEAMSENS,US5_DEV,60955.39,0.0272,1657.986608,USD
2026-05-01,Acronis,Turner Teleco Alexandria,SPDAMSENS,US_Master,25.21,0.0148,0.37310800000000005,USD
2026-05-01,Acronis,Turner Teleco Alexandria,SPGAMSENS,US_Master,3.0,1.704,5.112,USD
2026-05-01,Acronis,Turner Teleco Alexandria,SPIAMSENS,US_Master,1.0,0.6319,0.6319,USD
2026-05-01,Acronis,Twin Pines Technology,SPBAMSENS,US_Master,515.58,0.0545,28.099110000000003,USD
2026-05-01,Acronis,U.S Next INC,SPDAMSENS,US5_DEV,2154.25,0.0148,31.8829,USD
2026-05-01,Acronis,U.S Next INC,SPEAMSENS,US5_DEV,1.0,10.3731,10.3731,USD
2026-05-01,Acronis,U.S Next INC,SPFAMSENS,US5_DEV,2.0,3.6565,7.313,USD
2026-05-01,Acronis,U.S Next INC,SPGAMSENS,US5_DEV,10.0,1.704,17.04,USD
2026-05-01,Acronis,U.S Next INC,SPIAMSENS,US5_DEV,7.0,0.6319,4.4233,USD
2026-05-01,Acronis,U.S Next INC,SRI5MSENS,US5_DEV,1.0,1.15,1.15,USD
2026-05-01,Acronis,U.S Next INC,SRIAMSENS,US5_DEV,2.0,0.1725,0.345,USD
2026-05-01,Acronis,USWired Inc.,SPIAMSENS,US_Master,1.0,0.6319,0.6319,USD
2026-05-01,Acronis,Ulu HI-Tech,SPDAMSENS,US_Master,151.15,0.0148,2.2370200000000002,USD
2026-05-01,Acronis,Ulu HI-Tech,SPGAMSENS,US_Master,0.0,1.704,0.0,USD
2026-05-01,Acronis,Ulu HI-Tech,SPIAMSENS,US_Master,1.0,0.6319,0.6319,USD
2026-05-01,Acronis,Uniag Cooperative,SPDAMSENS,CAN_DEV,4385.84,0.0148,64.910432,USD
2026-05-01,Acronis,Uniag Cooperative,SPDCMSENS,CAN_DEV,24.0,,0.0,USD
2026-05-01,Acronis,Uniag Cooperative,SPFAMSENS,CAN_DEV,6.0,3.6565,21.939,USD
2026-05-01,Acronis,Uniag Cooperative,SRJAMSENS,CAN_DEV,112.0,1.1502,128.8224,USD
2026-05-01,Acronis,Unique Appliances,SPDAMSENS,CAN_DEV,7.36,0.0148,0.10892800000000001,USD
2026-05-01,Acronis,Unique Appliances,SPDCMSENS,CAN_DEV,45.0,,0.0,USD
2026-05-01,Acronis,Unique Appliances,SRJAMSENS,CAN_DEV,57.0,1.1502,65.56139999999999,USD
2026-05-01,Acronis,United Datacom Networks Inc,SO4AMSENS,US5_DEV,74.0,1.3348,98.7752,USD
2026-05-01,Acronis,United Datacom Networks Inc,SP5AMSENS,US5_DEV,3406.86,0.0113,38.497518,USD
2026-05-01,Acronis,United Datacom Networks Inc,SPDAMSENS,US5_DEV,150799.2,0.0148,2231.82816,USD
2026-05-01,Acronis,United Datacom Networks Inc,SPDCMSENS,US5_DEV,729.0,,0.0,USD
2026-05-01,Acronis,United Datacom Networks Inc,SPEAMSENS,US5_DEV,91.0,10.3731,943.9521000000001,USD
2026-05-01,Acronis,United Datacom Networks Inc,SPFAMSENS,US5_DEV,230.0,3.6565,840.995,USD
2026-05-01,Acronis,United Datacom Networks Inc,SPGAMSENS,US5_DEV,76.0,1.704,129.504,USD
2026-05-01,Acronis,United Datacom Networks Inc,SPIAMSENS,US5_DEV,18.0,0.6319,11.3742,USD
2026-05-01,Acronis,United Datacom Networks Inc,SQ1AMSENS,US5_DEV,8175.27,0.0239,195.38895300000001,USD
2026-05-01,Acronis,United Datacom Networks Inc,SQ8AMSENS,US5_DEV,120.0,1.1502,138.024,USD
2026-05-01,Acronis,United Datacom Networks Inc,SQYAMSENS,US5_DEV,33.6,0.0275,0.924,USD
2026-05-01,Acronis,United Datacom Networks Inc,SRAAMSENS,US5_DEV,6.0,0.5333,3.1997999999999998,USD
2026-05-01,Acronis,United Datacom Networks Inc,SRHAMSENS,US5_DEV,2.0,0.7313,1.4626,USD
2026-05-01,Acronis,United Datacom Networks Inc,SRIAMSENS,US5_DEV,1.0,0.1725,0.1725,USD
2026-05-01,Acronis,United Datacom Networks Inc,SRJAMSENS,US5_DEV,2318.0,1.1502,2666.1636,USD
2026-05-01,Acronis,United Datacom Networks Inc,SVEAMSENS,US5_DEV,41758.58,0.0272,1135.833376,USD
2026-05-01,Acronis,"Utmostit, Inc",SPDAMSENS,US_Master,891.17,0.0148,13.189316,USD
2026-05-01,Acronis,"Utmostit, Inc",SPEAMSENS,US_Master,1.0,10.3731,10.3731,USD
2026-05-01,Acronis,"Utmostit, Inc",SPGAMSENS,US_Master,1.0,1.704,1.704,USD
2026-05-01,Acronis,"Utmostit, Inc",SRIAMSENS,US_Master,1.0,0.1725,0.1725,USD
2026-05-01,Acronis,V2 Technology,SPDAMSENS,US_Master,46369.43,0.0148,686.267564,USD
2026-05-01,Acronis,V2 Technology,SPDCMSENS,US_Master,87.0,,0.0,USD
2026-05-01,Acronis,V2 Technology,SPEAMSENS,US_Master,6.0,10.3731,62.238600000000005,USD
2026-05-01,Acronis,V2 Technology,SPFAMSENS,US_Master,42.0,3.6565,153.573,USD
2026-05-01,Acronis,V2 Technology,SPGAMSENS,US_Master,69.0,1.704,117.576,USD
2026-05-01,Acronis,V2 Technology,SRJAMSENS,US_Master,134.0,1.1502,154.12679999999997,USD
2026-05-01,Acronis,VIcom Virginia Integrated Communications,SPBAMSENS,US2_GIG,2441.2200000000003,0.0545,133.04649,USD
2026-05-01,Acronis,Veerman ICT Services BV,SPBAMSENS,EU8_Master,2138.3,0.0545,116.53735,USD
2026-05-01,Acronis,Veerman ICT Services BV,SPD5MSENS,EU8_Master,1.0,7.0576,7.0576,USD
2026-05-01,Acronis,Veerman ICT Services BV,SPDAMSENS,EU8_Master,68973.12,0.0148,1020.802176,USD
2026-05-01,Acronis,Veerman ICT Services BV,SPDCMSENS,EU8_Master,1433.0,,0.0,USD
2026-05-01,Acronis,Veerman ICT Services BV,SPEAMSENS,EU8_Master,5.0,10.3731,51.865500000000004,USD
2026-05-01,Acronis,Veerman ICT Services BV,SPFAMSENS,EU8_Master,179.0,3.6565,654.5135,USD
2026-05-01,Acronis,Veerman ICT Services BV,SPGAMSENS,EU8_Master,14.0,1.704,23.855999999999998,USD
2026-05-01,Acronis,Veerman ICT Services BV,SPIAMSENS,EU8_Master,8.0,0.6319,5.0552,USD
2026-05-01,Acronis,Veerman ICT Services BV,SQ8AMSENS,EU8_Master,62.0,1.1502,71.3124,USD
2026-05-01,Acronis,Veerman ICT Services BV,SRIAMSENS,EU8_Master,138.0,0.1725,23.805,USD
2026-05-01,Acronis,Veerman ICT Services BV,SRJAMSENS,EU8_Master,2500.0,1.1502,2875.4999999999995,USD
2026-05-01,Acronis,Vermeer Heartland,SPBAMSENS,US2_GIG,1860.09,0.0545,101.374905,USD
2026-05-01,Acronis,Vermeer Heartland,SRIAMSENS,US2_GIG,3.0,0.1725,0.5175,USD
2026-05-01,Acronis,Virtual Communication Specialists 1,SP4BMSENS,US_Master,1691.13,0.0264,44.645832000000006,USD
2026-05-01,Acronis,Virtual Communication Specialists 1,SPBAMSENS,US_Master,6634.71,0.0545,361.591695,USD
2026-05-01,Acronis,Virtual Office Solutions,SPDAMSENS,US_Master,20648.12,0.0148,305.592176,USD
2026-05-01,Acronis,Virtual Office Solutions,SPEAMSENS,US_Master,10.0,10.3731,103.73100000000001,USD
2026-05-01,Acronis,Virtual Office Solutions,SPFAMSENS,US_Master,11.0,3.6565,40.2215,USD
2026-05-01,Acronis,Virtual Office Solutions,SPGAMSENS,US_Master,33.0,1.704,56.232,USD
2026-05-01,Acronis,Virtual Office Solutions,SPIAMSENS,US_Master,2.0,0.6319,1.2638,USD
2026-05-01,Acronis,Vulcan Business Solutions LLC,SPDAMSENS,US5_DEV,1649.22,0.0148,24.408456,USD
2026-05-01,Acronis,Vulcan Business Solutions LLC,SPGAMSENS,US5_DEV,2.0,1.704,3.408,USD
2026-05-01,Acronis,WPG Consulting,SPDAMSENS,US5_DEV,11164.18,0.0148,165.22986400000002,USD
2026-05-01,Acronis,WPG Consulting,SPDCMSENS,US5_DEV,103.0,,0.0,USD
2026-05-01,Acronis,WPG Consulting,SPIAMSENS,US5_DEV,4.0,0.6319,2.5276,USD
2026-05-01,Acronis,WPG Consulting,SRJAMSENS,US5_DEV,197.0,1.1502,226.58939999999998,USD
2026-05-01,Acronis,WTA Consulting,SPDAMSENS,US_Master,10846.71,0.0148,160.531308,USD
2026-05-01,Acronis,WTA Consulting,SPDCMSENS,US_Master,192.0,,0.0,USD
2026-05-01,Acronis,WTA Consulting,SRJAMSENS,US_Master,673.0,1.1502,774.0845999999999,USD
2026-05-01,Acronis,Webetek,SPDAMSENS,US2_DEV,315.29,0.0148,4.666292,USD
2026-05-01,Acronis,Webetek,SPEAMSENS,US2_DEV,1.0,10.3731,10.3731,USD
2026-05-01,Acronis,Williams Technology Pty Ltd,SPDAMSENS,US_Master,597.4,0.0148,8.841520000000001,USD
2026-05-01,Acronis,Williams Technology Pty Ltd,SPEAMSENS,AUS_DEV,9.0,10.3731,93.3579,USD
2026-05-01,Acronis,Williams Technology Pty Ltd,SPFAMSENS,AUS_DEV,52.0,3.6565,190.138,USD
2026-05-01,Acronis,Williams Technology Pty Ltd,SPGAMSENS,US_Master,2.0,1.704,3.408,USD
2026-05-01,Acronis,Williams Technology Pty Ltd,SPIAMSENS,US_Master,1.0,0.6319,0.6319,USD
2026-05-01,Acronis,Williams Technology Pty Ltd,SQ7AMSENS,AUS_DEV,1.0,1.8741,1.8741,USD
2026-05-01,Acronis,Wired! Technology Partners,SP5AMSENS,US_Master,675.76,0.0113,7.636087999999999,USD
2026-05-01,Acronis,Wired! Technology Partners,SPD5MSENS,US_Master,1.0,7.0576,7.0576,USD
2026-05-01,Acronis,Wired! Technology Partners,SPDAMSENS,US_Master,67009.11,0.0148,991.734828,USD
2026-05-01,Acronis,Wired! Technology Partners,SPEAMSENS,US_Master,23.0,10.3731,238.58130000000003,USD
2026-05-01,Acronis,Wired! Technology Partners,SPFAMSENS,US_Master,127.0,3.6565,464.3755,USD
2026-05-01,Acronis,Wired! Technology Partners,SPIAMSENS,US_Master,7.0,0.6319,4.4233,USD
2026-05-01,Acronis,Wired! Technology Partners,SRJAMSENS,US_Master,21.0,1.1502,24.154199999999996,USD
2026-05-01,Acronis,Xcellerate,SPBAMSENS,EU1_GIG,25.95,0.0545,1.414275,USD
2026-05-01,Acronis,"Xpertechs, LLC",SPBAMSENS,US_Master,2522.4,0.0545,137.4708,USD
2026-05-01,Acronis,Xpower-IT,SPDAMSENS,UK_DEV,40424.64,0.0148,598.284672,USD
2026-05-01,Acronis,Xpower-IT,SPDCMSENS,UK_DEV,364.0,,0.0,USD
2026-05-01,Acronis,Xpower-IT,SPEAMSENS,UK_DEV,5.0,10.3731,51.865500000000004,USD
2026-05-01,Acronis,Xpower-IT,SPFAMSENS,UK_DEV,94.0,3.6565,343.711,USD
2026-05-01,Acronis,Xpower-IT,SPGAMSENS,UK_DEV,4.0,1.704,6.816,USD
2026-05-01,Acronis,Xpower-IT,SPIAMSENS,UK_DEV,33.0,0.6319,20.852700000000002,USD
2026-05-01,Acronis,Xpower-IT,SRJAMSENS,UK_DEV,603.0,1.1502,693.5705999999999,USD
2026-05-01,Acronis,You Must Be Lost,SPDAMSENS,US_Master,2950.87,0.0148,43.672876,USD
2026-05-01,Acronis,You Must Be Lost,SPEAMSENS,US_Master,1.0,10.3731,10.3731,USD
2026-05-01,Acronis,You Must Be Lost,SPFAMSENS,US_Master,2.0,3.6565,7.313,USD
2026-05-01,Acronis,You Must Be Lost,SPGAMSENS,US_Master,1.0,1.704,1.704,USD
2026-05-01,Acronis,You Must Be Lost,SRJAMSENS,US_Master,1.0,1.1502,1.1502,USD
2026-05-01,Acronis,Your IT Department,SPDAMSENS,UK_DEV,50906.82,0.0148,753.420936,USD
2026-05-01,Acronis,Your IT Department,SPEAMSENS,UK_DEV,17.0,10.3731,176.3427,USD
2026-05-01,Acronis,Your IT Department,SPFAMSENS,UK_DEV,105.0,3.6565,383.9325,USD
2026-05-01,Acronis,Your IT Department,SPGAMSENS,UK_DEV,5.0,1.704,8.52,USD
2026-05-01,Acronis,Your IT Department,SPIAMSENS,UK_DEV,3.0,0.6319,1.8957000000000002,USD
2026-05-01,Acronis,Your IT Department,SRHAMSENS,UK_DEV,2.0,0.7313,1.4626,USD
2026-05-01,Acronis,Your IT Department,SRIAMSENS,UK_DEV,2.0,0.1725,0.345,USD
2026-05-01,Acronis,Your IT Department,SVEAMSENS,UK_DEV,43.08,0.0272,1.171776,USD
2026-05-01,Acronis,Zenxeon Technologies,SPDAMSENS,US_Master,11177.43,0.0148,165.42596400000002,USD
2026-05-01,Acronis,Zenxeon Technologies,SPEAMSENS,US_Master,10.0,10.3731,103.73100000000001,USD
2026-05-01,Acronis,Zenxeon Technologies,SPFAMSENS,US_Master,4.0,3.6565,14.626,USD
2026-05-01,Acronis,Zenxeon Technologies,SPGAMSENS,US_Master,3.0,1.704,5.112,USD
2026-05-01,Acronis,Zenzero Solutions Ltd,SP4BMSENS,UK_DEV,815.29,0.0264,21.523656,USD
2026-05-01,Acronis,Zenzero Solutions Ltd,SPBAMSENS,UK_DEV,11442.11,0.0545,623.594995,USD
2026-05-01,Acronis,Zenzero Solutions Ltd,SPD5MSENS,UK_DEV,1.0,7.0576,7.0576,USD
2026-05-01,Acronis,Zenzero Solutions Ltd,SPDAMSENS,UK_DEV,398485.55,0.0148,5897.58614,USD
2026-05-01,Acronis,Zenzero Solutions Ltd,SPEAMSENS,UK_DEV,51.0,10.3731,529.0281,USD
2026-05-01,Acronis,Zenzero Solutions Ltd,SPFAMSENS,UK_DEV,374.0,3.6565,1367.531,USD
2026-05-01,Acronis,Zenzero Solutions Ltd,SPGAMSENS,UK_DEV,17.0,1.704,28.968,USD
2026-05-01,Acronis,Zenzero Solutions Ltd,SPIAMSENS,UK_DEV,56.0,0.6319,35.3864,USD
2026-05-01,Acronis,Zenzero Solutions Ltd,SQ8AMSENS,UK_DEV,32.0,1.1502,36.8064,USD
2026-05-01,Acronis,Zenzero Solutions Ltd,SQYAMSENS,UK_DEV,3003.12,0.0275,82.58579999999999,USD
2026-05-01,Acronis,Zenzero Solutions Ltd,SRDUMSENS,UK_DEV,1.0,4.65,4.65,USD
2026-05-01,Acronis,Zenzero Solutions Ltd,SRHAMSENS,UK_DEV,1.0,0.7313,0.7313,USD
2026-05-01,Acronis,Zenzero Solutions Ltd,SRIAMSENS,UK_DEV,6.0,0.1725,1.035,USD
2026-05-01,Acronis,Zenzero Solutions Ltd,SVEAMSENS,UK_DEV,192001.95,0.0272,5222.45304,USD
2026-05-01,Acronis,bdManagedIT,SBATFNLOS,US_Master,466.0,0.6745,314.317,USD
2026-05-01,Acronis,bdManagedIT,SO4AMSENS,US_Master,1059.0,1.3348,1413.5532,USD
2026-05-01,Acronis,bdManagedIT,SPDAMSENS,US_Master,2704.74,0.0148,40.030152,USD
2026-05-01,Acronis,bdManagedIT,SPFAMSENS,US_Master,2.0,3.6565,7.313,USD
2026-05-01,Acronis,bdManagedIT,SPGAMSENS,US_Master,1.0,1.704,1.704,USD
2026-05-01,Acronis,bdManagedIT,SPIAMSENS,US_Master,3.0,0.6319,1.8957000000000002,USD
2026-05-01,Acronis,bdManagedIT,SREUMSENS,US_Master,1.0,1.86,1.86,USD
2026-05-01,Acronis,"iDiscovery Solutions, Inc",SPBAMSENS,US2_GIG,756.1,0.0545,41.20745,USD
2026-05-01,Acronis,iwerk,SPDAMSENS,US5_DEV,248629.07,0.0148,3679.710236,USD
2026-05-01,Acronis,iwerk,SPEAMSENS,US5_DEV,30.0,10.3731,311.19300000000004,USD
2026-05-01,Acronis,iwerk,SPFAMSENS,US5_DEV,73.0,3.6565,266.92449999999997,USD
2026-05-01,Acronis,iwerk,SPGAMSENS,US5_DEV,1.0,1.704,1.704,USD
2026-05-01,Acronis,iwerk,SPIAMSENS,US5_DEV,11.0,0.6319,6.9509,USD
2026-05-01,Acronis,iwerk,SVEAMSENS,US5_DEV,55117.67,0.0272,1499.2006239999998,USD
2026-05-01,Acronis,m3 Networks,SPDAMSENS,UK_DEV,78201.2,0.0148,1157.37776,USD
2026-05-01,Acronis,m3 Networks,SPDCMSENS,UK_DEV,1707.0,,0.0,USD
2026-05-01,Acronis,m3 Networks,SPEAMSENS,UK_DEV,6.0,10.3731,62.238600000000005,USD
2026-05-01,Acronis,m3 Networks,SPFAMSENS,UK_DEV,73.0,3.6565,266.92449999999997,USD
2026-05-01,Acronis,m3 Networks,SPGAMSENS,UK_DEV,23.0,1.704,39.192,USD
2026-05-01,Acronis,m3 Networks,SQ8AMSENS,UK_DEV,8.0,1.1502,9.2016,USD
2026-05-01,Acronis,m3 Networks,SRIAMSENS,UK_DEV,2.0,0.1725,0.345,USD
2026-05-01,Acronis,m3 Networks,SRJAMSENS,UK_DEV,2356.0,1.1502,2709.8711999999996,USD
2026-05-01,Acronis,rzlynt,SP5AMSENS,US_Master,63440.84,0.0113,716.8814919999999,USD
2026-05-01,Acronis,rzlynt,SPD5MSENS,US_Master,1.0,7.0576,7.0576,USD
2026-05-01,Acronis,rzlynt,SPDAMSENS,US_Master,138599.17,0.0148,2051.2677160000003,USD
2026-05-01,Acronis,rzlynt,SPDCMSENS,US_Master,10.0,,0.0,USD
2026-05-01,Acronis,rzlynt,SPEAMSENS,US_Master,25.0,10.3731,259.32750000000004,USD
2026-05-01,Acronis,rzlynt,SPFAMSENS,US_Master,10.0,3.6565,36.565,USD
2026-05-01,Acronis,rzlynt,SPGAMSENS,US_Master,96.0,1.704,163.584,USD
2026-05-01,Acronis,rzlynt,SPIAMSENS,US_Master,9.0,0.6319,5.6871,USD
2026-05-01,Acronis,rzlynt,SRHAMSENS,US_Master,5.0,0.7313,3.6565,USD
2026-05-01,Acronis,rzlynt,SRI5MSENS,US_Master,6.0,1.15,6.8999999999999995,USD
2026-05-01,Acronis,rzlynt,SRIAMSENS,US_Master,13.0,0.1725,2.2424999999999997,USD
2026-05-01,Acronis,rzlynt,SRJAMSENS,US_Master,52.0,1.1502,59.810399999999994,USD
2026-05-01,Acronis,rzlynt,SVEAMSENS,US_Master,4513.14,0.0272,122.757408,USD
2026-05-01,Acronis,trueITpros,SPIAMSENS,US_Master,1.0,0.6319,0.6319,USD
