BILLING_MONTH,Entity,Tenant name,Identifier,Type,Status,Mode,Service name,Edition,Metric name,Location,Metric unit,Quota,Production usage,Change in production usage,Trial usage,Change in trial usage,Total usage,Change in total usage,Price,Cost,Billing model,Storage type,Pricing tier ID,SKU
2026-05-01,AUS_DEV,SIAX COMPUTING SOLUTIONS,,Partner,Enabled,,Cyber Protection,Per workload,Workstations protected,,,Unlimited,26,0,0,0,26,0,N/A,N/A,,,,SPGAMSENS
2026-05-01,AUS_DEV,SIAX COMPUTING SOLUTIONS,,Partner,Enabled,,Cyber Protection,Per workload,Servers protected,,,Unlimited,1,0,0,0,1,0,N/A,N/A,,,,SPEAMSENS
2026-05-01,AUS_DEV,SIAX COMPUTING SOLUTIONS,,Partner,Enabled,,Cyber Protection,Per workload,VMs protected,,,Unlimited,103,2,0,0,103,2,N/A,N/A,,,,SPFAMSENS
2026-05-01,AUS_DEV,SIAX COMPUTING SOLUTIONS,,Partner,Enabled,,Sync & Share,File Sync & Share (per user),Users,,,Unlimited,2,1,0,0,2,1,N/A,N/A,,,,SPIAMSENS
2026-05-01,AUS_DEV,SIAX COMPUTING SOLUTIONS,,Partner,Enabled,,Cyber Protection,Per workload,Endpoints protected with EDR,,,Unlimited,3,0,0,0,3,0,N/A,N/A,,,,SRIAMSENS
2026-05-01,AUS_DEV,SIAX COMPUTING SOLUTIONS,,Partner,Enabled,,Cyber Protection,Per workload,Cloud Storage (abgw-syd1-acs2.acronis.com) used - Class 2,Acronis Cloud,GB,Unlimited,56967.98,2590.96,0.00,0.00,56967.98,2590.96,N/A,N/A,,acronis,,SPDAMSENS
2026-05-01,AUS_DEV,SIAX COMPUTING SOLUTIONS,,Partner,Enabled,,Cyber Protection,Per workload,Microsoft 365 Seats protected (Acronis Storage G1),Acronis Cloud,,Unlimited,0,-6,0,0,0,-6,N/A,N/A,,acronis,,SRJAMSENS
2026-05-01,AUS_DEV,SIAX COMPUTING SOLUTIONS,,Partner,Enabled,,Cyber Protection,Per workload,Microsoft 365 Shared seats protected,,,Unlimited,0,-2,0,0,0,-2,N/A,N/A,,,,SPDCMSENS
2026-05-01,AUS_DEV,Williams Technology Pty Ltd,,Partner,Enabled,,Cyber Protection,Per workload,Servers protected,,,Unlimited,9,0,0,0,9,0,N/A,N/A,,,,SPEAMSENS
2026-05-01,AUS_DEV,Williams Technology Pty Ltd,,Partner,Enabled,,Cyber Protection,Per workload,VMs protected,,,Unlimited,52,-1,0,0,52,-1,N/A,N/A,,,,SPFAMSENS
2026-05-01,AUS_DEV,Williams Technology Pty Ltd,,Partner,Enabled,,Cyber Protection,Per workload,Web Hosting Servers protected,,,1,1,0,0,0,1,0,N/A,N/A,,,,SQ7AMSENS
2026-05-01,AUS_DEV,NEO TECHNOLOGIES CONSULTING PTY LTD,,Partner,Enabled,,Cyber Protection,Per workload,Workstations protected,,,Unlimited,0,-1,0,0,0,-1,N/A,N/A,,,,SPGAMSENS
2026-05-01,AUS_DEV,NEO TECHNOLOGIES CONSULTING PTY LTD,,Partner,Enabled,,Cyber Protection,Per workload,Servers protected,,,Unlimited,0,-8,0,0,0,-8,N/A,N/A,,,,SPEAMSENS
2026-05-01,AUS_DEV,NEO TECHNOLOGIES CONSULTING PTY LTD,,Partner,Enabled,,Sync & Share,File Sync & Share (per user),Users,,,Unlimited,0,-7,0,0,0,-7,N/A,N/A,,,,SPIAMSENS
2026-05-01,AUS_DEV,NEO TECHNOLOGIES CONSULTING PTY LTD,,Partner,Enabled,,Cyber Protection,Per workload,Cloud Storage (abgw-syd1-acs2.acronis.com) used - Class 2,Acronis Cloud,GB,Unlimited,0.00,-10375.09,0.00,0.00,0.00,-10375.09,N/A,N/A,,acronis,,SPDAMSENS
2026-05-01,AUS_DEV,NEO TECHNOLOGIES CONSULTING PTY LTD,,Partner,Enabled,,Cyber Protection,Per workload,Microsoft 365 Seats protected (Acronis Storage G1),Acronis Cloud,,Unlimited,0,-79,0,0,0,-79,N/A,N/A,,acronis,,SRJAMSENS
2026-05-01,AUS_DEV,NEO TECHNOLOGIES CONSULTING PTY LTD,,Partner,Enabled,,Cyber Protection,Per workload,Microsoft 365 Shared seats protected,,,Unlimited,0,-17,0,0,0,-17,N/A,N/A,,,,SPDCMSENS
2026-05-01,AUS_DEV,Tech4Biz,,Partner,Enabled,,Cyber Protection,Per workload,Workstations protected,,,Unlimited,269,2,0,-2,269,0,N/A,N/A,,,,SPGAMSENS
2026-05-01,AUS_DEV,Tech4Biz,,Partner,Enabled,,Cyber Protection,Per workload,VMs protected,,,Unlimited,2,1,0,0,2,1,N/A,N/A,,,,SPFAMSENS
2026-05-01,AUS_DEV,Tech4Biz,,Partner,Enabled,,Cyber Protection,Per workload,RMM,,,Unlimited,11,0,0,0,11,0,N/A,N/A,,,,SRHAMSENS
2026-05-01,AUS_DEV,Tech4Biz,,Partner,Enabled,,Cyber Protection,Per workload,Endpoints protected with EDR,,,Unlimited,5,0,0,0,5,0,N/A,N/A,,,,SRIAMSENS
2026-05-01,AUS_DEV,Tech4Biz,,Partner,Enabled,,Cyber Protection,Per workload,Cloud Storage (abgw-syd1-acs2.acronis.com) used - Class 2,Acronis Cloud,GB,Unlimited,91682.00,1140.64,0.00,-220.12,91682.00,920.52,N/A,N/A,,acronis,,SPDAMSENS
2026-05-01,AUS_DEV,Tech4Biz,,Partner,Enabled,,Cyber Protection,Per workload,Microsoft 365 Seats protected (Acronis Storage G1),Acronis Cloud,,Unlimited,533,19,0,-2,533,17,N/A,N/A,,acronis,,SRJAMSENS
2026-05-01,AUS_DEV,Tech4Biz,,Partner,Enabled,,Cyber Protection,Per workload,Data Loss Prevention workloads protected,,,Unlimited,5,-1,0,0,5,-1,N/A,N/A,,,,SRI5MSENS
2026-05-01,AUS_DEV,Tech4Biz,,Partner,Enabled,,Cyber Protection,Per workload,Microsoft 365 Shared seats protected,,,Unlimited,275,16,0,0,275,16,N/A,N/A,,,,SPDCMSENS
2026-05-01,AUS_DEV,Tech4Biz,,Partner,Enabled,,Cyber Protection,Per workload,Microsoft 365 Seats protected (Local Storage),,,Unlimited,3,0,0,0,3,0,N/A,N/A,,,,SRAAMSENS
2026-05-01,AUS_DEV,Chris Humphrey Office National,,Partner,Enabled,,Cyber Protection,Per workload,Workstations protected,,,Unlimited,8,1,0,-1,8,0,N/A,N/A,,,,SPGAMSENS
2026-05-01,AUS_DEV,Chris Humphrey Office National,,Partner,Enabled,,Cyber Protection,Per workload,Workstations protected (included features),,,Unlimited,22,0,0,0,22,0,N/A,N/A,,,,SPDCMSENS
2026-05-01,AUS_DEV,Chris Humphrey Office National,,Partner,Enabled,,Cyber Protection,Per workload,Servers protected,,,Unlimited,10,0,0,0,10,0,N/A,N/A,,,,SPEAMSENS
2026-05-01,AUS_DEV,Chris Humphrey Office National,,Partner,Enabled,,Cyber Protection,Per workload,Servers protected (included features),,,Unlimited,7,0,0,0,7,0,N/A,N/A,,,,SPDCMSENS
2026-05-01,AUS_DEV,Chris Humphrey Office National,,Partner,Enabled,,Cyber Protection,Per workload,VMs protected,,,Unlimited,41,0,0,0,41,0,N/A,N/A,,,,SPFAMSENS
2026-05-01,AUS_DEV,Chris Humphrey Office National,,Partner,Enabled,,Cyber Protection,Per workload,VMs (included features) protected,,,Unlimited,11,0,0,0,11,0,N/A,N/A,,,,SPDCMSENS
2026-05-01,AUS_DEV,Chris Humphrey Office National,,Partner,Enabled,,Sync & Share,File Sync & Share (per user),Users,,,Unlimited,3,1,0,-1,3,0,N/A,N/A,,,,SPIAMSENS
2026-05-01,AUS_DEV,Chris Humphrey Office National,,Partner,Enabled,,Cyber Protection,Per workload,RMM,,,Unlimited,51,0,0,0,51,0,N/A,N/A,,,,SRHAMSENS
2026-05-01,AUS_DEV,Chris Humphrey Office National,,Partner,Enabled,,Cyber Protection,Per workload,Cloud Storage (abgw-syd1-acs2.acronis.com) used - Class 2,Acronis Cloud,GB,Unlimited,31879.75,363.74,0.00,0.00,31879.75,363.74,N/A,N/A,,acronis,,SPDAMSENS
2026-05-01,AUS_DEV,Chris Humphrey Office National,,Partner,Enabled,,Cyber Protection,Per workload,Disaster Recovery storage used,Acronis Cloud,GB,Unlimited,5401.99,134.93,0.00,0.00,5401.99,134.93,N/A,N/A,,acronis,,SVEAMSENS
2026-05-01,AUS_DEV,Chris Humphrey Office National,,Partner,Enabled,,Cyber Protection,Per workload,Disaster Recovery compute points,Acronis Cloud,,Unlimited,34.80,34.80,0.00,0.00,34.80,34.80,N/A,N/A,,acronis,,SQYAMSENS
2026-05-01,AUS_DEV,Chris Humphrey Office National,,Partner,Enabled,,Cyber Protection,Per workload,Microsoft 365 Seats protected (Acronis Storage G1),Acronis Cloud,,Unlimited,35,12,0,0,35,12,N/A,N/A,,acronis,,SRJAMSENS
2026-05-01,AUS_DEV,Chris Humphrey Office National,,Partner,Enabled,,Cyber Protection,Per workload,Microsoft 365 Shared seats protected,,,Unlimited,4,0,0,0,4,0,N/A,N/A,,,,SPDCMSENS
2026-05-01,AUS_DEV,Enterprise Business IT Solutions Pty Ltd,,Partner,Enabled,,Cyber Protection,Per workload,Servers protected,,,Unlimited,1,0,0,0,1,0,N/A,N/A,,,,SPEAMSENS
2026-05-01,AUS_DEV,Enterprise Business IT Solutions Pty Ltd,,Partner,Enabled,,Cyber Protection,Per workload,VMs protected,,,Unlimited,3,0,0,0,3,0,N/A,N/A,,,,SPFAMSENS
2026-05-01,AUS_DEV,Enterprise Business IT Solutions Pty Ltd,,Partner,Enabled,,Cyber Protection,Per workload,Cloud Storage (abgw-syd1-acs2.acronis.com) used - Class 2,Acronis Cloud,GB,Unlimited,3513.03,-17.96,0.00,0.00,3513.03,-17.96,N/A,N/A,,acronis,,SPDAMSENS
2026-05-01,AUS_DEV,Medic Cloud,,Partner,Enabled,,Cyber Protection,Per workload,Workstations protected,,,Unlimited,3,-1,0,0,3,-1,N/A,N/A,,,,SPGAMSENS
2026-05-01,AUS_DEV,Medic Cloud,,Partner,Enabled,,Cyber Protection,Per workload,Servers protected,,,Unlimited,2,0,0,0,2,0,N/A,N/A,,,,SPEAMSENS
2026-05-01,AUS_DEV,Medic Cloud,,Partner,Enabled,,Cyber Protection,Per workload,VMs protected,,,Unlimited,6,0,0,0,6,0,N/A,N/A,,,,SPFAMSENS
2026-05-01,AUS_DEV,Medic Cloud,,Partner,Enabled,,Cyber Protection,Per workload,Cloud Storage (abgw-syd1-acs2.acronis.com) used - Class 2,Acronis Cloud,GB,Unlimited,3792.19,-1080.01,0.00,0.00,3792.19,-1080.01,N/A,N/A,,acronis,,SPDAMSENS
2026-05-01,AUS_DEV,Skynet Broadband Pty Ltd,,Partner,Enabled,,Cyber Protection,Per workload,Workstations protected,,,Unlimited,1,0,0,0,1,0,N/A,N/A,,,,SPGAMSENS
2026-05-01,AUS_DEV,Skynet Broadband Pty Ltd,,Partner,Enabled,,Cyber Protection,Per workload,Servers protected,,,Unlimited,2,0,0,0,2,0,N/A,N/A,,,,SPEAMSENS
2026-05-01,AUS_DEV,Skynet Broadband Pty Ltd,,Partner,Enabled,,Cyber Protection,Per workload,Servers protected (included features),,,Unlimited,2,0,0,0,2,0,N/A,N/A,,,,SPDCMSENS
2026-05-01,AUS_DEV,Skynet Broadband Pty Ltd,,Partner,Enabled,,Cyber Protection,Per workload,VMs protected,,,Unlimited,76,0,0,0,76,0,N/A,N/A,,,,SPFAMSENS
2026-05-01,AUS_DEV,Skynet Broadband Pty Ltd,,Partner,Enabled,,Cyber Protection,Per workload,VMs (included features) protected,,,Unlimited,8,0,0,0,8,0,N/A,N/A,,,,SPDCMSENS
2026-05-01,AUS_DEV,Skynet Broadband Pty Ltd,,Partner,Enabled,,Sync & Share,File Sync & Share (per user),Users,,,Unlimited,12,0,0,0,12,0,N/A,N/A,,,,SPIAMSENS
2026-05-01,AUS_DEV,Skynet Broadband Pty Ltd,,Partner,Enabled,,Cyber Protection,Per workload,RMM,,,Unlimited,14,0,0,0,14,0,N/A,N/A,,,,SRHAMSENS
2026-05-01,AUS_DEV,Skynet Broadband Pty Ltd,,Partner,Enabled,,Cyber Protection,Per workload,Endpoints protected with EDR,,,Unlimited,1,0,0,0,1,0,N/A,N/A,,,,SRIAMSENS
2026-05-01,AUS_DEV,Skynet Broadband Pty Ltd,,Partner,Enabled,,Cyber Protection,Per workload,Cloud Storage (abgw-syd1-acs2.acronis.com) used - Class 2,Acronis Cloud,GB,Unlimited,53398.84,6764.62,0.00,0.00,53398.84,6764.62,N/A,N/A,,acronis,,SPDAMSENS
2026-05-01,AUS_DEV,Skynet Broadband Pty Ltd,,Partner,Enabled,,Cyber Protection,Per workload,Microsoft 365 Seats protected (Acronis Storage G1),Acronis Cloud,,Unlimited,319,-63,0,0,319,-63,N/A,N/A,,acronis,,SRJAMSENS
2026-05-01,AUS_DEV,Skynet Broadband Pty Ltd,,Partner,Enabled,,Cyber Protection,Per workload,Microsoft 365 Shared seats protected,,,Unlimited,221,0,0,0,221,0,N/A,N/A,,,,SPDCMSENS
2026-05-01,AUS_DEV,Trimble Networks Pty Ltd,,Partner,Enabled,,Cyber Protection,Per workload,VMs protected,,,Unlimited,39,-2,0,0,39,-2,N/A,N/A,,,,SPFAMSENS
2026-05-01,AUS_DEV,Trimble Networks Pty Ltd,,Partner,Enabled,,Cyber Protection,Per workload,Cloud Storage (abgw-syd1-acs2.acronis.com) used - Class 2,Acronis Cloud,GB,Unlimited,21273.27,-1194.70,0.00,0.00,21273.27,-1194.70,N/A,N/A,,acronis,,SPDAMSENS
2026-05-01,AUS_DEV,Trimble Networks Pty Ltd,,Partner,Enabled,,Cyber Protection,Per workload,Disaster Recovery storage used,Acronis Cloud,GB,Unlimited,25271.91,-1295.32,0.00,0.00,25271.91,-1295.32,N/A,N/A,,acronis,,SVEAMSENS
2026-05-01,AUS_DEV,Trimble Networks Pty Ltd,,Partner,Enabled,,Cyber Protection,Per workload,Disaster Recovery public IP addresses,Acronis Cloud,,Unlimited,2,-1,0,0,2,-1,N/A,N/A,,acronis,,SEDAMSENS
2026-05-01,AUS_DEV,Trimble Networks Pty Ltd,,Partner,Enabled,,Cyber Protection,Per workload,Disaster Recovery compute points,Acronis Cloud,,Unlimited,104.53,104.53,0.00,0.00,104.53,104.53,N/A,N/A,,acronis,,SQYAMSENS
2026-05-01,AUS_DEV,Trimble Networks Pty Ltd,,Partner,Enabled,,Cyber Protection,Per workload,Cloud Storage (abgw-syd2-acs01.acronis.com:44445) used - Class 2,Acronis Cloud,GB,Unlimited,3962.53,-150.31,0.00,0.00,3962.53,-150.31,N/A,N/A,,acronis,,SPDAMSENS
2026-05-01,AUS_DEV,NXT IT Solutions,,Partner,Enabled,,Cyber Protection,Per workload,Workstations protected,,,Unlimited,1,0,0,0,1,0,N/A,N/A,,,,SPGAMSENS
2026-05-01,AUS_DEV,NXT IT Solutions,,Partner,Enabled,,Cyber Protection,Per workload,Servers protected,,,Unlimited,1,-2,0,0,1,-2,N/A,N/A,,,,SPEAMSENS
2026-05-01,AUS_DEV,NXT IT Solutions,,Partner,Enabled,,Cyber Protection,Per workload,VMs protected,,,Unlimited,66,-8,0,0,66,-8,N/A,N/A,,,,SPFAMSENS
2026-05-01,AUS_DEV,NXT IT Solutions,,Partner,Enabled,,Sync & Share,File Sync & Share (per user),Users,,,Unlimited,45,0,0,-2,45,-2,N/A,N/A,,,,SPIAMSENS
2026-05-01,AUS_DEV,NXT IT Solutions,,Partner,Enabled,,Cyber Protection,Per workload,Direct Backup to Public Cloud VMs protected,,,Unlimited,0,-4,0,0,0,-4,N/A,N/A,,,,SREUMSENS
2026-05-01,AUS_DEV,NXT IT Solutions,,Partner,Enabled,,Cyber Protection,Per workload,Cloud Storage (abgw-syd1-acs2.acronis.com) used - Class 2,Acronis Cloud,GB,Unlimited,33689.28,1189.05,0.00,0.00,33689.28,1189.05,N/A,N/A,,acronis,,SPDAMSENS
2026-05-01,AUS_DEV,NXT IT Solutions,,Partner,Enabled,,Cyber Protection,Per workload,Email and Collaboration Security mailboxes protected,,,Unlimited,848,10,0,-3,848,7,N/A,N/A,,,,SO4AMSENS
2026-05-01,AUS_DEV,NXT IT Solutions,,Partner,Enabled,,Cyber Protection,Per workload,Disaster Recovery storage used,Acronis Cloud,GB,Unlimited,1666.58,21.76,0.00,0.00,1666.58,21.76,N/A,N/A,,acronis,,SVEAMSENS
2026-05-01,AUS_DEV,Myriad Technologies Services Pty Ltd,,Partner,Enabled,,Cyber Protection,Per workload,Workstations protected,,,Unlimited,3,0,0,0,3,0,N/A,N/A,,,,SPGAMSENS
2026-05-01,AUS_DEV,Myriad Technologies Services Pty Ltd,,Partner,Enabled,,Cyber Protection,Per workload,Servers protected,,,Unlimited,7,0,0,0,7,0,N/A,N/A,,,,SPEAMSENS
2026-05-01,AUS_DEV,Myriad Technologies Services Pty Ltd,,Partner,Enabled,,Cyber Protection,Per workload,VMs protected,,,Unlimited,37,0,0,0,37,0,N/A,N/A,,,,SPFAMSENS
2026-05-01,AUS_DEV,Myriad Technologies Services Pty Ltd,,Partner,Enabled,,Sync & Share,File Sync & Share (per user),Users,,,Unlimited,9,0,0,0,9,0,N/A,N/A,,,,SPIAMSENS
2026-05-01,AUS_DEV,Myriad Technologies Services Pty Ltd,,Partner,Enabled,,Advanced Automation,,PSA seats,,,Unlimited,4,0,0,0,4,0,N/A,N/A,,,,SQACMSENS
2026-05-01,AUS_DEV,Myriad Technologies Services Pty Ltd,,Partner,Enabled,,Cyber Protection,Per workload,Cloud Storage (abgw-syd2-acs01.acronis.com:44445) used - Class 2,Acronis Cloud,GB,Unlimited,33750.19,780.92,0.00,0.00,33750.19,780.92,N/A,N/A,,acronis,,SPDAMSENS
2026-05-01,CAN_DEV,Advanced Systems,,Partner,Enabled,,Cyber Protection,Per workload,Workstations protected,,,Unlimited,63,-2,0,0,63,-2,N/A,N/A,,,,SPGAMSENS
2026-05-01,CAN_DEV,Advanced Systems,,Partner,Enabled,,Cyber Protection,Per workload,Servers protected,,,Unlimited,5,0,1,1,6,1,N/A,N/A,,,,SPEAMSENS
2026-05-01,CAN_DEV,Advanced Systems,,Partner,Enabled,,Cyber Protection,Per workload,VMs protected,,,Unlimited,117,-2,0,0,117,-2,N/A,N/A,,,,SPFAMSENS
2026-05-01,CAN_DEV,Advanced Systems,,Partner,Enabled,,Cyber Protection,Per workload,Cloud Storage (abgw-yvr1-aci01.acronis.com:44445) used - Class 2,Acronis Cloud,GB,Unlimited,80775.07,-1205.32,105.98,105.98,80881.05,-1099.34,N/A,N/A,,acronis,,SPDAMSENS
2026-05-01,CAN_DEV,Armagh Cash Register Ltd,,Partner,Enabled,,Cyber Protection,Per workload,Workstations protected,,,Unlimited,68,1,0,0,68,1,N/A,N/A,,,,SPGAMSENS
2026-05-01,CAN_DEV,Armagh Cash Register Ltd,,Partner,Enabled,,Cyber Protection,Per workload,Servers protected,,,Unlimited,1,0,0,0,1,0,N/A,N/A,,,,SPEAMSENS
2026-05-01,CAN_DEV,Armagh Cash Register Ltd,,Partner,Enabled,,Cyber Protection,Per workload,VMs protected,,,Unlimited,4,0,0,0,4,0,N/A,N/A,,,,SPFAMSENS
2026-05-01,CAN_DEV,Armagh Cash Register Ltd,,Partner,Enabled,,Cyber Protection,Per workload,Cloud Storage (abgw-yvr1-aci01.acronis.com:44445) used - Class 2,Acronis Cloud,GB,Unlimited,2090.00,72.79,0.00,0.00,2090.00,72.79,N/A,N/A,,acronis,,SPDAMSENS
2026-05-01,CAN_DEV,IDFS,,Partner,Enabled,,Cyber Protection,Per workload,Workstations protected,,,Unlimited,31,-1,0,0,31,-1,N/A,N/A,,,,SPGAMSENS
2026-05-01,CAN_DEV,IDFS,,Partner,Enabled,,Cyber Protection,Per workload,Servers protected,,,Unlimited,9,0,0,0,9,0,N/A,N/A,,,,SPEAMSENS
2026-05-01,CAN_DEV,IDFS,,Partner,Enabled,,Cyber Protection,Per workload,VMs protected,,,Unlimited,2,0,0,0,2,0,N/A,N/A,,,,SPFAMSENS
2026-05-01,CAN_DEV,IDFS,,Partner,Enabled,,Sync & Share,File Sync & Share (per user),Users,,,Unlimited,3,0,0,0,3,0,N/A,N/A,,,,SPIAMSENS
2026-05-01,CAN_DEV,IDFS,,Partner,Enabled,,Cyber Protection,,Local Storage Per gigabyte,,GB,Unlimited,226.96,57.63,0.00,0.00,226.96,57.63,N/A,N/A,,,,SP4BMSENS
2026-05-01,CAN_DEV,IDFS,,Partner,Enabled,,Cyber Protection,Per gigabyte,Cloud Storage (abgw-yvr1-aci01.acronis.com:44445) used - Class 2,Acronis Cloud,GB,Unlimited,321.85,60.89,0.00,0.00,321.85,60.89,N/A,N/A,,acronis,,SPBAMSENS
2026-05-01,CAN_DEV,IDFS,,Partner,Enabled,,Cyber Protection,Per workload,Cloud Storage (abgw-yvr1-aci01.acronis.com:44445) used - Class 2,Acronis Cloud,GB,Unlimited,20030.62,39.40,0.00,0.00,20030.62,39.40,N/A,N/A,,acronis,,SPDAMSENS
2026-05-01,CAN_DEV,IDFS,,Partner,Enabled,,Cyber Protection,Per workload,Microsoft 365 Seats protected (Acronis Storage G1),Acronis Cloud,,Unlimited,6,-2,0,0,6,-2,N/A,N/A,,acronis,,SRJAMSENS
2026-05-01,CAN_DEV,Semsoft,,Partner,Enabled,,Cyber Protection,Per workload,VMs protected,,,Unlimited,34,0,0,0,34,0,N/A,N/A,,,,SPFAMSENS
2026-05-01,CAN_DEV,Semsoft,,Partner,Enabled,,Sync & Share,File Sync & Share (per user),Users,,,Unlimited,1,0,0,0,1,0,N/A,N/A,,,,SPIAMSENS
2026-05-01,CAN_DEV,Semsoft,,Partner,Enabled,,Cyber Protection,Per workload,Cloud Storage (abgw-yvr1-aci01.acronis.com:44445) used - Class 2,Acronis Cloud,GB,Unlimited,18394.07,702.58,0.00,0.00,18394.07,702.58,N/A,N/A,,acronis,,SPDAMSENS
2026-05-01,CAN_DEV,Semsoft,,Partner,Enabled,,Cyber Protection,Per workload,Microsoft 365 Seats protected (Acronis Storage G1),Acronis Cloud,,Unlimited,384,1,0,0,384,1,N/A,N/A,,acronis,,SRJAMSENS
2026-05-01,CAN_DEV,Semsoft,,Partner,Enabled,,Cyber Protection,Per workload,Microsoft 365 Shared seats protected,,,Unlimited,46,0,0,0,46,0,N/A,N/A,,,,SPDCMSENS
2026-05-01,CAN_DEV,Semsoft,,Partner,Enabled,,Cyber Protection,Per workload,Google Workspace seats protected (Acronis Storage G1),Acronis Cloud,,Unlimited,8,-4,0,0,8,-4,N/A,N/A,,acronis,,SQ8AMSENS
2026-05-01,CAN_DEV,Intricate Networks,,Partner,Enabled,,Cyber Protection,Per workload,Workstations protected,,,Unlimited,7,0,0,0,7,0,N/A,N/A,,,,SPGAMSENS
2026-05-01,CAN_DEV,Intricate Networks,,Partner,Enabled,,Cyber Protection,Per workload,VMs protected,,,Unlimited,17,0,0,0,17,0,N/A,N/A,,,,SPFAMSENS
2026-05-01,CAN_DEV,Intricate Networks,,Partner,Enabled,,Sync & Share,File Sync & Share (per user),Users,,,Unlimited,1,0,0,0,1,0,N/A,N/A,,,,SPIAMSENS
2026-05-01,CAN_DEV,Intricate Networks,,Partner,Enabled,,Cyber Protection,Per workload,Cloud Storage (abgw-yvr1-aci01.acronis.com:44445) used - Class 2,Acronis Cloud,GB,Unlimited,1382.89,30.51,0.00,0.00,1382.89,30.51,N/A,N/A,,acronis,,SPDAMSENS
2026-05-01,CAN_DEV,Cattle Tech Inc,,Partner,Enabled,,Cyber Protection,Per workload,Workstations protected,,,Unlimited,20,0,0,0,20,0,N/A,N/A,,,,SPGAMSENS
2026-05-01,CAN_DEV,Cattle Tech Inc,,Partner,Enabled,,Cyber Protection,Per workload,Servers protected,,,Unlimited,2,0,1,1,3,1,N/A,N/A,,,,SPEAMSENS
2026-05-01,CAN_DEV,Cattle Tech Inc,,Partner,Enabled,,Cyber Protection,Per workload,Cloud Storage (abgw-yvr1-aci01.acronis.com:44445) used - Class 2,Acronis Cloud,GB,Unlimited,5850.68,85.16,3.53,3.53,5854.21,88.69,N/A,N/A,,acronis,,SPDAMSENS
2026-05-01,CAN_DEV,"Circle Technologies, Ltd",,Partner,Enabled,,Cyber Protection,Per workload,Workstations protected,,,Unlimited,2,0,0,0,2,0,N/A,N/A,,,,SPGAMSENS
2026-05-01,CAN_DEV,"Circle Technologies, Ltd",,Partner,Enabled,,Cyber Protection,Per workload,VMs protected,,,Unlimited,6,0,0,0,6,0,N/A,N/A,,,,SPFAMSENS
2026-05-01,CAN_DEV,"Circle Technologies, Ltd",,Partner,Enabled,,Sync & Share,File Sync & Share (per user),Users,,,Unlimited,2,0,0,0,2,0,N/A,N/A,,,,SPIAMSENS
2026-05-01,CAN_DEV,"Circle Technologies, Ltd",,Partner,Enabled,,Cyber Protection,Per workload,Cloud Storage (abgw-yvr1-aci01.acronis.com:44445) used - Class 2,Acronis Cloud,GB,Unlimited,5583.52,-2029.98,0.00,0.00,5583.52,-2029.98,N/A,N/A,,acronis,,SPDAMSENS
2026-05-01,CAN_DEV,ScotiaComp Technologies,,Partner,Enabled,,Cyber Protection,Per workload,Workstations protected,,,Unlimited,47,-8,0,0,47,-8,N/A,N/A,,,,SPGAMSENS
2026-05-01,CAN_DEV,ScotiaComp Technologies,,Partner,Enabled,,Cyber Protection,Per workload,Servers protected,,,Unlimited,2,-1,0,0,2,-1,N/A,N/A,,,,SPEAMSENS
2026-05-01,CAN_DEV,ScotiaComp Technologies,,Partner,Enabled,,Cyber Protection,Per workload,VMs protected,,,Unlimited,0,-2,0,0,0,-2,N/A,N/A,,,,SPFAMSENS
2026-05-01,CAN_DEV,ScotiaComp Technologies,,Partner,Enabled,,Sync & Share,File Sync & Share (per user),Users,,,Unlimited,9,-1,0,0,9,-1,N/A,N/A,,,,SPIAMSENS
2026-05-01,CAN_DEV,ScotiaComp Technologies,,Partner,Enabled,,Cyber Protection,Per workload,RMM,,,Unlimited,0,-3,0,0,0,-3,N/A,N/A,,,,SRHAMSENS
2026-05-01,CAN_DEV,ScotiaComp Technologies,,Partner,Enabled,,Cyber Protection,Per workload,Cloud Storage (abgw-yvr1-aci01.acronis.com:44445) used - Class 2,Acronis Cloud,GB,Unlimited,42468.83,-3266.52,0.00,0.00,42468.83,-3266.52,N/A,N/A,,acronis,,SPDAMSENS
2026-05-01,EU8_Master,Adfranse Automatisering B V,,Partner,Enabled,,Cyber Protection,Per workload,Workstations protected,,,Unlimited,1,0,0,0,1,0,N/A,N/A,,,,SPGAMSENS
2026-05-01,EU8_Master,Adfranse Automatisering B V,,Partner,Enabled,,Cyber Protection,Per workload,Servers protected,,,Unlimited,2,0,0,0,2,0,N/A,N/A,,,,SPEAMSENS
2026-05-01,EU8_Master,Adfranse Automatisering B V,,Partner,Enabled,,Cyber Protection,Per workload,VMs protected,,,Unlimited,4,0,0,0,4,0,N/A,N/A,,,,SPFAMSENS
2026-05-01,EU8_Master,Adfranse Automatisering B V,,Partner,Enabled,,Sync & Share,File Sync & Share (per user),Users,,,Unlimited,4,0,0,0,4,0,N/A,N/A,,,,SPIAMSENS
2026-05-01,EU8_Master,Adfranse Automatisering B V,,Partner,Enabled,,Cyber Protection,Per workload,RMM,,,Unlimited,1,0,0,0,1,0,N/A,N/A,,,,SRHAMSENS
2026-05-01,EU8_Master,Adfranse Automatisering B V,,Partner,Enabled,,Cyber Protection,Per workload,Endpoints protected with EDR,,,Unlimited,1,0,0,0,1,0,N/A,N/A,,,,SRIAMSENS
2026-05-01,EU8_Master,Adfranse Automatisering B V,,Partner,Enabled,,Cyber Protection,Per workload,Cloud Storage (abgw-fra2-arp1-r05.acronis.com) used - Class 2,Acronis Cloud,GB,Unlimited,667.40,12.37,0.00,0.00,667.40,12.37,N/A,N/A,,acronis,,SPDAMSENS
2026-05-01,EU8_Master,Adfranse Automatisering B V,,Partner,Enabled,,Cyber Protection,Per workload,Microsoft 365 Seats protected (Acronis Storage G1),Acronis Cloud,,Unlimited,9,0,0,0,9,0,N/A,N/A,,acronis,,SRJAMSENS
2026-05-01,EU8_Master,Adfranse Automatisering B V,,Partner,Enabled,,Cyber Protection,Per workload,Microsoft 365 Shared seats protected,,,Unlimited,2,0,0,0,2,0,N/A,N/A,,,,SPDCMSENS
2026-05-01,EU8_Master,BEAR BYTE GmbH,,Partner,Enabled,,Cyber Protection,Per workload,Workstations protected,,,Unlimited,58,7,0,0,58,7,N/A,N/A,,,,SPGAMSENS
2026-05-01,EU8_Master,BEAR BYTE GmbH,,Partner,Enabled,,Cyber Protection,Per workload,Servers protected,,,Unlimited,3,0,0,0,3,0,N/A,N/A,,,,SPEAMSENS
2026-05-01,EU8_Master,BEAR BYTE GmbH,,Partner,Enabled,,Cyber Protection,Per workload,VMs protected,,,Unlimited,5,1,0,0,5,1,N/A,N/A,,,,SPFAMSENS
2026-05-01,EU8_Master,BEAR BYTE GmbH,,Partner,Enabled,,Cyber Protection,Per workload,Cloud Storage (abgw-fra2-arp1-r05.acronis.com) used - Class 2,Acronis Cloud,GB,Unlimited,9918.34,-2999.90,0.00,0.00,9918.34,-2999.90,N/A,N/A,,acronis,,SPDAMSENS
2026-05-01,EU8_Master,BEAR BYTE GmbH,,Partner,Enabled,,Cyber Protection,Per workload,Disaster Recovery storage used,Acronis Cloud,GB,Unlimited,519.14,10.81,0.00,0.00,519.14,10.81,N/A,N/A,,acronis,,SVEAMSENS
2026-05-01,EU8_Master,BEAR BYTE GmbH,,Partner,Enabled,,Cyber Protection,Per workload,Email and Collaboration Security mailboxes protected,,,Unlimited,77,0,0,0,77,0,N/A,N/A,,,,SO4AMSENS
2026-05-01,EU8_Master,BEAR BYTE GmbH,,Partner,Enabled,,Cyber Protection,Per workload,Microsoft 365 Seats protected (Acronis Storage G1),Acronis Cloud,,Unlimited,91,-5,0,0,91,-5,N/A,N/A,,acronis,,SRJAMSENS
2026-05-01,EU8_Master,BEAR BYTE GmbH,,Partner,Enabled,,Cyber Protection,Per workload,Microsoft 365 Shared seats protected,,,Unlimited,105,0,0,0,105,0,N/A,N/A,,,,SPDCMSENS
2026-05-01,EU8_Master,BEAR BYTE GmbH,,Partner,Enabled,,Cyber Protection,Per workload,Google Workspace seats protected (Acronis Storage G1),Acronis Cloud,,Unlimited,5,0,0,0,5,0,N/A,N/A,,acronis,,SQ8AMSENS
2026-05-01,EU8_Master,BEAR BYTE GmbH,,Partner,Enabled,,Cyber Protection,Per workload,Email and Collaboration Security users protected,,,Unlimited,76,-9,0,0,76,-9,N/A,N/A,,,,SO6AMSENS
2026-05-01,EU8_Master,BEAR BYTE GmbH,,Partner,Enabled,,Cyber Protection,Per workload,Microsoft 365 Seats archived (Acronis Storage G1),Acronis Cloud,,Unlimited,70,-3,0,0,70,-3,N/A,N/A,,acronis,,SHJAMSENS
2026-05-01,EU8_Master,Veerman ICT Services BV,,Partner,Enabled,,Cyber Protection,Per workload,Workstations protected,,,Unlimited,14,1,0,0,14,1,N/A,N/A,,,,SPGAMSENS
2026-05-01,EU8_Master,Veerman ICT Services BV,,Partner,Enabled,,Cyber Protection,Per workload,Workstations protected (included features),,,Unlimited,58,0,0,0,58,0,N/A,N/A,,,,SPDCMSENS
2026-05-01,EU8_Master,Veerman ICT Services BV,,Partner,Enabled,,Cyber Protection,Per workload,Servers protected,,,Unlimited,5,0,0,0,5,0,N/A,N/A,,,,SPEAMSENS
2026-05-01,EU8_Master,Veerman ICT Services BV,,Partner,Enabled,,Cyber Protection,Per workload,Servers protected (included features),,,Unlimited,2,0,0,0,2,0,N/A,N/A,,,,SPDCMSENS
2026-05-01,EU8_Master,Veerman ICT Services BV,,Partner,Enabled,,Cyber Protection,Per workload,VMs protected,,,Unlimited,179,-4,0,0,179,-4,N/A,N/A,,,,SPFAMSENS
2026-05-01,EU8_Master,Veerman ICT Services BV,,Partner,Enabled,,Cyber Protection,Per workload,VMs (included features) protected,,,Unlimited,4,0,0,0,4,0,N/A,N/A,,,,SPDCMSENS
2026-05-01,EU8_Master,Veerman ICT Services BV,,Partner,Enabled,,Sync & Share,File Sync & Share (per user),Users,,,Unlimited,8,2,0,0,8,2,N/A,N/A,,,,SPIAMSENS
2026-05-01,EU8_Master,Veerman ICT Services BV,,Partner,Enabled,,Cyber Protection,Per workload,Endpoints protected with EDR,,,Unlimited,138,0,0,0,138,0,N/A,N/A,,,,SRIAMSENS
2026-05-01,EU8_Master,Veerman ICT Services BV,,Partner,Enabled,,Cyber Protection,Per gigabyte,Cloud Storage (abgw-fra2-arp1-r05.acronis.com) used - Class 2,Acronis Cloud,GB,Unlimited,2138.30,-3.06,0.00,0.00,2138.30,-3.06,N/A,N/A,,acronis,,SPBAMSENS
2026-05-01,EU8_Master,Veerman ICT Services BV,,Partner,Enabled,,Cyber Protection,Per workload,Cloud Storage (abgw-fra2-arp1-r05.acronis.com) used - Class 2,Acronis Cloud,GB,Unlimited,68973.12,-10535.82,0.00,0.00,68973.12,-10535.82,N/A,N/A,,acronis,,SPDAMSENS
2026-05-01,EU8_Master,Veerman ICT Services BV,,Partner,Enabled,,Cyber Protection,Per workload,Microsoft 365 Seats protected (Acronis Storage G1),Acronis Cloud,,Unlimited,2500,-7,0,0,2500,-7,N/A,N/A,,acronis,,SRJAMSENS
2026-05-01,EU8_Master,Veerman ICT Services BV,,Partner,Enabled,,Cyber Protection,Per gigabyte,Microsoft 365 Shared seats protected,,,Unlimited,1,0,0,0,1,0,N/A,N/A,,,,SPDCMSENS
2026-05-01,EU8_Master,Veerman ICT Services BV,,Partner,Enabled,,Cyber Protection,Per workload,Microsoft 365 Shared seats protected,,,Unlimited,1368,17,0,0,1368,17,N/A,N/A,,,,SPDCMSENS
2026-05-01,EU8_Master,Veerman ICT Services BV,,Partner,Enabled,,Cyber Protection,Per workload,Network-attached storages (NAS) protected,,,Unlimited,1,0,0,0,1,0,N/A,N/A,,,,SPD5MSENS
2026-05-01,EU8_Master,Veerman ICT Services BV,,Partner,Enabled,,Cyber Protection,Per workload,Google Workspace seats protected (Acronis Storage G1),Acronis Cloud,,Unlimited,62,0,0,0,62,0,N/A,N/A,,acronis,,SQ8AMSENS
2026-05-01,UK_DEV,FLR Spectron Ltd,,Partner,Enabled,,Cyber Protection,Per workload,Workstations protected,,,Unlimited,28,1,0,0,28,1,N/A,N/A,,,,SPGAMSENS
2026-05-01,UK_DEV,FLR Spectron Ltd,,Partner,Enabled,,Cyber Protection,Per workload,Servers protected,,,Unlimited,16,0,0,0,16,0,N/A,N/A,,,,SPEAMSENS
2026-05-01,UK_DEV,FLR Spectron Ltd,,Partner,Enabled,,Cyber Protection,Per workload,VMs protected,,,Unlimited,73,-1,0,0,73,-1,N/A,N/A,,,,SPFAMSENS
2026-05-01,UK_DEV,FLR Spectron Ltd,,Partner,Enabled,,Sync & Share,File Sync & Share (per user),Users,,,Unlimited,4,0,0,0,4,0,N/A,N/A,,,,SPIAMSENS
2026-05-01,UK_DEV,FLR Spectron Ltd,,Partner,Enabled,,Cyber Protection,Per workload,RMM,,,Unlimited,2,0,0,0,2,0,N/A,N/A,,,,SRHAMSENS
2026-05-01,UK_DEV,FLR Spectron Ltd,,Partner,Enabled,,Cyber Protection,Per gigabyte,"Cloud Storage (UK, London - abgw-lhr3-arp1-r01.acronis.com) used - Class 2",Acronis Cloud,GB,Unlimited,1956.01,22.92,0.00,0.00,1956.01,22.92,N/A,N/A,,acronis,,SPBAMSENS
2026-05-01,UK_DEV,FLR Spectron Ltd,,Partner,Enabled,,Cyber Protection,Per workload,"Cloud Storage (UK, London - abgw-lhr3-arp1-r01.acronis.com) used - Class 2",Acronis Cloud,GB,Unlimited,46526.29,-22.02,0.00,0.00,46526.29,-22.02,N/A,N/A,,acronis,,SPDAMSENS
2026-05-01,UK_DEV,FLR Spectron Ltd,,Partner,Enabled,,Cyber Protection,Per workload,"Cloud Storage (North Europe, Ireland - ne1-aas01.azure.acronis.com) used - Class 2",Microsoft Azure,GB,Unlimited,24953.30,-147.28,0.00,0.00,24953.30,-147.28,N/A,N/A,,azure,,SQ1AMSENS
2026-05-01,UK_DEV,FLR Spectron Ltd,,Partner,Enabled,,Cyber Protection,Per gigabyte,Microsoft 365 Shared seats protected,,,Unlimited,109,1,0,0,109,1,N/A,N/A,,,,SPDCMSENS
2026-05-01,UK_DEV,Netmatters,,Partner,Enabled,,Cyber Protection,Per workload,Workstations protected,,,Unlimited,9,0,0,0,9,0,N/A,N/A,,,,SPGAMSENS
2026-05-01,UK_DEV,Netmatters,,Partner,Enabled,,Cyber Protection,Per workload,Servers protected,,,Unlimited,45,-1,0,0,45,-1,N/A,N/A,,,,SPEAMSENS
2026-05-01,UK_DEV,Netmatters,,Partner,Enabled,,Cyber Protection,Per workload,VMs protected,,,Unlimited,125,0,0,0,125,0,N/A,N/A,,,,SPFAMSENS
2026-05-01,UK_DEV,Netmatters,,Partner,Enabled,,Cyber Protection,Per workload,Web Hosting Servers protected,,,Unlimited,11,-1,0,0,11,-1,N/A,N/A,,,,SQ7AMSENS
2026-05-01,UK_DEV,Netmatters,,Partner,Enabled,,Cyber Protection,Per gigabyte,Direct Backup to Public Cloud servers protected,,,Unlimited,6,0,0,0,6,0,N/A,N/A,,,,SRDUMSENS
2026-05-01,UK_DEV,Netmatters,,Partner,Enabled,,Cyber Protection,Per gigabyte,Direct Backup to Public Cloud VMs protected,,,Unlimited,1,0,0,0,1,0,N/A,N/A,,,,SREUMSENS
2026-05-01,UK_DEV,Netmatters,,Partner,Enabled,,Cyber Protection,Per workload,Endpoints protected with EDR,,,Unlimited,1,0,0,0,1,0,N/A,N/A,,,,SRIAMSENS
2026-05-01,UK_DEV,Netmatters,,Partner,Enabled,,Cyber Protection,Per workload,"Cloud Storage (UK, London - abgw-lhr3-arp1-r02.acronis.com) used - Class 2",Acronis Cloud,GB,Unlimited,963.35,-3.42,0.00,0.00,963.35,-3.42,N/A,N/A,,acronis,,SPDAMSENS
2026-05-01,UK_DEV,Netmatters,,Partner,Enabled,,Cyber Protection,Per gigabyte,"Cloud Storage (UK, London - abgw-lhr3-arp1-r01.acronis.com) used - Class 2",Acronis Cloud,GB,Unlimited,75053.96,-7941.78,0.00,0.00,75053.96,-7941.78,N/A,N/A,,acronis,,SPBAMSENS
2026-05-01,UK_DEV,Netmatters,,Partner,Enabled,,Cyber Protection,Per workload,"Cloud Storage (UK, London - abgw-lhr3-arp1-r01.acronis.com) used - Class 2",Acronis Cloud,GB,Unlimited,90092.86,990.07,0.00,0.00,90092.86,990.07,N/A,N/A,,acronis,,SPDAMSENS
2026-05-01,UK_DEV,Netmatters,,Partner,Enabled,,Cyber Protection,Per gigabyte,"Cloud Storage (North Europe, Ireland - ne1-aas01.azure.acronis.com) used - Class 2",Microsoft Azure,GB,Unlimited,205.20,6.12,0.00,0.00,205.20,6.12,N/A,N/A,,azure,,SQ2AMSENS
2026-05-01,UK_DEV,Netmatters,,Partner,Enabled,,Cyber Protection,Per gigabyte,Disaster Recovery storage used,Acronis Cloud,GB,Unlimited,1243.80,47.67,0.00,0.00,1243.80,47.67,N/A,N/A,,acronis,,SVEAMSENS
2026-05-01,UK_DEV,Netmatters,,Partner,Enabled,,Cyber Protection,Per workload,Microsoft 365 Seats protected (Acronis Storage G1),Acronis Cloud,,Unlimited,36,-1,0,0,36,-1,N/A,N/A,,acronis,,SRJAMSENS
2026-05-01,UK_DEV,Netmatters,,Partner,Enabled,,Cyber Protection,Per workload,Microsoft 365 Seats protected (Acronis Storage G1),Acronis Cloud,,Unlimited,2339,-23,3,3,2342,-20,N/A,N/A,,acronis,,SRJAMSENS
2026-05-01,UK_DEV,Netmatters,,Partner,Enabled,,Cyber Protection,Per gigabyte,Microsoft 365 Shared seats protected,,,Unlimited,341,26,0,0,341,26,N/A,N/A,,,,SPDCMSENS
2026-05-01,UK_DEV,Netmatters,,Partner,Enabled,,Cyber Protection,Per workload,Microsoft 365 Shared seats protected,,,Unlimited,1354,52,0,0,1354,52,N/A,N/A,,,,SPDCMSENS
2026-05-01,UK_DEV,Netmatters,,Partner,Enabled,,Cyber Protection,Per gigabyte,Customer Public Cloud Storage - S3-compatible,,GB,Unlimited,8319.05,107.84,0.00,0.00,8319.05,107.84,N/A,N/A,,,,SP4BMSENS
2026-05-01,UK_DEV,OneCom Ltd,,Partner,Enabled,,Cyber Protection,Per workload,Workstations protected,,,Unlimited,5,1,0,0,5,1,N/A,N/A,,,,SPGAMSENS
2026-05-01,UK_DEV,OneCom Ltd,,Partner,Enabled,,Cyber Protection,Per workload,Servers protected,,,Unlimited,16,2,0,0,16,2,N/A,N/A,,,,SPEAMSENS
2026-05-01,UK_DEV,OneCom Ltd,,Partner,Enabled,,Cyber Protection,Per workload,VMs protected,,,Unlimited,112,12,0,0,112,12,N/A,N/A,,,,SPFAMSENS
2026-05-01,UK_DEV,OneCom Ltd,,Partner,Enabled,,Sync & Share,File Sync & Share (per user),Users,,,Unlimited,2,2,2,-1,4,1,N/A,N/A,,,,SPIAMSENS
2026-05-01,UK_DEV,OneCom Ltd,,Partner,Enabled,,Cyber Protection,Per workload,"Cloud Storage (UK, London - abgw-lhr3-arp1-r02.acronis.com) used - Class 2",Acronis Cloud,GB,Unlimited,0.01,0.00,0.00,0.00,0.01,0.00,N/A,N/A,,acronis,,SPDAMSENS
2026-05-01,UK_DEV,OneCom Ltd,,Partner,Enabled,,Cyber Protection,Per gigabyte,"Cloud Storage (UK, London - abgw-lhr3-arp1-r01.acronis.com) used - Class 2",Acronis Cloud,GB,Unlimited,0.00,0.00,0.00,-3904.10,0.00,-3904.10,N/A,N/A,,acronis,,SPBAMSENS
2026-05-01,UK_DEV,OneCom Ltd,,Partner,Enabled,,Cyber Protection,Per workload,"Cloud Storage (UK, London - abgw-lhr3-arp1-r01.acronis.com) used - Class 2",Acronis Cloud,GB,Unlimited,91343.68,6260.72,0.00,-0.00,91343.68,6260.72,N/A,N/A,,acronis,,SPDAMSENS
2026-05-01,UK_DEV,OneCom Ltd,,Partner,Enabled,,Cyber Protection,Per workload,Microsoft 365 Seats protected (Acronis Storage G1),Acronis Cloud,,Unlimited,69,0,0,0,69,0,N/A,N/A,,acronis,,SRJAMSENS
2026-05-01,UK_DEV,OneCom Ltd,,Partner,Enabled,,Cyber Protection,Per workload,Microsoft 365 Seats protected (Acronis Storage G1),Acronis Cloud,,Unlimited,3012,12,141,135,3153,147,N/A,N/A,,acronis,,SRJAMSENS
2026-05-01,UK_DEV,OneCom Ltd,,Partner,Enabled,,Cyber Protection,Per gigabyte,Microsoft 365 Shared seats protected,,,Unlimited,0,0,0,-1,0,-1,N/A,N/A,,,,SPDCMSENS
2026-05-01,UK_DEV,OneCom Ltd,,Partner,Enabled,,Cyber Protection,Per workload,Microsoft 365 Shared seats protected,,,Unlimited,890,14,62,59,952,73,N/A,N/A,,,,SPDCMSENS
2026-05-01,UK_DEV,Sabre Systems UK Ltd,,Partner,Enabled,,Cyber Protection,Per workload,Workstations protected,,,Unlimited,31,2,0,-1,31,1,N/A,N/A,,,,SPGAMSENS
2026-05-01,UK_DEV,Sabre Systems UK Ltd,,Partner,Enabled,,Cyber Protection,Per workload,Servers protected,,,Unlimited,25,0,0,0,25,0,N/A,N/A,,,,SPEAMSENS
2026-05-01,UK_DEV,Sabre Systems UK Ltd,,Partner,Enabled,,Cyber Protection,Per workload,VMs protected,,,Unlimited,28,0,2,2,30,2,N/A,N/A,,,,SPFAMSENS
2026-05-01,UK_DEV,Sabre Systems UK Ltd,,Partner,Enabled,,Sync & Share,File Sync & Share (per user),Users,,,Unlimited,6,0,0,0,6,0,N/A,N/A,,,,SPIAMSENS
2026-05-01,UK_DEV,Sabre Systems UK Ltd,,Partner,Enabled,,Cyber Protection,Per workload,Endpoints protected with EDR,,,Unlimited,9,1,0,0,9,1,N/A,N/A,,,,SRIAMSENS
2026-05-01,UK_DEV,Sabre Systems UK Ltd,,Partner,Enabled,,Cyber Protection,Per workload,"Cloud Storage (UK, London - abgw-lhr3-arp1-r01.acronis.com) used - Class 2",Acronis Cloud,GB,Unlimited,23390.60,-271.76,0.00,-53.38,23390.60,-325.14,N/A,N/A,,acronis,,SPDAMSENS
2026-05-01,UK_DEV,Sabre Systems UK Ltd,,Partner,Enabled,,Cyber Protection,Per workload,"Cloud Storage (North Europe, Ireland - ne1-aas01.azure.acronis.com) used - Class 2",Microsoft Azure,GB,Unlimited,3604.09,138.06,0.00,0.00,3604.09,138.06,N/A,N/A,,azure,,SQ1AMSENS
2026-05-01,UK_DEV,Sabre Systems UK Ltd,,Partner,Enabled,,Cyber Protection,Per workload,Microsoft 365 Seats protected (Acronis Storage G1),Acronis Cloud,,Unlimited,92,0,0,0,92,0,N/A,N/A,,acronis,,SRJAMSENS
2026-05-01,UK_DEV,Sabre Systems UK Ltd,,Partner,Enabled,,Cyber Protection,Per workload,Microsoft 365 Shared seats protected,,,Unlimited,20,0,0,0,20,0,N/A,N/A,,,,SPDCMSENS
2026-05-01,UK_DEV,CWL Systems Ltd,,Partner,Enabled,,Cyber Protection,Per workload,Workstations protected,,,Unlimited,1,0,0,0,1,0,N/A,N/A,,,,SPGAMSENS
2026-05-01,UK_DEV,CWL Systems Ltd,,Partner,Enabled,,Cyber Protection,Per workload,Servers protected,,,Unlimited,1,0,0,0,1,0,N/A,N/A,,,,SPEAMSENS
2026-05-01,UK_DEV,CWL Systems Ltd,,Partner,Enabled,,Cyber Protection,Per workload,VMs protected,,,Unlimited,12,0,0,0,12,0,N/A,N/A,,,,SPFAMSENS
2026-05-01,UK_DEV,CWL Systems Ltd,,Partner,Enabled,,Sync & Share,File Sync & Share (per user),Users,,,Unlimited,8,0,0,0,8,0,N/A,N/A,,,,SPIAMSENS
2026-05-01,UK_DEV,CWL Systems Ltd,,Partner,Enabled,,Cyber Protection,Per workload,Endpoints protected with EDR,,,Unlimited,1,0,0,0,1,0,N/A,N/A,,,,SRIAMSENS
2026-05-01,UK_DEV,CWL Systems Ltd,,Partner,Enabled,,Cyber Protection,Per workload,"Cloud Storage (UK, London - abgw-lhr3-arp1-r01.acronis.com) used - Class 2",Acronis Cloud,GB,Unlimited,3483.61,21.97,0.00,0.00,3483.61,21.97,N/A,N/A,,acronis,,SPDAMSENS
2026-05-01,UK_DEV,Electronic Business Systems UK,,Partner,Enabled,,Cyber Protection,Per workload,Workstations protected,,,Unlimited,5,0,0,0,5,0,N/A,N/A,,,,SPGAMSENS
2026-05-01,UK_DEV,Electronic Business Systems UK,,Partner,Enabled,,Cyber Protection,Per workload,Servers protected,,,Unlimited,6,0,0,0,6,0,N/A,N/A,,,,SPEAMSENS
2026-05-01,UK_DEV,Electronic Business Systems UK,,Partner,Enabled,,Cyber Protection,Per workload,VMs protected,,,Unlimited,176,4,0,0,176,4,N/A,N/A,,,,SPFAMSENS
2026-05-01,UK_DEV,Electronic Business Systems UK,,Partner,Enabled,,Sync & Share,File Sync & Share (per user),Users,,,Unlimited,2,0,0,0,2,0,N/A,N/A,,,,SPIAMSENS
2026-05-01,UK_DEV,Electronic Business Systems UK,,Partner,Enabled,,Cyber Protection,Per workload,RMM,,,Unlimited,1,1,0,0,1,1,N/A,N/A,,,,SRHAMSENS
2026-05-01,UK_DEV,Electronic Business Systems UK,,Partner,Enabled,,Cyber Protection,Per workload,Endpoints protected with EDR,,,Unlimited,5,0,0,0,5,0,N/A,N/A,,,,SRIAMSENS
2026-05-01,UK_DEV,Electronic Business Systems UK,,Partner,Enabled,,Cyber Protection,Per workload,"Cloud Storage (UK, London - abgw-lhr3-arp1-r02.acronis.com) used - Class 2",Acronis Cloud,GB,Unlimited,51745.24,598.51,0.00,0.00,51745.24,598.51,N/A,N/A,,acronis,,SPDAMSENS
2026-05-01,UK_DEV,Electronic Business Systems UK,,Partner,Enabled,,Cyber Protection,Per workload,"Cloud Storage (UK, London - abgw-lhr3-arp1-r01.acronis.com) used - Class 2",Acronis Cloud,GB,Unlimited,27287.79,2066.74,0.00,0.00,27287.79,2066.74,N/A,N/A,,acronis,,SPDAMSENS
2026-05-01,UK_DEV,Electronic Business Systems UK,,Partner,Enabled,,Cyber Protection,Per workload,"Cloud Storage (UK, London - ew2-ags01.google.acronis.com) used - Class 2",Google Cloud,GB,Unlimited,4104.55,19.90,0.00,0.00,4104.55,19.90,N/A,N/A,,google,,SPXAMSENS
2026-05-01,UK_DEV,NCS IT Ltd,,Partner,Enabled,,Cyber Protection,Per workload,Workstations protected,,,Unlimited,35,1,0,0,35,1,N/A,N/A,,,,SPGAMSENS
2026-05-01,UK_DEV,NCS IT Ltd,,Partner,Enabled,,Cyber Protection,Per workload,Servers protected,,,Unlimited,8,-1,0,0,8,-1,N/A,N/A,,,,SPEAMSENS
2026-05-01,UK_DEV,NCS IT Ltd,,Partner,Enabled,,Cyber Protection,Per workload,Servers protected (included features),,,Unlimited,5,0,0,0,5,0,N/A,N/A,,,,SPDCMSENS
2026-05-01,UK_DEV,NCS IT Ltd,,Partner,Enabled,,Cyber Protection,Per workload,VMs protected,,,Unlimited,345,0,0,0,345,0,N/A,N/A,,,,SPFAMSENS
2026-05-01,UK_DEV,NCS IT Ltd,,Partner,Enabled,,Cyber Protection,Per workload,VMs (included features) protected,,,Unlimited,5,0,0,0,5,0,N/A,N/A,,,,SPDCMSENS
2026-05-01,UK_DEV,NCS IT Ltd,,Partner,Enabled,,Cyber Protection,Per workload,Mobiles protected,,,Unlimited,1,0,0,0,1,0,N/A,N/A,,,,SRBAMSENS
2026-05-01,UK_DEV,NCS IT Ltd,,Partner,Enabled,,Sync & Share,File Sync & Share (per user),Users,,,Unlimited,28,0,1,1,29,1,N/A,N/A,,,,SPIAMSENS
2026-05-01,UK_DEV,NCS IT Ltd,,Partner,Enabled,,Cyber Protection,Per workload,Direct Backup to Public Cloud VMs protected,,,Unlimited,0,-19,0,0,0,-19,N/A,N/A,,,,SREUMSENS
2026-05-01,UK_DEV,NCS IT Ltd,,Partner,Enabled,,Cyber Protection,Per gigabyte,"Cloud Storage (UK, London - abgw-lhr3-arp1-r01.acronis.com) used - Class 2",Acronis Cloud,GB,Unlimited,6108.82,185.64,0.00,0.00,6108.82,185.64,N/A,N/A,,acronis,,SPBAMSENS
2026-05-01,UK_DEV,NCS IT Ltd,,Partner,Enabled,,Cyber Protection,Per workload,"Cloud Storage (UK, London - abgw-lhr3-arp1-r01.acronis.com) used - Class 2",Acronis Cloud,GB,Unlimited,174947.67,-6267.70,0.00,0.00,174947.67,-6267.70,N/A,N/A,,acronis,,SPDAMSENS
2026-05-01,UK_DEV,NCS IT Ltd,,Partner,Enabled,,Cyber Protection,Per workload,"Cloud Storage (North Europe, Ireland - ne1-aas01.azure.acronis.com) used - Class 2",Microsoft Azure,GB,Unlimited,5467.53,89.71,0.00,0.00,5467.53,89.71,N/A,N/A,,azure,,SQ1AMSENS
2026-05-01,UK_DEV,NCS IT Ltd,,Partner,Enabled,,Cyber Protection,Per workload,Disaster Recovery storage used,Acronis Cloud,GB,Unlimited,3885.85,681.56,0.00,0.00,3885.85,681.56,N/A,N/A,,acronis,,SVEAMSENS
2026-05-01,UK_DEV,NCS IT Ltd,,Partner,Enabled,,Cyber Protection,Per workload,Disaster Recovery public IP addresses,Acronis Cloud,,Unlimited,2,0,0,0,2,0,N/A,N/A,,acronis,,SEDAMSENS
2026-05-01,UK_DEV,NCS IT Ltd,,Partner,Enabled,,Cyber Protection,Per workload,Disaster Recovery compute points,Acronis Cloud,,Unlimited,0.86,0.86,0.00,0.00,0.86,0.86,N/A,N/A,,acronis,,SQYAMSENS
2026-05-01,UK_DEV,NCS IT Ltd,,Partner,Enabled,,Cyber Protection,Per workload,Microsoft 365 Seats protected (Acronis Storage G1),Acronis Cloud,,Unlimited,1371,-50,2,2,1373,-48,N/A,N/A,,acronis,,SRJAMSENS
2026-05-01,UK_DEV,NCS IT Ltd,,Partner,Enabled,,Cyber Protection,Per workload,Microsoft 365 Seats protected (Azure Storage),Microsoft Azure,,Unlimited,61,1,0,0,61,1,N/A,N/A,,azure,,SRAAMSENS
2026-05-01,UK_DEV,NCS IT Ltd,,Partner,Enabled,,Cyber Protection,Per gigabyte,Microsoft 365 Shared seats protected,,,Unlimited,179,0,0,0,179,0,N/A,N/A,,,,SPDCMSENS
2026-05-01,UK_DEV,NCS IT Ltd,,Partner,Enabled,,Cyber Protection,Per workload,Microsoft 365 Shared seats protected,,,Unlimited,822,5,0,0,822,5,N/A,N/A,,,,SPDCMSENS
2026-05-01,UK_DEV,Infinity Group,,Partner,Enabled,,Cyber Protection,Per workload,"Cloud Storage (UK, London - abgw-lhr3-arp1-r02.acronis.com) used - Class 2",Acronis Cloud,GB,Unlimited,2305.87,16.97,0.00,0.00,2305.87,16.97,N/A,N/A,,acronis,,SPDAMSENS
2026-05-01,UK_DEV,Infinity Group,,Partner,Enabled,,Cyber Protection,Per workload,Microsoft 365 Seats protected (Acronis Storage G1),Acronis Cloud,,Unlimited,724,16,0,0,724,16,N/A,N/A,,acronis,,SRJAMSENS
2026-05-01,UK_DEV,Infinity Group,,Partner,Enabled,,Cyber Protection,Per workload,Microsoft 365 Shared seats protected,,,Unlimited,674,8,0,0,674,8,N/A,N/A,,,,SPDCMSENS
2026-05-01,UK_DEV,Moon Computers Ltd,,Partner,Enabled,,Cyber Protection,Per workload,Workstations protected,,,Unlimited,0,-1,0,0,0,-1,N/A,N/A,,,,SPGAMSENS
2026-05-01,UK_DEV,Moon Computers Ltd,,Partner,Enabled,,Cyber Protection,Per workload,Servers protected,,,Unlimited,0,-12,0,0,0,-12,N/A,N/A,,,,SPEAMSENS
2026-05-01,UK_DEV,Moon Computers Ltd,,Partner,Enabled,,Cyber Protection,Per workload,VMs protected,,,Unlimited,0,-24,0,0,0,-24,N/A,N/A,,,,SPFAMSENS
2026-05-01,UK_DEV,Moon Computers Ltd,,Partner,Enabled,,Sync & Share,File Sync & Share (per user),Users,,,Unlimited,0,-5,0,0,0,-5,N/A,N/A,,,,SPIAMSENS
2026-05-01,UK_DEV,Moon Computers Ltd,,Partner,Enabled,,Cyber Protection,Per gigabyte,"Cloud Storage (UK, London - abgw-lhr3-arp1-r01.acronis.com) used - Class 2",Acronis Cloud,GB,Unlimited,0.00,-133.29,0.00,0.00,0.00,-133.29,N/A,N/A,,acronis,,SPBAMSENS
2026-05-01,UK_DEV,Moon Computers Ltd,,Partner,Enabled,,Cyber Protection,Per workload,"Cloud Storage (UK, London - abgw-lhr3-arp1-r01.acronis.com) used - Class 2",Acronis Cloud,GB,Unlimited,0.00,-30259.96,0.00,0.00,0.00,-30259.96,N/A,N/A,,acronis,,SPDAMSENS
2026-05-01,UK_DEV,Moon Computers Ltd,,Partner,Enabled,,Cyber Protection,Per workload,Disaster Recovery storage used,Acronis Cloud,GB,Unlimited,0.00,-8671.32,0.00,0.00,0.00,-8671.32,N/A,N/A,,acronis,,SVEAMSENS
2026-05-01,UK_DEV,Moon Computers Ltd,,Partner,Enabled,,Cyber Protection,Per workload,Disaster Recovery public IP addresses,Acronis Cloud,,Unlimited,0,-2,0,0,0,-2,N/A,N/A,,acronis,,SEDAMSENS
2026-05-01,UK_DEV,Moon Computers Ltd,,Partner,Enabled,,Cyber Protection,Per workload,Microsoft 365 Seats protected (Acronis Storage G1),Acronis Cloud,,Unlimited,0,-131,0,0,0,-131,N/A,N/A,,acronis,,SRJAMSENS
2026-05-01,UK_DEV,Moon Computers Ltd,,Partner,Enabled,,Cyber Protection,Per gigabyte,Microsoft 365 Shared seats protected,,,Unlimited,0,-5,0,0,0,-5,N/A,N/A,,,,SPDCMSENS
2026-05-01,UK_DEV,Moon Computers Ltd,,Partner,Enabled,,Cyber Protection,Per workload,Microsoft 365 Shared seats protected,,,Unlimited,0,-48,0,0,0,-48,N/A,N/A,,,,SPDCMSENS
2026-05-01,UK_DEV,Your IT Department,,Partner,Enabled,,Cyber Protection,Per workload,Workstations protected,,,Unlimited,5,0,0,0,5,0,N/A,N/A,,,,SPGAMSENS
2026-05-01,UK_DEV,Your IT Department,,Partner,Enabled,,Cyber Protection,Per workload,Servers protected,,,Unlimited,17,1,0,0,17,1,N/A,N/A,,,,SPEAMSENS
2026-05-01,UK_DEV,Your IT Department,,Partner,Enabled,,Cyber Protection,Per workload,VMs protected,,,Unlimited,105,-6,0,0,105,-6,N/A,N/A,,,,SPFAMSENS
2026-05-01,UK_DEV,Your IT Department,,Partner,Enabled,,Sync & Share,File Sync & Share (per user),Users,,,Unlimited,3,0,0,0,3,0,N/A,N/A,,,,SPIAMSENS
2026-05-01,UK_DEV,Your IT Department,,Partner,Enabled,,Cyber Protection,Per workload,RMM,,,Unlimited,2,0,0,0,2,0,N/A,N/A,,,,SRHAMSENS
2026-05-01,UK_DEV,Your IT Department,,Partner,Enabled,,Cyber Protection,Per workload,Endpoints protected with EDR,,,Unlimited,2,0,0,0,2,0,N/A,N/A,,,,SRIAMSENS
2026-05-01,UK_DEV,Your IT Department,,Partner,Enabled,,Cyber Protection,Per workload,"Cloud Storage (UK, London - abgw-lhr3-arp1-r02.acronis.com) used - Class 2",Acronis Cloud,GB,Unlimited,29852.86,-387.73,0.00,0.00,29852.86,-387.73,N/A,N/A,,acronis,,SPDAMSENS
2026-05-01,UK_DEV,Your IT Department,,Partner,Enabled,,Cyber Protection,Per workload,"Cloud Storage (UK, London - abgw-lhr3-arp1-r01.acronis.com) used - Class 2",Acronis Cloud,GB,Unlimited,21053.96,1434.52,0.00,0.00,21053.96,1434.52,N/A,N/A,,acronis,,SPDAMSENS
2026-05-01,UK_DEV,Your IT Department,,Partner,Enabled,,Cyber Protection,Per workload,Disaster Recovery storage used,Acronis Cloud,GB,Unlimited,43.08,0.00,0.00,0.00,43.08,0.00,N/A,N/A,,acronis,,SVEAMSENS
2026-05-01,UK_DEV,CHS Networks,,Partner,Enabled,,Cyber Protection,Per workload,Workstations protected,,,Unlimited,10,0,0,0,10,0,N/A,N/A,,,,SPGAMSENS
2026-05-01,UK_DEV,CHS Networks,,Partner,Enabled,,Cyber Protection,Per workload,Servers protected,,,Unlimited,3,-1,0,0,3,-1,N/A,N/A,,,,SPEAMSENS
2026-05-01,UK_DEV,CHS Networks,,Partner,Enabled,,Cyber Protection,Per workload,VMs protected,,,Unlimited,61,0,0,0,61,0,N/A,N/A,,,,SPFAMSENS
2026-05-01,UK_DEV,CHS Networks,,Partner,Enabled,,Sync & Share,File Sync & Share (per user),Users,,,Unlimited,1,0,0,0,1,0,N/A,N/A,,,,SPIAMSENS
2026-05-01,UK_DEV,CHS Networks,,Partner,Enabled,,Cyber Protection,Per workload,"Cloud Storage (UK, London - abgw-lhr3-arp1-r01.acronis.com) used - Class 2",Acronis Cloud,GB,Unlimited,60844.48,217.93,0.00,0.00,60844.48,217.93,N/A,N/A,,acronis,,SPDAMSENS
2026-05-01,UK_DEV,CHS Networks,,Partner,Enabled,,Cyber Protection,Per workload,Disaster Recovery storage used,Acronis Cloud,GB,Unlimited,10561.16,295.48,0.00,0.00,10561.16,295.48,N/A,N/A,,acronis,,SVEAMSENS
2026-05-01,UK_DEV,CHS Networks,,Partner,Enabled,,Cyber Protection,Per workload,Microsoft 365 Seats protected (Acronis Storage G1),Acronis Cloud,,Unlimited,2460,-18,0,0,2460,-18,N/A,N/A,,acronis,,SRJAMSENS
2026-05-01,UK_DEV,CHS Networks,,Partner,Enabled,,Cyber Protection,Per workload,Microsoft 365 Shared seats protected,,,Unlimited,1414,61,0,0,1414,61,N/A,N/A,,,,SPDCMSENS
2026-05-01,UK_DEV,ROCC Computers Ltd,,Partner,Enabled,,Cyber Protection,Per workload,Workstations protected,,,Unlimited,7,0,0,0,7,0,N/A,N/A,,,,SPGAMSENS
2026-05-01,UK_DEV,ROCC Computers Ltd,,Partner,Enabled,,Cyber Protection,Per workload,Servers protected,,,Unlimited,1,0,0,0,1,0,N/A,N/A,,,,SPEAMSENS
2026-05-01,UK_DEV,ROCC Computers Ltd,,Partner,Enabled,,Cyber Protection,Per workload,VMs protected,,,Unlimited,19,0,0,0,19,0,N/A,N/A,,,,SPFAMSENS
2026-05-01,UK_DEV,ROCC Computers Ltd,,Partner,Enabled,,Cyber Protection,Per gigabyte,"Cloud Storage (UK, London - abgw-lhr3-arp1-r01.acronis.com) used - Class 2",Acronis Cloud,GB,Unlimited,16.15,8.94,0.00,0.00,16.15,8.94,N/A,N/A,,acronis,,SPBAMSENS
2026-05-01,UK_DEV,ROCC Computers Ltd,,Partner,Enabled,,Cyber Protection,Per workload,"Cloud Storage (UK, London - abgw-lhr3-arp1-r01.acronis.com) used - Class 2",Acronis Cloud,GB,Unlimited,10207.65,13.75,0.00,0.00,10207.65,13.75,N/A,N/A,,acronis,,SPDAMSENS
2026-05-01,UK_DEV,Revolution IT Ltd,,Partner,Enabled,,Cyber Protection,Per workload,Servers protected,,,Unlimited,1,0,0,0,1,0,N/A,N/A,,,,SPEAMSENS
2026-05-01,UK_DEV,Revolution IT Ltd,,Partner,Enabled,,Cyber Protection,Per workload,VMs protected,,,Unlimited,24,0,0,0,24,0,N/A,N/A,,,,SPFAMSENS
2026-05-01,UK_DEV,Revolution IT Ltd,,Partner,Enabled,,Cyber Protection,Per workload,"Cloud Storage (UK, London - abgw-lhr3-arp1-r01.acronis.com) used - Class 2",Acronis Cloud,GB,Unlimited,6073.10,179.06,0.00,0.00,6073.10,179.06,N/A,N/A,,acronis,,SPDAMSENS
2026-05-01,UK_DEV,Revolution IT Ltd,,Partner,Enabled,,Cyber Protection,Per workload,Disaster Recovery storage used,Acronis Cloud,GB,Unlimited,1755.10,-130.45,0.00,0.00,1755.10,-130.45,N/A,N/A,,acronis,,SVEAMSENS
2026-05-01,UK_DEV,Revolution IT Ltd,,Partner,Enabled,,Cyber Protection,Per workload,Disaster Recovery public IP addresses,Acronis Cloud,,Unlimited,1,0,0,0,1,0,N/A,N/A,,acronis,,SEDAMSENS
2026-05-01,UK_DEV,Business Computer Solutions,,Partner,Enabled,,Cyber Protection,Per workload,Workstations protected,,,Unlimited,22,0,0,0,22,0,N/A,N/A,,,,SPGAMSENS
2026-05-01,UK_DEV,Business Computer Solutions,,Partner,Enabled,,Cyber Protection,Per workload,Servers protected,,,Unlimited,5,0,0,0,5,0,N/A,N/A,,,,SPEAMSENS
2026-05-01,UK_DEV,Business Computer Solutions,,Partner,Enabled,,Cyber Protection,Per workload,VMs protected,,,Unlimited,135,-1,0,0,135,-1,N/A,N/A,,,,SPFAMSENS
2026-05-01,UK_DEV,Business Computer Solutions,,Partner,Enabled,,Sync & Share,File Sync & Share (per user),Users,,,Unlimited,6,0,0,0,6,0,N/A,N/A,,,,SPIAMSENS
2026-05-01,UK_DEV,Business Computer Solutions,,Partner,Enabled,,Cyber Protection,Per workload,Web Hosting Servers protected,,,Unlimited,1,0,0,0,1,0,N/A,N/A,,,,SQ7AMSENS
2026-05-01,UK_DEV,Business Computer Solutions,,Partner,Enabled,,Cyber Protection,Per workload,"Cloud Storage (UK, London - abgw-lhr3-arp1-r01.acronis.com) used - Class 2",Acronis Cloud,GB,Unlimited,139005.87,-1214.18,0.00,0.00,139005.87,-1214.18,N/A,N/A,,acronis,,SPDAMSENS
2026-05-01,UK_DEV,Business Computer Solutions,,Partner,Enabled,,Cyber Protection,Per workload,Disaster Recovery storage used,Acronis Cloud,GB,Unlimited,63359.16,296.40,0.00,0.00,63359.16,296.40,N/A,N/A,,acronis,,SVEAMSENS
2026-05-01,UK_DEV,Business Computer Solutions,,Partner,Enabled,,Cyber Protection,Per workload,Disaster Recovery public IP addresses,Acronis Cloud,,Unlimited,7,0,0,0,7,0,N/A,N/A,,acronis,,SEDAMSENS
2026-05-01,UK_DEV,Business Computer Solutions,,Partner,Enabled,,Cyber Protection,Per workload,Disaster Recovery compute points,Acronis Cloud,,Unlimited,1573.23,1573.23,0.00,0.00,1573.23,1573.23,N/A,N/A,,acronis,,SQYAMSENS
2026-05-01,UK_DEV,Business Computer Solutions,,Partner,Enabled,,Cyber Protection,Per workload,Microsoft 365 Seats protected (Acronis Storage G1),Acronis Cloud,,Unlimited,1355,-20,0,0,1355,-20,N/A,N/A,,acronis,,SRJAMSENS
2026-05-01,UK_DEV,Business Computer Solutions,,Partner,Enabled,,Cyber Protection,Per workload,Microsoft 365 Shared seats protected,,,Unlimited,924,-52,0,0,924,-52,N/A,N/A,,,,SPDCMSENS
2026-05-01,UK_DEV,Commercial Networks LTD,,Partner,Enabled,,Cyber Protection,Per workload,Servers protected,,,Unlimited,1,0,0,0,1,0,N/A,N/A,,,,SPEAMSENS
2026-05-01,UK_DEV,Commercial Networks LTD,,Partner,Enabled,,Cyber Protection,Per workload,VMs protected,,,Unlimited,6,0,0,0,6,0,N/A,N/A,,,,SPFAMSENS
2026-05-01,UK_DEV,Commercial Networks LTD,,Partner,Enabled,,Cyber Protection,Per workload,RMM,,,Unlimited,1,0,0,0,1,0,N/A,N/A,,,,SRHAMSENS
2026-05-01,UK_DEV,Commercial Networks LTD,,Partner,Enabled,,Cyber Protection,Per workload,"Cloud Storage (UK, London - abgw-lhr3-arp1-r01.acronis.com) used - Class 2",Acronis Cloud,GB,Unlimited,11118.15,1615.83,0.00,0.00,11118.15,1615.83,N/A,N/A,,acronis,,SPDAMSENS
2026-05-01,UK_DEV,Leading Technology Europe Ltd,,Partner,Enabled,,Cyber Protection,Per workload,Workstations protected,,,Unlimited,1,0,0,0,1,0,N/A,N/A,,,,SPGAMSENS
2026-05-01,UK_DEV,Leading Technology Europe Ltd,,Partner,Enabled,,Cyber Protection,Per workload,VMs protected,,,Unlimited,1,0,0,0,1,0,N/A,N/A,,,,SPFAMSENS
2026-05-01,UK_DEV,Leading Technology Europe Ltd,,Partner,Enabled,,Sync & Share,File Sync & Share (per user),Users,,,Unlimited,12,0,0,0,12,0,N/A,N/A,,,,SPIAMSENS
2026-05-01,UK_DEV,Leading Technology Europe Ltd,,Partner,Enabled,,Cyber Protection,Per workload,"Cloud Storage (UK, London - abgw-lhr3-arp1-r01.acronis.com) used - Class 2",Acronis Cloud,GB,Unlimited,611.27,134.43,0.00,0.00,611.27,134.43,N/A,N/A,,acronis,,SPDAMSENS
2026-05-01,UK_DEV,Leading Technology Europe Ltd,,Partner,Enabled,,Cyber Protection,Per workload,Microsoft 365 Seats protected (Acronis Storage G1),Acronis Cloud,,Unlimited,252,1,0,0,252,1,N/A,N/A,,acronis,,SRJAMSENS
2026-05-01,UK_DEV,Leading Technology Europe Ltd,,Partner,Enabled,,Cyber Protection,Per workload,Microsoft 365 Shared seats protected,,,Unlimited,30,0,0,0,30,0,N/A,N/A,,,,SPDCMSENS
2026-05-01,UK_DEV,Leading Technology Europe Ltd,,Partner,Enabled,,Cyber Protection,Per workload,Google Workspace seats protected (Acronis Storage G1),Acronis Cloud,,Unlimited,22,0,0,0,22,0,N/A,N/A,,acronis,,SQ8AMSENS
2026-05-01,UK_DEV,CYB3R,,Partner,Enabled,,Cyber Protection,Per workload,Workstations protected,,,Unlimited,7,1,1,1,8,2,N/A,N/A,,,,SPGAMSENS
2026-05-01,UK_DEV,CYB3R,,Partner,Enabled,,Cyber Protection,Per workload,Workstations protected (included features),,,Unlimited,604,-339,0,0,604,-339,N/A,N/A,,,,SPDCMSENS
2026-05-01,UK_DEV,CYB3R,,Partner,Enabled,,Cyber Protection,Per workload,Servers protected,,,Unlimited,14,0,0,0,14,0,N/A,N/A,,,,SPEAMSENS
2026-05-01,UK_DEV,CYB3R,,Partner,Enabled,,Cyber Protection,Per workload,Servers protected (included features),,,Unlimited,5,-3,0,0,5,-3,N/A,N/A,,,,SPDCMSENS
2026-05-01,UK_DEV,CYB3R,,Partner,Enabled,,Cyber Protection,Per workload,VMs protected,,,Unlimited,48,0,0,0,48,0,N/A,N/A,,,,SPFAMSENS
2026-05-01,UK_DEV,CYB3R,,Partner,Enabled,,Cyber Protection,Per workload,VMs (included features) protected,,,Unlimited,11,7,0,0,11,7,N/A,N/A,,,,SPDCMSENS
2026-05-01,UK_DEV,CYB3R,,Partner,Enabled,,Sync & Share,File Sync & Share (per user),Users,,,Unlimited,42,0,0,0,42,0,N/A,N/A,,,,SPIAMSENS
2026-05-01,UK_DEV,CYB3R,,Partner,Enabled,,Cyber Protection,Per workload,RMM,,,Unlimited,78,-7,0,0,78,-7,N/A,N/A,,,,SRHAMSENS
2026-05-01,UK_DEV,CYB3R,,Partner,Enabled,,Cyber Protection,Per workload,Endpoints protected with EDR,,,Unlimited,647,-341,0,0,647,-341,N/A,N/A,,,,SRIAMSENS
2026-05-01,UK_DEV,CYB3R,,Partner,Enabled,,Cyber Protection,Per workload,"Cloud Storage (UK, London - abgw-lhr3-arp1-r01.acronis.com) used - Class 2",Acronis Cloud,GB,Unlimited,51499.12,1642.40,1377.63,1377.63,52876.75,3020.04,N/A,N/A,,acronis,,SPDAMSENS
2026-05-01,UK_DEV,CYB3R,,Partner,Enabled,,Cyber Protection,Per workload,Email and Collaboration Security mailboxes protected,,,Unlimited,346,-365,0,0,346,-365,N/A,N/A,,,,SO4AMSENS
2026-05-01,UK_DEV,CYB3R,,Partner,Enabled,,Cyber Protection,Per workload,Disaster Recovery storage used,Acronis Cloud,GB,Unlimited,3265.59,8.04,0.00,0.00,3265.59,8.04,N/A,N/A,,acronis,,SVEAMSENS
2026-05-01,UK_DEV,CYB3R,,Partner,Enabled,,Cyber Protection,Per workload,Microsoft 365 Seats protected (Acronis Storage G1),Acronis Cloud,,Unlimited,728,-23,49,49,777,26,N/A,N/A,,acronis,,SRJAMSENS
2026-05-01,UK_DEV,CYB3R,,Partner,Enabled,,Cyber Protection,Per workload,Data Loss Prevention workloads protected,,,Unlimited,9,-5,0,0,9,-5,N/A,N/A,,,,SRI5MSENS
2026-05-01,UK_DEV,CYB3R,,Partner,Enabled,,Cyber Protection,Per workload,Microsoft 365 Shared seats protected,,,Unlimited,544,24,2,2,546,26,N/A,N/A,,,,SPDCMSENS
2026-05-01,UK_DEV,CYB3R,,Partner,Enabled,,Cyber Protection,Per workload,Google Workspace seats protected (Acronis Storage G1),Acronis Cloud,,Unlimited,4,0,0,0,4,0,N/A,N/A,,acronis,,SQ8AMSENS
2026-05-01,UK_DEV,Prevos Solutions,,Partner,Enabled,,Cyber Protection,Per workload,Workstations protected,,,Unlimited,35,1,0,-1,35,0,N/A,N/A,,,,SPGAMSENS
2026-05-01,UK_DEV,Prevos Solutions,,Partner,Enabled,,Cyber Protection,Per workload,Servers protected,,,Unlimited,7,0,0,0,7,0,N/A,N/A,,,,SPEAMSENS
2026-05-01,UK_DEV,Prevos Solutions,,Partner,Enabled,,Cyber Protection,Per workload,VMs protected,,,Unlimited,40,0,0,0,40,0,N/A,N/A,,,,SPFAMSENS
2026-05-01,UK_DEV,Prevos Solutions,,Partner,Enabled,,Sync & Share,File Sync & Share (per user),Users,,,Unlimited,20,1,0,-1,20,0,N/A,N/A,,,,SPIAMSENS
2026-05-01,UK_DEV,Prevos Solutions,,Partner,Enabled,,Cyber Protection,Per workload,RMM,,,Unlimited,1,0,0,0,1,0,N/A,N/A,,,,SRHAMSENS
2026-05-01,UK_DEV,Prevos Solutions,,Partner,Enabled,,Cyber Protection,Per workload,"Cloud Storage (UK, London - abgw-lhr3-arp1-r01.acronis.com) used - Class 2",Acronis Cloud,GB,Unlimited,29864.13,645.30,0.00,-65.18,29864.13,580.12,N/A,N/A,,acronis,,SPDAMSENS
2026-05-01,UK_DEV,Prevos Solutions,,Partner,Enabled,,Cyber Protection,Per workload,Disaster Recovery storage used,Acronis Cloud,GB,Unlimited,16252.16,-7.39,0.00,0.00,16252.16,-7.39,N/A,N/A,,acronis,,SVEAMSENS
2026-05-01,UK_DEV,Prevos Solutions,,Partner,Enabled,,Cyber Protection,Per workload,Microsoft 365 Seats protected (Acronis Storage G1),Acronis Cloud,,Unlimited,453,7,0,-6,453,1,N/A,N/A,,acronis,,SRJAMSENS
2026-05-01,UK_DEV,Prevos Solutions,,Partner,Enabled,,Cyber Protection,Per workload,Data Loss Prevention workloads protected,,,Unlimited,1,0,0,0,1,0,N/A,N/A,,,,SRI5MSENS
2026-05-01,UK_DEV,Prevos Solutions,,Partner,Enabled,,Cyber Protection,Per workload,Microsoft 365 Shared seats protected,,,Unlimited,346,13,0,-2,346,11,N/A,N/A,,,,SPDCMSENS
2026-05-01,UK_DEV,Prevos Solutions,,Partner,Enabled,,Cyber Protection,Per workload,Google Workspace seats protected (Acronis Storage G1),Acronis Cloud,,Unlimited,12,0,0,0,12,0,N/A,N/A,,acronis,,SQ8AMSENS
2026-05-01,UK_DEV,Zenzero Solutions Ltd,,Partner,Enabled,,Cyber Protection,Per workload,Workstations protected,,,Unlimited,17,1,0,0,17,1,N/A,N/A,,,,SPGAMSENS
2026-05-01,UK_DEV,Zenzero Solutions Ltd,,Partner,Enabled,,Cyber Protection,Per workload,Servers protected,,,Unlimited,51,-1,0,0,51,-1,N/A,N/A,,,,SPEAMSENS
2026-05-01,UK_DEV,Zenzero Solutions Ltd,,Partner,Enabled,,Cyber Protection,Per workload,VMs protected,,,Unlimited,374,-9,0,-10,374,-19,N/A,N/A,,,,SPFAMSENS
2026-05-01,UK_DEV,Zenzero Solutions Ltd,,Partner,Enabled,,Sync & Share,File Sync & Share (per user),Users,,,Unlimited,55,5,1,-1,56,4,N/A,N/A,,,,SPIAMSENS
2026-05-01,UK_DEV,Zenzero Solutions Ltd,,Partner,Enabled,,Cyber Protection,Per workload,Direct Backup to Public Cloud servers protected,,,Unlimited,1,0,0,0,1,0,N/A,N/A,,,,SRDUMSENS
2026-05-01,UK_DEV,Zenzero Solutions Ltd,,Partner,Enabled,,Cyber Protection,Per workload,RMM,,,Unlimited,1,0,0,0,1,0,N/A,N/A,,,,SRHAMSENS
2026-05-01,UK_DEV,Zenzero Solutions Ltd,,Partner,Enabled,,Cyber Protection,Per gigabyte,Endpoints protected with EDR,,,Unlimited,6,-1,0,0,6,-1,N/A,N/A,,,,SRIAMSENS
2026-05-01,UK_DEV,Zenzero Solutions Ltd,,Partner,Enabled,,Cyber Protection,,Local Storage Per gigabyte,,GB,Unlimited,815.29,0.00,0.00,0.00,815.29,0.00,N/A,N/A,,,,SP4BMSENS
2026-05-01,UK_DEV,Zenzero Solutions Ltd,,Partner,Enabled,,Cyber Protection,Per workload,"Cloud Storage (UK, London - abgw-lhr3-arp1-r02.acronis.com) used - Class 2",Acronis Cloud,GB,Unlimited,8350.73,6.06,0.00,0.00,8350.73,6.06,N/A,N/A,,acronis,,SPDAMSENS
2026-05-01,UK_DEV,Zenzero Solutions Ltd,,Partner,Enabled,,Cyber Protection,Per gigabyte,"Cloud Storage (UK, London - abgw-lhr3-arp1-r01.acronis.com) used - Class 2",Acronis Cloud,GB,Unlimited,10946.83,22.38,495.27,495.27,11442.11,517.65,N/A,N/A,,acronis,,SPBAMSENS
2026-05-01,UK_DEV,Zenzero Solutions Ltd,,Partner,Enabled,,Cyber Protection,Per workload,"Cloud Storage (UK, London - abgw-lhr3-arp1-r01.acronis.com) used - Class 2",Acronis Cloud,GB,Unlimited,390134.82,3100.97,0.00,-3784.53,390134.82,-683.56,N/A,N/A,,acronis,,SPDAMSENS
2026-05-01,UK_DEV,Zenzero Solutions Ltd,,Partner,Enabled,,Cyber Protection,Per workload,Disaster Recovery storage used,Acronis Cloud,GB,Unlimited,192001.95,9769.28,0.00,-1256.20,192001.95,8513.08,N/A,N/A,,acronis,,SVEAMSENS
2026-05-01,UK_DEV,Zenzero Solutions Ltd,,Partner,Enabled,,Cyber Protection,Per workload,Disaster Recovery compute points,Acronis Cloud,,Unlimited,3003.12,3003.12,0.00,0.00,3003.12,3003.12,N/A,N/A,,acronis,,SQYAMSENS
2026-05-01,UK_DEV,Zenzero Solutions Ltd,,Partner,Enabled,,Cyber Protection,Per workload,Network-attached storages (NAS) protected,,,Unlimited,1,0,0,0,1,0,N/A,N/A,,,,SPD5MSENS
2026-05-01,UK_DEV,Zenzero Solutions Ltd,,Partner,Enabled,,Cyber Protection,Per workload,Google Workspace seats protected (Acronis Storage G1),Acronis Cloud,,Unlimited,32,0,0,0,32,0,N/A,N/A,,acronis,,SQ8AMSENS
2026-05-01,UK_DEV,Ashbury,,Partner,Enabled,,Cyber Protection,Per workload,"Cloud Storage (UK, London - abgw-lhr3-arp1-r01.acronis.com) used - Class 2",Acronis Cloud,GB,Unlimited,371.01,-0.43,0.00,0.00,371.01,-0.43,N/A,N/A,,acronis,,SPDAMSENS
2026-05-01,UK_DEV,Ashbury,,Partner,Enabled,,Cyber Protection,Per workload,Microsoft 365 Seats protected (Acronis Storage G1),Acronis Cloud,,Unlimited,331,2,0,0,331,2,N/A,N/A,,acronis,,SRJAMSENS
2026-05-01,UK_DEV,Ashbury,,Partner,Enabled,,Cyber Protection,Per workload,Microsoft 365 Shared seats protected,,,Unlimited,208,2,0,0,208,2,N/A,N/A,,,,SPDCMSENS
2026-05-01,UK_DEV,Mason Infotech Ltd,,Partner,Enabled,,Cyber Protection,Per workload,Servers protected,,,Unlimited,8,0,0,0,8,0,N/A,N/A,,,,SPEAMSENS
2026-05-01,UK_DEV,Mason Infotech Ltd,,Partner,Enabled,,Cyber Protection,Per workload,VMs protected,,,Unlimited,6,1,0,0,6,1,N/A,N/A,,,,SPFAMSENS
2026-05-01,UK_DEV,Mason Infotech Ltd,,Partner,Enabled,,Cyber Protection,Per workload,Endpoints protected with EDR,,,Unlimited,1,0,0,0,1,0,N/A,N/A,,,,SRIAMSENS
2026-05-01,UK_DEV,Mason Infotech Ltd,,Partner,Enabled,,Cyber Protection,Per workload,"Cloud Storage (UK, London - abgw-lhr3-arp1-r01.acronis.com) used - Class 2",Acronis Cloud,GB,Unlimited,22839.47,519.88,0.00,0.00,22839.47,519.88,N/A,N/A,,acronis,,SPDAMSENS
2026-05-01,UK_DEV,Mason Infotech Ltd,,Partner,Enabled,,Cyber Protection,Per workload,Microsoft 365 Seats protected (Acronis Storage G1),Acronis Cloud,,Unlimited,382,4,0,0,382,4,N/A,N/A,,acronis,,SRJAMSENS
2026-05-01,UK_DEV,Mason Infotech Ltd,,Partner,Enabled,,Cyber Protection,Per workload,Microsoft 365 Shared seats protected,,,Unlimited,320,89,0,0,320,89,N/A,N/A,,,,SPDCMSENS
2026-05-01,UK_DEV,Mason Infotech Ltd,,Partner,Enabled,,Cyber Protection,Per workload,Network-attached storages (NAS) protected,,,Unlimited,1,0,0,0,1,0,N/A,N/A,,,,SPD5MSENS
2026-05-01,UK_DEV,Focus Technology Solutions Ltd,,Partner,Enabled,,Cyber Protection,Per workload,Workstations protected,,,Unlimited,2,0,0,0,2,0,N/A,N/A,,,,SPGAMSENS
2026-05-01,UK_DEV,Focus Technology Solutions Ltd,,Partner,Enabled,,Cyber Protection,Per workload,VMs protected,,,Unlimited,27,0,0,0,27,0,N/A,N/A,,,,SPFAMSENS
2026-05-01,UK_DEV,Focus Technology Solutions Ltd,,Partner,Enabled,,Sync & Share,File Sync & Share (per user),Users,,,Unlimited,0,-6,0,0,0,-6,N/A,N/A,,,,SPIAMSENS
2026-05-01,UK_DEV,Focus Technology Solutions Ltd,,Partner,Enabled,,Cyber Protection,Per workload,"Cloud Storage (UK, London - abgw-lhr3-arp1-r01.acronis.com) used - Class 2",Acronis Cloud,GB,Unlimited,9510.67,-155.57,0.00,0.00,9510.67,-155.57,N/A,N/A,,acronis,,SPDAMSENS
2026-05-01,UK_DEV,Focus Technology Solutions Ltd,,Partner,Enabled,,Cyber Protection,Per workload,Disaster Recovery storage used,Acronis Cloud,GB,Unlimited,2209.20,4.20,0.00,0.00,2209.20,4.20,N/A,N/A,,acronis,,SVEAMSENS
2026-05-01,UK_DEV,Kimmit Ltd,,Partner,Disabled,,Cyber Protection,Per workload,"Cloud Storage (UK, London - abgw-lhr3-arp1-r01.acronis.com) used - Class 2",Acronis Cloud,GB,Unlimited,5000.34,-5.43,0.00,0.00,5000.34,-5.43,N/A,N/A,,acronis,,SPDAMSENS
2026-05-01,UK_DEV,Frontline Security Solutions,,Partner,Enabled,,Cyber Protection,Per workload,Servers protected,,,5,1,0,0,0,1,0,N/A,N/A,,,,SPEAMSENS
2026-05-01,UK_DEV,Frontline Security Solutions,,Partner,Enabled,,Cyber Protection,Per workload,Endpoints protected with EDR,,,Unlimited,1,0,0,0,1,0,N/A,N/A,,,,SRIAMSENS
2026-05-01,UK_DEV,Frontline Security Solutions,,Partner,Enabled,,Cyber Protection,Per workload,"Cloud Storage (UK, London - abgw-lhr3-arp1-r01.acronis.com) used - Class 2",Acronis Cloud,GB,Unlimited,8.77,0.09,0.00,0.00,8.77,0.09,N/A,N/A,,acronis,,SPDAMSENS
2026-05-01,UK_DEV,Red Mosquito Ltd,,Partner,Enabled,,Cyber Protection,Per workload,Workstations protected,,,Unlimited,11,1,0,0,11,1,N/A,N/A,,,,SPGAMSENS
2026-05-01,UK_DEV,Red Mosquito Ltd,,Partner,Enabled,,Cyber Protection,Per workload,Servers protected,,,Unlimited,32,1,0,-2,32,-1,N/A,N/A,,,,SPEAMSENS
2026-05-01,UK_DEV,Red Mosquito Ltd,,Partner,Enabled,,Cyber Protection,Per workload,VMs protected,,,Unlimited,117,-2,0,0,117,-2,N/A,N/A,,,,SPFAMSENS
2026-05-01,UK_DEV,Red Mosquito Ltd,,Partner,Enabled,,Sync & Share,File Sync & Share (per user),Users,,,Unlimited,70,2,0,-1,70,1,N/A,N/A,,,,SPIAMSENS
2026-05-01,UK_DEV,Red Mosquito Ltd,,Partner,Enabled,,Cyber Protection,Per workload,"Cloud Storage (UK, London - abgw-lhr3-arp1-r01.acronis.com) used - Class 2",Acronis Cloud,GB,Unlimited,111413.70,4212.02,0.00,-1005.25,111413.70,3206.78,N/A,N/A,,acronis,,SPDAMSENS
2026-05-01,UK_DEV,Red Mosquito Ltd,,Partner,Enabled,,Cyber Protection,Per workload,Disaster Recovery storage used,Acronis Cloud,GB,Unlimited,9629.59,169.19,0.00,0.00,9629.59,169.19,N/A,N/A,,acronis,,SVEAMSENS
2026-05-01,UK_DEV,Red Mosquito Ltd,,Partner,Enabled,,Cyber Protection,Per workload,Disaster Recovery public IP addresses,Acronis Cloud,,Unlimited,3,0,0,0,3,0,N/A,N/A,,acronis,,SEDAMSENS
2026-05-01,UK_DEV,Red Mosquito Ltd,,Partner,Enabled,,Cyber Protection,Per workload,Disaster Recovery compute points,Acronis Cloud,,Unlimited,4.93,4.93,0.00,0.00,4.93,4.93,N/A,N/A,,acronis,,SQYAMSENS
2026-05-01,UK_DEV,Red Mosquito Ltd,,Partner,Enabled,,Cyber Protection,Per workload,Microsoft 365 Seats protected (Acronis Storage G1),Acronis Cloud,,Unlimited,1220,21,0,-56,1220,-35,N/A,N/A,,acronis,,SRJAMSENS
2026-05-01,UK_DEV,Red Mosquito Ltd,,Partner,Enabled,,Cyber Protection,Per workload,Microsoft 365 Shared seats protected,,,Unlimited,1123,5,0,-3,1123,2,N/A,N/A,,,,SPDCMSENS
2026-05-01,UK_DEV,Red Mosquito Ltd,,Partner,Enabled,,Cyber Protection,Per workload,Network-attached storages (NAS) protected,,,Unlimited,2,0,0,0,2,0,N/A,N/A,,,,SPD5MSENS
2026-05-01,UK_DEV,IDT Support,,Partner,Enabled,,Cyber Protection,Per workload,Workstations protected,,,Unlimited,8,4,0,-4,8,0,N/A,N/A,,,,SPGAMSENS
2026-05-01,UK_DEV,IDT Support,,Partner,Enabled,,Cyber Protection,Per workload,Servers protected,,,Unlimited,1,0,0,0,1,0,N/A,N/A,,,,SPEAMSENS
2026-05-01,UK_DEV,IDT Support,,Partner,Enabled,,Cyber Protection,Per workload,VMs protected,,,Unlimited,91,7,2,2,93,9,N/A,N/A,,,,SPFAMSENS
2026-05-01,UK_DEV,IDT Support,,Partner,Enabled,,Sync & Share,File Sync & Share (per user),Users,,,Unlimited,5,1,0,-1,5,0,N/A,N/A,,,,SPIAMSENS
2026-05-01,UK_DEV,IDT Support,,Partner,Enabled,,Cyber Protection,Per workload,Network-attached storages (NAS) protected,,,Unlimited,1,0,0,0,1,0,N/A,N/A,,,,SPD5MSENS
2026-05-01,UK_DEV,CoreTrek AS,,Partner,Enabled,,Cyber Protection,Per workload,VMs protected,,,Unlimited,89,-1,0,0,89,-1,N/A,N/A,,,,SPFAMSENS
2026-05-01,UK_DEV,CoreTrek AS,,Partner,Enabled,,Sync & Share,File Sync & Share (per user),Users,,,Unlimited,1,0,0,0,1,0,N/A,N/A,,,,SPIAMSENS
2026-05-01,UK_DEV,HostFaddy,,Partner,Enabled,,Cyber Protection,Per workload,VMs protected,,,Unlimited,1,0,0,0,1,0,N/A,N/A,,,,SPFAMSENS
2026-05-01,UK_DEV,HostFaddy,,Partner,Enabled,,Sync & Share,File Sync & Share (per user),Users,,,Unlimited,1,0,0,0,1,0,N/A,N/A,,,,SPIAMSENS
2026-05-01,UK_DEV,HostFaddy,,Partner,Enabled,,Cyber Protection,Per workload,Web Hosting Servers protected,,,Unlimited,5,0,0,0,5,0,N/A,N/A,,,,SQ7AMSENS
2026-05-01,UK_DEV,HostFaddy,,Partner,Enabled,,Cyber Protection,Per workload,"Cloud Storage (UK, London - abgw-lhr3-arp1-r01.acronis.com) used - Class 2",Acronis Cloud,GB,Unlimited,7939.54,134.95,0.00,0.00,7939.54,134.95,N/A,N/A,,acronis,,SPDAMSENS
2026-05-01,UK_DEV,Lenex IT,,Partner,Enabled,,Cyber Protection,Per workload,Workstations protected,,,Unlimited,5,0,0,0,5,0,N/A,N/A,,,,SPGAMSENS
2026-05-01,UK_DEV,Lenex IT,,Partner,Enabled,,Cyber Protection,Per workload,VMs protected,,,Unlimited,28,0,0,0,28,0,N/A,N/A,,,,SPFAMSENS
2026-05-01,UK_DEV,Lenex IT,,Partner,Enabled,,Sync & Share,File Sync & Share (per user),Users,,,Unlimited,3,0,0,0,3,0,N/A,N/A,,,,SPIAMSENS
2026-05-01,UK_DEV,Lenex IT,,Partner,Enabled,,Cyber Protection,Per workload,"Cloud Storage (UK, London - abgw-lhr3-arp1-r01.acronis.com) used - Class 2",Acronis Cloud,GB,Unlimited,51307.63,2686.15,0.00,0.00,51307.63,2686.15,N/A,N/A,,acronis,,SPDAMSENS
2026-05-01,UK_DEV,Lenex IT,,Partner,Enabled,,Cyber Protection,Per workload,Disaster Recovery storage used,Acronis Cloud,GB,Unlimited,445.91,0.00,0.00,0.00,445.91,0.00,N/A,N/A,,acronis,,SVEAMSENS
2026-05-01,UK_DEV,Lenex IT,,Partner,Enabled,,Cyber Protection,Per workload,Microsoft 365 Seats protected (Acronis Storage G1),Acronis Cloud,,Unlimited,7,0,0,0,7,0,N/A,N/A,,acronis,,SRJAMSENS
2026-05-01,UK_DEV,Lenex IT,,Partner,Enabled,,Cyber Protection,Per workload,Microsoft 365 Shared seats protected,,,Unlimited,7,0,0,0,7,0,N/A,N/A,,,,SPDCMSENS
2026-05-01,UK_DEV,Lenex IT,,Partner,Enabled,,Cyber Protection,Per workload,Network-attached storages (NAS) protected,,,Unlimited,1,0,0,0,1,0,N/A,N/A,,,,SPD5MSENS
2026-05-01,UK_DEV,Xpower-IT,,Partner,Enabled,,Cyber Protection,Per workload,Workstations protected,,,Unlimited,4,0,0,0,4,0,N/A,N/A,,,,SPGAMSENS
2026-05-01,UK_DEV,Xpower-IT,,Partner,Enabled,,Cyber Protection,Per workload,Servers protected,,,Unlimited,5,0,0,0,5,0,N/A,N/A,,,,SPEAMSENS
2026-05-01,UK_DEV,Xpower-IT,,Partner,Enabled,,Cyber Protection,Per workload,VMs protected,,,Unlimited,94,-2,0,0,94,-2,N/A,N/A,,,,SPFAMSENS
2026-05-01,UK_DEV,Xpower-IT,,Partner,Enabled,,Sync & Share,File Sync & Share (per user),Users,,,Unlimited,33,0,0,0,33,0,N/A,N/A,,,,SPIAMSENS
2026-05-01,UK_DEV,Xpower-IT,,Partner,Enabled,,Cyber Protection,Per workload,"Cloud Storage (UK, London - abgw-lhr3-arp1-r01.acronis.com) used - Class 2",Acronis Cloud,GB,Unlimited,40424.64,528.18,0.00,0.00,40424.64,528.18,N/A,N/A,,acronis,,SPDAMSENS
2026-05-01,UK_DEV,Xpower-IT,,Partner,Enabled,,Cyber Protection,Per workload,Microsoft 365 Seats protected (Acronis Storage G1),Acronis Cloud,,Unlimited,603,-48,0,0,603,-48,N/A,N/A,,acronis,,SRJAMSENS
2026-05-01,UK_DEV,Xpower-IT,,Partner,Enabled,,Cyber Protection,Per workload,Microsoft 365 Shared seats protected,,,Unlimited,364,15,0,0,364,15,N/A,N/A,,,,SPDCMSENS
2026-05-01,UK_DEV,Geecon IT Solutions,,Partner,Enabled,,Cyber Protection,Per workload,Workstations protected,,,Unlimited,10,0,0,0,10,0,N/A,N/A,,,,SPGAMSENS
2026-05-01,UK_DEV,Geecon IT Solutions,,Partner,Enabled,,Cyber Protection,Per workload,Servers protected,,,Unlimited,2,0,0,0,2,0,N/A,N/A,,,,SPEAMSENS
2026-05-01,UK_DEV,Geecon IT Solutions,,Partner,Enabled,,Cyber Protection,Per workload,VMs protected,,,Unlimited,19,0,0,0,19,0,N/A,N/A,,,,SPFAMSENS
2026-05-01,UK_DEV,Geecon IT Solutions,,Partner,Enabled,,Cyber Protection,Per workload,Direct Backup to Public Cloud workstations protected,,,Unlimited,9,0,0,0,9,0,N/A,N/A,,,,SRFUMSENS
2026-05-01,UK_DEV,Geecon IT Solutions,,Partner,Enabled,,Cyber Protection,Per workload,Direct Backup to Public Cloud servers protected,,,Unlimited,2,0,0,0,2,0,N/A,N/A,,,,SRDUMSENS
2026-05-01,UK_DEV,Geecon IT Solutions,,Partner,Enabled,,Cyber Protection,Per workload,Direct Backup to Public Cloud VMs protected,,,Unlimited,11,0,0,0,11,0,N/A,N/A,,,,SREUMSENS
2026-05-01,UK_DEV,Icelantic,,Partner,Enabled,,Cyber Protection,Per workload,Workstations protected,,,Unlimited,43,0,0,0,43,0,N/A,N/A,,,,SPGAMSENS
2026-05-01,UK_DEV,Icelantic,,Partner,Enabled,,Cyber Protection,Per workload,Servers protected,,,Unlimited,25,1,0,0,25,1,N/A,N/A,,,,SPEAMSENS
2026-05-01,UK_DEV,Icelantic,,Partner,Enabled,,Cyber Protection,Per workload,VMs protected,,,Unlimited,85,0,0,0,85,0,N/A,N/A,,,,SPFAMSENS
2026-05-01,UK_DEV,Icelantic,,Partner,Enabled,,Cyber Protection,Per workload,"Cloud Storage (UK, London - abgw-lhr3-arp1-r02.acronis.com) used - Class 2",Acronis Cloud,GB,Unlimited,48626.39,2472.01,0.00,0.00,48626.39,2472.01,N/A,N/A,,acronis,,SPDAMSENS
2026-05-01,UK_DEV,Icelantic,,Partner,Enabled,,Cyber Protection,Per gigabyte,"Cloud Storage (UK, London - abgw-lhr3-arp1-r01.acronis.com) used - Class 2",Acronis Cloud,GB,Unlimited,1996.38,1996.38,0.00,0.00,1996.38,1996.38,N/A,N/A,,acronis,,SPBAMSENS
2026-05-01,UK_DEV,Icelantic,,Partner,Enabled,,Cyber Protection,Per workload,"Cloud Storage (UK, London - abgw-lhr3-arp1-r01.acronis.com) used - Class 2",Acronis Cloud,GB,Unlimited,82837.69,1657.48,0.00,0.00,82837.69,1657.48,N/A,N/A,,acronis,,SPDAMSENS
2026-05-01,UK_DEV,Icelantic,,Partner,Enabled,,Cyber Protection,Per workload,"Cloud Storage (UK, London - ew2-ags01.google.acronis.com) used - Class 2",Google Cloud,GB,Unlimited,457.87,195.43,0.00,0.00,457.87,195.43,N/A,N/A,,google,,SPXAMSENS
2026-05-01,UK_DEV,Icelantic,,Partner,Enabled,,Cyber Protection,Per gigabyte,Email and Collaboration Security mailboxes protected,,,Unlimited,10,10,0,0,10,10,N/A,N/A,,,,SO4AMSENS
2026-05-01,UK_DEV,Icelantic,,Partner,Enabled,,Cyber Protection,Per workload,Email and Collaboration Security mailboxes protected,,,Unlimited,2520,0,0,0,2520,0,N/A,N/A,,,,SO4AMSENS
2026-05-01,UK_DEV,Icelantic,,Partner,Enabled,,Cyber Protection,Per workload,Disaster Recovery storage used,Acronis Cloud,GB,Unlimited,1490.26,-4949.45,0.00,0.00,1490.26,-4949.45,N/A,N/A,,acronis,,SVEAMSENS
2026-05-01,UK_DEV,Icelantic,,Partner,Enabled,,Cyber Protection,Per workload,Disaster Recovery public IP addresses,Acronis Cloud,,Unlimited,0,-4,0,0,0,-4,N/A,N/A,,acronis,,SEDAMSENS
2026-05-01,UK_DEV,Icelantic,,Partner,Enabled,,Cyber Protection,Per workload,Disaster Recovery compute points,Acronis Cloud,,Unlimited,652.33,652.33,0.00,0.00,652.33,652.33,N/A,N/A,,acronis,,SQYAMSENS
2026-05-01,UK_DEV,Icelantic,,Partner,Enabled,,Cyber Protection,Per workload,Microsoft 365 Seats protected (Acronis Storage G1),Acronis Cloud,,Unlimited,1273,13,0,0,1273,13,N/A,N/A,,acronis,,SRJAMSENS
2026-05-01,UK_DEV,Icelantic,,Partner,Enabled,,Cyber Protection,Per workload,Microsoft 365 Seats protected (Acronis Storage G1),Acronis Cloud,,Unlimited,1337,27,0,0,1337,27,N/A,N/A,,acronis,,SRJAMSENS
2026-05-01,UK_DEV,Icelantic,,Partner,Enabled,,Cyber Protection,Per workload,Microsoft 365 Seats protected (Google Storage),Google Cloud,,Unlimited,8,0,0,0,8,0,N/A,N/A,,google,,SRAAMSENS
2026-05-01,UK_DEV,Icelantic,,Partner,Enabled,,Cyber Protection,Per gigabyte,Microsoft 365 Shared seats protected,,,Unlimited,19,19,0,0,19,19,N/A,N/A,,,,SPDCMSENS
2026-05-01,UK_DEV,Icelantic,,Partner,Enabled,,Cyber Protection,Per workload,Microsoft 365 Shared seats protected,,,Unlimited,3568,39,0,0,3568,39,N/A,N/A,,,,SPDCMSENS
2026-05-01,UK_DEV,Icelantic,,Partner,Enabled,,Cyber Protection,Per workload,Network-attached storages (NAS) protected,,,Unlimited,7,1,0,0,7,1,N/A,N/A,,,,SPD5MSENS
2026-05-01,UK_DEV,Icelantic,,Partner,Enabled,,Cyber Protection,Per workload,Google Workspace seats protected (Acronis Storage G1),Acronis Cloud,,Unlimited,3,0,0,0,3,0,N/A,N/A,,acronis,,SQ8AMSENS
2026-05-01,UK_DEV,Blueline Computing (DAFTech),ACT-00113333,Partner,Enabled,,Cyber Protection,Per workload,Workstations protected,,,Unlimited,3,0,0,0,3,0,N/A,N/A,,,,SPGAMSENS
2026-05-01,UK_DEV,Blueline Computing (DAFTech),ACT-00113333,Partner,Enabled,,Cyber Protection,Per workload,Servers protected,,,Unlimited,7,0,0,0,7,0,N/A,N/A,,,,SPEAMSENS
2026-05-01,UK_DEV,Blueline Computing (DAFTech),ACT-00113333,Partner,Enabled,,Cyber Protection,Per workload,VMs protected,,,Unlimited,3,0,0,0,3,0,N/A,N/A,,,,SPFAMSENS
2026-05-01,UK_DEV,Blueline Computing (DAFTech),ACT-00113333,Partner,Enabled,,Cyber Protection,Per workload,RMM,,,Unlimited,3,0,0,0,3,0,N/A,N/A,,,,SRHAMSENS
2026-05-01,UK_DEV,Blueline Computing (DAFTech),ACT-00113333,Partner,Enabled,,Cyber Protection,Per workload,Endpoints protected with EDR,,,Unlimited,5,0,0,0,5,0,N/A,N/A,,,,SRIAMSENS
2026-05-01,UK_DEV,Blueline Computing (DAFTech),ACT-00113333,Partner,Enabled,,Cyber Protection,Per workload,"Cloud Storage (UK, London - abgw-lhr3-arp1-r02.acronis.com) used - Class 2",Acronis Cloud,GB,Unlimited,469.34,-5.81,0.00,0.00,469.34,-5.81,N/A,N/A,,acronis,,SPDAMSENS
2026-05-01,UK_DEV,Blueline Computing (DAFTech),ACT-00113333,Partner,Enabled,,Cyber Protection,Per workload,"Cloud Storage (UK, London - abgw-lhr3-arp1-r01.acronis.com) used - Class 2",Acronis Cloud,GB,Unlimited,5962.38,131.94,0.00,0.00,5962.38,131.94,N/A,N/A,,acronis,,SPDAMSENS
2026-05-01,UK_DEV,m3 Networks,,Partner,Enabled,,Cyber Protection,Per workload,Workstations protected,,,Unlimited,23,0,0,0,23,0,N/A,N/A,,,,SPGAMSENS
2026-05-01,UK_DEV,m3 Networks,,Partner,Enabled,,Cyber Protection,Per workload,Servers protected,,,Unlimited,6,0,0,0,6,0,N/A,N/A,,,,SPEAMSENS
2026-05-01,UK_DEV,m3 Networks,,Partner,Enabled,,Cyber Protection,Per workload,VMs protected,,,Unlimited,73,0,0,0,73,0,N/A,N/A,,,,SPFAMSENS
2026-05-01,UK_DEV,m3 Networks,,Partner,Enabled,,Cyber Protection,Per workload,Endpoints protected with EDR,,,Unlimited,2,0,0,0,2,0,N/A,N/A,,,,SRIAMSENS
2026-05-01,UK_DEV,m3 Networks,,Partner,Enabled,,Cyber Protection,Per workload,"Cloud Storage (UK, London - abgw-lhr3-arp1-r02.acronis.com) used - Class 2",Acronis Cloud,GB,Unlimited,46987.64,320.85,0.00,0.00,46987.64,320.85,N/A,N/A,,acronis,,SPDAMSENS
2026-05-01,UK_DEV,m3 Networks,,Partner,Enabled,,Cyber Protection,Per workload,"Cloud Storage (UK, London - abgw-lhr3-arp1-r01.acronis.com) used - Class 2",Acronis Cloud,GB,Unlimited,31213.56,1065.80,0.00,0.00,31213.56,1065.80,N/A,N/A,,acronis,,SPDAMSENS
2026-05-01,UK_DEV,m3 Networks,,Partner,Enabled,,Cyber Protection,Per workload,Microsoft 365 Seats protected (Acronis Storage G1),Acronis Cloud,,Unlimited,683,-2,0,0,683,-2,N/A,N/A,,acronis,,SRJAMSENS
2026-05-01,UK_DEV,m3 Networks,,Partner,Enabled,,Cyber Protection,Per workload,Microsoft 365 Seats protected (Acronis Storage G1),Acronis Cloud,,Unlimited,1673,339,0,0,1673,339,N/A,N/A,,acronis,,SRJAMSENS
2026-05-01,UK_DEV,m3 Networks,,Partner,Enabled,,Cyber Protection,Per workload,Microsoft 365 Shared seats protected,,,Unlimited,1707,267,0,0,1707,267,N/A,N/A,,,,SPDCMSENS
2026-05-01,UK_DEV,m3 Networks,,Partner,Enabled,,Cyber Protection,Per workload,Google Workspace seats protected (Acronis Storage G1),Acronis Cloud,,Unlimited,8,8,0,0,8,8,N/A,N/A,,acronis,,SQ8AMSENS
2026-05-01,UK_DEV,Extech Ltd (1010936),osa_account_id=20000596;osa_subscription_id=1010936,Partner,Enabled,,Cyber Protection,Per workload,Workstations protected,,,Unlimited,1,0,0,0,1,0,N/A,N/A,,,,SPGAMSENS
2026-05-01,UK_DEV,Extech Ltd (1010936),osa_account_id=20000596;osa_subscription_id=1010936,Partner,Enabled,,Sync & Share,File Sync & Share (per user),Users,,,Unlimited,1,0,0,0,1,0,N/A,N/A,,,,SPIAMSENS
2026-05-01,UK_DEV,Extech Ltd (1010936),osa_account_id=20000596;osa_subscription_id=1010936,Partner,Enabled,,Cyber Protection,Per gigabyte,"Cloud Storage (UK, London - abgw-lhr3-arp1-r01.acronis.com) used - Class 2",Acronis Cloud,GB,Unlimited,48397.29,440.14,0.00,0.00,48397.29,440.14,N/A,N/A,,acronis,,SPBAMSENS
2026-05-01,UK_DEV,Extech Ltd (1010936),osa_account_id=20000596;osa_subscription_id=1010936,Partner,Enabled,,Cyber Protection,Per workload,"Cloud Storage (UK, London - abgw-lhr3-arp1-r01.acronis.com) used - Class 2",Acronis Cloud,GB,Unlimited,1564.83,26.68,0.00,0.00,1564.83,26.68,N/A,N/A,,acronis,,SPDAMSENS
2026-05-01,UK_DEV,Extech Ltd (1010936),osa_account_id=20000596;osa_subscription_id=1010936,Partner,Enabled,,Cyber Protection,Per workload,Microsoft 365 Seats protected (Acronis Storage G1),Acronis Cloud,,Unlimited,22,-3,0,0,22,-3,N/A,N/A,,acronis,,SRJAMSENS
2026-05-01,UK_DEV,Extech Ltd (1010936),osa_account_id=20000596;osa_subscription_id=1010936,Partner,Enabled,,Cyber Protection,Per gigabyte,Microsoft 365 Shared seats protected,,,Unlimited,1720,17,0,0,1720,17,N/A,N/A,,,,SPDCMSENS
2026-05-01,UK_DEV,Extech Ltd (1010936),osa_account_id=20000596;osa_subscription_id=1010936,Partner,Enabled,,Cyber Protection,Per workload,Microsoft 365 Shared seats protected,,,Unlimited,113,3,0,0,113,3,N/A,N/A,,,,SPDCMSENS
2026-05-01,UK_GIG,ADECS-Maple,,Partner,Enabled,,Cyber Protection,Per workload,Workstations protected,,,Unlimited,19,0,0,0,19,0,N/A,N/A,,,,SPGAMSENS
2026-05-01,UK_GIG,ADECS-Maple,,Partner,Enabled,,Cyber Protection,Per workload,Servers protected,,,Unlimited,16,-1,0,0,16,-1,N/A,N/A,,,,SPEAMSENS
2026-05-01,UK_GIG,ADECS-Maple,,Partner,Enabled,,Cyber Protection,Per workload,VMs protected,,,Unlimited,48,-3,0,0,48,-3,N/A,N/A,,,,SPFAMSENS
2026-05-01,UK_GIG,ADECS-Maple,,Partner,Enabled,,Cyber Protection,Per workload,"Cloud Storage (UK, London - abgw-lhr3-arp1-r01.acronis.com) used - Class 2",Acronis Cloud,GB,Unlimited,80021.44,-12944.98,0.00,0.00,80021.44,-12944.98,N/A,N/A,,acronis,,SPDAMSENS
2026-05-01,UK_GIG,ADECS-Maple,,Partner,Enabled,,Cyber Protection,Per workload,Microsoft 365 Seats protected (Acronis Storage G1),Acronis Cloud,,Unlimited,530,-11,0,0,530,-11,N/A,N/A,,acronis,,SRJAMSENS
2026-05-01,UK_GIG,ADECS-Maple,,Partner,Enabled,,Cyber Protection,Per workload,Microsoft 365 Shared seats protected,,,Unlimited,260,-18,0,0,260,-18,N/A,N/A,,,,SPDCMSENS
2026-05-01,UK_GIG,ADECS-Maple,,Partner,Enabled,,Cyber Protection,Per workload,Network-attached storages (NAS) protected,,,Unlimited,0,-1,0,0,0,-1,N/A,N/A,,,,SPD5MSENS
2026-05-01,UK_GIG,Computeam,,Partner,Enabled,,Cyber Protection,Per gigabyte,Servers protected (included features),,,Unlimited,1,0,0,0,1,0,N/A,N/A,,,,SPDCMSENS
2026-05-01,UK_GIG,Computeam,,Partner,Enabled,,Cyber Protection,Per workload,Servers protected,,,Unlimited,4,0,0,0,4,0,N/A,N/A,,,,SPEAMSENS
2026-05-01,UK_GIG,Computeam,,Partner,Enabled,,Cyber Protection,Per gigabyte,VMs (included features) protected,,,Unlimited,0,-1,0,0,0,-1,N/A,N/A,,,,SPDCMSENS
2026-05-01,UK_GIG,Computeam,,Partner,Enabled,,Cyber Protection,Per workload,VMs protected,,,Unlimited,48,0,0,0,48,0,N/A,N/A,,,,SPFAMSENS
2026-05-01,UK_GIG,Computeam,,Partner,Enabled,,Cyber Protection,Per gigabyte,RMM,,,Unlimited,5,2,0,0,5,2,N/A,N/A,,,,SRHAMSENS
2026-05-01,UK_GIG,Computeam,,Partner,Enabled,,Cyber Protection,Per gigabyte,Endpoints protected with EDR,,,Unlimited,22,-1,0,0,22,-1,N/A,N/A,,,,SRIAMSENS
2026-05-01,UK_GIG,Computeam,,Partner,Enabled,,Cyber Protection,,Local Storage Per gigabyte,,GB,Unlimited,2003.97,-730.81,0.00,0.00,2003.97,-730.81,N/A,N/A,,,,SP4BMSENS
2026-05-01,UK_GIG,Computeam,,Partner,Enabled,,Cyber Protection,Per gigabyte,"Cloud Storage (UK, London - abgw-lhr3-arp1-r01.acronis.com) used - Class 2",Acronis Cloud,GB,Unlimited,292600.07,-16658.68,0.00,0.00,292600.07,-16658.68,N/A,N/A,,acronis,,SPBAMSENS
2026-05-01,UK_GIG,Computeam,,Partner,Enabled,,Cyber Protection,Per workload,"Cloud Storage (UK, London - abgw-lhr3-arp1-r01.acronis.com) used - Class 2",Acronis Cloud,GB,Unlimited,36865.88,29.84,0.00,0.00,36865.88,29.84,N/A,N/A,,acronis,,SPDAMSENS
2026-05-01,UK_GIG,Computeam,,Partner,Enabled,,Cyber Protection,Per gigabyte,Microsoft 365 Shared seats protected,,,Unlimited,642,8,0,0,642,8,N/A,N/A,,,,SPDCMSENS
2026-05-01,UK_GIG,Computeam,,Partner,Enabled,,Cyber Protection,Per workload,Google Workspace seats protected (Acronis Storage G1),Acronis Cloud,,Unlimited,799,3,0,0,799,3,N/A,N/A,,acronis,,SQ8AMSENS
2026-05-01,UK_GIG,Oryx Align,,Partner,Enabled,,Cyber Protection,Per workload,Workstations protected,,,Unlimited,398,-1,0,0,398,-1,N/A,N/A,,,,SPGAMSENS
2026-05-01,UK_GIG,Oryx Align,,Partner,Enabled,,Cyber Protection,Per workload,Servers protected,,,Unlimited,92,1,0,0,92,1,N/A,N/A,,,,SPEAMSENS
2026-05-01,UK_GIG,Oryx Align,,Partner,Enabled,,Cyber Protection,Per workload,VMs protected,,,Unlimited,25,0,0,0,25,0,N/A,N/A,,,,SPFAMSENS
2026-05-01,UK_GIG,Oryx Align,,Partner,Enabled,,Cyber Protection,Per workload,Endpoints protected with EDR,,,Unlimited,1,0,0,0,1,0,N/A,N/A,,,,SRIAMSENS
2026-05-01,UK_GIG,Oryx Align,,Partner,Enabled,,Cyber Protection,Per workload,"Cloud Storage (UK, London - abgw-lhr3-arp1-r01.acronis.com) used - Class 2",Acronis Cloud,GB,Unlimited,167782.93,-13765.86,0.00,0.00,167782.93,-13765.86,N/A,N/A,,acronis,,SPDAMSENS
2026-05-01,UK_GIG,Oryx Align,,Partner,Enabled,,Cyber Protection,Per workload,Disaster Recovery storage used,Acronis Cloud,GB,Unlimited,4355.15,-320.30,0.00,0.00,4355.15,-320.30,N/A,N/A,,acronis,,SVEAMSENS
2026-05-01,UK_GIG,Oryx Align,,Partner,Enabled,,Cyber Protection,Per workload,Disaster Recovery compute points,Acronis Cloud,,Unlimited,7.10,7.10,0.00,0.00,7.10,7.10,N/A,N/A,,acronis,,SQYAMSENS
2026-05-01,UK_GIG,QIT Solutions,ACT-00265920,Partner,Enabled,,Cyber Protection,Per gigabyte,"Cloud Storage (UK, London - abgw-lhr3-arp1-r01.acronis.com) used - Class 2",Acronis Cloud,GB,Unlimited,5334.11,-19.88,0.00,0.00,5334.11,-19.88,N/A,N/A,,acronis,,SPBAMSENS
2026-05-01,UK_GIG,MCS Computer Support,,Partner,Enabled,,Cyber Protection,Per workload,Workstations protected,,,Unlimited,46,0,0,0,46,0,N/A,N/A,,,,SPGAMSENS
2026-05-01,UK_GIG,MCS Computer Support,,Partner,Enabled,,Cyber Protection,Per workload,Servers protected,,,Unlimited,8,0,0,0,8,0,N/A,N/A,,,,SPEAMSENS
2026-05-01,UK_GIG,MCS Computer Support,,Partner,Enabled,,Cyber Protection,Per workload,VMs protected,,,Unlimited,4,0,0,0,4,0,N/A,N/A,,,,SPFAMSENS
2026-05-01,UK_GIG,MCS Computer Support,,Partner,Enabled,,Cyber Protection,Per gigabyte,Cloud Storage (abs1.acronis.mcs.support:44445) used - Class 2,abs1.acronis.mcs.support:44445,GB,Unlimited,630.60,-2.83,0.00,0.00,630.60,-2.83,N/A,N/A,,,,SPBBMSENS
2026-05-01,UK_GIG,Network Utilities,,Partner,Enabled,,Cyber Protection,Per workload,Workstations protected (included features),,,Unlimited,8,0,0,0,8,0,N/A,N/A,,,,SPDCMSENS
2026-05-01,UK_GIG,Network Utilities,,Partner,Enabled,,Cyber Protection,Per workload,Servers protected,,,Unlimited,3,0,0,0,3,0,N/A,N/A,,,,SPEAMSENS
2026-05-01,UK_GIG,Network Utilities,,Partner,Enabled,,Cyber Protection,Per workload,VMs protected,,,Unlimited,5,1,0,0,5,1,N/A,N/A,,,,SPFAMSENS
2026-05-01,UK_GIG,Network Utilities,,Partner,Enabled,,Sync & Share,File Sync & Share (per user),Users,,,Unlimited,1,0,0,0,1,0,N/A,N/A,,,,SPIAMSENS
2026-05-01,UK_GIG,Network Utilities,,Partner,Enabled,,Cyber Protection,Per workload,RMM,,,Unlimited,11,0,0,0,11,0,N/A,N/A,,,,SRHAMSENS
2026-05-01,UK_GIG,Network Utilities,,Partner,Enabled,,Cyber Protection,Per gigabyte,Endpoints protected with EDR,,,Unlimited,1,0,0,0,1,0,N/A,N/A,,,,SRIAMSENS
2026-05-01,UK_GIG,Network Utilities,,Partner,Enabled,,Cyber Protection,Per workload,Endpoints protected with EDR,,,Unlimited,9,0,0,0,9,0,N/A,N/A,,,,SRIAMSENS
2026-05-01,UK_GIG,Network Utilities,,Partner,Enabled,,Cyber Protection,,Local Storage Per gigabyte,,GB,Unlimited,50.90,0.00,0.00,0.00,50.90,0.00,N/A,N/A,,,,SP4BMSENS
2026-05-01,UK_GIG,Network Utilities,,Partner,Enabled,,Cyber Protection,Per gigabyte,"Cloud Storage (UK, London - abgw-lhr3-arp1-r01.acronis.com) used - Class 2",Acronis Cloud,GB,Unlimited,3421.32,-13.41,0.00,0.00,3421.32,-13.41,N/A,N/A,,acronis,,SPBAMSENS
2026-05-01,UK_GIG,Network Utilities,,Partner,Enabled,,Cyber Protection,Per workload,"Cloud Storage (UK, London - abgw-lhr3-arp1-r01.acronis.com) used - Class 2",Acronis Cloud,GB,Unlimited,1708.60,221.89,0.00,0.00,1708.60,221.89,N/A,N/A,,acronis,,SPDAMSENS
2026-05-01,UK_GIG,Network Utilities,,Partner,Enabled,,Cyber Protection,Per workload,Disaster Recovery storage used,Acronis Cloud,GB,Unlimited,1402.95,38.22,0.00,0.00,1402.95,38.22,N/A,N/A,,acronis,,SVEAMSENS
2026-05-01,UK_GIG,Network Utilities,,Partner,Enabled,,Cyber Protection,Per gigabyte,Disaster Recovery storage used,Acronis Cloud,GB,Unlimited,124.61,0.00,0.00,0.00,124.61,0.00,N/A,N/A,,acronis,,SVEAMSENS
2026-05-01,UK_GIG,Network Utilities,,Partner,Enabled,,Cyber Protection,Per workload,Microsoft 365 Seats protected (Acronis Storage G1),Acronis Cloud,,Unlimited,93,-3,0,0,93,-3,N/A,N/A,,acronis,,SRJAMSENS
2026-05-01,UK_GIG,Network Utilities,,Partner,Enabled,,Cyber Protection,Per gigabyte,Microsoft 365 Shared seats protected,,,Unlimited,5,0,0,0,5,0,N/A,N/A,,,,SPDCMSENS
2026-05-01,UK_GIG,Network Utilities,,Partner,Enabled,,Cyber Protection,Per workload,Microsoft 365 Shared seats protected,,,Unlimited,62,6,0,0,62,6,N/A,N/A,,,,SPDCMSENS
2026-05-01,UK_GIG,ICSI,,Partner,Disabled,,Cyber Protection,Per workload,"Cloud Storage (UK, London - abgw-lhr3-arp1-r01.acronis.com) used - Class 2",Acronis Cloud,GB,Unlimited,3.05,-0.02,0.00,0.00,3.05,-0.02,N/A,N/A,,acronis,,SPDAMSENS
2026-05-01,UK_GIG,ICSI,,Partner,Disabled,,Cyber Protection,Per workload,Microsoft 365 Seats protected (Acronis Storage G1),Acronis Cloud,,Unlimited,1,0,0,0,1,0,N/A,N/A,,acronis,,SRJAMSENS
2026-05-01,UK_GIG,ICSI,,Partner,Disabled,,Cyber Protection,Per workload,Microsoft 365 Shared seats protected,,,Unlimited,4,0,0,0,4,0,N/A,N/A,,,,SPDCMSENS
2026-05-01,UK_GIG,Balliante Ltd,,Partner,Enabled,,Cyber Protection,Per workload,Workstations protected,,,Unlimited,1,0,0,0,1,0,N/A,N/A,,,,SPGAMSENS
2026-05-01,UK_GIG,Balliante Ltd,,Partner,Enabled,,Cyber Protection,Per workload,Servers protected,,,Unlimited,7,0,0,0,7,0,N/A,N/A,,,,SPEAMSENS
2026-05-01,UK_GIG,Balliante Ltd,,Partner,Enabled,,Cyber Protection,Per workload,VMs protected,,,Unlimited,11,1,0,0,11,1,N/A,N/A,,,,SPFAMSENS
2026-05-01,UK_GIG,Balliante Ltd,,Partner,Enabled,,Sync & Share,File Sync & Share (per user),Users,,,Unlimited,4,0,0,0,4,0,N/A,N/A,,,,SPIAMSENS
2026-05-01,UK_GIG,Balliante Ltd,,Partner,Enabled,,Cyber Protection,Per workload,RMM,,,Unlimited,1,0,0,0,1,0,N/A,N/A,,,,SRHAMSENS
2026-05-01,UK_GIG,Balliante Ltd,,Partner,Enabled,,Cyber Protection,Per workload,Endpoints protected with EDR,,,Unlimited,1,0,0,0,1,0,N/A,N/A,,,,SRIAMSENS
2026-05-01,UK_GIG,Balliante Ltd,,Partner,Enabled,,Cyber Protection,Per gigabyte,"Cloud Storage (UK, London - abgw-lhr3-arp1-r01.acronis.com) used - Class 2",Acronis Cloud,GB,Unlimited,37.60,-0.01,0.00,0.00,37.60,-0.01,N/A,N/A,,acronis,,SPBAMSENS
2026-05-01,UK_GIG,Balliante Ltd,,Partner,Enabled,,Cyber Protection,Per workload,"Cloud Storage (UK, London - abgw-lhr3-arp1-r01.acronis.com) used - Class 2",Acronis Cloud,GB,Unlimited,14114.32,887.59,0.00,0.00,14114.32,887.59,N/A,N/A,,acronis,,SPDAMSENS
2026-05-01,UK_GIG,Balliante Ltd,,Partner,Enabled,,Cyber Protection,Per workload,Microsoft 365 Seats protected (Acronis Storage G1),Acronis Cloud,,Unlimited,347,5,0,0,347,5,N/A,N/A,,acronis,,SRJAMSENS
2026-05-01,UK_GIG,Balliante Ltd,,Partner,Enabled,,Cyber Protection,Per workload,Microsoft 365 Shared seats protected,,,Unlimited,265,-3,0,0,265,-3,N/A,N/A,,,,SPDCMSENS
2026-05-01,UK_GIG,Abbey Telecom,CA-1231-9068,Partner,Enabled,,Cyber Protection,Per workload,Workstations protected,,,Unlimited,1,0,0,0,1,0,N/A,N/A,,,,SPGAMSENS
2026-05-01,UK_GIG,Abbey Telecom,CA-1231-9068,Partner,Enabled,,Cyber Protection,Per workload,VMs protected,,,Unlimited,3,0,0,0,3,0,N/A,N/A,,,,SPFAMSENS
2026-05-01,UK_GIG,Abbey Telecom,CA-1231-9068,Partner,Enabled,,Sync & Share,File Sync & Share (per user),Users,,,Unlimited,2,0,0,0,2,0,N/A,N/A,,,,SPIAMSENS
2026-05-01,UK_GIG,Abbey Telecom,CA-1231-9068,Partner,Enabled,,Cyber Protection,Per gigabyte,RMM,,,Unlimited,1,1,0,0,1,1,N/A,N/A,,,,SRHAMSENS
2026-05-01,UK_GIG,Abbey Telecom,CA-1231-9068,Partner,Enabled,,Cyber Protection,Per gigabyte,Endpoints protected with EDR,,,Unlimited,1,1,0,0,1,1,N/A,N/A,,,,SRIAMSENS
2026-05-01,UK_GIG,Abbey Telecom,CA-1231-9068,Partner,Enabled,,Cyber Protection,,Local Storage Per gigabyte,,GB,Unlimited,118.15,118.15,0.00,0.00,118.15,118.15,N/A,N/A,,,,SP4BMSENS
2026-05-01,UK_GIG,Abbey Telecom,CA-1231-9068,Partner,Enabled,,Cyber Protection,Per gigabyte,"Cloud Storage (UK, London - abgw-lhr3-arp1-r01.acronis.com) used - Class 2",Acronis Cloud,GB,Unlimited,18860.77,-278.65,0.00,0.00,18860.77,-278.65,N/A,N/A,,acronis,,SPBAMSENS
2026-05-01,UK_GIG,Abbey Telecom,CA-1231-9068,Partner,Enabled,,Cyber Protection,Per workload,"Cloud Storage (UK, London - abgw-lhr3-arp1-r01.acronis.com) used - Class 2",Acronis Cloud,GB,Unlimited,2326.11,149.98,0.00,0.00,2326.11,149.98,N/A,N/A,,acronis,,SPDAMSENS
2026-05-01,UK_GIG,1 ZERO 1 Comp Sols Ltd,,Partner,Enabled,,Cyber Protection,Per workload,Workstations protected,,,Unlimited,4,0,0,0,4,0,N/A,N/A,,,,SPGAMSENS
2026-05-01,UK_GIG,1 ZERO 1 Comp Sols Ltd,,Partner,Enabled,,Cyber Protection,Per workload,Servers protected,,,Unlimited,4,0,0,0,4,0,N/A,N/A,,,,SPEAMSENS
2026-05-01,UK_GIG,1 ZERO 1 Comp Sols Ltd,,Partner,Enabled,,Cyber Protection,Per workload,VMs protected,,,Unlimited,14,1,3,3,17,4,N/A,N/A,,,,SPFAMSENS
2026-05-01,UK_GIG,1 ZERO 1 Comp Sols Ltd,,Partner,Enabled,,Sync & Share,File Sync & Share (per user),Users,,,Unlimited,1,0,1,1,2,1,N/A,N/A,,,,SPIAMSENS
2026-05-01,UK_GIG,1 ZERO 1 Comp Sols Ltd,,Partner,Enabled,,Cyber Protection,Per workload,"Cloud Storage (UK, London - abgw-lhr3-arp1-r02.acronis.com) used - Class 2",Acronis Cloud,GB,Unlimited,2493.90,-69.86,0.00,0.00,2493.90,-69.86,N/A,N/A,,acronis,,SPDAMSENS
2026-05-01,UK_GIG,1 ZERO 1 Comp Sols Ltd,,Partner,Enabled,,Cyber Protection,Per gigabyte,"Cloud Storage (UK, London - abgw-lhr3-arp1-r01.acronis.com) used - Class 2",Acronis Cloud,GB,Unlimited,1157.77,-3.50,0.00,0.00,1157.77,-3.50,N/A,N/A,,acronis,,SPBAMSENS
2026-05-01,UK_GIG,1 ZERO 1 Comp Sols Ltd,,Partner,Enabled,,Cyber Protection,Per workload,"Cloud Storage (UK, London - abgw-lhr3-arp1-r01.acronis.com) used - Class 2",Acronis Cloud,GB,Unlimited,6985.15,-571.03,1193.86,1193.86,8179.01,622.83,N/A,N/A,,acronis,,SPDAMSENS
2026-05-01,UK_GIG,1 ZERO 1 Comp Sols Ltd,,Partner,Enabled,,Cyber Protection,Per workload,Microsoft 365 Seats protected (Acronis Storage G1),Acronis Cloud,,Unlimited,9,0,0,0,9,0,N/A,N/A,,acronis,,SRJAMSENS
2026-05-01,UK_GIG,1 ZERO 1 Comp Sols Ltd,,Partner,Enabled,,Cyber Protection,Per workload,Microsoft 365 Seats protected (Acronis Storage G1),Acronis Cloud,,Unlimited,186,35,0,0,186,35,N/A,N/A,,acronis,,SRJAMSENS
2026-05-01,UK_GIG,1 ZERO 1 Comp Sols Ltd,,Partner,Enabled,,Cyber Protection,Per workload,Microsoft 365 Shared seats protected,,,Unlimited,36,36,0,0,36,36,N/A,N/A,,,,SPDCMSENS
2026-05-01,UK_GIG,1 ZERO 1 Comp Sols Ltd,,Partner,Enabled,,Cyber Protection,Per workload,Network-attached storages (NAS) protected,,,Unlimited,1,0,0,0,1,0,N/A,N/A,,,,SPD5MSENS
2026-05-01,UK_GIG,1 ZERO 1 Comp Sols Ltd,,Partner,Enabled,,Cyber Protection,Per workload,RMM Microsoft 365 seats managed and monitored (with risk remediation),,,Unlimited,16,0,0,0,16,0,N/A,N/A,,,,SRMAMSENS
2026-05-01,UK_GIG,Total Group International Ltd.,,Partner,Disabled,,Cyber Protection,Per gigabyte,"Cloud Storage (UK, London - abgw-lhr3-arp1-r02.acronis.com) used - Class 2",Acronis Cloud,GB,Unlimited,118.38,-12.25,0.00,0.00,118.38,-12.25,N/A,N/A,,acronis,,SPBAMSENS
2026-05-01,UK_GIG,Total Group International Ltd.,,Partner,Disabled,,Cyber Protection,Per gigabyte,"Cloud Storage (UK, London - abgw-lhr3-arp1-r01.acronis.com) used - Class 2",Acronis Cloud,GB,Unlimited,6612.10,-249.65,0.00,0.00,6612.10,-249.65,N/A,N/A,,acronis,,SPBAMSENS
2026-05-01,US5_DEV,United Datacom Networks Inc,,Partner,Enabled,,Cyber Protection,Per workload,Workstations protected,,,Unlimited,76,2,0,0,76,2,N/A,N/A,,,,SPGAMSENS
2026-05-01,US5_DEV,United Datacom Networks Inc,,Partner,Enabled,,Cyber Protection,Per workload,Servers protected,,,Unlimited,91,-2,0,0,91,-2,N/A,N/A,,,,SPEAMSENS
2026-05-01,US5_DEV,United Datacom Networks Inc,,Partner,Enabled,,Cyber Protection,Per workload,VMs protected,,,Unlimited,230,-2,0,0,230,-2,N/A,N/A,,,,SPFAMSENS
2026-05-01,US5_DEV,United Datacom Networks Inc,,Partner,Enabled,,Sync & Share,File Sync & Share (per user),Users,,,Unlimited,18,0,0,0,18,0,N/A,N/A,,,,SPIAMSENS
2026-05-01,US5_DEV,United Datacom Networks Inc,,Partner,Enabled,,Cyber Protection,Per workload,RMM,,,Unlimited,2,0,0,0,2,0,N/A,N/A,,,,SRHAMSENS
2026-05-01,US5_DEV,United Datacom Networks Inc,,Partner,Enabled,,Cyber Protection,Per workload,Endpoints protected with EDR,,,Unlimited,1,0,0,0,1,0,N/A,N/A,,,,SRIAMSENS
2026-05-01,US5_DEV,United Datacom Networks Inc,,Partner,Enabled,,Cyber Protection,Per workload,Cloud Storage (uc1-aas01.azure.acronis.com) used - Class 2,Microsoft Azure,GB,Unlimited,8175.27,136.23,0.00,0.00,8175.27,136.23,N/A,N/A,,azure,,SQ1AMSENS
2026-05-01,US5_DEV,United Datacom Networks Inc,,Partner,Enabled,,Cyber Protection,Per workload,Cloud Storage (abgw-phx1-arp2.acronis.com) used - Class 2,Acronis Cloud,GB,Unlimited,87528.14,-1165.54,0.00,0.00,87528.14,-1165.54,N/A,N/A,,acronis,,SPDAMSENS
2026-05-01,US5_DEV,United Datacom Networks Inc,,Partner,Enabled,,Cyber Protection,Per workload,Cloud Storage (abgw-phx1-arp1.acronis.com) used - Class 2,Acronis Cloud,GB,Unlimited,28671.62,42.07,0.00,0.00,28671.62,42.07,N/A,N/A,,acronis,,SPDAMSENS
2026-05-01,US5_DEV,United Datacom Networks Inc,,Partner,Enabled,,Cyber Protection,Per workload,Email and Collaboration Security mailboxes protected,,,Unlimited,74,0,0,0,74,0,N/A,N/A,,,,SO4AMSENS
2026-05-01,US5_DEV,United Datacom Networks Inc,,Partner,Enabled,,Cyber Protection,Per workload,Microsoft 365 Seats protected (Azure Storage),Microsoft Azure,,Unlimited,6,0,0,0,6,0,N/A,N/A,,azure,,SRAAMSENS
2026-05-01,US5_DEV,United Datacom Networks Inc,,Partner,Enabled,,Cyber Protection,Per workload,Microsoft 365 Seats protected (Acronis Storage G1),Acronis Cloud,,Unlimited,1645,-2,0,0,1645,-2,N/A,N/A,,acronis,,SRJAMSENS
2026-05-01,US5_DEV,United Datacom Networks Inc,,Partner,Enabled,,Cyber Protection,Per workload,Microsoft 365 Seats protected (Acronis Storage G1),Acronis Cloud,,Unlimited,359,2,0,0,359,2,N/A,N/A,,acronis,,SRJAMSENS
2026-05-01,US5_DEV,United Datacom Networks Inc,,Partner,Enabled,,Cyber Protection,Per workload,Microsoft 365 Shared seats protected,,,Unlimited,729,7,0,0,729,7,N/A,N/A,,,,SPDCMSENS
2026-05-01,US5_DEV,United Datacom Networks Inc,,Partner,Enabled,,Cyber Protection,Per workload,Disaster Recovery storage used,Acronis Cloud,GB,Unlimited,41758.58,1633.56,0.00,0.00,41758.58,1633.56,N/A,N/A,,acronis,,SVEAMSENS
2026-05-01,US5_DEV,United Datacom Networks Inc,,Partner,Enabled,,Cyber Protection,Per workload,Disaster Recovery compute points,Acronis Cloud,,Unlimited,33.60,33.60,0.00,0.00,33.60,33.60,N/A,N/A,,acronis,,SQYAMSENS
2026-05-01,US5_DEV,United Datacom Networks Inc,,Partner,Enabled,,Cyber Protection,Per workload,Cloud Storage (abgw-phx1-acs12.acronis.com:44445) used - Class 2,Acronis Cloud,GB,Unlimited,34599.44,577.00,0.00,0.00,34599.44,577.00,N/A,N/A,,acronis,,SPDAMSENS
2026-05-01,US5_DEV,United Datacom Networks Inc,,Partner,Enabled,,Cyber Protection,Per workload,Microsoft 365 Seats protected (Acronis Storage G1),Acronis Cloud,,Unlimited,314,-65,0,0,314,-65,N/A,N/A,,acronis,,SRJAMSENS
2026-05-01,US5_DEV,United Datacom Networks Inc,,Partner,Enabled,,Cyber Protection,Per workload,Google Workspace seats protected (Acronis Storage G1),Acronis Cloud,,Unlimited,120,3,0,0,120,3,N/A,N/A,,acronis,,SQ8AMSENS
2026-05-01,US5_DEV,United Datacom Networks Inc,,Partner,Enabled,,Cyber Protection,Per workload,"Cloud Storage (abgw-phx1-acs12.acronis.com:44445) used - Class 2, Geo Redundant",Acronis Cloud,GB,Unlimited,3406.86,-76.31,0.00,0.00,3406.86,-76.31,N/A,N/A,,acronis,,SP5AMSENS
2026-05-01,US5_DEV,Sterling Technology Solutions,,Partner,Enabled,,Cyber Protection,Per workload,Workstations protected,,,Unlimited,7,-2,0,0,7,-2,N/A,N/A,,,,SPGAMSENS
2026-05-01,US5_DEV,Sterling Technology Solutions,,Partner,Enabled,,Cyber Protection,Per workload,Servers protected,,,Unlimited,3,0,0,0,3,0,N/A,N/A,,,,SPEAMSENS
2026-05-01,US5_DEV,Sterling Technology Solutions,,Partner,Enabled,,Cyber Protection,Per workload,VMs protected,,,Unlimited,85,1,1,1,86,2,N/A,N/A,,,,SPFAMSENS
2026-05-01,US5_DEV,Sterling Technology Solutions,,Partner,Enabled,,Cyber Protection,,Local Storage Per gigabyte,,GB,Unlimited,2305.25,333.14,0.00,0.00,2305.25,333.14,N/A,N/A,,,,SP4BMSENS
2026-05-01,US5_DEV,Sterling Technology Solutions,,Partner,Enabled,,Cyber Protection,Per gigabyte,Cloud Storage (abgw-phx1-arp2.acronis.com) used - Class 2,Acronis Cloud,GB,Unlimited,6767.86,705.04,0.00,0.00,6767.86,705.04,N/A,N/A,,acronis,,SPBAMSENS
2026-05-01,US5_DEV,Sterling Technology Solutions,,Partner,Enabled,,Cyber Protection,Per workload,Cloud Storage (abgw-phx1-arp2.acronis.com) used - Class 2,Acronis Cloud,GB,Unlimited,44325.74,720.65,0.00,0.00,44325.74,720.65,N/A,N/A,,acronis,,SPDAMSENS
2026-05-01,US5_DEV,Sterling Technology Solutions,,Partner,Enabled,,Cyber Protection,Per gigabyte,Cloud Storage (abgw-phx1-arp1.acronis.com) used - Class 2,Acronis Cloud,GB,Unlimited,4217.82,504.37,0.00,0.00,4217.82,504.37,N/A,N/A,,acronis,,SPBAMSENS
2026-05-01,US5_DEV,Sterling Technology Solutions,,Partner,Enabled,,Cyber Protection,Per workload,Cloud Storage (abgw-phx1-arp1.acronis.com) used - Class 2,Acronis Cloud,GB,Unlimited,51010.45,17228.12,0.00,0.00,51010.45,17228.12,N/A,N/A,,acronis,,SPDAMSENS
2026-05-01,US5_DEV,Sterling Technology Solutions,,Partner,Enabled,,Cyber Protection,Per workload,Microsoft 365 Seats protected (Acronis Storage G1),Acronis Cloud,,Unlimited,826,7,0,0,826,7,N/A,N/A,,acronis,,SRJAMSENS
2026-05-01,US5_DEV,Sterling Technology Solutions,,Partner,Enabled,,Cyber Protection,Per gigabyte,Microsoft 365 Shared seats protected,,,Unlimited,19,1,0,0,19,1,N/A,N/A,,,,SPDCMSENS
2026-05-01,US5_DEV,Sterling Technology Solutions,,Partner,Enabled,,Cyber Protection,Per workload,Microsoft 365 Shared seats protected,,,Unlimited,104,0,0,0,104,0,N/A,N/A,,,,SPDCMSENS
2026-05-01,US5_DEV,Sterling Technology Solutions,,Partner,Enabled,,Cyber Protection,Per workload,Network-attached storages (NAS) protected,,,Unlimited,1,0,0,0,1,0,N/A,N/A,,,,SPD5MSENS
2026-05-01,US5_DEV,Sterling Technology Solutions,,Partner,Enabled,,Cyber Protection,Per gigabyte,Cloud Storage (abgw-phx1-acs12.acronis.com:44445) used - Class 2,Acronis Cloud,GB,Unlimited,1541.18,117.35,0.00,0.00,1541.18,117.35,N/A,N/A,,acronis,,SPBAMSENS
2026-05-01,US5_DEV,Sterling Technology Solutions,,Partner,Enabled,,Cyber Protection,Per workload,Cloud Storage (abgw-phx1-acs12.acronis.com:44445) used - Class 2,Acronis Cloud,GB,Unlimited,23816.47,869.68,1493.34,1493.34,25309.80,2363.02,N/A,N/A,,acronis,,SPDAMSENS
2026-05-01,US5_DEV,Sterling Technology Solutions,,Partner,Enabled,,Cyber Protection,Per workload,Microsoft 365 Seats protected (Acronis Storage G1),Acronis Cloud,,Unlimited,197,1,0,0,197,1,N/A,N/A,,acronis,,SRJAMSENS
2026-05-01,US5_DEV,Turner Teleco - Alexandria LA,,Partner,Enabled,,Cyber Protection,Per workload,Workstations protected,,,Unlimited,74,2,0,0,74,2,N/A,N/A,,,,SPGAMSENS
2026-05-01,US5_DEV,Turner Teleco - Alexandria LA,,Partner,Enabled,,Cyber Protection,Per workload,Servers protected,,,Unlimited,54,2,0,-2,54,0,N/A,N/A,,,,SPEAMSENS
2026-05-01,US5_DEV,Turner Teleco - Alexandria LA,,Partner,Enabled,,Cyber Protection,Per workload,VMs protected,,,Unlimited,97,0,0,-1,97,-1,N/A,N/A,,,,SPFAMSENS
2026-05-01,US5_DEV,Turner Teleco - Alexandria LA,,Partner,Enabled,,Sync & Share,File Sync & Share (per user),Users,,,Unlimited,117,1,0,-1,117,0,N/A,N/A,,,,SPIAMSENS
2026-05-01,US5_DEV,Turner Teleco - Alexandria LA,,Partner,Enabled,,Cyber Protection,Per workload,Direct Backup to Public Cloud servers protected,,,Unlimited,2,0,0,0,2,0,N/A,N/A,,,,SRDUMSENS
2026-05-01,US5_DEV,Turner Teleco - Alexandria LA,,Partner,Enabled,,Cyber Protection,Per workload,RMM,,,Unlimited,50,-1,0,0,50,-1,N/A,N/A,,,,SRHAMSENS
2026-05-01,US5_DEV,Turner Teleco - Alexandria LA,,Partner,Enabled,,Cyber Protection,Per workload,Endpoints protected with EDR,,,Unlimited,1,0,0,0,1,0,N/A,N/A,,,,SRIAMSENS
2026-05-01,US5_DEV,Turner Teleco - Alexandria LA,,Partner,Enabled,,Cyber Protection,Per workload,Cloud Storage (abgw-phx1-arp2.acronis.com) used - Class 2,Acronis Cloud,GB,Unlimited,36613.49,390.26,0.00,0.00,36613.49,390.26,N/A,N/A,,acronis,,SPDAMSENS
2026-05-01,US5_DEV,Turner Teleco - Alexandria LA,,Partner,Enabled,,Cyber Protection,Per workload,Cloud Storage (abgw-phx1-arp1.acronis.com) used - Class 2,Acronis Cloud,GB,Unlimited,84764.34,3361.81,0.00,0.00,84764.34,3361.81,N/A,N/A,,acronis,,SPDAMSENS
2026-05-01,US5_DEV,Turner Teleco - Alexandria LA,,Partner,Enabled,,Cyber Protection,Per workload,Microsoft 365 Seats protected (Acronis Storage G1),Acronis Cloud,,Unlimited,378,4,0,0,378,4,N/A,N/A,,acronis,,SRJAMSENS
2026-05-01,US5_DEV,Turner Teleco - Alexandria LA,,Partner,Enabled,,Cyber Protection,Per workload,Microsoft 365 Seats protected (Acronis Storage G1),Acronis Cloud,,Unlimited,183,-8,0,0,183,-8,N/A,N/A,,acronis,,SRJAMSENS
2026-05-01,US5_DEV,Turner Teleco - Alexandria LA,,Partner,Enabled,,Cyber Protection,Per workload,Data Loss Prevention workloads protected,,,Unlimited,1,0,0,0,1,0,N/A,N/A,,,,SRI5MSENS
2026-05-01,US5_DEV,Turner Teleco - Alexandria LA,,Partner,Enabled,,Cyber Protection,Per workload,Microsoft 365 Shared seats protected,,,Unlimited,348,11,0,0,348,11,N/A,N/A,,,,SPDCMSENS
2026-05-01,US5_DEV,Turner Teleco - Alexandria LA,,Partner,Enabled,,Cyber Protection,Per workload,Disaster Recovery storage used,Acronis Cloud,GB,Unlimited,60955.39,1840.15,0.00,0.00,60955.39,1840.15,N/A,N/A,,acronis,,SVEAMSENS
2026-05-01,US5_DEV,Turner Teleco - Alexandria LA,,Partner,Enabled,,Cyber Protection,Per workload,Disaster Recovery public IP addresses,Acronis Cloud,,Unlimited,3,0,0,0,3,0,N/A,N/A,,acronis,,SEDAMSENS
2026-05-01,US5_DEV,Turner Teleco - Alexandria LA,,Partner,Enabled,,Cyber Protection,Per workload,Disaster Recovery compute points,Acronis Cloud,,Unlimited,6.10,6.10,0.00,0.00,6.10,6.10,N/A,N/A,,acronis,,SQYAMSENS
2026-05-01,US5_DEV,Turner Teleco - Alexandria LA,,Partner,Enabled,,Cyber Protection,Per workload,Network-attached storages (NAS) protected,,,Unlimited,2,0,0,0,2,0,N/A,N/A,,,,SPD5MSENS
2026-05-01,US5_DEV,F8 Tech LLC,,Partner,Enabled,,Cyber Protection,Per workload,Workstations protected,,,Unlimited,10,0,0,0,10,0,N/A,N/A,,,"""1""",SPGAMSENS
2026-05-01,US5_DEV,F8 Tech LLC,,Partner,Enabled,,Cyber Protection,Per workload,Servers protected,,,Unlimited,12,0,0,0,12,0,N/A,N/A,,,"""1""",SPEAMSENS
2026-05-01,US5_DEV,F8 Tech LLC,,Partner,Enabled,,Cyber Protection,Per workload,VMs protected,,,Unlimited,78,0,0,0,78,0,N/A,N/A,,,"""1""",SPFAMSENS
2026-05-01,US5_DEV,F8 Tech LLC,,Partner,Enabled,,Sync & Share,File Sync & Share (per user),Users,,,Unlimited,1,0,0,0,1,0,N/A,N/A,,,"""1""",SPIAMSENS
2026-05-01,US5_DEV,F8 Tech LLC,,Partner,Enabled,,Cyber Protection,Per workload,Cloud Storage (abgw-phx1-arp2.acronis.com) used - Class 2,Acronis Cloud,GB,Unlimited,57342.43,57.83,0.00,0.00,57342.43,57.83,N/A,N/A,,acronis,"""1""",SPDAMSENS
2026-05-01,US5_DEV,F8 Tech LLC,,Partner,Enabled,,Cyber Protection,Per workload,Network-attached storages (NAS) protected,,,Unlimited,1,0,0,0,1,0,N/A,N/A,,,"""1""",SPD5MSENS
2026-05-01,US5_DEV,Reliable Technology Solutions,,Partner,Enabled,,Cyber Protection,Per workload,Workstations protected,,,Unlimited,16,1,0,0,16,1,N/A,N/A,,,,SPGAMSENS
2026-05-01,US5_DEV,Reliable Technology Solutions,,Partner,Enabled,,Cyber Protection,Per workload,Servers protected,,,Unlimited,6,1,0,0,6,1,N/A,N/A,,,,SPEAMSENS
2026-05-01,US5_DEV,Reliable Technology Solutions,,Partner,Enabled,,Cyber Protection,Per workload,VMs protected,,,Unlimited,73,7,0,0,73,7,N/A,N/A,,,,SPFAMSENS
2026-05-01,US5_DEV,Reliable Technology Solutions,,Partner,Enabled,,Sync & Share,File Sync & Share (per user),Users,,,Unlimited,13,1,0,0,13,1,N/A,N/A,,,,SPIAMSENS
2026-05-01,US5_DEV,Reliable Technology Solutions,,Partner,Enabled,,Cyber Protection,Per workload,Cloud Storage (abgw-phx1-arp2.acronis.com) used - Class 2,Acronis Cloud,GB,Unlimited,28603.36,116.33,0.00,0.00,28603.36,116.33,N/A,N/A,,acronis,,SPDAMSENS
2026-05-01,US5_DEV,Reliable Technology Solutions,,Partner,Enabled,,Cyber Protection,Per workload,Cloud Storage (abgw-phx1-arp1.acronis.com) used - Class 2,Acronis Cloud,GB,Unlimited,36418.81,752.72,0.00,0.00,36418.81,752.72,N/A,N/A,,acronis,,SPDAMSENS
2026-05-01,US5_DEV,Reliable Technology Solutions,,Partner,Enabled,,Cyber Protection,Per workload,Network-attached storages (NAS) protected,,,Unlimited,1,0,0,0,1,0,N/A,N/A,,,,SPD5MSENS
2026-05-01,US5_DEV,Rockford IT,,Partner,Enabled,,Cyber Protection,Per workload,Workstations protected,,,Unlimited,4,-1,0,0,4,-1,N/A,N/A,,,,SPGAMSENS
2026-05-01,US5_DEV,Rockford IT,,Partner,Enabled,,Cyber Protection,Per workload,Servers protected,,,Unlimited,3,-4,0,0,3,-4,N/A,N/A,,,,SPEAMSENS
2026-05-01,US5_DEV,Rockford IT,,Partner,Enabled,,Cyber Protection,Per workload,VMs protected,,,Unlimited,7,-4,0,0,7,-4,N/A,N/A,,,,SPFAMSENS
2026-05-01,US5_DEV,Rockford IT,,Partner,Enabled,,Sync & Share,File Sync & Share (per user),Users,,,Unlimited,5,-2,0,0,5,-2,N/A,N/A,,,,SPIAMSENS
2026-05-01,US5_DEV,Rockford IT,,Partner,Enabled,,Cyber Protection,Per workload,Endpoints protected with EDR,,,Unlimited,2,-1,0,0,2,-1,N/A,N/A,,,,SRIAMSENS
2026-05-01,US5_DEV,Rockford IT,,Partner,Enabled,,Cyber Protection,Per workload,Cloud Storage (abgw-phx1-arp1.acronis.com) used - Class 2,Acronis Cloud,GB,Unlimited,1212.77,-10.91,0.00,0.00,1212.77,-10.91,N/A,N/A,,acronis,,SPDAMSENS
2026-05-01,US5_DEV,Rockford IT,,Partner,Enabled,,Cyber Protection,Per workload,Cloud Storage (abgw-phx1-acs12.acronis.com:44445) used - Class 2,Acronis Cloud,GB,Unlimited,3543.25,-3297.76,0.00,0.00,3543.25,-3297.76,N/A,N/A,,acronis,,SPDAMSENS
2026-05-01,US5_DEV,Lietz Development,,Partner,Enabled,,Notary,,Notary storage,,GB,Unlimited,0.01,0.00,0.00,0.00,0.01,0.00,N/A,N/A,,,,SQ6AMSENS
2026-05-01,US5_DEV,Lietz Development,,Partner,Enabled,,Cyber Protection,Per workload,Workstations protected,,,Unlimited,151,18,0,-17,151,1,N/A,N/A,,,,SPGAMSENS
2026-05-01,US5_DEV,Lietz Development,,Partner,Enabled,,Cyber Protection,Per workload,Servers protected,,,Unlimited,82,6,3,-3,85,3,N/A,N/A,,,,SPEAMSENS
2026-05-01,US5_DEV,Lietz Development,,Partner,Enabled,,Cyber Protection,Per workload,VMs protected,,,Unlimited,407,1,0,-1,407,0,N/A,N/A,,,,SPFAMSENS
2026-05-01,US5_DEV,Lietz Development,,Partner,Enabled,,Sync & Share,File Sync & Share (per user),Users,,,Unlimited,0,-2,1,1,1,-1,N/A,N/A,,,,SPIAMSENS
2026-05-01,US5_DEV,Lietz Development,,Partner,Enabled,,Cyber Protection,Per workload,Cloud Storage (abgw-phx1-arp2.acronis.com) used - Class 2,Acronis Cloud,GB,Unlimited,70432.94,4159.61,0.00,0.00,70432.94,4159.61,N/A,N/A,,acronis,,SPDAMSENS
2026-05-01,US5_DEV,Lietz Development,,Partner,Enabled,,Notary,,Document templates,,,Unlimited,2,0,0,0,2,0,N/A,N/A,,,,SR3AMSENS
2026-05-01,US5_DEV,Lietz Development,,Partner,Enabled,,Cyber Protection,Per workload,Cloud Storage (abgw-phx1-arp1.acronis.com) used - Class 2,Acronis Cloud,GB,Unlimited,31669.11,-664.64,0.00,0.00,31669.11,-664.64,N/A,N/A,,acronis,,SPDAMSENS
2026-05-01,US5_DEV,Lietz Development,,Partner,Enabled,,Cyber Protection,Per workload,Microsoft 365 Seats protected (Acronis Storage G1),Acronis Cloud,,Unlimited,3627,-5,0,0,3627,-5,N/A,N/A,,acronis,,SRJAMSENS
2026-05-01,US5_DEV,Lietz Development,,Partner,Enabled,,Cyber Protection,Per workload,Microsoft 365 Seats protected (Acronis Storage G1),Acronis Cloud,,Unlimited,2053,-43,124,124,2177,81,N/A,N/A,,acronis,,SRJAMSENS
2026-05-01,US5_DEV,Lietz Development,,Partner,Enabled,,Cyber Protection,Per workload,Microsoft 365 Shared seats protected,,,Unlimited,1336,-35,25,25,1361,-10,N/A,N/A,,,,SPDCMSENS
2026-05-01,US5_DEV,Manna Networks,,Partner,Enabled,,Cyber Protection,Per workload,Workstations protected,,,Unlimited,125,2,0,0,125,2,N/A,N/A,,,1,SPGAMSENS
2026-05-01,US5_DEV,Manna Networks,,Partner,Enabled,,Cyber Protection,Per workload,Workstations protected (included features),,,Unlimited,11,2,6,6,17,8,N/A,N/A,,,1,SPDCMSENS
2026-05-01,US5_DEV,Manna Networks,,Partner,Enabled,,Cyber Protection,Per workload,Servers protected,,,Unlimited,11,1,0,0,11,1,N/A,N/A,,,1,SPEAMSENS
2026-05-01,US5_DEV,Manna Networks,,Partner,Enabled,,Cyber Protection,Per workload,VMs protected,,,Unlimited,12,0,0,0,12,0,N/A,N/A,,,1,SPFAMSENS
2026-05-01,US5_DEV,Manna Networks,,Partner,Enabled,,Cyber Protection,Per workload,Endpoints protected with EDR,,,Unlimited,154,5,6,6,160,11,N/A,N/A,,,1,SRIAMSENS
2026-05-01,US5_DEV,Manna Networks,,Partner,Enabled,,Cyber Protection,Per workload,Cloud Storage (abgw-phx1-arp2.acronis.com) used - Class 2,Acronis Cloud,GB,Unlimited,63732.09,1133.02,0.00,0.00,63732.09,1133.02,N/A,N/A,,acronis,1,SPDAMSENS
2026-05-01,US5_DEV,Manna Networks,,Partner,Enabled,,Cyber Protection,Per workload,Cloud Storage (abgw-phx1-acs12.acronis.com:44445) used - Class 2,Acronis Cloud,GB,Unlimited,422.87,71.26,0.00,0.00,422.87,71.26,N/A,N/A,,acronis,1,SPDAMSENS
2026-05-01,US5_DEV,Morris Business Solutions,,Partner,Enabled,,Cyber Protection,Per workload,Workstations protected,,,Unlimited,36,-3,0,0,36,-3,N/A,N/A,,,,SPGAMSENS
2026-05-01,US5_DEV,Morris Business Solutions,,Partner,Enabled,,Cyber Protection,Per workload,Servers protected,,,Unlimited,18,-3,0,0,18,-3,N/A,N/A,,,,SPEAMSENS
2026-05-01,US5_DEV,Morris Business Solutions,,Partner,Enabled,,Cyber Protection,Per workload,VMs protected,,,Unlimited,13,0,0,0,13,0,N/A,N/A,,,,SPFAMSENS
2026-05-01,US5_DEV,Morris Business Solutions,,Partner,Enabled,,Sync & Share,File Sync & Share (per user),Users,,,Unlimited,8,-2,1,1,9,-1,N/A,N/A,,,,SPIAMSENS
2026-05-01,US5_DEV,Morris Business Solutions,,Partner,Enabled,,Cyber Protection,Per workload,RMM,,,Unlimited,3,0,0,0,3,0,N/A,N/A,,,,SRHAMSENS
2026-05-01,US5_DEV,Morris Business Solutions,,Partner,Enabled,,Cyber Protection,Per workload,Endpoints protected with EDR,,,Unlimited,4,0,0,0,4,0,N/A,N/A,,,,SRIAMSENS
2026-05-01,US5_DEV,Morris Business Solutions,,Partner,Enabled,,Cyber Protection,Per workload,Cloud Storage (abgw-phx1-arp2.acronis.com) used - Class 2,Acronis Cloud,GB,Unlimited,23113.72,25.11,0.00,0.00,23113.72,25.11,N/A,N/A,,acronis,,SPDAMSENS
2026-05-01,US5_DEV,Morris Business Solutions,,Partner,Enabled,,Cyber Protection,Per workload,Cloud Storage (abgw-phx1-arp1.acronis.com) used - Class 2,Acronis Cloud,GB,Unlimited,5978.30,-152.33,0.00,0.00,5978.30,-152.33,N/A,N/A,,acronis,,SPDAMSENS
2026-05-01,US5_DEV,Morris Business Solutions,,Partner,Enabled,,Cyber Protection,Per workload,Microsoft 365 Seats protected (Acronis Storage G1),Acronis Cloud,,Unlimited,11,-1,0,0,11,-1,N/A,N/A,,acronis,,SRJAMSENS
2026-05-01,US5_DEV,Morris Business Solutions,,Partner,Enabled,,Cyber Protection,Per workload,Data Loss Prevention workloads protected,,,Unlimited,2,0,0,0,2,0,N/A,N/A,,,,SRI5MSENS
2026-05-01,US5_DEV,Morris Business Solutions,,Partner,Enabled,,Cyber Protection,Per workload,Microsoft 365 Shared seats protected,,,Unlimited,2,0,0,0,2,0,N/A,N/A,,,,SPDCMSENS
2026-05-01,US5_DEV,Morris Business Solutions,,Partner,Enabled,,Cyber Protection,Per workload,Cloud Storage (abgw-phx1-acs12.acronis.com:44445) used - Class 2,Acronis Cloud,GB,Unlimited,30837.59,432.69,0.00,0.00,30837.59,432.69,N/A,N/A,,acronis,,SPDAMSENS
2026-05-01,US5_DEV,Morris Business Solutions,,Partner,Enabled,,Cyber Protection,Per workload,Microsoft 365 Seats protected (Acronis Storage G1),Acronis Cloud,,Unlimited,52,-2,0,0,52,-2,N/A,N/A,,acronis,,SRJAMSENS
2026-05-01,US5_DEV,Morris Business Solutions,,Partner,Enabled,,Cyber Protection,Per workload,Google Workspace seats protected (Acronis Storage G1),Acronis Cloud,,Unlimited,80,-1,0,0,80,-1,N/A,N/A,,acronis,,SQ8AMSENS
2026-05-01,US5_DEV,Techton Consulting LLC,,Partner,Enabled,,Cyber Protection,Per workload,Servers protected,,,Unlimited,3,0,0,0,3,0,N/A,N/A,,,,SPEAMSENS
2026-05-01,US5_DEV,Techton Consulting LLC,,Partner,Enabled,,Cyber Protection,Per workload,VMs protected,,,Unlimited,2,0,0,0,2,0,N/A,N/A,,,,SPFAMSENS
2026-05-01,US5_DEV,Techton Consulting LLC,,Partner,Enabled,,Cyber Protection,Per workload,Cloud Storage (abgw-phx1-arp2.acronis.com) used - Class 2,Acronis Cloud,GB,Unlimited,23487.42,179.63,0.00,0.00,23487.42,179.63,N/A,N/A,,acronis,,SPDAMSENS
2026-05-01,US5_DEV,Techton Consulting LLC,,Partner,Enabled,,Cyber Protection,Per workload,Disaster Recovery storage used,Acronis Cloud,GB,Unlimited,4738.58,-11.18,0.00,0.00,4738.58,-11.18,N/A,N/A,,acronis,,SVEAMSENS
2026-05-01,US5_DEV,Techton Consulting LLC,,Partner,Enabled,,Cyber Protection,Per workload,Network-attached storages (NAS) protected,,,Unlimited,2,0,0,0,2,0,N/A,N/A,,,,SPD5MSENS
2026-05-01,US5_DEV,Mission Critical Systems,,Partner,Enabled,,Cyber Protection,Per workload,Workstations protected,,,Unlimited,19,0,0,-1,19,-1,N/A,N/A,,,,SPGAMSENS
2026-05-01,US5_DEV,Mission Critical Systems,,Partner,Enabled,,Cyber Protection,Per workload,Servers protected,,,Unlimited,40,4,0,-1,40,3,N/A,N/A,,,,SPEAMSENS
2026-05-01,US5_DEV,Mission Critical Systems,,Partner,Enabled,,Cyber Protection,Per workload,VMs protected,,,Unlimited,172,3,0,-2,172,1,N/A,N/A,,,,SPFAMSENS
2026-05-01,US5_DEV,Mission Critical Systems,,Partner,Enabled,,Sync & Share,File Sync & Share (per user),Users,,,Unlimited,43,5,2,-2,45,3,N/A,N/A,,,,SPIAMSENS
2026-05-01,US5_DEV,Mission Critical Systems,,Partner,Enabled,,Cyber Protection,Per workload,Cloud Storage (abgw-phx1-arp2.acronis.com) used - Class 2,Acronis Cloud,GB,Unlimited,34352.96,-192.80,0.00,0.00,34352.96,-192.80,N/A,N/A,,acronis,,SPDAMSENS
2026-05-01,US5_DEV,Mission Critical Systems,,Partner,Enabled,,Cyber Protection,Per workload,Cloud Storage (abgw-phx1-arp1.acronis.com) used - Class 2,Acronis Cloud,GB,Unlimited,53830.04,861.08,0.00,0.00,53830.04,861.08,N/A,N/A,,acronis,,SPDAMSENS
2026-05-01,US5_DEV,Mission Critical Systems,,Partner,Enabled,,Cyber Protection,Per workload,Microsoft 365 Seats protected (Acronis Storage G1),Acronis Cloud,,Unlimited,11,0,0,0,11,0,N/A,N/A,,acronis,,SRJAMSENS
2026-05-01,US5_DEV,Mission Critical Systems,,Partner,Enabled,,Cyber Protection,Per workload,Microsoft 365 Seats protected (Acronis Storage G1),Acronis Cloud,,Unlimited,187,-2,0,0,187,-2,N/A,N/A,,acronis,,SRJAMSENS
2026-05-01,US5_DEV,Mission Critical Systems,,Partner,Enabled,,Cyber Protection,Per workload,Data Loss Prevention workloads protected,,,Unlimited,1,0,0,0,1,0,N/A,N/A,,,,SRI5MSENS
2026-05-01,US5_DEV,Mission Critical Systems,,Partner,Enabled,,Cyber Protection,Per workload,Microsoft 365 Shared seats protected,,,Unlimited,284,-1,0,0,284,-1,N/A,N/A,,,,SPDCMSENS
2026-05-01,US5_DEV,Mission Critical Systems,,Partner,Enabled,,Cyber Protection,Per workload,Disaster Recovery storage used,Acronis Cloud,GB,Unlimited,12479.51,167.56,0.00,0.00,12479.51,167.56,N/A,N/A,,acronis,,SVEAMSENS
2026-05-01,US5_DEV,Mission Critical Systems,,Partner,Enabled,,Cyber Protection,Per workload,Disaster Recovery public IP addresses,Acronis Cloud,,Unlimited,1,0,0,0,1,0,N/A,N/A,,acronis,,SEDAMSENS
2026-05-01,US5_DEV,Mission Critical Systems,,Partner,Enabled,,Cyber Protection,Per workload,Cloud Storage (abgw-phx1-acs12.acronis.com:44445) used - Class 2,Acronis Cloud,GB,Unlimited,58455.54,1917.77,0.00,-446.87,58455.54,1470.90,N/A,N/A,,acronis,,SPDAMSENS
2026-05-01,US5_DEV,Mission Critical Systems,,Partner,Enabled,,Cyber Protection,Per workload,Microsoft 365 Seats protected (Acronis Storage G1),Acronis Cloud,,Unlimited,864,10,15,0,879,10,N/A,N/A,,acronis,,SRJAMSENS
2026-05-01,US5_DEV,Mission Critical Systems,,Partner,Enabled,,Cyber Protection,Per workload,"Cloud Storage (abgw-phx1-acs12.acronis.com:44445) used - Class 2, Geo Redundant",Acronis Cloud,GB,Unlimited,2515.48,0.00,0.00,0.00,2515.48,0.00,N/A,N/A,,acronis,,SP5AMSENS
2026-05-01,US5_DEV,iwerk,,Partner,Enabled,,Cyber Protection,Per workload,Workstations protected,,,Unlimited,1,0,0,0,1,0,N/A,N/A,,,,SPGAMSENS
2026-05-01,US5_DEV,iwerk,,Partner,Enabled,,Cyber Protection,Per workload,Servers protected,,,Unlimited,30,0,0,0,30,0,N/A,N/A,,,,SPEAMSENS
2026-05-01,US5_DEV,iwerk,,Partner,Enabled,,Cyber Protection,Per workload,VMs protected,,,Unlimited,73,-2,0,-3,73,-5,N/A,N/A,,,,SPFAMSENS
2026-05-01,US5_DEV,iwerk,,Partner,Enabled,,Sync & Share,File Sync & Share (per user),Users,,,Unlimited,11,1,0,-1,11,0,N/A,N/A,,,,SPIAMSENS
2026-05-01,US5_DEV,iwerk,,Partner,Enabled,,Cyber Protection,Per workload,Cloud Storage (abgw-phx1-arp2.acronis.com) used - Class 2,Acronis Cloud,GB,Unlimited,7485.06,108.73,0.00,0.00,7485.06,108.73,N/A,N/A,,acronis,,SPDAMSENS
2026-05-01,US5_DEV,iwerk,,Partner,Enabled,,Cyber Protection,Per workload,Cloud Storage (abgw-phx1-arp1.acronis.com) used - Class 2,Acronis Cloud,GB,Unlimited,83223.88,-2302.33,0.00,0.00,83223.88,-2302.33,N/A,N/A,,acronis,,SPDAMSENS
2026-05-01,US5_DEV,iwerk,,Partner,Enabled,,Cyber Protection,Per workload,Disaster Recovery storage used,Acronis Cloud,GB,Unlimited,55117.67,278.57,0.00,0.00,55117.67,278.57,N/A,N/A,,acronis,,SVEAMSENS
2026-05-01,US5_DEV,iwerk,,Partner,Enabled,,Cyber Protection,Per workload,Cloud Storage (abgw-phx1-acs12.acronis.com:44445) used - Class 2,Acronis Cloud,GB,Unlimited,157920.13,14698.62,0.00,-563.10,157920.13,14135.52,N/A,N/A,,acronis,,SPDAMSENS
2026-05-01,US5_DEV,Vulcan Business Solutions LLC,,Partner,Enabled,,Cyber Protection,Per workload,Workstations protected,,,Unlimited,2,0,0,0,2,0,N/A,N/A,,,,SPGAMSENS
2026-05-01,US5_DEV,Vulcan Business Solutions LLC,,Partner,Enabled,,Cyber Protection,Per workload,Cloud Storage (abgw-phx1-arp2.acronis.com) used - Class 2,Acronis Cloud,GB,Unlimited,1351.24,61.41,0.00,0.00,1351.24,61.41,N/A,N/A,,acronis,,SPDAMSENS
2026-05-01,US5_DEV,Vulcan Business Solutions LLC,,Partner,Enabled,,Cyber Protection,Per workload,Cloud Storage (abgw-phx1-arp1.acronis.com) used - Class 2,Acronis Cloud,GB,Unlimited,297.98,5.61,0.00,0.00,297.98,5.61,N/A,N/A,,acronis,,SPDAMSENS
2026-05-01,US5_DEV,Terminal B,,Partner,Enabled,,Cyber Protection,Per workload,Workstations protected,,,Unlimited,103,-5,0,0,103,-5,N/A,N/A,,,2,SPGAMSENS
2026-05-01,US5_DEV,Terminal B,,Partner,Enabled,,Cyber Protection,Per workload,Servers protected,,,Unlimited,11,0,0,0,11,0,N/A,N/A,,,2,SPEAMSENS
2026-05-01,US5_DEV,Terminal B,,Partner,Enabled,,Cyber Protection,Per workload,VMs protected,,,Unlimited,4,0,0,0,4,0,N/A,N/A,,,2,SPFAMSENS
2026-05-01,US5_DEV,Terminal B,,Partner,Enabled,,Sync & Share,File Sync & Share (per user),Users,,,Unlimited,1,0,0,0,1,0,N/A,N/A,,,2,SPIAMSENS
2026-05-01,US5_DEV,Terminal B,,Partner,Enabled,,Cyber Protection,Per workload,Cloud Storage (abgw-phx1-arp2.acronis.com) used - Class 2,Acronis Cloud,GB,Unlimited,21889.15,-56683.44,0.00,0.00,21889.15,-56683.44,N/A,N/A,,acronis,2,SPDAMSENS
2026-05-01,US5_DEV,WPG Consulting,,Partner,Enabled,,Sync & Share,File Sync & Share (per user),Users,,,Unlimited,4,0,0,0,4,0,N/A,N/A,,,,SPIAMSENS
2026-05-01,US5_DEV,WPG Consulting,,Partner,Enabled,,Cyber Protection,Per workload,Cloud Storage (abgw-phx1-arp1.acronis.com) used - Class 2,Acronis Cloud,GB,Unlimited,11158.76,-11.36,0.00,0.00,11158.76,-11.36,N/A,N/A,,acronis,,SPDAMSENS
2026-05-01,US5_DEV,WPG Consulting,,Partner,Enabled,,Cyber Protection,Per workload,Microsoft 365 Seats protected (Acronis Storage G1),Acronis Cloud,,Unlimited,163,0,0,0,163,0,N/A,N/A,,acronis,,SRJAMSENS
2026-05-01,US5_DEV,WPG Consulting,,Partner,Enabled,,Cyber Protection,Per workload,Microsoft 365 Shared seats protected,,,Unlimited,103,5,0,0,103,5,N/A,N/A,,,,SPDCMSENS
2026-05-01,US5_DEV,WPG Consulting,,Partner,Enabled,,Cyber Protection,Per workload,Cloud Storage (abgw-phx1-acs12.acronis.com:44445) used - Class 2,Acronis Cloud,GB,Unlimited,5.42,5.40,0.00,0.00,5.42,5.40,N/A,N/A,,acronis,,SPDAMSENS
2026-05-01,US5_DEV,WPG Consulting,,Partner,Enabled,,Cyber Protection,Per workload,Microsoft 365 Seats protected (Acronis Storage G1),Acronis Cloud,,Unlimited,34,-1,0,0,34,-1,N/A,N/A,,acronis,,SRJAMSENS
2026-05-01,US5_DEV,DigitalBrainz,,Partner,Disabled,,Sync & Share,File Sync & Share (per user),Users,,,Unlimited,1,0,0,0,1,0,N/A,N/A,,,,SPIAMSENS
2026-05-01,US5_DEV,DigitalBrainz,,Partner,Disabled,,Cyber Protection,Per workload,Cloud Storage (abgw-phx1-arp1.acronis.com) used - Class 2,Acronis Cloud,GB,Unlimited,5849.43,-68.10,0.00,0.00,5849.43,-68.10,N/A,N/A,,acronis,,SPDAMSENS
2026-05-01,US5_DEV,DigitalBrainz,,Partner,Disabled,,Cyber Protection,Per workload,Cloud Storage (abgw-phx1-acs12.acronis.com:44445) used - Class 2,Acronis Cloud,GB,Unlimited,689.08,-0.01,0.00,0.00,689.08,-0.01,N/A,N/A,,acronis,,SPDAMSENS
2026-05-01,US5_DEV,Tailored Technology Services,,Partner,Enabled,,Cyber Protection,Per workload,Workstations protected,,,Unlimited,21,-4,0,0,21,-4,N/A,N/A,,,,SPGAMSENS
2026-05-01,US5_DEV,Tailored Technology Services,,Partner,Enabled,,Cyber Protection,Per workload,Servers protected,,,Unlimited,29,-1,0,0,29,-1,N/A,N/A,,,,SPEAMSENS
2026-05-01,US5_DEV,Tailored Technology Services,,Partner,Enabled,,Cyber Protection,Per workload,VMs protected,,,Unlimited,52,2,0,-2,52,0,N/A,N/A,,,,SPFAMSENS
2026-05-01,US5_DEV,Tailored Technology Services,,Partner,Enabled,,Sync & Share,File Sync & Share (per user),Users,,,Unlimited,7,0,0,0,7,0,N/A,N/A,,,,SPIAMSENS
2026-05-01,US5_DEV,Tailored Technology Services,,Partner,Enabled,,Cyber Protection,Per workload,RMM,,,Unlimited,1,0,0,0,1,0,N/A,N/A,,,,SRHAMSENS
2026-05-01,US5_DEV,Tailored Technology Services,,Partner,Enabled,,Cyber Protection,Per workload,Endpoints protected with EDR,,,Unlimited,5,0,0,0,5,0,N/A,N/A,,,,SRIAMSENS
2026-05-01,US5_DEV,Tailored Technology Services,,Partner,Enabled,,Cyber Protection,Per workload,Cloud Storage (abgw-phx1-arp2.acronis.com) used - Class 2,Acronis Cloud,GB,Unlimited,72053.07,-178.54,0.00,0.00,72053.07,-178.54,N/A,N/A,,acronis,,SPDAMSENS
2026-05-01,US5_DEV,Tailored Technology Services,,Partner,Enabled,,Cyber Protection,Per workload,Cloud Storage (abgw-phx1-arp1.acronis.com) used - Class 2,Acronis Cloud,GB,Unlimited,118813.43,9192.34,0.00,-955.74,118813.43,8236.60,N/A,N/A,,acronis,,SPDAMSENS
2026-05-01,US5_DEV,Tailored Technology Services,,Partner,Enabled,,Cyber Protection,Per workload,Microsoft 365 Seats protected (Acronis Storage G1),Acronis Cloud,,Unlimited,597,9,0,0,597,9,N/A,N/A,,acronis,,SRJAMSENS
2026-05-01,US5_DEV,Tailored Technology Services,,Partner,Enabled,,Cyber Protection,Per workload,Microsoft 365 Seats protected (Acronis Storage G1),Acronis Cloud,,Unlimited,717,-19,0,-40,717,-59,N/A,N/A,,acronis,,SRJAMSENS
2026-05-01,US5_DEV,Tailored Technology Services,,Partner,Enabled,,Cyber Protection,Per workload,Microsoft 365 Shared seats protected,,,Unlimited,937,82,0,-61,937,21,N/A,N/A,,,,SPDCMSENS
2026-05-01,US5_DEV,Tailored Technology Services,,Partner,Enabled,,Cyber Protection,Per workload,Network-attached storages (NAS) protected,,,Unlimited,2,0,0,0,2,0,N/A,N/A,,,,SPD5MSENS
2026-05-01,US5_DEV,Tailored Technology Services,,Partner,Enabled,,Cyber Protection,Per workload,Google Workspace seats protected (Acronis Storage G1),Acronis Cloud,,Unlimited,25,0,0,0,25,0,N/A,N/A,,acronis,,SQ8AMSENS
2026-05-01,US5_DEV,Tailored Technology Services,,Partner,Enabled,,Cyber Protection,Per workload,Google Workspace seats protected (Acronis Storage G1),Acronis Cloud,,Unlimited,99,-2,0,0,99,-2,N/A,N/A,,acronis,,SQ8AMSENS
2026-05-01,US5_DEV,Catapult Tek,,Partner,Enabled,,Cyber Protection,Per workload,Workstations protected,,,Unlimited,14,2,0,0,14,2,N/A,N/A,,,,SPGAMSENS
2026-05-01,US5_DEV,Catapult Tek,,Partner,Enabled,,Cyber Protection,Per workload,Servers protected,,,Unlimited,2,0,0,0,2,0,N/A,N/A,,,,SPEAMSENS
2026-05-01,US5_DEV,Catapult Tek,,Partner,Enabled,,Cyber Protection,Per workload,VMs protected,,,Unlimited,8,0,0,0,8,0,N/A,N/A,,,,SPFAMSENS
2026-05-01,US5_DEV,Catapult Tek,,Partner,Enabled,,Sync & Share,File Sync & Share (per user),Users,,,Unlimited,1,0,0,0,1,0,N/A,N/A,,,,SPIAMSENS
2026-05-01,US5_DEV,Catapult Tek,,Partner,Enabled,,Cyber Protection,Per workload,Cloud Storage (abgw-phx1-arp2.acronis.com) used - Class 2,Acronis Cloud,GB,Unlimited,3650.04,288.60,0.00,0.00,3650.04,288.60,N/A,N/A,,acronis,,SPDAMSENS
2026-05-01,US5_DEV,Catapult Tek,,Partner,Enabled,,Cyber Protection,Per workload,Cloud Storage (abgw-phx1-arp1.acronis.com) used - Class 2,Acronis Cloud,GB,Unlimited,921.41,-228.45,0.00,0.00,921.41,-228.45,N/A,N/A,,acronis,,SPDAMSENS
2026-05-01,US5_DEV,Catapult Tek,,Partner,Enabled,,Cyber Protection,Per workload,Microsoft 365 Seats protected (Acronis Storage G1),Acronis Cloud,,Unlimited,8,0,0,0,8,0,N/A,N/A,,acronis,,SRJAMSENS
2026-05-01,US5_DEV,Catapult Tek,,Partner,Enabled,,Cyber Protection,Per workload,Microsoft 365 Seats protected (Acronis Storage G1),Acronis Cloud,,Unlimited,10,0,0,0,10,0,N/A,N/A,,acronis,,SRJAMSENS
2026-05-01,US5_DEV,Catapult Tek,,Partner,Enabled,,Cyber Protection,Per workload,RMM Microsoft 365 seats managed and monitored (with risk remediation),,,Unlimited,7,0,0,0,7,0,N/A,N/A,,,,SRMAMSENS
2026-05-01,US5_DEV,LP Techs LLC,,Partner,Enabled,,Cyber Protection,Per workload,Workstations protected,,,Unlimited,18,-44,0,0,18,-44,N/A,N/A,,,,SPGAMSENS
2026-05-01,US5_DEV,LP Techs LLC,,Partner,Enabled,,Cyber Protection,Per workload,Servers protected,,,Unlimited,1,-16,0,0,1,-16,N/A,N/A,,,,SPEAMSENS
2026-05-01,US5_DEV,LP Techs LLC,,Partner,Enabled,,Cyber Protection,Per workload,VMs protected,,,Unlimited,0,-1,0,0,0,-1,N/A,N/A,,,,SPFAMSENS
2026-05-01,US5_DEV,LP Techs LLC,,Partner,Enabled,,Sync & Share,File Sync & Share (per user),Users,,,Unlimited,12,0,0,0,12,0,N/A,N/A,,,,SPIAMSENS
2026-05-01,US5_DEV,LP Techs LLC,,Partner,Enabled,,Cyber Protection,Per workload,Endpoints protected with EDR,,,Unlimited,2,-1,0,0,2,-1,N/A,N/A,,,,SRIAMSENS
2026-05-01,US5_DEV,LP Techs LLC,,Partner,Enabled,,Cyber Protection,Per workload,Cloud Storage (abgw-phx1-arp2.acronis.com) used - Class 2,Acronis Cloud,GB,Unlimited,10693.40,-166.16,0.00,0.00,10693.40,-166.16,N/A,N/A,,acronis,,SPDAMSENS
2026-05-01,US5_DEV,LP Techs LLC,,Partner,Enabled,,Cyber Protection,Per workload,Cloud Storage (abgw-phx1-arp1.acronis.com) used - Class 2,Acronis Cloud,GB,Unlimited,15408.13,636.30,0.00,0.00,15408.13,636.30,N/A,N/A,,acronis,,SPDAMSENS
2026-05-01,US5_DEV,Dexcore LLC,,Partner,Enabled,,Cyber Protection,Per workload,VMs protected,,,Unlimited,2,0,0,0,2,0,N/A,N/A,,,,SPFAMSENS
2026-05-01,US5_DEV,Dexcore LLC,,Partner,Enabled,,Cyber Protection,Per workload,Cloud Storage (abgw-phx1-arp2.acronis.com) used - Class 2,Acronis Cloud,GB,Unlimited,1675.16,-0.03,0.00,0.00,1675.16,-0.03,N/A,N/A,,acronis,,SPDAMSENS
2026-05-01,US5_DEV,Mittenpunkt Corporation (#1796967),0013z00002y9VWkAAM,Partner,Enabled,,Cyber Protection,Per workload,Workstations protected,,,Unlimited,4,0,0,0,4,0,N/A,N/A,,,,SPGAMSENS
2026-05-01,US5_DEV,Mittenpunkt Corporation (#1796967),0013z00002y9VWkAAM,Partner,Enabled,,Cyber Protection,Per workload,Servers protected,,,Unlimited,10,1,0,0,10,1,N/A,N/A,,,,SPEAMSENS
2026-05-01,US5_DEV,Mittenpunkt Corporation (#1796967),0013z00002y9VWkAAM,Partner,Enabled,,Cyber Protection,Per workload,VMs protected,,,Unlimited,35,-3,0,0,35,-3,N/A,N/A,,,,SPFAMSENS
2026-05-01,US5_DEV,Five Star Technology Solutions,,Partner,Enabled,,Cyber Protection,Per workload,VMs protected,,,Unlimited,23,-1,0,0,23,-1,N/A,N/A,,,,SPFAMSENS
2026-05-01,US5_DEV,Five Star Technology Solutions,,Partner,Enabled,,Sync & Share,File Sync & Share (per user),Users,,,Unlimited,4,0,0,0,4,0,N/A,N/A,,,,SPIAMSENS
2026-05-01,US5_DEV,Five Star Technology Solutions,,Partner,Enabled,,Cyber Protection,Per workload,Direct Backup to Public Cloud VMs protected,,,Unlimited,19,0,0,0,19,0,N/A,N/A,,,,SREUMSENS
2026-05-01,US5_DEV,Five Star Technology Solutions,,Partner,Enabled,,Cyber Protection,Per workload,Google Workspace seats protected (Acronis Storage G1),Acronis Cloud,,Unlimited,25,0,0,0,25,0,N/A,N/A,,acronis,,SQ8AMSENS
2026-05-01,US5_DEV,Total Tech Solutions,,Partner,Enabled,,Cyber Protection,Per workload,Workstations protected,,,Unlimited,7,0,0,0,7,0,N/A,N/A,,,,SPGAMSENS
2026-05-01,US5_DEV,Total Tech Solutions,,Partner,Enabled,,Cyber Protection,Per workload,Servers protected,,,Unlimited,7,0,0,0,7,0,N/A,N/A,,,,SPEAMSENS
2026-05-01,US5_DEV,Total Tech Solutions,,Partner,Enabled,,Cyber Protection,Per workload,VMs protected,,,Unlimited,7,0,0,0,7,0,N/A,N/A,,,,SPFAMSENS
2026-05-01,US5_DEV,Total Tech Solutions,,Partner,Enabled,,Sync & Share,File Sync & Share (per user),Users,,,Unlimited,30,0,0,0,30,0,N/A,N/A,,,,SPIAMSENS
2026-05-01,US5_DEV,Total Tech Solutions,,Partner,Enabled,,Cyber Protection,Per gigabyte,RMM,,,Unlimited,9,0,0,0,9,0,N/A,N/A,,,,SRHAMSENS
2026-05-01,US5_DEV,Total Tech Solutions,,Partner,Enabled,,Cyber Protection,Per workload,RMM,,,Unlimited,1,0,0,0,1,0,N/A,N/A,,,,SRHAMSENS
2026-05-01,US5_DEV,Total Tech Solutions,,Partner,Enabled,,Cyber Protection,Per gigabyte,Endpoints protected with EDR,,,Unlimited,11,-1,0,0,11,-1,N/A,N/A,,,,SRIAMSENS
2026-05-01,US5_DEV,Total Tech Solutions,,Partner,Enabled,,Cyber Protection,Per workload,Endpoints protected with EDR,,,Unlimited,6,0,0,0,6,0,N/A,N/A,,,,SRIAMSENS
2026-05-01,US5_DEV,Total Tech Solutions,,Partner,Enabled,,Cyber Protection,Per gigabyte,Cloud Storage (abgw-phx1-arp2.acronis.com) used - Class 2,Acronis Cloud,GB,Unlimited,2671.86,11.66,0.00,0.00,2671.86,11.66,N/A,N/A,,acronis,,SPBAMSENS
2026-05-01,US5_DEV,Total Tech Solutions,,Partner,Enabled,,Cyber Protection,Per workload,Cloud Storage (abgw-phx1-arp2.acronis.com) used - Class 2,Acronis Cloud,GB,Unlimited,4798.57,78.04,0.00,0.00,4798.57,78.04,N/A,N/A,,acronis,,SPDAMSENS
2026-05-01,US5_DEV,Total Tech Solutions,,Partner,Enabled,,Cyber Protection,Per gigabyte,Cloud Storage (abgw-phx1-arp1.acronis.com) used - Class 2,Acronis Cloud,GB,Unlimited,18.98,-0.14,0.00,0.00,18.98,-0.14,N/A,N/A,,acronis,,SPBAMSENS
2026-05-01,US5_DEV,Total Tech Solutions,,Partner,Enabled,,Cyber Protection,Per gigabyte,Cloud Storage (abgw-phx1-acs12.acronis.com:44445) used - Class 2,Acronis Cloud,GB,Unlimited,926.51,-45.05,0.00,0.00,926.51,-45.05,N/A,N/A,,acronis,,SPBAMSENS
2026-05-01,US5_DEV,Total Tech Solutions,,Partner,Enabled,,Cyber Protection,Per workload,Cloud Storage (abgw-phx1-acs12.acronis.com:44445) used - Class 2,Acronis Cloud,GB,Unlimited,580.88,1.90,0.00,0.00,580.88,1.90,N/A,N/A,,acronis,,SPDAMSENS
2026-05-01,US5_DEV,Total Tech Solutions,,Partner,Enabled,,Cyber Protection,Solution-based,Cloud Storage (abgw-phx1-acs12.acronis.com:44445) used - Class 2,Acronis Cloud,GB,Unlimited,115.18,30.89,0.00,0.00,115.18,30.89,N/A,N/A,,acronis,,SPSAMSENS
2026-05-01,US5_DEV,Total Tech Solutions,,Partner,Enabled,,Cyber Protection,Solution-based,Backup and Disaster Recovery - Workstations protected (Acronis Storage G1),,,Unlimited,1,0,0,0,1,0,N/A,N/A,,,,SBDCMSENS
2026-05-01,US5_DEV,Blueshift Computer Technology,"osa_account_id=1056459;osa_subscription_id=1241126,1125213,1125212,1125211,1125210,1125209",Partner,Enabled,,Cyber Protection,Per workload,Workstations protected,,,Unlimited,106,0,0,0,106,0,N/A,N/A,Per workload,,2,SPGAMSENS
2026-05-01,US5_DEV,Blueshift Computer Technology,"osa_account_id=1056459;osa_subscription_id=1241126,1125213,1125212,1125211,1125210,1125209",Partner,Enabled,,Cyber Protection,Per workload,Servers protected,,,Unlimited,14,-1,0,0,14,-1,N/A,N/A,Per workload,,2,SPEAMSENS
2026-05-01,US5_DEV,Blueshift Computer Technology,"osa_account_id=1056459;osa_subscription_id=1241126,1125213,1125212,1125211,1125210,1125209",Partner,Enabled,,Cyber Protection,Per workload,VMs protected,,,Unlimited,47,2,0,0,47,2,N/A,N/A,Per workload,,2,SPFAMSENS
2026-05-01,US5_DEV,Blueshift Computer Technology,"osa_account_id=1056459;osa_subscription_id=1241126,1125213,1125212,1125211,1125210,1125209",Partner,Enabled,,Cyber Protection,Per workload,Cloud Storage (abgw-phx1-arp2.acronis.com) used - Class 2,Acronis Cloud,GB,Unlimited,6398.45,-94.08,0.00,0.00,6398.45,-94.08,N/A,N/A,Per workload,acronis,2,SPDAMSENS
2026-05-01,US5_DEV,Blueshift Computer Technology,"osa_account_id=1056459;osa_subscription_id=1241126,1125213,1125212,1125211,1125210,1125209",Partner,Enabled,,Cyber Protection,Per workload,Cloud Storage (abgw-phx1-arp1.acronis.com) used - Class 2,Acronis Cloud,GB,Unlimited,682.21,216.84,0.00,0.00,682.21,216.84,N/A,N/A,Per workload,acronis,2,SPDAMSENS
2026-05-01,US5_DEV,Blueshift Computer Technology,"osa_account_id=1056459;osa_subscription_id=1241126,1125213,1125212,1125211,1125210,1125209",Partner,Enabled,,Cyber Protection,Per workload,Microsoft 365 Seats protected (Acronis Storage G1),Acronis Cloud,,Unlimited,7,0,0,0,7,0,N/A,N/A,Per workload,acronis,2,SRJAMSENS
2026-05-01,US5_DEV,Blueshift Computer Technology,"osa_account_id=1056459;osa_subscription_id=1241126,1125213,1125212,1125211,1125210,1125209",Partner,Enabled,,Cyber Protection,Per workload,Microsoft 365 Shared seats protected,,,Unlimited,59,0,0,0,59,0,N/A,N/A,Per workload,,2,SPDCMSENS
2026-05-01,US5_DEV,Blueshift Computer Technology,"osa_account_id=1056459;osa_subscription_id=1241126,1125213,1125212,1125211,1125210,1125209",Partner,Enabled,,Cyber Protection,Per gigabyte,Cloud Storage (abgw-phx1-acs12.acronis.com:44445) used - Class 2,Acronis Cloud,GB,Unlimited,642.96,1.23,0.00,0.00,642.96,1.23,N/A,N/A,Per workload,acronis,2,SPBAMSENS
2026-05-01,US5_DEV,Blueshift Computer Technology,"osa_account_id=1056459;osa_subscription_id=1241126,1125213,1125212,1125211,1125210,1125209",Partner,Enabled,,Cyber Protection,Per workload,Cloud Storage (abgw-phx1-acs12.acronis.com:44445) used - Class 2,Acronis Cloud,GB,Unlimited,50320.46,-5066.51,0.00,0.00,50320.46,-5066.51,N/A,N/A,Per workload,acronis,2,SPDAMSENS
2026-05-01,US5_DEV,Blueshift Computer Technology,"osa_account_id=1056459;osa_subscription_id=1241126,1125213,1125212,1125211,1125210,1125209",Partner,Enabled,,Cyber Protection,Per workload,Microsoft 365 Seats protected (Acronis Storage G1),Acronis Cloud,,Unlimited,396,-1,0,0,396,-1,N/A,N/A,Per workload,acronis,2,SRJAMSENS
2026-05-01,US_Master,Krueger Communications,,Partner,Enabled,,Cyber Protection,Per workload,Workstations protected,,,Unlimited,7,-2,0,0,7,-2,N/A,N/A,,,,SPGAMSENS
2026-05-01,US_Master,Krueger Communications,,Partner,Enabled,,Cyber Protection,Per workload,Servers protected,,,Unlimited,12,0,0,0,12,0,N/A,N/A,,,,SPEAMSENS
2026-05-01,US_Master,Krueger Communications,,Partner,Enabled,,Cyber Protection,Per workload,VMs protected,,,Unlimited,513,17,0,0,513,17,N/A,N/A,,,,SPFAMSENS
2026-05-01,US_Master,Krueger Communications,,Partner,Enabled,,Sync & Share,File Sync & Share (per user),Users,,,Unlimited,4,0,0,0,4,0,N/A,N/A,,,,SPIAMSENS
2026-05-01,US_Master,Krueger Communications,,Partner,Enabled,,Cyber Protection,Per workload,Cloud Storage (abgw-phx1-arp2-r01.acronis.com) used - Class 2,Acronis Cloud,GB,Unlimited,81876.29,1322.86,0.00,0.00,81876.29,1322.86,N/A,N/A,,acronis,,SPDAMSENS
2026-05-01,US_Master,Krueger Communications,,Partner,Enabled,,Cyber Protection,Per workload,Cloud Storage (abgw-phx1-arp2.acronis.com) used - Class 2,Acronis Cloud,GB,Unlimited,180997.11,-6339.40,0.00,0.00,180997.11,-6339.40,N/A,N/A,,acronis,,SPDAMSENS
2026-05-01,US_Master,Krueger Communications,,Partner,Enabled,,Cyber Protection,Per workload,Disaster Recovery storage used,Acronis Cloud,GB,Unlimited,73289.28,-673.32,0.00,0.00,73289.28,-673.32,N/A,N/A,,acronis,,SVEAMSENS
2026-05-01,US_Master,Network Enginuity,275504,Partner,Enabled,,Cyber Protection,Per gigabyte,Workstations protected (included features),,,Unlimited,1,1,0,0,1,1,N/A,N/A,,,,SPDCMSENS
2026-05-01,US_Master,Network Enginuity,275504,Partner,Enabled,,Cyber Protection,Per gigabyte,RMM,,,Unlimited,1,1,0,0,1,1,N/A,N/A,,,,SRHAMSENS
2026-05-01,US_Master,Network Enginuity,275504,Partner,Enabled,,Cyber Protection,Per gigabyte,Endpoints protected with EDR,,,Unlimited,1,1,0,0,1,1,N/A,N/A,,,,SRIAMSENS
2026-05-01,US_Master,Network Enginuity,275504,Partner,Enabled,,Cyber Protection,,Local Storage Per gigabyte,,GB,Unlimited,148.53,0.00,0.00,0.00,148.53,0.00,N/A,N/A,,,,SP4BMSENS
2026-05-01,US_Master,Network Enginuity,275504,Partner,Enabled,,Cyber Protection,Per gigabyte,Cloud Storage (abgw-phx1-arp2-r01.acronis.com) used - Class 2,Acronis Cloud,GB,Unlimited,382.21,0.00,0.00,0.00,382.21,0.00,N/A,N/A,,acronis,,SPBAMSENS
2026-05-01,US_Master,Network Enginuity,275504,Partner,Enabled,,Cyber Protection,Per gigabyte,Cloud Storage (abgw-phx1-arp2.acronis.com) used - Class 2,Acronis Cloud,GB,Unlimited,1008.78,131.19,0.00,0.00,1008.78,131.19,N/A,N/A,,acronis,,SPBAMSENS
2026-05-01,US_Master,Kezber,,Partner,Enabled,,Cyber Protection,Per workload,"Cloud Storage (Toronto, Canada - abgw-yyz2-acs01-nn1-us2.acronis.com) used - Class 2",Google Cloud,GB,Unlimited,2358.70,2358.70,0.00,0.00,2358.70,2358.70,N/A,N/A,,acronis,,SPDAMSENS
2026-05-01,US_Master,Kezber,,Partner,Enabled,,Cyber Protection,Per workload,Microsoft 365 Shared seats protected,,,Unlimited,137,137,0,0,137,137,N/A,N/A,,,,SPDCMSENS
2026-05-01,US_Master,Kezber,,Partner,Enabled,,Cyber Protection,Per workload,Microsoft 365 Seats protected (Acronis Storage G1),Google Cloud,,Unlimited,97,97,0,0,97,97,N/A,N/A,,acronis,,SRJAMSENS
2026-05-01,US_Master,"Rapid Domains, Inc.",,Partner,Enabled,,Cyber Protection,Per workload,Workstations protected,,,Unlimited,278,-1,0,0,278,-1,N/A,N/A,,,,SPGAMSENS
2026-05-01,US_Master,"Rapid Domains, Inc.",,Partner,Enabled,,Cyber Protection,Per workload,Workstations protected (included features),,,Unlimited,1,0,0,0,1,0,N/A,N/A,,,,SPDCMSENS
2026-05-01,US_Master,"Rapid Domains, Inc.",,Partner,Enabled,,Cyber Protection,Per workload,Servers protected,,,Unlimited,58,2,0,0,58,2,N/A,N/A,,,,SPEAMSENS
2026-05-01,US_Master,"Rapid Domains, Inc.",,Partner,Enabled,,Cyber Protection,Per workload,VMs protected,,,Unlimited,127,1,0,0,127,1,N/A,N/A,,,,SPFAMSENS
2026-05-01,US_Master,"Rapid Domains, Inc.",,Partner,Enabled,,Cyber Protection,Per workload,RMM,,,Unlimited,1,-1,0,0,1,-1,N/A,N/A,,,,SRHAMSENS
2026-05-01,US_Master,"Rapid Domains, Inc.",,Partner,Enabled,,Cyber Protection,Per workload,Endpoints protected with EDR,,,Unlimited,4,-1,0,0,4,-1,N/A,N/A,,,,SRIAMSENS
2026-05-01,US_Master,"Rapid Domains, Inc.",,Partner,Enabled,,Cyber Protection,,Local Storage Per gigabyte,,GB,Unlimited,71.47,4.07,0.00,0.00,71.47,4.07,N/A,N/A,,,,SP4BMSENS
2026-05-01,US_Master,"Rapid Domains, Inc.",,Partner,Enabled,,Cyber Protection,Per gigabyte,Cloud Storage (abgw-phx1-arp2-r01.acronis.com) used - Class 2,Acronis Cloud,GB,Unlimited,112.93,4.92,0.00,0.00,112.93,4.92,N/A,N/A,,acronis,,SPBAMSENS
2026-05-01,US_Master,"Rapid Domains, Inc.",,Partner,Enabled,,Cyber Protection,Per workload,Cloud Storage (abgw-phx1-arp2-r01.acronis.com) used - Class 2,Acronis Cloud,GB,Unlimited,37794.45,2378.83,0.00,0.00,37794.45,2378.83,N/A,N/A,,acronis,,SPDAMSENS
2026-05-01,US_Master,"Rapid Domains, Inc.",,Partner,Enabled,,Cyber Protection,Per workload,Cloud Storage (baas-fes-us3.acronis.com) used - Class 2,Acronis Cloud,GB,Unlimited,1517.52,-67.52,0.00,0.00,1517.52,-67.52,N/A,N/A,,acronis,,SPDAMSENS
2026-05-01,US_Master,"Rapid Domains, Inc.",,Partner,Enabled,,Cyber Protection,Per workload,Cloud Storage (abgw-phx1-arp2.acronis.com) used - Class 2,Acronis Cloud,GB,Unlimited,45632.24,213.46,0.00,0.00,45632.24,213.46,N/A,N/A,,acronis,,SPDAMSENS
2026-05-01,US_Master,"Rapid Domains, Inc.",,Partner,Enabled,,Cyber Protection,Per workload,Microsoft 365 Seats protected (Acronis Storage G1),Acronis Cloud,,Unlimited,67,-1,0,0,67,-1,N/A,N/A,,acronis,,SRJAMSENS
2026-05-01,US_Master,"Rapid Domains, Inc.",,Partner,Enabled,,Cyber Protection,Per workload,Microsoft 365 Shared seats protected,,,Unlimited,16,0,0,0,16,0,N/A,N/A,,,,SPDCMSENS
2026-05-01,US_Master,Advantech IT Solutions,,Partner,Enabled,,Cyber Protection,Per workload,Workstations protected,,,Unlimited,2,0,0,0,2,0,N/A,N/A,,,,SPGAMSENS
2026-05-01,US_Master,Advantech IT Solutions,,Partner,Enabled,,Cyber Protection,Per workload,Servers protected,,,Unlimited,3,0,0,0,3,0,N/A,N/A,,,,SPEAMSENS
2026-05-01,US_Master,Advantech IT Solutions,,Partner,Enabled,,Cyber Protection,Per workload,VMs protected,,,Unlimited,10,0,0,0,10,0,N/A,N/A,,,,SPFAMSENS
2026-05-01,US_Master,Advantech IT Solutions,,Partner,Enabled,,Cyber Protection,Per workload,Endpoints protected with EDR,,,Unlimited,5,0,0,0,5,0,N/A,N/A,,,,SRIAMSENS
2026-05-01,US_Master,Advantech IT Solutions,,Partner,Enabled,,Cyber Protection,Per workload,Cloud Storage (abgw-phx1-arp2.acronis.com) used - Class 2,Acronis Cloud,GB,Unlimited,11189.31,214.08,0.00,0.00,11189.31,214.08,N/A,N/A,,acronis,,SPDAMSENS
2026-05-01,US_Master,Advantech IT Solutions,,Partner,Enabled,,Cyber Protection,Per workload,Microsoft 365 Seats protected (Acronis Storage G1),Acronis Cloud,,Unlimited,5,-1,0,0,5,-1,N/A,N/A,,acronis,,SRJAMSENS
2026-05-01,US_Master,Carmichael Business Technology Inc.,31495,Partner,Enabled,,Cyber Protection,Per workload,Workstations protected,,,Unlimited,379,22,0,0,379,22,N/A,N/A,,,,SPGAMSENS
2026-05-01,US_Master,Carmichael Business Technology Inc.,31495,Partner,Enabled,,Cyber Protection,Per workload,Servers protected,,,Unlimited,23,1,0,0,23,1,N/A,N/A,,,,SPEAMSENS
2026-05-01,US_Master,Carmichael Business Technology Inc.,31495,Partner,Enabled,,Cyber Protection,Per workload,VMs protected,,,Unlimited,13,-2,0,0,13,-2,N/A,N/A,,,,SPFAMSENS
2026-05-01,US_Master,Carmichael Business Technology Inc.,31495,Partner,Enabled,,Sync & Share,File Sync & Share (per user),Users,,,Unlimited,6,0,0,0,6,0,N/A,N/A,,,,SPIAMSENS
2026-05-01,US_Master,Carmichael Business Technology Inc.,31495,Partner,Enabled,,Cyber Protection,Per gigabyte,Cloud Storage (abgw-phx1-arp2-r01.acronis.com) used - Class 2,Acronis Cloud,GB,Unlimited,0.00,-928.99,0.00,0.00,0.00,-928.99,N/A,N/A,,acronis,,SPBAMSENS
2026-05-01,US_Master,Carmichael Business Technology Inc.,31495,Partner,Enabled,,Cyber Protection,Per workload,Cloud Storage (abgw-phx1-arp2-r01.acronis.com) used - Class 2,Acronis Cloud,GB,Unlimited,76254.28,6065.38,0.00,0.00,76254.28,6065.38,N/A,N/A,,acronis,,SPDAMSENS
2026-05-01,US_Master,Carmichael Business Technology Inc.,31495,Partner,Enabled,,Cyber Protection,Per workload,Cloud Storage (baas-fes-us3.acronis.com) used - Class 2,Acronis Cloud,GB,Unlimited,1956.42,153.66,0.00,0.00,1956.42,153.66,N/A,N/A,,acronis,,SPDAMSENS
2026-05-01,US_Master,Carmichael Business Technology Inc.,31495,Partner,Enabled,,Cyber Protection,Per workload,Cloud Storage (abgw-phx1-arp2.acronis.com) used - Class 2,Acronis Cloud,GB,Unlimited,26586.67,-1302.77,0.00,0.00,26586.67,-1302.77,N/A,N/A,,acronis,,SPDAMSENS
2026-05-01,US_Master,Carmichael Business Technology Inc.,31495,Partner,Enabled,,Cyber Protection,Per workload,"Cloud Storage (abgw-phx1-arp2-r01.acronis.com) used - Class 2, Geo Redundant",Acronis Cloud,GB,Unlimited,3110.95,2430.88,0.00,0.00,3110.95,2430.88,N/A,N/A,,acronis,,SP5AMSENS
2026-05-01,US_Master,KAB Computer Services LLC,,Partner,Enabled,,Cyber Protection,Per workload,Workstations protected,,,Unlimited,128,2,0,0,128,2,N/A,N/A,,,,SPGAMSENS
2026-05-01,US_Master,KAB Computer Services LLC,,Partner,Enabled,,Cyber Protection,Per workload,Servers protected,,,Unlimited,33,1,0,0,33,1,N/A,N/A,,,,SPEAMSENS
2026-05-01,US_Master,KAB Computer Services LLC,,Partner,Enabled,,Cyber Protection,Per workload,VMs protected,,,Unlimited,10,-2,0,0,10,-2,N/A,N/A,,,,SPFAMSENS
2026-05-01,US_Master,KAB Computer Services LLC,,Partner,Enabled,,Sync & Share,File Sync & Share (per user),Users,,,Unlimited,12,0,0,0,12,0,N/A,N/A,,,,SPIAMSENS
2026-05-01,US_Master,KAB Computer Services LLC,,Partner,Enabled,,Cyber Protection,Per workload,Cloud Storage (abgw-phx1-arp2.acronis.com) used - Class 2,Acronis Cloud,GB,Unlimited,61033.34,1478.91,0.00,0.00,61033.34,1478.91,N/A,N/A,,acronis,,SPDAMSENS
2026-05-01,US_Master,Athens Micro,ACT-00123913,Partner,Enabled,,Cyber Protection,Per workload,Workstations protected,,,Unlimited,171,-5,0,0,171,-5,N/A,N/A,,,,SPGAMSENS
2026-05-01,US_Master,Athens Micro,ACT-00123913,Partner,Enabled,,Cyber Protection,Per workload,Servers protected,,,Unlimited,48,0,0,0,48,0,N/A,N/A,,,,SPEAMSENS
2026-05-01,US_Master,Athens Micro,ACT-00123913,Partner,Enabled,,Cyber Protection,Per workload,VMs protected,,,Unlimited,185,2,0,0,185,2,N/A,N/A,,,,SPFAMSENS
2026-05-01,US_Master,Athens Micro,ACT-00123913,Partner,Enabled,,Cyber Protection,Per workload,Network-attached storages (NAS) protected,,,Unlimited,1,0,0,0,1,0,N/A,N/A,,,,SPD5MSENS
2026-05-01,US_Master,Motion 3 Technology LLC,,Partner,Enabled,,Cyber Protection,Per workload,VMs protected,,,Unlimited,7,0,0,0,7,0,N/A,N/A,,,,SPFAMSENS
2026-05-01,US_Master,Motion 3 Technology LLC,,Partner,Enabled,,Sync & Share,File Sync & Share (per user),Users,,,Unlimited,1,0,0,0,1,0,N/A,N/A,,,,SPIAMSENS
2026-05-01,US_Master,Motion 3 Technology LLC,,Partner,Enabled,,Cyber Protection,Per workload,Cloud Storage (abgw-phx1-arp2.acronis.com) used - Class 2,Acronis Cloud,GB,Unlimited,8723.80,-859.25,0.00,0.00,8723.80,-859.25,N/A,N/A,,acronis,,SPDAMSENS
2026-05-01,US_Master,Motion 3 Technology LLC,,Partner,Enabled,,Cyber Protection,Per workload,Disaster Recovery storage used,Acronis Cloud,GB,Unlimited,442.74,-3024.57,0.00,0.00,442.74,-3024.57,N/A,N/A,,acronis,,SVEAMSENS
2026-05-01,US_Master,Motion 3 Technology LLC,,Partner,Enabled,,Cyber Protection,Per workload,Disaster Recovery public IP addresses,Acronis Cloud,,Unlimited,1,0,0,0,1,0,N/A,N/A,,acronis,,SEDAMSENS
2026-05-01,US_Master,Simplified Business Solutions,,Partner,Enabled,,Cyber Protection,Per workload,Workstations protected,,,Unlimited,11,0,0,0,11,0,N/A,N/A,,,,SPGAMSENS
2026-05-01,US_Master,Simplified Business Solutions,,Partner,Enabled,,Cyber Protection,Per workload,Servers protected,,,Unlimited,12,0,0,0,12,0,N/A,N/A,,,,SPEAMSENS
2026-05-01,US_Master,Simplified Business Solutions,,Partner,Enabled,,Cyber Protection,Per workload,VMs protected,,,Unlimited,38,0,0,0,38,0,N/A,N/A,,,,SPFAMSENS
2026-05-01,US_Master,Simplified Business Solutions,,Partner,Enabled,,Sync & Share,File Sync & Share (per user),Users,,,Unlimited,3,0,0,0,3,0,N/A,N/A,,,,SPIAMSENS
2026-05-01,US_Master,Simplified Business Solutions,,Partner,Enabled,,Cyber Protection,Per workload,Cloud Storage (abgw-phx1-arp2.acronis.com) used - Class 2,Acronis Cloud,GB,Unlimited,24894.58,384.26,0.00,0.00,24894.58,384.26,N/A,N/A,,acronis,,SPDAMSENS
2026-05-01,US_Master,On-Site Computers Inc.,,Partner,Enabled,,Cyber Protection,Per workload,Workstations protected,,,Unlimited,84,1,0,0,84,1,N/A,N/A,,,,SPGAMSENS
2026-05-01,US_Master,On-Site Computers Inc.,,Partner,Enabled,,Cyber Protection,Per workload,Servers protected,,,Unlimited,29,-1,0,0,29,-1,N/A,N/A,,,,SPEAMSENS
2026-05-01,US_Master,On-Site Computers Inc.,,Partner,Enabled,,Cyber Protection,Per workload,VMs protected,,,Unlimited,83,0,0,0,83,0,N/A,N/A,,,,SPFAMSENS
2026-05-01,US_Master,On-Site Computers Inc.,,Partner,Enabled,,Sync & Share,File Sync & Share (per user),Users,,,Unlimited,90,0,0,0,90,0,N/A,N/A,,,,SPIAMSENS
2026-05-01,US_Master,On-Site Computers Inc.,,Partner,Enabled,,Cyber Protection,Per workload,Endpoints protected with EDR,,,Unlimited,2,0,0,0,2,0,N/A,N/A,,,,SRIAMSENS
2026-05-01,US_Master,On-Site Computers Inc.,,Partner,Enabled,,Cyber Protection,Per workload,Cloud Storage (abgw-phx1-arp2-r01.acronis.com) used - Class 2,Acronis Cloud,GB,Unlimited,42534.89,1119.77,0.00,0.00,42534.89,1119.77,N/A,N/A,,acronis,,SPDAMSENS
2026-05-01,US_Master,On-Site Computers Inc.,,Partner,Enabled,,Cyber Protection,Per workload,Cloud Storage (baas-fes-us3.acronis.com) used - Class 2,Acronis Cloud,GB,Unlimited,1816.40,53.79,0.00,0.00,1816.40,53.79,N/A,N/A,,acronis,,SPDAMSENS
2026-05-01,US_Master,On-Site Computers Inc.,,Partner,Enabled,,Cyber Protection,Per workload,Cloud Storage (abgw-phx1-arp2.acronis.com) used - Class 2,Acronis Cloud,GB,Unlimited,72300.94,1435.04,0.00,0.00,72300.94,1435.04,N/A,N/A,,acronis,,SPDAMSENS
2026-05-01,US_Master,On-Site Computers Inc.,,Partner,Enabled,,Cyber Protection,Per workload,Microsoft 365 Seats protected (Acronis Storage G1),Acronis Cloud,,Unlimited,320,0,0,0,320,0,N/A,N/A,,acronis,,SRJAMSENS
2026-05-01,US_Master,On-Site Computers Inc.,,Partner,Enabled,,Cyber Protection,Per workload,Microsoft 365 Seats protected (Acronis Storage G1),Acronis Cloud,,Unlimited,587,6,0,0,587,6,N/A,N/A,,acronis,,SRJAMSENS
2026-05-01,US_Master,On-Site Computers Inc.,,Partner,Enabled,,Cyber Protection,Per workload,Microsoft 365 Shared seats protected,,,Unlimited,175,9,0,0,175,9,N/A,N/A,,,,SPDCMSENS
2026-05-01,US_Master,On-Site Computers Inc.,,Partner,Enabled,,Cyber Protection,Per workload,Microsoft 365 Seats protected (Local Storage),,,Unlimited,0,-7,0,0,0,-7,N/A,N/A,,,,SRAAMSENS
2026-05-01,US_Master,Elevity IT,,Partner,Enabled,,Cyber Protection,Per workload,Workstations protected,,,Unlimited,21,-1,0,0,21,-1,N/A,N/A,,,,SPGAMSENS
2026-05-01,US_Master,Elevity IT,,Partner,Enabled,,Cyber Protection,Per workload,Servers protected,,,Unlimited,18,0,0,0,18,0,N/A,N/A,,,,SPEAMSENS
2026-05-01,US_Master,Elevity IT,,Partner,Enabled,,Cyber Protection,Per workload,Servers protected (included features),,,Unlimited,1,0,0,0,1,0,N/A,N/A,,,,SPDCMSENS
2026-05-01,US_Master,Elevity IT,,Partner,Enabled,,Cyber Protection,Per workload,VMs protected,,,Unlimited,306,-2,0,0,306,-2,N/A,N/A,,,,SPFAMSENS
2026-05-01,US_Master,Elevity IT,,Partner,Enabled,,Sync & Share,File Sync & Share (per user),Users,,,Unlimited,32,0,0,0,32,0,N/A,N/A,,,,SPIAMSENS
2026-05-01,US_Master,Elevity IT,,Partner,Enabled,,Cyber Protection,Per workload,RMM,,,Unlimited,2,0,0,0,2,0,N/A,N/A,,,,SRHAMSENS
2026-05-01,US_Master,Elevity IT,,Partner,Enabled,,Cyber Protection,Per workload,Endpoints protected with EDR,,,Unlimited,6,0,0,0,6,0,N/A,N/A,,,,SRIAMSENS
2026-05-01,US_Master,Elevity IT,,Partner,Enabled,,Cyber Protection,,Local Storage Per gigabyte,,GB,Unlimited,1159.45,28.23,0.00,0.00,1159.45,28.23,N/A,N/A,,,,SP4BMSENS
2026-05-01,US_Master,Elevity IT,,Partner,Enabled,,Cyber Protection,Per gigabyte,Cloud Storage (abgw-phx1-arp2.acronis.com) used - Class 2,Acronis Cloud,GB,Unlimited,1161.67,18.51,0.00,0.00,1161.67,18.51,N/A,N/A,,acronis,,SPBAMSENS
2026-05-01,US_Master,Elevity IT,,Partner,Enabled,,Cyber Protection,Per workload,Cloud Storage (abgw-phx1-arp2.acronis.com) used - Class 2,Acronis Cloud,GB,Unlimited,300339.89,-6177.45,0.00,0.00,300339.89,-6177.45,N/A,N/A,,acronis,,SPDAMSENS
2026-05-01,US_Master,Elevity IT,,Partner,Enabled,,Cyber Protection,Per gigabyte,Disaster Recovery storage used,Acronis Cloud,GB,Unlimited,1163.76,18.62,0.00,0.00,1163.76,18.62,N/A,N/A,,acronis,,SVEAMSENS
2026-05-01,US_Master,Elevity IT,,Partner,Enabled,,Cyber Protection,Per workload,Disaster Recovery storage used,Acronis Cloud,GB,Unlimited,111720.60,1392.19,0.00,0.00,111720.60,1392.19,N/A,N/A,,acronis,,SVEAMSENS
2026-05-01,US_Master,Elevity IT,,Partner,Enabled,,Cyber Protection,Per workload,Disaster Recovery compute points,Acronis Cloud,,Unlimited,2231.89,2231.89,0.00,0.00,2231.89,2231.89,N/A,N/A,,acronis,,SQYAMSENS
2026-05-01,US_Master,Titanium,,Partner,Enabled,,Cyber Protection,Per workload,Workstations protected,,,Unlimited,11,0,0,0,11,0,N/A,N/A,,,,SPGAMSENS
2026-05-01,US_Master,Titanium,,Partner,Enabled,,Cyber Protection,Per workload,Servers protected,,,Unlimited,6,0,0,0,6,0,N/A,N/A,,,,SPEAMSENS
2026-05-01,US_Master,Titanium,,Partner,Enabled,,Cyber Protection,Per workload,VMs protected,,,Unlimited,9,0,0,0,9,0,N/A,N/A,,,,SPFAMSENS
2026-05-01,US_Master,Titanium,,Partner,Enabled,,Sync & Share,File Sync & Share (per user),Users,,,Unlimited,14,0,0,0,14,0,N/A,N/A,,,,SPIAMSENS
2026-05-01,US_Master,Titanium,,Partner,Enabled,,Cyber Protection,Per workload,Cloud Storage (abgw-phx1-arp2.acronis.com) used - Class 2,Acronis Cloud,GB,Unlimited,24650.69,682.57,0.00,0.00,24650.69,682.57,N/A,N/A,,acronis,,SPDAMSENS
2026-05-01,US_Master,Titanium,,Partner,Enabled,,Cyber Protection,Per workload,Disaster Recovery storage used,Acronis Cloud,GB,Unlimited,23918.25,630.54,0.00,0.00,23918.25,630.54,N/A,N/A,,acronis,,SVEAMSENS
2026-05-01,US_Master,Titanium,,Partner,Enabled,,Cyber Protection,Per workload,Disaster Recovery public IP addresses,Acronis Cloud,,Unlimited,1,0,0,0,1,0,N/A,N/A,,acronis,,SEDAMSENS
2026-05-01,US_Master,Computer Heaven,,Partner,Enabled,,Cyber Protection,Per workload,Workstations protected,,,Unlimited,329,-11,0,0,329,-11,N/A,N/A,,,,SPGAMSENS
2026-05-01,US_Master,Computer Heaven,,Partner,Enabled,,Cyber Protection,Per workload,Workstations protected (included features),,,Unlimited,21,1,0,0,21,1,N/A,N/A,,,,SPDCMSENS
2026-05-01,US_Master,Computer Heaven,,Partner,Enabled,,Cyber Protection,Per workload,Servers protected,,,Unlimited,3,0,0,0,3,0,N/A,N/A,,,,SPEAMSENS
2026-05-01,US_Master,Computer Heaven,,Partner,Enabled,,Cyber Protection,Per workload,Servers protected (included features),,,Unlimited,1,0,0,0,1,0,N/A,N/A,,,,SPDCMSENS
2026-05-01,US_Master,Computer Heaven,,Partner,Enabled,,Cyber Protection,Per workload,VMs protected,,,Unlimited,4,0,0,0,4,0,N/A,N/A,,,,SPFAMSENS
2026-05-01,US_Master,Computer Heaven,,Partner,Enabled,,Cyber Protection,Per workload,VMs (included features) protected,,,Unlimited,1,0,0,0,1,0,N/A,N/A,,,,SPDCMSENS
2026-05-01,US_Master,Computer Heaven,,Partner,Enabled,,Sync & Share,File Sync & Share (per user),Users,,,Unlimited,14,1,0,0,14,1,N/A,N/A,,,,SPIAMSENS
2026-05-01,US_Master,Computer Heaven,,Partner,Enabled,,Cyber Protection,Per workload,Direct Backup to Public Cloud workstations protected,,,Unlimited,130,-5,0,0,130,-5,N/A,N/A,,,,SRFUMSENS
2026-05-01,US_Master,Computer Heaven,,Partner,Enabled,,Cyber Protection,Per workload,Direct Backup to Public Cloud servers protected,,,Unlimited,3,0,0,0,3,0,N/A,N/A,,,,SRDUMSENS
2026-05-01,US_Master,Computer Heaven,,Partner,Enabled,,Cyber Protection,Per workload,RMM,,,Unlimited,359,-10,0,0,359,-10,N/A,N/A,,,,SRHAMSENS
2026-05-01,US_Master,Computer Heaven,,Partner,Enabled,,Cyber Protection,Per workload,Endpoints protected with EDR,,,Unlimited,335,-9,0,0,335,-9,N/A,N/A,,,,SRIAMSENS
2026-05-01,US_Master,Computer Heaven,,Partner,Enabled,,Cyber Protection,Per workload,Cloud Storage (abgw-phx1-arp2.acronis.com) used - Class 2,Acronis Cloud,GB,Unlimited,115.72,115.72,0.00,0.00,115.72,115.72,N/A,N/A,,acronis,,SPDAMSENS
2026-05-01,US_Master,Computer Heaven,,Partner,Enabled,,Cyber Protection,Per workload,Data Loss Prevention workloads protected,,,Unlimited,1,0,0,0,1,0,N/A,N/A,,,,SRI5MSENS
2026-05-01,US_Master,Caspian IT Group,,Partner,Enabled,,Cyber Protection,Per workload,Workstations protected,,,Unlimited,72,3,0,0,72,3,N/A,N/A,,,,SPGAMSENS
2026-05-01,US_Master,Caspian IT Group,,Partner,Enabled,,Cyber Protection,Per workload,Servers protected,,,Unlimited,34,6,0,0,34,6,N/A,N/A,,,,SPEAMSENS
2026-05-01,US_Master,Caspian IT Group,,Partner,Enabled,,Cyber Protection,Per workload,VMs protected,,,Unlimited,190,0,0,0,190,0,N/A,N/A,,,,SPFAMSENS
2026-05-01,US_Master,Caspian IT Group,,Partner,Enabled,,Cyber Protection,Per workload,Cloud Storage (abgw-phx1-arp2-r01.acronis.com) used - Class 2,Acronis Cloud,GB,Unlimited,44125.33,12590.26,0.00,0.00,44125.33,12590.26,N/A,N/A,,acronis,,SPDAMSENS
2026-05-01,US_Master,Caspian IT Group,,Partner,Enabled,,Cyber Protection,Per workload,Cloud Storage (baas-fes-us3.acronis.com) used - Class 2,Acronis Cloud,GB,Unlimited,7349.32,3055.75,0.00,0.00,7349.32,3055.75,N/A,N/A,,acronis,,SPDAMSENS
2026-05-01,US_Master,Caspian IT Group,,Partner,Enabled,,Cyber Protection,Per workload,"Cloud Storage (Phoenix, Arizona, USA - abgw-phx1-arp2-uw1-us2.acronis.com) used - Class 2",Acronis Cloud,GB,Unlimited,13.45,-0.00,0.00,0.00,13.45,-0.00,N/A,N/A,,acronis,,SPDAMSENS
2026-05-01,US_Master,Caspian IT Group,,Partner,Enabled,,Cyber Protection,Per workload,Cloud Storage (uc1-aas01.azure.acronis.com) used - Class 2,Microsoft Azure,GB,Unlimited,5419.72,970.48,0.00,0.00,5419.72,970.48,N/A,N/A,,azure,,SQ1AMSENS
2026-05-01,US_Master,Caspian IT Group,,Partner,Enabled,,Cyber Protection,Per workload,Cloud Storage (abgw-phx1-arp2.acronis.com) used - Class 2,Acronis Cloud,GB,Unlimited,61141.64,37.43,0.00,0.00,61141.64,37.43,N/A,N/A,,acronis,,SPDAMSENS
2026-05-01,US_Master,Caspian IT Group,,Partner,Enabled,,Cyber Protection,Per workload,Microsoft 365 Seats protected (Azure Storage),Microsoft Azure,,Unlimited,43,2,0,0,43,2,N/A,N/A,,azure,,SRAAMSENS
2026-05-01,US_Master,Caspian IT Group,,Partner,Enabled,,Cyber Protection,Per workload,Microsoft 365 Seats protected (Acronis Storage G1),Acronis Cloud,,Unlimited,126,-95,0,0,126,-95,N/A,N/A,,acronis,,SRJAMSENS
2026-05-01,US_Master,Caspian IT Group,,Partner,Enabled,,Cyber Protection,Per workload,Microsoft 365 Shared seats protected,,,Unlimited,12,5,0,0,12,5,N/A,N/A,,,,SPDCMSENS
2026-05-01,US_Master,Caspian IT Group,,Partner,Enabled,,Cyber Protection,Per workload,Network-attached storages (NAS) protected,,,Unlimited,1,0,0,0,1,0,N/A,N/A,,,,SPD5MSENS
2026-05-01,US_Master,Caspian IT Group,,Partner,Enabled,,Cyber Protection,Per workload,Microsoft 365 Seats archived (Azure Storage),Microsoft Azure,,Unlimited,14,0,0,0,14,0,N/A,N/A,,azure,,SHAAMSENS
2026-05-01,US_Master,Caspian IT Group,,Partner,Enabled,,Cyber Protection,Per workload,Archiving Storage (uc1-aas01.azure.acronis.com) used - Class 2,Microsoft Azure,GB,Unlimited,146.01,-1.87,0.00,0.00,146.01,-1.87,N/A,N/A,,azure,,SH1AMSENS
2026-05-01,US_Master,Caspian IT Group,,Partner,Enabled,,Cyber Protection,Per workload,Cloud Storage used - Microsoft 365 seats Microsoft-powered backup to Azure,,GB,Unlimited,24.45,0.00,0.00,0.00,24.45,0.00,N/A,N/A,,,,SPZBMSENS
2026-05-01,US_Master,Caspian IT Group,,Partner,Enabled,,Cyber Protection,Per workload,Microsoft 365 Seats protected (Acronis Storage G1),Acronis Cloud,,Unlimited,34,0,0,0,34,0,N/A,N/A,,acronis,,SRJAMSENS
2026-05-01,US_Master,Caspian IT Group,,Partner,Enabled,,Cyber Protection,Per workload,Microsoft 365 Seats archived (Acronis Storage G1),Acronis Cloud,,Unlimited,13,0,0,0,13,0,N/A,N/A,,acronis,,SHJAMSENS
2026-05-01,US_Master,"Pruitt Communications, Inc.",226858,Partner,Enabled,,Cyber Protection,Per workload,Workstations protected,,,Unlimited,1,0,0,0,1,0,N/A,N/A,,,,SPGAMSENS
2026-05-01,US_Master,"Pruitt Communications, Inc.",226858,Partner,Enabled,,Cyber Protection,Per workload,Servers protected,,,Unlimited,2,0,0,0,2,0,N/A,N/A,,,,SPEAMSENS
2026-05-01,US_Master,"Pruitt Communications, Inc.",226858,Partner,Enabled,,Cyber Protection,Per workload,VMs protected,,,Unlimited,60,-1,0,0,60,-1,N/A,N/A,,,,SPFAMSENS
2026-05-01,US_Master,"Pruitt Communications, Inc.",226858,Partner,Enabled,,Cyber Protection,Per workload,Endpoints protected with EDR,,,Unlimited,2,0,0,0,2,0,N/A,N/A,,,,SRIAMSENS
2026-05-01,US_Master,"Pruitt Communications, Inc.",226858,Partner,Enabled,,Cyber Protection,Per workload,Cloud Storage (abgw-phx1-arp2-r01.acronis.com) used - Class 2,Acronis Cloud,GB,Unlimited,41996.46,-1530.79,0.00,0.00,41996.46,-1530.79,N/A,N/A,,acronis,,SPDAMSENS
2026-05-01,US_Master,"Pruitt Communications, Inc.",226858,Partner,Enabled,,Cyber Protection,Per workload,Cloud Storage (abgw-phx1-arp2.acronis.com) used - Class 2,Acronis Cloud,GB,Unlimited,1040.97,-3.61,0.00,0.00,1040.97,-3.61,N/A,N/A,,acronis,,SPDAMSENS
2026-05-01,US_Master,Torden,,Partner,Enabled,,Sync & Share,File Sync & Share (per user),Users,,,Unlimited,5,0,0,0,5,0,N/A,N/A,,,,SPIAMSENS
2026-05-01,US_Master,Torden,,Partner,Enabled,,Cyber Protection,Per workload,Cloud Storage (abgw-phx1-arp2.acronis.com) used - Class 2,Acronis Cloud,GB,Unlimited,5.99,-0.00,0.00,0.00,5.99,-0.00,N/A,N/A,,acronis,,SPDAMSENS
2026-05-01,US_Master,Torden,,Partner,Enabled,,Cyber Protection,Per workload,Microsoft 365 Seats protected (Acronis Storage G1),Acronis Cloud,,Unlimited,106,0,0,0,106,0,N/A,N/A,,acronis,,SRJAMSENS
2026-05-01,US_Master,Torden,,Partner,Enabled,,Cyber Protection,Per workload,Microsoft 365 Shared seats protected,,,Unlimited,22,0,0,0,22,0,N/A,N/A,,,,SPDCMSENS
2026-05-01,US_Master,A Tech 4 U,354,Partner,Enabled,,Cyber Protection,Per workload,Workstations protected,,,Unlimited,2,0,0,0,2,0,N/A,N/A,,,,SPGAMSENS
2026-05-01,US_Master,A Tech 4 U,354,Partner,Enabled,,Cyber Protection,Per gigabyte,RMM,,,Unlimited,2,0,0,0,2,0,N/A,N/A,,,,SRHAMSENS
2026-05-01,US_Master,A Tech 4 U,354,Partner,Enabled,,Cyber Protection,Per gigabyte,Endpoints protected with EDR,,,Unlimited,8,0,0,0,8,0,N/A,N/A,,,,SRIAMSENS
2026-05-01,US_Master,A Tech 4 U,354,Partner,Enabled,,Cyber Protection,,Local Storage Per gigabyte,,GB,Unlimited,82.12,0.00,0.00,0.00,82.12,0.00,N/A,N/A,,,,SP4BMSENS
2026-05-01,US_Master,A Tech 4 U,354,Partner,Enabled,,Cyber Protection,Per gigabyte,Cloud Storage (abgw-phx1-arp2-r01.acronis.com) used - Class 2,Acronis Cloud,GB,Unlimited,19434.80,-874.61,0.00,0.00,19434.80,-874.61,N/A,N/A,,acronis,,SPBAMSENS
2026-05-01,US_Master,A Tech 4 U,354,Partner,Enabled,,Cyber Protection,Per gigabyte,Cloud Storage (abgw-phx1-arp2.acronis.com) used - Class 2,Acronis Cloud,GB,Unlimited,18463.71,441.49,0.00,0.00,18463.71,441.49,N/A,N/A,,acronis,,SPBAMSENS
2026-05-01,US_Master,A Tech 4 U,354,Partner,Enabled,,Cyber Protection,Per workload,Cloud Storage (abgw-phx1-arp2.acronis.com) used - Class 2,Acronis Cloud,GB,Unlimited,376.50,116.40,0.00,0.00,376.50,116.40,N/A,N/A,,acronis,,SPDAMSENS
2026-05-01,US_Master,A Tech 4 U,354,Partner,Enabled,,Cyber Protection,Per gigabyte,Disaster Recovery storage used,Acronis Cloud,GB,Unlimited,77.02,0.00,0.00,0.00,77.02,0.00,N/A,N/A,,acronis,,SVEAMSENS
2026-05-01,US_Master,"Prosper IT, LLC",,Partner,Enabled,,Cyber Protection,Per workload,Workstations protected,,,Unlimited,2,0,0,0,2,0,N/A,N/A,,,,SPGAMSENS
2026-05-01,US_Master,"Prosper IT, LLC",,Partner,Enabled,,Cyber Protection,Per workload,Servers protected,,,Unlimited,6,0,0,0,6,0,N/A,N/A,,,,SPEAMSENS
2026-05-01,US_Master,"Prosper IT, LLC",,Partner,Enabled,,Cyber Protection,Per workload,VMs protected,,,Unlimited,27,-1,0,0,27,-1,N/A,N/A,,,,SPFAMSENS
2026-05-01,US_Master,"Prosper IT, LLC",,Partner,Enabled,,Sync & Share,File Sync & Share (per user),Users,,,Unlimited,17,0,0,0,17,0,N/A,N/A,,,,SPIAMSENS
2026-05-01,US_Master,"Prosper IT, LLC",,Partner,Enabled,,Cyber Protection,Per workload,Cloud Storage (abgw-phx1-arp2.acronis.com) used - Class 2,Acronis Cloud,GB,Unlimited,49487.21,-333.15,0.00,0.00,49487.21,-333.15,N/A,N/A,,acronis,,SPDAMSENS
2026-05-01,US_Master,Wired! Technology Partners,,Partner,Enabled,,Cyber Protection,Per workload,Servers protected,,,Unlimited,23,0,0,0,23,0,N/A,N/A,,,,SPEAMSENS
2026-05-01,US_Master,Wired! Technology Partners,,Partner,Enabled,,Cyber Protection,Per workload,VMs protected,,,Unlimited,127,-2,0,0,127,-2,N/A,N/A,,,,SPFAMSENS
2026-05-01,US_Master,Wired! Technology Partners,,Partner,Enabled,,Sync & Share,File Sync & Share (per user),Users,,,Unlimited,7,0,0,0,7,0,N/A,N/A,,,,SPIAMSENS
2026-05-01,US_Master,Wired! Technology Partners,,Partner,Enabled,,Cyber Protection,Per workload,Cloud Storage (abgw-phx1-arp2-r01.acronis.com) used - Class 2,Acronis Cloud,GB,Unlimited,37345.95,-162.94,0.00,0.00,37345.95,-162.94,N/A,N/A,,acronis,,SPDAMSENS
2026-05-01,US_Master,Wired! Technology Partners,,Partner,Enabled,,Cyber Protection,Per workload,Cloud Storage (abgw-phx1-arp2.acronis.com) used - Class 2,Acronis Cloud,GB,Unlimited,29663.16,-1802.68,0.00,0.00,29663.16,-1802.68,N/A,N/A,,acronis,,SPDAMSENS
2026-05-01,US_Master,Wired! Technology Partners,,Partner,Enabled,,Cyber Protection,Per workload,Microsoft 365 Seats protected (Acronis Storage G1),Acronis Cloud,,Unlimited,21,0,0,0,21,0,N/A,N/A,,acronis,,SRJAMSENS
2026-05-01,US_Master,Wired! Technology Partners,,Partner,Enabled,,Cyber Protection,Per workload,Network-attached storages (NAS) protected,,,Unlimited,1,0,0,0,1,0,N/A,N/A,,,,SPD5MSENS
2026-05-01,US_Master,Wired! Technology Partners,,Partner,Enabled,,Cyber Protection,Per workload,"Cloud Storage (abgw-phx1-arp2.acronis.com) used - Class 2, Geo Redundant",Acronis Cloud,GB,Unlimited,675.76,-5.96,0.00,0.00,675.76,-5.96,N/A,N/A,,acronis,,SP5AMSENS
2026-05-01,US_Master,Andrews & Associates IT Solutions,,Partner,Enabled,,Cyber Protection,Per workload,Workstations protected,,,Unlimited,188,0,0,0,188,0,N/A,N/A,,,,SPGAMSENS
2026-05-01,US_Master,Andrews & Associates IT Solutions,,Partner,Enabled,,Cyber Protection,Per workload,Workstations protected (included features),,,Unlimited,18,0,0,0,18,0,N/A,N/A,,,,SPDCMSENS
2026-05-01,US_Master,Andrews & Associates IT Solutions,,Partner,Enabled,,Cyber Protection,Per workload,Servers protected,,,Unlimited,58,-2,0,0,58,-2,N/A,N/A,,,,SPEAMSENS
2026-05-01,US_Master,Andrews & Associates IT Solutions,,Partner,Enabled,,Cyber Protection,Per workload,VMs protected,,,Unlimited,124,2,0,0,124,2,N/A,N/A,,,,SPFAMSENS
2026-05-01,US_Master,Andrews & Associates IT Solutions,,Partner,Enabled,,Cyber Protection,Per workload,Endpoints protected with EDR,,,Unlimited,25,0,0,0,25,0,N/A,N/A,,,,SRIAMSENS
2026-05-01,US_Master,Andrews & Associates IT Solutions,,Partner,Enabled,,Cyber Protection,Per workload,Cloud Storage (abgw-phx1-arp2-r01.acronis.com) used - Class 2,Acronis Cloud,GB,Unlimited,46820.07,2029.47,0.00,0.00,46820.07,2029.47,N/A,N/A,,acronis,,SPDAMSENS
2026-05-01,US_Master,Andrews & Associates IT Solutions,,Partner,Enabled,,Cyber Protection,Per gigabyte,Cloud Storage (abgw-phx1-arp2.acronis.com) used - Class 2,Acronis Cloud,GB,Unlimited,713.93,-58.57,0.00,0.00,713.93,-58.57,N/A,N/A,,acronis,,SPBAMSENS
2026-05-01,US_Master,Andrews & Associates IT Solutions,,Partner,Enabled,,Cyber Protection,Per workload,Cloud Storage (abgw-phx1-arp2.acronis.com) used - Class 2,Acronis Cloud,GB,Unlimited,123004.43,1337.65,0.00,0.00,123004.43,1337.65,N/A,N/A,,acronis,,SPDAMSENS
2026-05-01,US_Master,Andrews & Associates IT Solutions,,Partner,Enabled,,Cyber Protection,Per workload,Microsoft 365 Seats protected (Acronis Storage G1),Acronis Cloud,,Unlimited,8,0,0,0,8,0,N/A,N/A,,acronis,,SRJAMSENS
2026-05-01,US_Master,Zenxeon Technologies,,Partner,Enabled,,Cyber Protection,Per workload,Workstations protected,,,Unlimited,3,0,0,0,3,0,N/A,N/A,,,,SPGAMSENS
2026-05-01,US_Master,Zenxeon Technologies,,Partner,Enabled,,Cyber Protection,Per workload,Servers protected,,,Unlimited,10,1,0,-1,10,0,N/A,N/A,,,,SPEAMSENS
2026-05-01,US_Master,Zenxeon Technologies,,Partner,Enabled,,Cyber Protection,Per workload,VMs protected,,,Unlimited,4,1,0,-1,4,0,N/A,N/A,,,,SPFAMSENS
2026-05-01,US_Master,Zenxeon Technologies,,Partner,Enabled,,Cyber Protection,Per workload,Cloud Storage (abgw-phx1-arp2.acronis.com) used - Class 2,Acronis Cloud,GB,Unlimited,11177.43,6498.86,0.00,-2567.70,11177.43,3931.16,N/A,N/A,,acronis,,SPDAMSENS
2026-05-01,US_Master,Automated Business Products,,Partner,Enabled,,Cyber Protection,Per workload,Servers protected,,,Unlimited,2,0,0,0,2,0,N/A,N/A,,,,SPEAMSENS
2026-05-01,US_Master,Automated Business Products,,Partner,Enabled,,Cyber Protection,Per gigabyte,Endpoints protected with EDR,,,Unlimited,5,0,0,0,5,0,N/A,N/A,,,,SRIAMSENS
2026-05-01,US_Master,Automated Business Products,,Partner,Enabled,,Cyber Protection,Per workload,Endpoints protected with EDR,,,Unlimited,2,0,0,0,2,0,N/A,N/A,,,,SRIAMSENS
2026-05-01,US_Master,Automated Business Products,,Partner,Enabled,,Cyber Protection,Per gigabyte,Cloud Storage (abgw-phx1-arp2.acronis.com) used - Class 2,Acronis Cloud,GB,Unlimited,2779.59,-119.80,0.00,0.00,2779.59,-119.80,N/A,N/A,,acronis,,SPBAMSENS
2026-05-01,US_Master,Automated Business Products,,Partner,Enabled,,Cyber Protection,Per workload,Cloud Storage (abgw-phx1-arp2.acronis.com) used - Class 2,Acronis Cloud,GB,Unlimited,1228.10,1.61,0.00,0.00,1228.10,1.61,N/A,N/A,,acronis,,SPDAMSENS
2026-05-01,US_Master,Automated Business Products,,Partner,Enabled,,Cyber Protection,Per workload,Disaster Recovery storage used,Acronis Cloud,GB,Unlimited,1229.90,-0.04,0.00,0.00,1229.90,-0.04,N/A,N/A,,acronis,,SVEAMSENS
2026-05-01,US_Master,Copy Systems Inc,,Partner,Enabled,,Cyber Protection,Per workload,Workstations protected,,,Unlimited,5,0,0,0,5,0,N/A,N/A,,,,SPGAMSENS
2026-05-01,US_Master,Copy Systems Inc,,Partner,Enabled,,Cyber Protection,Per workload,Servers protected,,,Unlimited,2,0,0,0,2,0,N/A,N/A,,,,SPEAMSENS
2026-05-01,US_Master,Copy Systems Inc,,Partner,Enabled,,Cyber Protection,Per workload,VMs protected,,,Unlimited,6,0,0,0,6,0,N/A,N/A,,,,SPFAMSENS
2026-05-01,US_Master,Copy Systems Inc,,Partner,Enabled,,Cyber Protection,Per workload,Cloud Storage (abgw-phx1-arp2.acronis.com) used - Class 2,Acronis Cloud,GB,Unlimited,13810.82,-2.95,0.00,0.00,13810.82,-2.95,N/A,N/A,,acronis,,SPDAMSENS
2026-05-01,US_Master,Copy Systems Inc,,Partner,Enabled,,Cyber Protection,Per workload,Network-attached storages (NAS) protected,,,Unlimited,1,0,0,0,1,0,N/A,N/A,,,,SPD5MSENS
2026-05-01,US_Master,Prosper IT,,Customer,Enabled,Production,Cyber Protection,Per workload,Servers protected,,,Unlimited,1,0,0,0,1,0,N/A,N/A,,,,SPEAMSENS
2026-05-01,US_Master,Prosper IT,,Customer,Enabled,Production,Sync & Share,File Sync & Share (per user),Users,,,Unlimited,1,0,0,0,1,0,N/A,N/A,,,,SPIAMSENS
2026-05-01,US_Master,Prosper IT,,Customer,Enabled,Production,Cyber Protection,Per workload,Cloud Storage (abgw-phx1-arp2.acronis.com) used - Class 2,Acronis Cloud,GB,Unlimited,412.58,-2.36,0.00,0.00,412.58,-2.36,N/A,N/A,,acronis,,SPDAMSENS
2026-05-01,US_Master,Navious Technologies,,Partner,Disabled,,Sync & Share,File Sync & Share (per user),Users,,,Unlimited,0,-1,0,0,0,-1,N/A,N/A,,,,SPIAMSENS
2026-05-01,US_Master,Navious Technologies,,Partner,Disabled,,Cyber Protection,Per workload,Cloud Storage (abgw-phx1-arp2.acronis.com) used - Class 2,Acronis Cloud,GB,Unlimited,0.00,-6527.81,0.00,0.00,0.00,-6527.81,N/A,N/A,,acronis,,SPDAMSENS
2026-05-01,US_Master,Navious Technologies,,Partner,Disabled,,Cyber Protection,Per workload,Disaster Recovery storage used,Acronis Cloud,GB,Unlimited,0.00,-6527.79,0.00,0.00,0.00,-6527.79,N/A,N/A,,acronis,,SVEAMSENS
2026-05-01,US_Master,Knowing Technologies,309668,Partner,Enabled,,Cyber Protection,Per workload,Servers protected,,,Unlimited,6,0,0,0,6,0,N/A,N/A,,,,SPEAMSENS
2026-05-01,US_Master,Knowing Technologies,309668,Partner,Enabled,,Cyber Protection,Per workload,VMs protected,,,Unlimited,31,0,0,0,31,0,N/A,N/A,,,,SPFAMSENS
2026-05-01,US_Master,Knowing Technologies,309668,Partner,Enabled,,Cyber Protection,Per workload,Cloud Storage (abgw-phx1-arp2-r01.acronis.com) used - Class 2,Acronis Cloud,GB,Unlimited,1941.01,2.23,0.00,0.00,1941.01,2.23,N/A,N/A,,acronis,,SPDAMSENS
2026-05-01,US_Master,Knowing Technologies,309668,Partner,Enabled,,Cyber Protection,Per workload,"Cloud Storage (Phoenix, Arizona, USA - abgw-phx1-arp2-uw1-us2.acronis.com) used - Class 2",Acronis Cloud,GB,Unlimited,6235.32,156.69,0.00,0.00,6235.32,156.69,N/A,N/A,,acronis,,SPDAMSENS
2026-05-01,US_Master,Knowing Technologies,309668,Partner,Enabled,,Cyber Protection,Per workload,Cloud Storage (uc1-aas01.azure.acronis.com) used - Class 2,Microsoft Azure,GB,Unlimited,3895.49,-35.43,0.00,0.00,3895.49,-35.43,N/A,N/A,,azure,,SQ1AMSENS
2026-05-01,US_Master,Knowing Technologies,309668,Partner,Enabled,,Cyber Protection,Per workload,Cloud Storage (abgw-phx1-arp2.acronis.com) used - Class 2,Acronis Cloud,GB,Unlimited,8323.23,-44.15,0.00,0.00,8323.23,-44.15,N/A,N/A,,acronis,,SPDAMSENS
2026-05-01,US_Master,Knowing Technologies,309668,Partner,Enabled,,Cyber Protection,Per workload,Microsoft 365 Seats protected (Acronis Storage G1),Acronis Cloud,,Unlimited,34,-3,0,0,34,-3,N/A,N/A,,acronis,,SRJAMSENS
2026-05-01,US_Master,Knowing Technologies,309668,Partner,Enabled,,Cyber Protection,Per workload,Microsoft 365 Shared seats protected,,,Unlimited,4,0,0,0,4,0,N/A,N/A,,,,SPDCMSENS
2026-05-01,US_Master,Knowing Technologies,309668,Partner,Enabled,,Cyber Protection,Per workload,Google Workspace seats protected (Acronis Storage G1),Acronis Cloud,,Unlimited,22,0,0,0,22,0,N/A,N/A,,acronis,,SQ8AMSENS
2026-05-01,US_Master,Aldebaran Group,,Partner,Enabled,,Cyber Protection,Per workload,Workstations protected,,,Unlimited,4,0,0,0,4,0,N/A,N/A,,,,SPGAMSENS
2026-05-01,US_Master,Aldebaran Group,,Partner,Enabled,,Cyber Protection,Per workload,Servers protected,,,Unlimited,3,0,0,0,3,0,N/A,N/A,,,,SPEAMSENS
2026-05-01,US_Master,Aldebaran Group,,Partner,Enabled,,Cyber Protection,Per workload,VMs protected,,,Unlimited,64,-3,0,0,64,-3,N/A,N/A,,,,SPFAMSENS
2026-05-01,US_Master,Aldebaran Group,,Partner,Enabled,,Sync & Share,File Sync & Share (per user),Users,,,Unlimited,6,0,0,0,6,0,N/A,N/A,,,,SPIAMSENS
2026-05-01,US_Master,Aldebaran Group,,Partner,Enabled,,Cyber Protection,Per workload,Cloud Storage (abgw-phx1-arp2.acronis.com) used - Class 2,Acronis Cloud,GB,Unlimited,56546.61,-4102.06,0.00,0.00,56546.61,-4102.06,N/A,N/A,,acronis,,SPDAMSENS
2026-05-01,US_Master,Aldebaran Group,,Partner,Enabled,,Cyber Protection,Per workload,Disaster Recovery storage used,Acronis Cloud,GB,Unlimited,57584.32,-3525.76,0.00,0.00,57584.32,-3525.76,N/A,N/A,,acronis,,SVEAMSENS
2026-05-01,US_Master,Aldebaran Group,,Partner,Enabled,,Cyber Protection,Per workload,Disaster Recovery public IP addresses,Acronis Cloud,,Unlimited,1,0,0,0,1,0,N/A,N/A,,acronis,,SEDAMSENS
2026-05-01,US_Master,Aldebaran Group,,Partner,Enabled,,Cyber Protection,Per workload,Disaster Recovery compute points,Acronis Cloud,,Unlimited,420.02,420.02,0.00,0.00,420.02,420.02,N/A,N/A,,acronis,,SQYAMSENS
2026-05-01,US_Master,Aldebaran Group,,Partner,Enabled,,Cyber Protection,Per workload,Microsoft 365 Seats protected (Acronis Storage G1),Acronis Cloud,,Unlimited,38,0,0,0,38,0,N/A,N/A,,acronis,,SRJAMSENS
2026-05-01,US_Master,PA Computer Connections,ACT-00060766,Partner,Enabled,,Cyber Protection,Per workload,Workstations protected,,,Unlimited,20,-1,0,0,20,-1,N/A,N/A,,,,SPGAMSENS
2026-05-01,US_Master,PA Computer Connections,ACT-00060766,Partner,Enabled,,Cyber Protection,Per workload,Servers protected,,,Unlimited,29,1,0,-1,29,0,N/A,N/A,,,,SPEAMSENS
2026-05-01,US_Master,PA Computer Connections,ACT-00060766,Partner,Enabled,,Cyber Protection,Per workload,VMs protected,,,Unlimited,87,0,0,0,87,0,N/A,N/A,,,,SPFAMSENS
2026-05-01,US_Master,PA Computer Connections,ACT-00060766,Partner,Enabled,,Sync & Share,File Sync & Share (per user),Users,,,Unlimited,1,0,0,0,1,0,N/A,N/A,,,,SPIAMSENS
2026-05-01,US_Master,PA Computer Connections,ACT-00060766,Partner,Enabled,,Cyber Protection,,Local Storage Per gigabyte,,GB,Unlimited,1961.59,17.79,0.00,0.00,1961.59,17.79,N/A,N/A,,,,SP4BMSENS
2026-05-01,US_Master,PA Computer Connections,ACT-00060766,Partner,Enabled,,Cyber Protection,Per gigabyte,Cloud Storage (abgw-phx1-arp2-r01.acronis.com) used - Class 2,Acronis Cloud,GB,Unlimited,1139.65,3.33,0.00,0.00,1139.65,3.33,N/A,N/A,,acronis,,SPBAMSENS
2026-05-01,US_Master,PA Computer Connections,ACT-00060766,Partner,Enabled,,Cyber Protection,Per workload,Cloud Storage (abgw-phx1-arp2-r01.acronis.com) used - Class 2,Acronis Cloud,GB,Unlimited,39417.19,110.06,0.00,0.00,39417.19,110.06,N/A,N/A,,acronis,,SPDAMSENS
2026-05-01,US_Master,PA Computer Connections,ACT-00060766,Partner,Enabled,,Sync & Share,File Sync & Share (per gigabyte),Cloud Storage (us2-s3gw.acronis.com) used,us2-s3gw.acronis.com,GB,Unlimited,5.53,0.00,0.00,0.00,5.53,0.00,N/A,N/A,,acronis,,SP1AMSENS
2026-05-01,US_Master,PA Computer Connections,ACT-00060766,Partner,Enabled,,Cyber Protection,Per workload,Cloud Storage (abgw-phx1-arp2.acronis.com) used - Class 2,Acronis Cloud,GB,Unlimited,12303.78,388.13,0.00,-209.04,12303.78,179.09,N/A,N/A,,acronis,,SPDAMSENS
2026-05-01,US_Master,PA Computer Connections,ACT-00060766,Partner,Enabled,,Cyber Protection,Per workload,Microsoft 365 Seats protected (Acronis Storage G1),Acronis Cloud,,Unlimited,32,0,0,0,32,0,N/A,N/A,,acronis,,SRJAMSENS
2026-05-01,US_Master,PA Computer Connections,ACT-00060766,Partner,Enabled,,Cyber Protection,Per workload,Microsoft 365 Shared seats protected,,,Unlimited,3,1,0,0,3,1,N/A,N/A,,,,SPDCMSENS
2026-05-01,US_Master,J&S Advanced I.T.,,Partner,Enabled,,Cyber Protection,Per workload,Workstations protected,,,Unlimited,43,-2,0,0,43,-2,N/A,N/A,,,,SPGAMSENS
2026-05-01,US_Master,J&S Advanced I.T.,,Partner,Enabled,,Cyber Protection,Per workload,Servers protected,,,Unlimited,3,0,0,0,3,0,N/A,N/A,,,,SPEAMSENS
2026-05-01,US_Master,J&S Advanced I.T.,,Partner,Enabled,,Cyber Protection,Per workload,VMs protected,,,Unlimited,19,0,0,0,19,0,N/A,N/A,,,,SPFAMSENS
2026-05-01,US_Master,J&S Advanced I.T.,,Partner,Enabled,,Sync & Share,File Sync & Share (per user),Users,,,Unlimited,7,0,0,0,7,0,N/A,N/A,,,,SPIAMSENS
2026-05-01,US_Master,J&S Advanced I.T.,,Partner,Enabled,,Cyber Protection,Per workload,Cloud Storage (abgw-phx1-arp2.acronis.com) used - Class 2,Acronis Cloud,GB,Unlimited,28505.54,-942.56,0.00,0.00,28505.54,-942.56,N/A,N/A,,acronis,,SPDAMSENS
2026-05-01,US_Master,J&S Advanced I.T.,,Partner,Enabled,,Cyber Protection,Per workload,Microsoft 365 Seats protected (Acronis Storage G1),Acronis Cloud,,Unlimited,173,1,0,0,173,1,N/A,N/A,,acronis,,SRJAMSENS
2026-05-01,US_Master,J&S Advanced I.T.,,Partner,Enabled,,Cyber Protection,Per workload,Microsoft 365 Shared seats protected,,,Unlimited,7,1,0,0,7,1,N/A,N/A,,,,SPDCMSENS
2026-05-01,US_Master,"1 Up Tech, LLC",,Partner,Enabled,,Cyber Protection,,Local Storage Per gigabyte,,GB,Unlimited,991.07,11.94,0.00,0.00,991.07,11.94,N/A,N/A,,,,SP4BMSENS
2026-05-01,US_Master,"1 Up Tech, LLC",,Partner,Enabled,,Cyber Protection,Per gigabyte,Cloud Storage (baas-fes-us3.acronis.com) used - Class 2,Acronis Cloud,GB,Unlimited,2392.33,4.06,0.00,0.00,2392.33,4.06,N/A,N/A,,acronis,,SPBAMSENS
2026-05-01,US_Master,"1 Up Tech, LLC",,Partner,Enabled,,Cyber Protection,Per gigabyte,Cloud Storage (abgw-phx1-arp2.acronis.com) used - Class 2,Acronis Cloud,GB,Unlimited,16.09,-0.12,0.00,0.00,16.09,-0.12,N/A,N/A,,acronis,,SPBAMSENS
2026-05-01,US_Master,"1 Up Tech, LLC",,Partner,Enabled,,Cyber Protection,Per gigabyte,Disaster Recovery storage used,Acronis Cloud,GB,Unlimited,1009.33,5.89,0.00,0.00,1009.33,5.89,N/A,N/A,,acronis,,SVEAMSENS
2026-05-01,US_Master,WTA Consulting,,Partner,Enabled,,Cyber Protection,Per workload,Cloud Storage (abgw-phx1-arp2.acronis.com) used - Class 2,Acronis Cloud,GB,Unlimited,10846.71,294.68,0.00,0.00,10846.71,294.68,N/A,N/A,,acronis,,SPDAMSENS
2026-05-01,US_Master,WTA Consulting,,Partner,Enabled,,Cyber Protection,Per workload,Microsoft 365 Seats protected (Acronis Storage G1),Acronis Cloud,,Unlimited,673,9,0,0,673,9,N/A,N/A,,acronis,,SRJAMSENS
2026-05-01,US_Master,WTA Consulting,,Partner,Enabled,,Cyber Protection,Per workload,Microsoft 365 Shared seats protected,,,Unlimited,192,-12,0,0,192,-12,N/A,N/A,,,,SPDCMSENS
2026-05-01,US_Master,EssentialNet Solutions,354828,Partner,Enabled,,Cyber Protection,Per workload,Workstations protected,,,Unlimited,60,-1,0,0,60,-1,N/A,N/A,,,,SPGAMSENS
2026-05-01,US_Master,EssentialNet Solutions,354828,Partner,Enabled,,Cyber Protection,Per workload,Servers protected,,,Unlimited,10,-1,0,0,10,-1,N/A,N/A,,,,SPEAMSENS
2026-05-01,US_Master,EssentialNet Solutions,354828,Partner,Enabled,,Cyber Protection,Per workload,VMs protected,,,Unlimited,89,-3,0,0,89,-3,N/A,N/A,,,,SPFAMSENS
2026-05-01,US_Master,EssentialNet Solutions,354828,Partner,Enabled,,Sync & Share,File Sync & Share (per user),Users,,,Unlimited,3,0,0,0,3,0,N/A,N/A,,,,SPIAMSENS
2026-05-01,US_Master,EssentialNet Solutions,354828,Partner,Enabled,,Cyber Protection,Per workload,Cloud Storage (abgw-phx1-arp2-r01.acronis.com) used - Class 2,Acronis Cloud,GB,Unlimited,2783.19,-95.90,0.00,0.00,2783.19,-95.90,N/A,N/A,,acronis,,SPDAMSENS
2026-05-01,US_Master,EssentialNet Solutions,354828,Partner,Enabled,,Cyber Protection,Per workload,Cloud Storage (abgw-phx1-arp2.acronis.com) used - Class 2,Acronis Cloud,GB,Unlimited,60983.10,-1010.34,0.00,0.00,60983.10,-1010.34,N/A,N/A,,acronis,,SPDAMSENS
2026-05-01,US_Master,EssentialNet Solutions,354828,Partner,Enabled,,Cyber Protection,Per workload,Microsoft 365 Seats protected (Acronis Storage G1),Acronis Cloud,,Unlimited,22,0,0,0,22,0,N/A,N/A,,acronis,,SRJAMSENS
2026-05-01,US_Master,EssentialNet Solutions,354828,Partner,Enabled,,Cyber Protection,Per workload,Microsoft 365 Seats protected (Acronis Storage G1),Acronis Cloud,,Unlimited,352,27,0,0,352,27,N/A,N/A,,acronis,,SRJAMSENS
2026-05-01,US_Master,EssentialNet Solutions,354828,Partner,Enabled,,Cyber Protection,Per workload,Microsoft 365 Shared seats protected,,,Unlimited,87,-1,0,0,87,-1,N/A,N/A,,,,SPDCMSENS
2026-05-01,US_Master,Roebuck Technologies,,Partner,Enabled,,Cyber Protection,Per workload,Workstations protected,,,Unlimited,39,-27,0,0,39,-27,N/A,N/A,,,,SPGAMSENS
2026-05-01,US_Master,Roebuck Technologies,,Partner,Enabled,,Cyber Protection,Per workload,Servers protected,,,Unlimited,10,-2,0,0,10,-2,N/A,N/A,,,,SPEAMSENS
2026-05-01,US_Master,Roebuck Technologies,,Partner,Enabled,,Cyber Protection,Per workload,VMs protected,,,Unlimited,32,-3,0,0,32,-3,N/A,N/A,,,,SPFAMSENS
2026-05-01,US_Master,Roebuck Technologies,,Partner,Enabled,,Sync & Share,File Sync & Share (per user),Users,,,Unlimited,1,0,0,0,1,0,N/A,N/A,,,,SPIAMSENS
2026-05-01,US_Master,Roebuck Technologies,,Partner,Enabled,,Cyber Protection,Per workload,Cloud Storage (abgw-phx1-arp2.acronis.com) used - Class 2,Acronis Cloud,GB,Unlimited,45844.84,3422.22,0.00,0.00,45844.84,3422.22,N/A,N/A,,acronis,,SPDAMSENS
2026-05-01,US_Master,IT Automation,269363,Partner,Enabled,,Cyber Protection,Per workload,Workstations protected,,,Unlimited,1,0,0,0,1,0,N/A,N/A,,,,SPGAMSENS
2026-05-01,US_Master,IT Automation,269363,Partner,Enabled,,Cyber Protection,Per workload,VMs protected,,,Unlimited,22,0,0,0,22,0,N/A,N/A,,,,SPFAMSENS
2026-05-01,US_Master,IT Automation,269363,Partner,Enabled,,Cyber Protection,Per workload,Cloud Storage (abgw-phx1-arp2-r01.acronis.com) used - Class 2,Acronis Cloud,GB,Unlimited,10636.98,304.82,0.00,0.00,10636.98,304.82,N/A,N/A,,acronis,,SPDAMSENS
2026-05-01,US_Master,IT Automation,269363,Partner,Enabled,,Cyber Protection,Per workload,Microsoft 365 Seats protected (Acronis Storage G1),Acronis Cloud,,Unlimited,204,1,0,0,204,1,N/A,N/A,,acronis,,SRJAMSENS
2026-05-01,US_Master,IT Automation,269363,Partner,Enabled,,Cyber Protection,Per workload,Microsoft 365 Shared seats protected,,,Unlimited,37,-1,0,0,37,-1,N/A,N/A,,,,SPDCMSENS
2026-05-01,US_Master,"Sedona, Inc.",,Partner,Enabled,,Cyber Protection,Per workload,Servers protected,,,Unlimited,12,0,0,0,12,0,N/A,N/A,,,,SPEAMSENS
2026-05-01,US_Master,"Sedona, Inc.",,Partner,Enabled,,Cyber Protection,Per workload,VMs protected,,,Unlimited,54,-6,0,0,54,-6,N/A,N/A,,,,SPFAMSENS
2026-05-01,US_Master,"Sedona, Inc.",,Partner,Enabled,,Sync & Share,File Sync & Share (per user),Users,,,Unlimited,3,0,0,0,3,0,N/A,N/A,,,,SPIAMSENS
2026-05-01,US_Master,"Sedona, Inc.",,Partner,Enabled,,Cyber Protection,Per workload,Cloud Storage (abgw-phx1-arp2.acronis.com) used - Class 2,Acronis Cloud,GB,Unlimited,36648.19,1786.48,0.00,0.00,36648.19,1786.48,N/A,N/A,,acronis,,SPDAMSENS
2026-05-01,US_Master,rzlynt,,Partner,Enabled,,Cyber Protection,Per workload,Workstations protected,,,Unlimited,96,0,0,0,96,0,N/A,N/A,,,,SPGAMSENS
2026-05-01,US_Master,rzlynt,,Partner,Enabled,,Cyber Protection,Per workload,Servers protected,,,Unlimited,25,1,0,0,25,1,N/A,N/A,,,,SPEAMSENS
2026-05-01,US_Master,rzlynt,,Partner,Enabled,,Cyber Protection,Per workload,VMs protected,,,Unlimited,10,0,0,0,10,0,N/A,N/A,,,,SPFAMSENS
2026-05-01,US_Master,rzlynt,,Partner,Enabled,,Sync & Share,File Sync & Share (per user),Users,,,Unlimited,9,1,0,0,9,1,N/A,N/A,,,,SPIAMSENS
2026-05-01,US_Master,rzlynt,,Partner,Enabled,,Cyber Protection,Per workload,RMM,,,Unlimited,5,0,0,0,5,0,N/A,N/A,,,,SRHAMSENS
2026-05-01,US_Master,rzlynt,,Partner,Enabled,,Cyber Protection,Per workload,Endpoints protected with EDR,,,Unlimited,13,0,0,0,13,0,N/A,N/A,,,,SRIAMSENS
2026-05-01,US_Master,rzlynt,,Partner,Enabled,,Cyber Protection,Per workload,Cloud Storage (abgw-phx1-arp2.acronis.com) used - Class 2,Acronis Cloud,GB,Unlimited,138599.17,-732.40,0.00,0.00,138599.17,-732.40,N/A,N/A,,acronis,,SPDAMSENS
2026-05-01,US_Master,rzlynt,,Partner,Enabled,,Cyber Protection,Per workload,Disaster Recovery storage used,Acronis Cloud,GB,Unlimited,4513.14,-3901.02,0.00,0.00,4513.14,-3901.02,N/A,N/A,,acronis,,SVEAMSENS
2026-05-01,US_Master,rzlynt,,Partner,Enabled,,Cyber Protection,Per workload,Microsoft 365 Seats protected (Acronis Storage G1),Acronis Cloud,,Unlimited,52,-2,0,0,52,-2,N/A,N/A,,acronis,,SRJAMSENS
2026-05-01,US_Master,rzlynt,,Partner,Enabled,,Cyber Protection,Per workload,Data Loss Prevention workloads protected,,,Unlimited,6,0,0,0,6,0,N/A,N/A,,,,SRI5MSENS
2026-05-01,US_Master,rzlynt,,Partner,Enabled,,Cyber Protection,Per workload,Microsoft 365 Shared seats protected,,,Unlimited,10,0,0,0,10,0,N/A,N/A,,,,SPDCMSENS
2026-05-01,US_Master,rzlynt,,Partner,Enabled,,Cyber Protection,Per workload,Network-attached storages (NAS) protected,,,Unlimited,1,0,0,0,1,0,N/A,N/A,,,,SPD5MSENS
2026-05-01,US_Master,rzlynt,,Partner,Enabled,,Cyber Protection,Per workload,"Cloud Storage (abgw-phx1-arp2.acronis.com) used - Class 2, Geo Redundant",Acronis Cloud,GB,Unlimited,63440.84,-18.14,0.00,0.00,63440.84,-18.14,N/A,N/A,,acronis,,SP5AMSENS
2026-05-01,US_Master,The Navicon Group,,Partner,Enabled,,Cyber Protection,Per workload,Servers protected,,,Unlimited,3,0,0,0,3,0,N/A,N/A,,,,SPEAMSENS
2026-05-01,US_Master,The Navicon Group,,Partner,Enabled,,Cyber Protection,Per workload,Cloud Storage (abgw-phx1-arp2.acronis.com) used - Class 2,Acronis Cloud,GB,Unlimited,1074.88,14.73,0.00,0.00,1074.88,14.73,N/A,N/A,,acronis,,SPDAMSENS
2026-05-01,US_Master,CenTex Technologies,,Partner,Enabled,,Cyber Protection,Per workload,Workstations protected,,,Unlimited,14,-1,0,0,14,-1,N/A,N/A,,,,SPGAMSENS
2026-05-01,US_Master,CenTex Technologies,,Partner,Enabled,,Cyber Protection,Per workload,Servers protected,,,Unlimited,7,0,0,0,7,0,N/A,N/A,,,,SPEAMSENS
2026-05-01,US_Master,CenTex Technologies,,Partner,Enabled,,Cyber Protection,Per workload,Cloud Storage (abgw-phx1-arp2.acronis.com) used - Class 2,Acronis Cloud,GB,Unlimited,14884.62,313.94,0.00,0.00,14884.62,313.94,N/A,N/A,,acronis,,SPDAMSENS
2026-05-01,US_Master,Concerto Networks,,Partner,Disabled,,Sync & Share,File Sync & Share (per user),Users,,,Unlimited,3,0,0,0,3,0,N/A,N/A,,,,SPIAMSENS
2026-05-01,US_Master,Concerto Networks,,Partner,Disabled,,Cyber Protection,Per workload,Cloud Storage (abgw-phx1-arp2.acronis.com) used - Class 2,Acronis Cloud,GB,Unlimited,95158.35,-619.58,0.00,0.00,95158.35,-619.58,N/A,N/A,,acronis,,SPDAMSENS
2026-05-01,US_Master,Launch IT,,Partner,Enabled,,Cyber Protection,Per workload,Workstations protected,,,Unlimited,8,0,0,0,8,0,N/A,N/A,,,,SPGAMSENS
2026-05-01,US_Master,Launch IT,,Partner,Enabled,,Cyber Protection,Per workload,Servers protected,,,Unlimited,9,0,0,0,9,0,N/A,N/A,,,,SPEAMSENS
2026-05-01,US_Master,Launch IT,,Partner,Enabled,,Cyber Protection,Per workload,VMs protected,,,Unlimited,22,0,0,0,22,0,N/A,N/A,,,,SPFAMSENS
2026-05-01,US_Master,Launch IT,,Partner,Enabled,,Sync & Share,File Sync & Share (per user),Users,,,Unlimited,21,0,0,0,21,0,N/A,N/A,,,,SPIAMSENS
2026-05-01,US_Master,Launch IT,,Partner,Enabled,,Cyber Protection,Per workload,Cloud Storage (abgw-phx1-arp2-r01.acronis.com) used - Class 2,Acronis Cloud,GB,Unlimited,5595.98,174.23,0.00,0.00,5595.98,174.23,N/A,N/A,,acronis,,SPDAMSENS
2026-05-01,US_Master,Launch IT,,Partner,Enabled,,Cyber Protection,Per workload,Cloud Storage (abgw-phx1-arp2.acronis.com) used - Class 2,Acronis Cloud,GB,Unlimited,25672.36,-282.31,0.00,0.00,25672.36,-282.31,N/A,N/A,,acronis,,SPDAMSENS
2026-05-01,US_Master,Launch IT,,Partner,Enabled,,Cyber Protection,Per workload,Disaster Recovery storage used,Acronis Cloud,GB,Unlimited,9311.39,599.36,0.00,0.00,9311.39,599.36,N/A,N/A,,acronis,,SVEAMSENS
2026-05-01,US_Master,Launch IT,,Partner,Enabled,,Cyber Protection,Per workload,Disaster Recovery public IP addresses,Acronis Cloud,,Unlimited,1,0,0,0,1,0,N/A,N/A,,acronis,,SEDAMSENS
2026-05-01,US_Master,Launch IT,,Partner,Enabled,,Cyber Protection,Per workload,Disaster Recovery compute points,Acronis Cloud,,Unlimited,6.61,6.61,0.00,0.00,6.61,6.61,N/A,N/A,,acronis,,SQYAMSENS
2026-05-01,US_Master,In-Telecom,,Partner,Enabled,,Cyber Protection,Per workload,VMs protected,,,Unlimited,1,0,0,0,1,0,N/A,N/A,,,,SPFAMSENS
2026-05-01,US_Master,In-Telecom,,Partner,Enabled,,Cyber Protection,Per workload,Cloud Storage (abgw-phx1-arp2.acronis.com) used - Class 2,Acronis Cloud,GB,Unlimited,4440.18,-18.01,0.00,0.00,4440.18,-18.01,N/A,N/A,,acronis,,SPDAMSENS
2026-05-01,US_Master,Staley Technologies – Cyber & Managed IT Services (HoganTaylor),,Partner,Enabled,,Cyber Protection,Per workload,Workstations protected,,,Unlimited,12,-1,0,0,12,-1,N/A,N/A,,,,SPGAMSENS
2026-05-01,US_Master,Staley Technologies – Cyber & Managed IT Services (HoganTaylor),,Partner,Enabled,,Cyber Protection,Per workload,Servers protected,,,Unlimited,4,0,0,0,4,0,N/A,N/A,,,,SPEAMSENS
2026-05-01,US_Master,Staley Technologies – Cyber & Managed IT Services (HoganTaylor),,Partner,Enabled,,Cyber Protection,Per workload,VMs protected,,,Unlimited,2,0,0,0,2,0,N/A,N/A,,,,SPFAMSENS
2026-05-01,US_Master,Staley Technologies – Cyber & Managed IT Services (HoganTaylor),,Partner,Enabled,,Sync & Share,File Sync & Share (per user),Users,,,Unlimited,14,0,0,0,14,0,N/A,N/A,,,,SPIAMSENS
2026-05-01,US_Master,Staley Technologies – Cyber & Managed IT Services (HoganTaylor),,Partner,Enabled,,Cyber Protection,Per workload,RMM,,,Unlimited,5,-1,0,0,5,-1,N/A,N/A,,,,SRHAMSENS
2026-05-01,US_Master,Staley Technologies – Cyber & Managed IT Services (HoganTaylor),,Partner,Enabled,,Sync & Share,File Sync & Share (per user),Cloud Storage (us2-s3gw.acronis.com) used,us2-s3gw.acronis.com,GB,Unlimited,21.53,0.00,0.00,0.00,21.53,0.00,N/A,N/A,,acronis,,SUVAMSENS
2026-05-01,US_Master,Staley Technologies – Cyber & Managed IT Services (HoganTaylor),,Partner,Enabled,,Cyber Protection,Per workload,Cloud Storage (abgw-phx1-arp2.acronis.com) used - Class 2,Acronis Cloud,GB,Unlimited,29288.06,563.66,0.00,0.00,29288.06,563.66,N/A,N/A,,acronis,,SPDAMSENS
2026-05-01,US_Master,Staley Technologies – Cyber & Managed IT Services (HoganTaylor),,Partner,Enabled,,Cyber Protection,Per workload,Email and Collaboration Security mailboxes protected,,,Unlimited,23,1,0,0,23,1,N/A,N/A,,,,SO4AMSENS
2026-05-01,US_Master,Staley Technologies – Cyber & Managed IT Services (HoganTaylor),,Partner,Enabled,,Cyber Protection,Per workload,Microsoft 365 Seats protected (Acronis Storage G1),Acronis Cloud,,Unlimited,351,-63,0,0,351,-63,N/A,N/A,,acronis,,SRJAMSENS
2026-05-01,US_Master,Staley Technologies – Cyber & Managed IT Services (HoganTaylor),,Partner,Enabled,,Cyber Protection,Per workload,Data Loss Prevention workloads protected,,,Unlimited,1,-1,0,0,1,-1,N/A,N/A,,,,SRI5MSENS
2026-05-01,US_Master,Staley Technologies – Cyber & Managed IT Services (HoganTaylor),,Partner,Enabled,,Cyber Protection,Per workload,Microsoft 365 Shared seats protected,,,Unlimited,197,43,0,0,197,43,N/A,N/A,,,,SPDCMSENS
2026-05-01,US_Master,Co-Managed Backup Testing,,Partner,Enabled,,Cyber Protection,Per workload,VMs protected,,,Unlimited,1,0,0,0,1,0,N/A,N/A,,,,SPFAMSENS
2026-05-01,US_Master,Co-Managed Backup Testing,,Partner,Enabled,,Sync & Share,File Sync & Share (per user),Users,,,Unlimited,9,0,0,0,9,0,N/A,N/A,,,,SPIAMSENS
2026-05-01,US_Master,Co-Managed Backup Testing,,Partner,Enabled,,Cyber Protection,Per workload,RMM,,,Unlimited,1,0,0,0,1,0,N/A,N/A,,,,SRHAMSENS
2026-05-01,US_Master,Co-Managed Backup Testing,,Partner,Enabled,,Cyber Protection,Per workload,Endpoints protected with EDR,,,Unlimited,1,0,0,0,1,0,N/A,N/A,,,,SRIAMSENS
2026-05-01,US_Master,Co-Managed Backup Testing,,Partner,Enabled,,Cyber Protection,Per workload,Cloud Storage (abgw-phx1-arp2.acronis.com) used - Class 2,Acronis Cloud,GB,Unlimited,0.77,-0.00,0.00,0.00,0.77,-0.00,N/A,N/A,,acronis,,SPDAMSENS
2026-05-01,US_Master,"Itechra, Inc.",,Partner,Disabled,,Cyber Protection,Per workload,VMs protected,,,Unlimited,2,0,0,0,2,0,N/A,N/A,,,,SPFAMSENS
2026-05-01,US_Master,"Itechra, Inc.",,Partner,Disabled,,Sync & Share,File Sync & Share (per user),Users,,,Unlimited,5,0,0,0,5,0,N/A,N/A,,,,SPIAMSENS
2026-05-01,US_Master,"Itechra, Inc.",,Partner,Disabled,,Cyber Protection,Per workload,Cloud Storage (abgw-phx1-arp2-r01.acronis.com) used - Class 2,Acronis Cloud,GB,Unlimited,5837.13,-0.31,0.00,0.00,5837.13,-0.31,N/A,N/A,,acronis,,SPDAMSENS
2026-05-01,US_Master,"Itechra, Inc.",,Partner,Disabled,,Cyber Protection,Per workload,Cloud Storage (abgw-phx1-arp2.acronis.com) used - Class 2,Acronis Cloud,GB,Unlimited,15475.68,-168863.47,0.00,0.00,15475.68,-168863.47,N/A,N/A,,acronis,,SPDAMSENS
2026-05-01,US_Master,Technology Plus,,Partner,Enabled,,Cyber Protection,Per gigabyte,Cloud Storage (abgw-phx1-arp2.acronis.com) used - Class 2,Acronis Cloud,GB,Unlimited,75115.24,321.08,0.00,0.00,75115.24,321.08,N/A,N/A,,acronis,,SPBAMSENS
2026-05-01,US_Master,Technology Plus,,Partner,Enabled,,Cyber Protection,Per gigabyte,Microsoft 365 Shared seats protected,,,Unlimited,426,7,0,0,426,7,N/A,N/A,,,,SPDCMSENS
2026-05-01,US_Master,Data Fast Solutions,,Partner,Enabled,,Cyber Protection,Per workload,Workstations protected,,,Unlimited,12,0,0,0,12,0,N/A,N/A,,,,SPGAMSENS
2026-05-01,US_Master,Data Fast Solutions,,Partner,Enabled,,Cyber Protection,Per workload,Servers protected,,,Unlimited,6,0,0,0,6,0,N/A,N/A,,,,SPEAMSENS
2026-05-01,US_Master,Data Fast Solutions,,Partner,Enabled,,Cyber Protection,Per workload,VMs protected,,,Unlimited,4,0,0,0,4,0,N/A,N/A,,,,SPFAMSENS
2026-05-01,US_Master,Data Fast Solutions,,Partner,Enabled,,Sync & Share,File Sync & Share (per user),Users,,,Unlimited,1,0,0,0,1,0,N/A,N/A,,,,SPIAMSENS
2026-05-01,US_Master,Data Fast Solutions,,Partner,Enabled,,Cyber Protection,Per workload,RMM,,,Unlimited,2,0,0,0,2,0,N/A,N/A,,,,SRHAMSENS
2026-05-01,US_Master,Data Fast Solutions,,Partner,Enabled,,Cyber Protection,Per workload,Endpoints protected with EDR,,,Unlimited,17,0,0,0,17,0,N/A,N/A,,,,SRIAMSENS
2026-05-01,US_Master,Data Fast Solutions,,Partner,Enabled,,Cyber Protection,Per workload,Cloud Storage (abgw-phx1-arp2.acronis.com) used - Class 2,Acronis Cloud,GB,Unlimited,11760.03,-1383.56,0.00,0.00,11760.03,-1383.56,N/A,N/A,,acronis,,SPDAMSENS
2026-05-01,US_Master,Data Fast Solutions,,Partner,Enabled,,Cyber Protection,Per workload,Network-attached storages (NAS) protected,,,Unlimited,3,0,0,0,3,0,N/A,N/A,,,,SPD5MSENS
2026-05-01,US_Master,RealPage,,Partner,Enabled,,Cyber Protection,Per workload,Workstations protected,,,Unlimited,7,0,0,0,7,0,N/A,N/A,,,,SPGAMSENS
2026-05-01,US_Master,RealPage,,Partner,Enabled,,Sync & Share,File Sync & Share (per user),Users,,,Unlimited,2,0,0,0,2,0,N/A,N/A,,,,SPIAMSENS
2026-05-01,US_Master,RealPage,,Partner,Enabled,,Cyber Protection,Per workload,Cloud Storage (abgw-phx1-arp2.acronis.com) used - Class 2,Acronis Cloud,GB,Unlimited,2105.77,-13.23,0.00,0.00,2105.77,-13.23,N/A,N/A,,acronis,,SPDAMSENS
2026-05-01,US_Master,The Computer Doctors,,Partner,Enabled,,Cyber Protection,Per workload,Workstations protected,,,Unlimited,82,-5,0,0,82,-5,N/A,N/A,,,,SPGAMSENS
2026-05-01,US_Master,The Computer Doctors,,Partner,Enabled,,Cyber Protection,Per workload,Servers protected,,,Unlimited,21,1,0,0,21,1,N/A,N/A,,,,SPEAMSENS
2026-05-01,US_Master,The Computer Doctors,,Partner,Enabled,,Cyber Protection,Per workload,VMs protected,,,Unlimited,19,0,0,0,19,0,N/A,N/A,,,,SPFAMSENS
2026-05-01,US_Master,The Computer Doctors,,Partner,Enabled,,Sync & Share,File Sync & Share (per user),Users,,,Unlimited,5,1,0,-1,5,0,N/A,N/A,,,,SPIAMSENS
2026-05-01,US_Master,The Computer Doctors,,Partner,Enabled,,Cyber Protection,Per workload,Endpoints protected with EDR,,,Unlimited,1,0,0,0,1,0,N/A,N/A,,,,SRIAMSENS
2026-05-01,US_Master,The Computer Doctors,,Partner,Enabled,,Cyber Protection,Per workload,Cloud Storage (abgw-phx1-arp2-r01.acronis.com) used - Class 2,Acronis Cloud,GB,Unlimited,1372.02,-11.98,0.00,0.00,1372.02,-11.98,N/A,N/A,,acronis,,SPDAMSENS
2026-05-01,US_Master,The Computer Doctors,,Partner,Enabled,,Cyber Protection,Per workload,Cloud Storage (baas-fes-us3.acronis.com) used - Class 2,Acronis Cloud,GB,Unlimited,23.11,2.15,0.00,0.00,23.11,2.15,N/A,N/A,,acronis,,SPDAMSENS
2026-05-01,US_Master,The Computer Doctors,,Partner,Enabled,,Cyber Protection,Per workload,Cloud Storage (abgw-phx1-arp2.acronis.com) used - Class 2,Acronis Cloud,GB,Unlimited,8831.70,145.16,0.00,-0.00,8831.70,145.16,N/A,N/A,,acronis,,SPDAMSENS
2026-05-01,US_Master,The Computer Doctors,,Partner,Enabled,,Cyber Protection,Per workload,Microsoft 365 Seats protected (Acronis Storage G1),Acronis Cloud,,Unlimited,2,0,0,0,2,0,N/A,N/A,,acronis,,SRJAMSENS
2026-05-01,US_Master,The Computer Doctors,,Partner,Enabled,,Cyber Protection,Per workload,Microsoft 365 Seats protected (Acronis Storage G1),Acronis Cloud,,Unlimited,61,0,0,0,61,0,N/A,N/A,,acronis,,SRJAMSENS
2026-05-01,US_Master,The Computer Doctors,,Partner,Enabled,,Cyber Protection,Per workload,Microsoft 365 Seats protected (Acronis Storage G1),Acronis Cloud,,Unlimited,163,151,0,-2,163,149,N/A,N/A,,acronis,,SRJAMSENS
2026-05-01,US_Master,The Computer Doctors,,Partner,Enabled,,Cyber Protection,Per workload,Microsoft 365 Shared seats protected,,,Unlimited,89,71,0,0,89,71,N/A,N/A,,,,SPDCMSENS
2026-05-01,US_Master,The Computer Doctors,,Partner,Enabled,,Cyber Protection,Per workload,Network-attached storages (NAS) protected,,,Unlimited,1,0,0,0,1,0,N/A,N/A,,,,SPD5MSENS
2026-05-01,US_Master,CyberPrairie,,Partner,Enabled,,Cyber Protection,Per workload,Workstations protected,,,Unlimited,4,0,0,0,4,0,N/A,N/A,,,,SPGAMSENS
2026-05-01,US_Master,CyberPrairie,,Partner,Enabled,,Cyber Protection,Per workload,Servers protected,,,Unlimited,13,0,0,0,13,0,N/A,N/A,,,,SPEAMSENS
2026-05-01,US_Master,CyberPrairie,,Partner,Enabled,,Cyber Protection,Per workload,VMs protected,,,Unlimited,16,0,0,0,16,0,N/A,N/A,,,,SPFAMSENS
2026-05-01,US_Master,CyberPrairie,,Partner,Enabled,,Sync & Share,File Sync & Share (per user),Users,,,Unlimited,3,0,0,0,3,0,N/A,N/A,,,,SPIAMSENS
2026-05-01,US_Master,CyberPrairie,,Partner,Enabled,,Cyber Protection,Per workload,Cloud Storage (abgw-phx1-arp2.acronis.com) used - Class 2,Acronis Cloud,GB,Unlimited,38396.50,-760.20,0.00,0.00,38396.50,-760.20,N/A,N/A,,acronis,,SPDAMSENS
2026-05-01,US_Master,CyberPrairie,,Partner,Enabled,,Cyber Protection,Per workload,Microsoft 365 Seats protected (Acronis Storage G1),Acronis Cloud,,Unlimited,397,-16,0,0,397,-16,N/A,N/A,,acronis,,SRJAMSENS
2026-05-01,US_Master,CyberPrairie,,Partner,Enabled,,Cyber Protection,Per workload,Microsoft 365 Shared seats protected,,,Unlimited,413,5,0,0,413,5,N/A,N/A,,,,SPDCMSENS
2026-05-01,US_Master,"NetWerks Strategic Services, LLC",,Partner,Enabled,,Cyber Protection,Per workload,Workstations protected,,,Unlimited,0,-3,0,0,0,-3,N/A,N/A,,,,SPGAMSENS
2026-05-01,US_Master,"NetWerks Strategic Services, LLC",,Partner,Enabled,,Cyber Protection,Per workload,Servers protected,,,Unlimited,0,-3,0,0,0,-3,N/A,N/A,,,,SPEAMSENS
2026-05-01,US_Master,"NetWerks Strategic Services, LLC",,Partner,Enabled,,Cyber Protection,Per workload,VMs protected,,,Unlimited,0,-5,0,0,0,-5,N/A,N/A,,,,SPFAMSENS
2026-05-01,US_Master,"NetWerks Strategic Services, LLC",,Partner,Enabled,,Sync & Share,File Sync & Share (per user),Users,,,Unlimited,0,-6,0,0,0,-6,N/A,N/A,,,,SPIAMSENS
2026-05-01,US_Master,"NetWerks Strategic Services, LLC",,Partner,Enabled,,Cyber Protection,Per workload,Cloud Storage (abgw-phx1-arp2.acronis.com) used - Class 2,Acronis Cloud,GB,Unlimited,0.00,-5185.17,0.00,0.00,0.00,-5185.17,N/A,N/A,,acronis,,SPDAMSENS
2026-05-01,US_Master,TC IT Solutions,,Partner,Disabled,,Cyber Protection,Per gigabyte,Cloud Storage (abgw-phx1-arp2.acronis.com) used - Class 2,Acronis Cloud,GB,Unlimited,535.25,-5.50,0.00,0.00,535.25,-5.50,N/A,N/A,,acronis,,SPBAMSENS
2026-05-01,US_Master,NIC Inc.,,Partner,Enabled,,Cyber Protection,Per workload,Workstations protected,,,Unlimited,12,-1,0,0,12,-1,N/A,N/A,,,,SPGAMSENS
2026-05-01,US_Master,NIC Inc.,,Partner,Enabled,,Cyber Protection,Per workload,Servers protected,,,Unlimited,5,-2,0,0,5,-2,N/A,N/A,,,,SPEAMSENS
2026-05-01,US_Master,NIC Inc.,,Partner,Enabled,,Cyber Protection,Per workload,VMs protected,,,Unlimited,93,-9,0,0,93,-9,N/A,N/A,,,,SPFAMSENS
2026-05-01,US_Master,NIC Inc.,,Partner,Enabled,,Sync & Share,File Sync & Share (per user),Users,,,Unlimited,1,0,0,0,1,0,N/A,N/A,,,,SPIAMSENS
2026-05-01,US_Master,NIC Inc.,,Partner,Enabled,,Cyber Protection,Per workload,Cloud Storage (abgw-phx1-arp2.acronis.com) used - Class 2,Acronis Cloud,GB,Unlimited,43787.99,-31946.17,0.00,0.00,43787.99,-31946.17,N/A,N/A,,acronis,,SPDAMSENS
2026-05-01,US_Master,NIC Inc.,,Partner,Enabled,,Cyber Protection,Per workload,Email and Collaboration Security mailboxes protected,,,Unlimited,469,-82,0,0,469,-82,N/A,N/A,,,,SO4AMSENS
2026-05-01,US_Master,NIC Inc.,,Partner,Enabled,,Cyber Protection,Per workload,Microsoft 365 Seats protected (Acronis Storage G1),Acronis Cloud,,Unlimited,65,-80,0,0,65,-80,N/A,N/A,,acronis,,SRJAMSENS
2026-05-01,US_Master,NIC Inc.,,Partner,Enabled,,Cyber Protection,Per workload,Microsoft 365 Shared seats protected,,,Unlimited,62,-70,0,0,62,-70,N/A,N/A,,,,SPDCMSENS
2026-05-01,US_Master,NIC Inc.,,Partner,Enabled,,Cyber Protection,Per workload,Network-attached storages (NAS) protected,,,Unlimited,1,1,0,0,1,1,N/A,N/A,,,,SPD5MSENS
2026-05-01,US_Master,Smart Pro Technologies LLC,,Partner,Enabled,,Cyber Protection,Per workload,Workstations protected,,,Unlimited,9,0,0,0,9,0,N/A,N/A,,,,SPGAMSENS
2026-05-01,US_Master,Smart Pro Technologies LLC,,Partner,Enabled,,Cyber Protection,Per workload,Servers protected,,,Unlimited,3,0,0,0,3,0,N/A,N/A,,,,SPEAMSENS
2026-05-01,US_Master,Smart Pro Technologies LLC,,Partner,Enabled,,Cyber Protection,Per workload,VMs protected,,,Unlimited,28,0,0,0,28,0,N/A,N/A,,,,SPFAMSENS
2026-05-01,US_Master,Smart Pro Technologies LLC,,Partner,Enabled,,Cyber Protection,Per workload,Cloud Storage (abgw-phx1-arp2.acronis.com) used - Class 2,Acronis Cloud,GB,Unlimited,29780.45,322.31,0.00,0.00,29780.45,322.31,N/A,N/A,,acronis,,SPDAMSENS
2026-05-01,US_Master,Smart Pro Technologies LLC,,Partner,Enabled,,Cyber Protection,Per workload,Disaster Recovery storage used,Acronis Cloud,GB,Unlimited,13488.47,-35.17,0.00,0.00,13488.47,-35.17,N/A,N/A,,acronis,,SVEAMSENS
2026-05-01,US_Master,NCS Network Consulting,,Partner,Enabled,,Cyber Protection,Per workload,Servers protected,,,Unlimited,4,0,0,0,4,0,N/A,N/A,,,,SPEAMSENS
2026-05-01,US_Master,NCS Network Consulting,,Partner,Enabled,,Cyber Protection,Per workload,VMs protected,,,Unlimited,8,0,0,0,8,0,N/A,N/A,,,,SPFAMSENS
2026-05-01,US_Master,NCS Network Consulting,,Partner,Enabled,,Cyber Protection,Per workload,Endpoints protected with EDR,,,Unlimited,1,0,0,0,1,0,N/A,N/A,,,,SRIAMSENS
2026-05-01,US_Master,NCS Network Consulting,,Partner,Enabled,,Cyber Protection,Per workload,Cloud Storage (abgw-phx1-arp2.acronis.com) used - Class 2,Acronis Cloud,GB,Unlimited,6331.11,-1698.36,0.00,0.00,6331.11,-1698.36,N/A,N/A,,acronis,,SPDAMSENS
2026-05-01,US_Master,MobileTech Ltd,,Partner,Enabled,,Cyber Protection,Per workload,Workstations protected,,,Unlimited,0,-26,0,0,0,-26,N/A,N/A,,,,SPGAMSENS
2026-05-01,US_Master,MobileTech Ltd,,Partner,Enabled,,Cyber Protection,Per workload,Servers protected,,,Unlimited,0,-15,0,0,0,-15,N/A,N/A,,,,SPEAMSENS
2026-05-01,US_Master,MobileTech Ltd,,Partner,Enabled,,Cyber Protection,Per workload,VMs protected,,,Unlimited,1,-7,0,0,1,-7,N/A,N/A,,,,SPFAMSENS
2026-05-01,US_Master,MobileTech Ltd,,Partner,Enabled,,Sync & Share,File Sync & Share (per user),Users,,,Unlimited,1,-58,0,0,1,-58,N/A,N/A,,,,SPIAMSENS
2026-05-01,US_Master,MobileTech Ltd,,Partner,Enabled,,Cyber Protection,Per workload,RMM,,,Unlimited,1,-6,0,0,1,-6,N/A,N/A,,,,SRHAMSENS
2026-05-01,US_Master,MobileTech Ltd,,Partner,Enabled,,Cyber Protection,Per workload,Cloud Storage (uc1-aas01.azure.acronis.com) used - Class 2,Microsoft Azure,GB,Unlimited,0.00,-469.32,0.00,0.00,0.00,-469.32,N/A,N/A,,azure,,SQ1AMSENS
2026-05-01,US_Master,MobileTech Ltd,,Partner,Enabled,,Cyber Protection,Per workload,Cloud Storage (abgw-phx1-arp2.acronis.com) used - Class 2,Acronis Cloud,GB,Unlimited,142.64,-14926.82,0.00,0.00,142.64,-14926.82,N/A,N/A,,acronis,,SPDAMSENS
2026-05-01,US_Master,MobileTech Ltd,,Partner,Enabled,,Cyber Protection,Per workload,Disaster Recovery storage used,Acronis Cloud,GB,Unlimited,0.00,-7349.22,0.00,0.00,0.00,-7349.22,N/A,N/A,,acronis,,SVEAMSENS
2026-05-01,US_Master,MobileTech Ltd,,Partner,Enabled,,Cyber Protection,Per workload,Disaster Recovery public IP addresses,Acronis Cloud,,Unlimited,0,-1,0,0,0,-1,N/A,N/A,,acronis,,SEDAMSENS
2026-05-01,US_Master,MobileTech Ltd,,Partner,Enabled,,Cyber Protection,Per workload,Microsoft 365 Seats protected (Azure Storage),Microsoft Azure,,Unlimited,0,-10,0,0,0,-10,N/A,N/A,,azure,,SRAAMSENS
2026-05-01,US_Master,MobileTech Ltd,,Partner,Enabled,,Cyber Protection,Per workload,Microsoft 365 Seats protected (Acronis Storage G1),Acronis Cloud,,Unlimited,0,-380,0,0,0,-380,N/A,N/A,,acronis,,SRJAMSENS
2026-05-01,US_Master,MobileTech Ltd,,Partner,Enabled,,Cyber Protection,Per workload,Microsoft 365 Shared seats protected,,,Unlimited,0,-97,0,0,0,-97,N/A,N/A,,,,SPDCMSENS
2026-05-01,US_Master,MobileTech Ltd,,Partner,Enabled,,Cyber Protection,Per workload,Network-attached storages (NAS) protected,,,Unlimited,0,-4,0,0,0,-4,N/A,N/A,,,,SPD5MSENS
2026-05-01,US_Master,Flex IT Solutions,,Partner,Enabled,,Cyber Protection,Per workload,VMs protected,,,Unlimited,1,0,0,0,1,0,N/A,N/A,,,,SPFAMSENS
2026-05-01,US_Master,Flex IT Solutions,,Partner,Enabled,,Sync & Share,File Sync & Share (per user),Users,,,Unlimited,4,0,0,0,4,0,N/A,N/A,,,,SPIAMSENS
2026-05-01,US_Master,Flex IT Solutions,,Partner,Enabled,,Cyber Protection,Per workload,Cloud Storage (abgw-phx1-arp2.acronis.com) used - Class 2,Acronis Cloud,GB,Unlimited,1064.03,211.31,0.00,0.00,1064.03,211.31,N/A,N/A,,acronis,,SPDAMSENS
2026-05-01,US_Master,"HRI Properties, LLC",,Partner,Enabled,,Cyber Protection,Per workload,Workstations protected,,,Unlimited,13,0,0,0,13,0,N/A,N/A,,,,SPGAMSENS
2026-05-01,US_Master,"HRI Properties, LLC",,Partner,Enabled,,Cyber Protection,Per workload,Servers protected,,,Unlimited,14,-1,0,0,14,-1,N/A,N/A,,,,SPEAMSENS
2026-05-01,US_Master,"HRI Properties, LLC",,Partner,Enabled,,Cyber Protection,Per workload,VMs protected,,,Unlimited,36,-3,0,0,36,-3,N/A,N/A,,,,SPFAMSENS
2026-05-01,US_Master,"HRI Properties, LLC",,Partner,Enabled,,Cyber Protection,Per workload,Cloud Storage (abgw-phx1-arp2-r01.acronis.com) used - Class 2,Acronis Cloud,GB,Unlimited,13013.90,1411.81,0.00,0.00,13013.90,1411.81,N/A,N/A,,acronis,,SPDAMSENS
2026-05-01,US_Master,"HRI Properties, LLC",,Partner,Enabled,,Cyber Protection,Per workload,Cloud Storage (baas-fes-us3.acronis.com) used - Class 2,Acronis Cloud,GB,Unlimited,525.54,0.70,0.00,0.00,525.54,0.70,N/A,N/A,,acronis,,SPDAMSENS
2026-05-01,US_Master,"HRI Properties, LLC",,Partner,Enabled,,Cyber Protection,Per workload,Cloud Storage (abgw-phx1-arp2.acronis.com) used - Class 2,Acronis Cloud,GB,Unlimited,2180.68,107.14,0.00,0.00,2180.68,107.14,N/A,N/A,,acronis,,SPDAMSENS
2026-05-01,US_Master,SecureTech,,Partner,Enabled,,Cyber Protection,Per workload,Workstations protected,,,Unlimited,15,-4,0,0,15,-4,N/A,N/A,,,,SPGAMSENS
2026-05-01,US_Master,SecureTech,,Partner,Enabled,,Cyber Protection,Per workload,Servers protected,,,Unlimited,1,-2,0,0,1,-2,N/A,N/A,,,,SPEAMSENS
2026-05-01,US_Master,SecureTech,,Partner,Enabled,,Cyber Protection,Per workload,VMs protected,,,Unlimited,4,-8,0,0,4,-8,N/A,N/A,,,,SPFAMSENS
2026-05-01,US_Master,SecureTech,,Partner,Enabled,,Sync & Share,File Sync & Share (per user),Users,,,Unlimited,3,0,0,0,3,0,N/A,N/A,,,,SPIAMSENS
2026-05-01,US_Master,SecureTech,,Partner,Enabled,,Cyber Protection,Per workload,Cloud Storage (baas-fes-us3.acronis.com) used - Class 2,Acronis Cloud,GB,Unlimited,11739.45,-95.40,0.00,0.00,11739.45,-95.40,N/A,N/A,,acronis,,SPDAMSENS
2026-05-01,US_Master,SecureTech,,Partner,Enabled,,Cyber Protection,Per workload,Cloud Storage (abgw-phx1-arp2.acronis.com) used - Class 2,Acronis Cloud,GB,Unlimited,23713.40,-3479.96,0.00,0.00,23713.40,-3479.96,N/A,N/A,,acronis,,SPDAMSENS
2026-05-01,US_Master,SecureTech,,Partner,Enabled,,Cyber Protection,Per workload,Email and Collaboration Security mailboxes protected,,,Unlimited,189,3,0,0,189,3,N/A,N/A,,,,SO4AMSENS
2026-05-01,US_Master,SecureTech,,Partner,Enabled,,Cyber Protection,Per workload,Disaster Recovery storage used,Acronis Cloud,GB,Unlimited,767.08,-49.33,0.00,0.00,767.08,-49.33,N/A,N/A,,acronis,,SVEAMSENS
2026-05-01,US_Master,Nex-Tech LLC,,Partner,Enabled,,Cyber Protection,Per workload,Workstations protected,,,Unlimited,83,-1,0,0,83,-1,N/A,N/A,,,,SPGAMSENS
2026-05-01,US_Master,Nex-Tech LLC,,Partner,Enabled,,Cyber Protection,Per workload,Servers protected,,,Unlimited,20,0,0,0,20,0,N/A,N/A,,,,SPEAMSENS
2026-05-01,US_Master,Nex-Tech LLC,,Partner,Enabled,,Cyber Protection,Per workload,VMs protected,,,Unlimited,283,-2,0,0,283,-2,N/A,N/A,,,,SPFAMSENS
2026-05-01,US_Master,Nex-Tech LLC,,Partner,Enabled,,Sync & Share,File Sync & Share (per user),Users,,,Unlimited,39,-1,0,0,39,-1,N/A,N/A,,,,SPIAMSENS
2026-05-01,US_Master,Nex-Tech LLC,,Partner,Enabled,,Cyber Protection,Per workload,Cloud Storage (abgw-phx1-arp2.acronis.com) used - Class 2,Acronis Cloud,GB,Unlimited,371735.34,1181.04,0.00,0.00,371735.34,1181.04,N/A,N/A,,acronis,,SPDAMSENS
2026-05-01,US_Master,Nex-Tech LLC,,Partner,Enabled,,Cyber Protection,Per workload,Email and Collaboration Security mailboxes protected,,,Unlimited,404,-1,0,0,404,-1,N/A,N/A,,,,SO4AMSENS
2026-05-01,US_Master,Harwood International Corp.,,Partner,Enabled,,Cyber Protection,Per workload,Workstations protected,,,Unlimited,1,0,0,0,1,0,N/A,N/A,,,,SPGAMSENS
2026-05-01,US_Master,Harwood International Corp.,,Partner,Enabled,,Cyber Protection,Per workload,Servers protected,,,Unlimited,5,0,0,0,5,0,N/A,N/A,,,,SPEAMSENS
2026-05-01,US_Master,Harwood International Corp.,,Partner,Enabled,,Cyber Protection,Per workload,VMs protected,,,Unlimited,17,0,0,0,17,0,N/A,N/A,,,,SPFAMSENS
2026-05-01,US_Master,Harwood International Corp.,,Partner,Enabled,,Cyber Protection,Per workload,Cloud Storage (abgw-phx1-arp2.acronis.com) used - Class 2,Acronis Cloud,GB,Unlimited,24334.24,-194.70,0.00,0.00,24334.24,-194.70,N/A,N/A,,acronis,,SPDAMSENS
2026-05-01,US_Master,Harwood International Corp.,,Partner,Enabled,,Cyber Protection,Per workload,Disaster Recovery storage used,Acronis Cloud,GB,Unlimited,20555.45,-1366.74,0.00,0.00,20555.45,-1366.74,N/A,N/A,,acronis,,SVEAMSENS
2026-05-01,US_Master,Harwood International Corp.,,Partner,Enabled,,Cyber Protection,Per workload,Disaster Recovery compute points,Acronis Cloud,,Unlimited,2975.85,2975.85,0.00,0.00,2975.85,2975.85,N/A,N/A,,acronis,,SQYAMSENS
2026-05-01,US_Master,"NXC Holdings, LLC",,Partner,Enabled,,Cyber Protection,Per workload,Servers protected,,,Unlimited,4,0,0,0,4,0,N/A,N/A,,,,SPEAMSENS
2026-05-01,US_Master,"NXC Holdings, LLC",,Partner,Enabled,,Sync & Share,File Sync & Share (per user),Users,,,Unlimited,2,-1,0,0,2,-1,N/A,N/A,,,,SPIAMSENS
2026-05-01,US_Master,"NXC Holdings, LLC",,Partner,Enabled,,Cyber Protection,Per workload,Cloud Storage (abgw-phx1-arp2.acronis.com) used - Class 2,Acronis Cloud,GB,Unlimited,676.74,-821.08,0.00,0.00,676.74,-821.08,N/A,N/A,,acronis,,SPDAMSENS
2026-05-01,US_Master,"NXC Holdings, LLC",,Partner,Enabled,,Cyber Protection,Per workload,Microsoft 365 Seats protected (Acronis Storage G1),Acronis Cloud,,Unlimited,61,-4,0,0,61,-4,N/A,N/A,,acronis,,SRJAMSENS
2026-05-01,US_Master,"NXC Holdings, LLC",,Partner,Enabled,,Cyber Protection,Per workload,Microsoft 365 Shared seats protected,,,Unlimited,47,1,0,0,47,1,N/A,N/A,,,,SPDCMSENS
2026-05-01,US_Master,CMIT South Brevard 179,,Partner,Enabled,,Cyber Protection,Per workload,Workstations protected,,,Unlimited,1,0,0,0,1,0,N/A,N/A,,,,SPGAMSENS
2026-05-01,US_Master,CMIT South Brevard 179,,Partner,Enabled,,Sync & Share,File Sync & Share (per user),Users,,,Unlimited,1,0,0,0,1,0,N/A,N/A,,,,SPIAMSENS
2026-05-01,US_Master,CMIT South Brevard 179,,Partner,Enabled,,Cyber Protection,Per workload,Cloud Storage (abgw-phx1-arp2.acronis.com) used - Class 2,Acronis Cloud,GB,Unlimited,619.13,22.13,0.00,0.00,619.13,22.13,N/A,N/A,,acronis,,SPDAMSENS
2026-05-01,US_Master,USWired Inc.,,Partner,Enabled,,Sync & Share,File Sync & Share (per user),Users,,,Unlimited,1,0,0,0,1,0,N/A,N/A,,,,SPIAMSENS
2026-05-01,US_Master,Lifeline Technology Solutions,,Partner,Enabled,,Cyber Protection,Per gigabyte,Cloud Storage (abgw-phx1-arp2.acronis.com) used - Class 2,Acronis Cloud,GB,Unlimited,84880.18,-2311.26,0.00,0.00,84880.18,-2311.26,N/A,N/A,,acronis,,SPBAMSENS
2026-05-01,US_Master,Community Alternatives,,Partner,Enabled,,Cyber Protection,Per workload,Servers protected,,,Unlimited,4,0,0,0,4,0,N/A,N/A,,,,SPEAMSENS
2026-05-01,US_Master,Community Alternatives,,Partner,Enabled,,Cyber Protection,Per workload,VMs protected,,,Unlimited,5,0,0,0,5,0,N/A,N/A,,,,SPFAMSENS
2026-05-01,US_Master,Community Alternatives,,Partner,Enabled,,Cyber Protection,Per workload,Endpoints protected with EDR,,,Unlimited,2,0,0,0,2,0,N/A,N/A,,,,SRIAMSENS
2026-05-01,US_Master,Community Alternatives,,Partner,Enabled,,Cyber Protection,Per workload,Cloud Storage (abgw-phx1-arp2.acronis.com) used - Class 2,Acronis Cloud,GB,Unlimited,5780.96,192.91,0.00,0.00,5780.96,192.91,N/A,N/A,,acronis,,SPDAMSENS
2026-05-01,US_Master,Forged IT Services,,Partner,Enabled,,Cyber Protection,Per workload,Workstations protected,,,Unlimited,1,0,0,0,1,0,N/A,N/A,,,,SPGAMSENS
2026-05-01,US_Master,Forged IT Services,,Partner,Enabled,,Sync & Share,File Sync & Share (per user),Users,,,Unlimited,1,0,0,0,1,0,N/A,N/A,,,,SPIAMSENS
2026-05-01,US_Master,Forged IT Services,,Partner,Enabled,,Cyber Protection,Per gigabyte,Cloud Storage (abgw-phx1-arp2.acronis.com) used - Class 2,Acronis Cloud,GB,Unlimited,2484.51,-56.29,0.00,0.00,2484.51,-56.29,N/A,N/A,,acronis,,SPBAMSENS
2026-05-01,US_Master,Forged IT Services,,Partner,Enabled,,Cyber Protection,Per workload,Cloud Storage (abgw-phx1-arp2.acronis.com) used - Class 2,Acronis Cloud,GB,Unlimited,53.28,0.03,0.00,0.00,53.28,0.03,N/A,N/A,,acronis,,SPDAMSENS
2026-05-01,US_Master,"Regent ISO, LLC",,Partner,Enabled,,Sync & Share,File Sync & Share (per user),Users,,,Unlimited,3,0,0,0,3,0,N/A,N/A,,,,SPIAMSENS
2026-05-01,US_Master,"Regent ISO, LLC",,Partner,Enabled,,Cyber Protection,Per workload,Email and Collaboration Security mailboxes protected,,,Unlimited,111,1,0,0,111,1,N/A,N/A,,,,SO4AMSENS
2026-05-01,US_Master,Blue Technologies Smart Solutions Inc.,,Partner,Enabled,,Cyber Protection,Per workload,Servers protected,,,Unlimited,6,0,0,0,6,0,N/A,N/A,,,,SPEAMSENS
2026-05-01,US_Master,Blue Technologies Smart Solutions Inc.,,Partner,Enabled,,Cyber Protection,Per workload,VMs protected,,,Unlimited,54,1,0,0,54,1,N/A,N/A,,,,SPFAMSENS
2026-05-01,US_Master,Blue Technologies Smart Solutions Inc.,,Partner,Enabled,,Sync & Share,File Sync & Share (per user),Users,,,Unlimited,26,0,0,0,26,0,N/A,N/A,,,,SPIAMSENS
2026-05-01,US_Master,Blue Technologies Smart Solutions Inc.,,Partner,Enabled,,Cyber Protection,Per workload,Cloud Storage (abgw-phx1-arp2.acronis.com) used - Class 2,Acronis Cloud,GB,Unlimited,22567.33,-20.65,0.00,0.00,22567.33,-20.65,N/A,N/A,,acronis,,SPDAMSENS
2026-05-01,US_Master,Blue Technologies Smart Solutions Inc.,,Partner,Enabled,,Cyber Protection,Per workload,Network-attached storages (NAS) protected,,,Unlimited,2,0,0,0,2,0,N/A,N/A,,,,SPD5MSENS
2026-05-01,US_Master,FrontierMSP,,Partner,Enabled,,Cyber Protection,Per workload,Workstations protected,,,Unlimited,1,0,0,0,1,0,N/A,N/A,,,,SPGAMSENS
2026-05-01,US_Master,FrontierMSP,,Partner,Enabled,,Cyber Protection,Per workload,Servers protected,,,Unlimited,1,0,0,0,1,0,N/A,N/A,,,,SPEAMSENS
2026-05-01,US_Master,FrontierMSP,,Partner,Enabled,,Cyber Protection,Per workload,VMs protected,,,Unlimited,1,0,0,0,1,0,N/A,N/A,,,,SPFAMSENS
2026-05-01,US_Master,FrontierMSP,,Partner,Enabled,,Sync & Share,File Sync & Share (per user),Users,,,Unlimited,1,0,0,0,1,0,N/A,N/A,,,,SPIAMSENS
2026-05-01,US_Master,FrontierMSP,,Partner,Enabled,,Cyber Protection,Per workload,Cloud Storage (abgw-phx1-arp2.acronis.com) used - Class 2,Acronis Cloud,GB,Unlimited,2081.92,39.03,0.00,0.00,2081.92,39.03,N/A,N/A,,acronis,,SPDAMSENS
2026-05-01,US_Master,FrontierMSP,,Partner,Enabled,,Cyber Protection,Per workload,Microsoft 365 Seats protected (Acronis Storage G1),Acronis Cloud,,Unlimited,101,1,0,0,101,1,N/A,N/A,,acronis,,SRJAMSENS
2026-05-01,US_Master,FrontierMSP,,Partner,Enabled,,Cyber Protection,Per workload,Microsoft 365 Shared seats protected,,,Unlimited,15,0,0,0,15,0,N/A,N/A,,,,SPDCMSENS
2026-05-01,US_Master,AMEOT,,Partner,Disabled,,Cyber Protection,Per workload,Cloud Storage (abgw-phx1-arp2.acronis.com) used - Class 2,Acronis Cloud,GB,Unlimited,1281.12,-7.30,0.00,0.00,1281.12,-7.30,N/A,N/A,,acronis,,SPDAMSENS
2026-05-01,US_Master,"Tech Heroes, Inc",,Partner,Enabled,,Cyber Protection,Per workload,Workstations protected,,,Unlimited,4,0,0,0,4,0,N/A,N/A,,,,SPGAMSENS
2026-05-01,US_Master,"Tech Heroes, Inc",,Partner,Enabled,,Cyber Protection,Per workload,Servers protected,,,Unlimited,58,5,0,0,58,5,N/A,N/A,,,,SPEAMSENS
2026-05-01,US_Master,"Tech Heroes, Inc",,Partner,Enabled,,Cyber Protection,Per workload,VMs protected,,,Unlimited,30,2,2,2,32,4,N/A,N/A,,,,SPFAMSENS
2026-05-01,US_Master,"Tech Heroes, Inc",,Partner,Enabled,,Sync & Share,File Sync & Share (per user),Users,,,Unlimited,49,1,1,1,50,2,N/A,N/A,,,,SPIAMSENS
2026-05-01,US_Master,"Tech Heroes, Inc",,Partner,Enabled,,Cyber Protection,Per workload,RMM,,,Unlimited,2,0,0,0,2,0,N/A,N/A,,,,SRHAMSENS
2026-05-01,US_Master,"Tech Heroes, Inc",,Partner,Enabled,,Cyber Protection,Per workload,Endpoints protected with EDR,,,Unlimited,14,-12,0,0,14,-12,N/A,N/A,,,,SRIAMSENS
2026-05-01,US_Master,"Tech Heroes, Inc",,Partner,Enabled,,Cyber Protection,Per workload,Cloud Storage (baas-fes-us3.acronis.com) used - Class 2,Acronis Cloud,GB,Unlimited,1326.32,-16.55,0.00,0.00,1326.32,-16.55,N/A,N/A,,acronis,,SPDAMSENS
2026-05-01,US_Master,"Tech Heroes, Inc",,Partner,Enabled,,Cyber Protection,Per workload,Cloud Storage (abgw-phx1-arp2.acronis.com) used - Class 2,Acronis Cloud,GB,Unlimited,86148.40,3892.72,261.13,261.13,86409.53,4153.85,N/A,N/A,,acronis,,SPDAMSENS
2026-05-01,US_Master,"Tech Heroes, Inc",,Partner,Enabled,,Cyber Protection,Per workload,Disaster Recovery storage used,Acronis Cloud,GB,Unlimited,361.85,7.95,0.00,0.00,361.85,7.95,N/A,N/A,,acronis,,SVEAMSENS
2026-05-01,US_Master,"Tech Heroes, Inc",,Partner,Enabled,,Cyber Protection,Per workload,Network-attached storages (NAS) protected,,,Unlimited,4,0,0,0,4,0,N/A,N/A,,,,SPD5MSENS
2026-05-01,US_Master,Montec IT Group,,Partner,Enabled,,Cyber Protection,Per workload,Workstations protected,,,Unlimited,8,0,0,0,8,0,N/A,N/A,,,,SPGAMSENS
2026-05-01,US_Master,Montec IT Group,,Partner,Enabled,,Cyber Protection,Per workload,VMs protected,,,Unlimited,10,0,0,0,10,0,N/A,N/A,,,,SPFAMSENS
2026-05-01,US_Master,Montec IT Group,,Partner,Enabled,,Sync & Share,File Sync & Share (per user),Users,,,Unlimited,6,0,0,0,6,0,N/A,N/A,,,,SPIAMSENS
2026-05-01,US_Master,Montec IT Group,,Partner,Enabled,,Cyber Infrastructure,,Storage (7ab372a799b0c9ba4547c3347c2d895b),7ab372a799b0c9ba4547c3347c2d895b,GB,Unlimited,0.00,0.00,0.00,0.00,0.00,0.00,N/A,N/A,,,,SCVAMSENS
2026-05-01,US_Master,Network Concern,,Partner,Enabled,,Sync & Share,File Sync & Share (per user),Users,,,Unlimited,4,0,0,0,4,0,N/A,N/A,,,,SPIAMSENS
2026-05-01,US_Master,Network Concern,,Partner,Enabled,,Cyber Protection,Per workload,Email and Collaboration Security mailboxes protected,,,Unlimited,465,53,0,-42,465,11,N/A,N/A,,,,SO4AMSENS
2026-05-01,US_Master,Titan Technology Partners,,Partner,Enabled,,Cyber Protection,Per workload,Workstations protected,,,Unlimited,10,-1,0,0,10,-1,N/A,N/A,,,,SPGAMSENS
2026-05-01,US_Master,Titan Technology Partners,,Partner,Enabled,,Cyber Protection,Per workload,Servers protected,,,Unlimited,7,0,0,0,7,0,N/A,N/A,,,,SPEAMSENS
2026-05-01,US_Master,Titan Technology Partners,,Partner,Enabled,,Cyber Protection,Per workload,VMs protected,,,Unlimited,90,-12,0,0,90,-12,N/A,N/A,,,,SPFAMSENS
2026-05-01,US_Master,Titan Technology Partners,,Partner,Enabled,,Sync & Share,File Sync & Share (per user),Users,,,Unlimited,9,-1,0,0,9,-1,N/A,N/A,,,,SPIAMSENS
2026-05-01,US_Master,Titan Technology Partners,,Partner,Enabled,,Cyber Protection,Per workload,Cloud Storage (abgw-phx1-arp2.acronis.com) used - Class 2,Acronis Cloud,GB,Unlimited,55851.51,-1341.08,0.00,0.00,55851.51,-1341.08,N/A,N/A,,acronis,,SPDAMSENS
2026-05-01,US_Master,Titan Technology Partners,,Partner,Enabled,,Cyber Protection,Per workload,Disaster Recovery storage used,Acronis Cloud,GB,Unlimited,55988.04,-808.00,0.00,0.00,55988.04,-808.00,N/A,N/A,,acronis,,SVEAMSENS
2026-05-01,US_Master,ThreatAdvice,,Partner,Enabled,,Cyber Protection,Per workload,Email and Collaboration Security mailboxes protected,,,Unlimited,130,0,0,0,130,0,N/A,N/A,,,,SO4AMSENS
2026-05-01,US_Master,"Green Qube, Inc",,Partner,Enabled,,Cyber Protection,Per workload,Servers protected,,,Unlimited,1,0,0,0,1,0,N/A,N/A,,,,SPEAMSENS
2026-05-01,US_Master,"Green Qube, Inc",,Partner,Enabled,,Cyber Protection,Per workload,VMs protected,,,Unlimited,18,2,0,0,18,2,N/A,N/A,,,,SPFAMSENS
2026-05-01,US_Master,"Green Qube, Inc",,Partner,Enabled,,Sync & Share,File Sync & Share (per user),Users,,,Unlimited,3,2,0,0,3,2,N/A,N/A,,,,SPIAMSENS
2026-05-01,US_Master,"Green Qube, Inc",,Partner,Enabled,,Cyber Protection,Per gigabyte,Cloud Storage (abgw-phx1-arp2.acronis.com) used - Class 2,Acronis Cloud,GB,Unlimited,1341.45,4.76,0.00,0.00,1341.45,4.76,N/A,N/A,,acronis,,SPBAMSENS
2026-05-01,US_Master,"Green Qube, Inc",,Partner,Enabled,,Cyber Protection,Per workload,Cloud Storage (abgw-phx1-arp2.acronis.com) used - Class 2,Acronis Cloud,GB,Unlimited,12127.31,230.33,0.00,0.00,12127.31,230.33,N/A,N/A,,acronis,,SPDAMSENS
2026-05-01,US_Master,Professional Computer Support,,Partner,Disabled,,Cyber Protection,Per workload,Cloud Storage (abgw-phx1-arp2.acronis.com) used - Class 2,Acronis Cloud,GB,Unlimited,915.91,0.00,0.00,0.00,915.91,0.00,N/A,N/A,,acronis,,SPDAMSENS
2026-05-01,US_Master,"JEVSUPPORT, LLC",,Partner,Disabled,,Sync & Share,File Sync & Share (per user),Users,,,Unlimited,8,0,0,0,8,0,N/A,N/A,,,,SPIAMSENS
2026-05-01,US_Master,"JEVSUPPORT, LLC",,Partner,Disabled,,Cyber Protection,Per workload,Cloud Storage (abgw-phx1-arp2.acronis.com) used - Class 2,Acronis Cloud,GB,Unlimited,6169.44,-16.67,0.00,0.00,6169.44,-16.67,N/A,N/A,,acronis,,SPDAMSENS
2026-05-01,US_Master,"JEVSUPPORT, LLC",,Partner,Disabled,,Cyber Protection,Per workload,Disaster Recovery storage used,Acronis Cloud,GB,Unlimited,610.57,0.00,0.00,0.00,610.57,0.00,N/A,N/A,,acronis,,SVEAMSENS
2026-05-01,US_Master,"JEVSUPPORT, LLC",,Partner,Disabled,,Cyber Protection,Per workload,Microsoft 365 Shared seats protected,,,Unlimited,1,0,0,0,1,0,N/A,N/A,,,,SPDCMSENS
2026-05-01,US_Master,Ascension Technology,,Partner,Enabled,,Sync & Share,File Sync & Share (per user),Users,,,Unlimited,8,0,0,0,8,0,N/A,N/A,,,,SPIAMSENS
2026-05-01,US_Master,Ascension Technology,,Partner,Enabled,,Cyber Protection,Per workload,Email and Collaboration Security mailboxes protected,,,Unlimited,88,0,0,0,88,0,N/A,N/A,,,,SO4AMSENS
2026-05-01,US_Master,Aufsite,,Partner,Enabled,,Cyber Protection,Per gigabyte,Cloud Storage (abgw-phx1-arp2.acronis.com) used - Class 2,Acronis Cloud,GB,Unlimited,9407.71,194.04,0.00,0.00,9407.71,194.04,N/A,N/A,,acronis,,SPBAMSENS
2026-05-01,US_Master,Maverick Gardner,,Partner,Enabled,,Cyber Protection,Per workload,Email and Collaboration Security mailboxes protected,,,Unlimited,64,2,0,0,64,2,N/A,N/A,,,,SO4AMSENS
2026-05-01,US_Master,Power Up Boston,,Partner,Enabled,,Cyber Protection,Per workload,Workstations protected,,,Unlimited,5,0,0,0,5,0,N/A,N/A,,,,SPGAMSENS
2026-05-01,US_Master,Power Up Boston,,Partner,Enabled,,Cyber Protection,Per workload,Servers protected,,,Unlimited,6,0,0,0,6,0,N/A,N/A,,,,SPEAMSENS
2026-05-01,US_Master,Power Up Boston,,Partner,Enabled,,Cyber Protection,Per workload,VMs protected,,,Unlimited,32,0,0,0,32,0,N/A,N/A,,,,SPFAMSENS
2026-05-01,US_Master,Power Up Boston,,Partner,Enabled,,Sync & Share,File Sync & Share (per user),Users,,,Unlimited,8,0,0,0,8,0,N/A,N/A,,,,SPIAMSENS
2026-05-01,US_Master,Power Up Boston,,Partner,Enabled,,Cyber Protection,Per workload,RMM,,,Unlimited,2,0,0,0,2,0,N/A,N/A,,,,SRHAMSENS
2026-05-01,US_Master,Power Up Boston,,Partner,Enabled,,Cyber Protection,Per workload,Endpoints protected with EDR,,,Unlimited,2,0,0,0,2,0,N/A,N/A,,,,SRIAMSENS
2026-05-01,US_Master,Power Up Boston,,Partner,Enabled,,Cyber Protection,Per workload,Cloud Storage (abgw-phx1-arp2.acronis.com) used - Class 2,Acronis Cloud,GB,Unlimited,35671.53,1945.39,0.00,0.00,35671.53,1945.39,N/A,N/A,,acronis,,SPDAMSENS
2026-05-01,US_Master,IT Kauai Inc,,Partner,Enabled,,Cyber Protection,Per workload,Workstations protected,,,Unlimited,271,28,0,0,271,28,N/A,N/A,,,,SPGAMSENS
2026-05-01,US_Master,IT Kauai Inc,,Partner,Enabled,,Cyber Protection,Per workload,Servers protected,,,Unlimited,14,6,0,0,14,6,N/A,N/A,,,,SPEAMSENS
2026-05-01,US_Master,IT Kauai Inc,,Partner,Enabled,,Cyber Protection,Per workload,VMs protected,,,Unlimited,54,2,0,0,54,2,N/A,N/A,,,,SPFAMSENS
2026-05-01,US_Master,IT Kauai Inc,,Partner,Enabled,,Sync & Share,File Sync & Share (per user),Users,,,Unlimited,49,2,0,0,49,2,N/A,N/A,,,,SPIAMSENS
2026-05-01,US_Master,IT Kauai Inc,,Partner,Enabled,,Sync & Share,File Sync & Share (per user),Cloud Storage (us2-s3gw.acronis.com) used,us2-s3gw.acronis.com,GB,Unlimited,2.20,0.00,0.00,0.00,2.20,0.00,N/A,N/A,,acronis,,SUVAMSENS
2026-05-01,US_Master,IT Kauai Inc,,Partner,Enabled,,Cyber Protection,Per workload,Cloud Storage (abgw-phx1-arp2.acronis.com) used - Class 2,Acronis Cloud,GB,Unlimited,63982.89,1721.89,0.00,0.00,63982.89,1721.89,N/A,N/A,,acronis,,SPDAMSENS
2026-05-01,US_Master,IT Kauai Inc,,Partner,Enabled,,Cyber Protection,Per workload,Disaster Recovery storage used,Acronis Cloud,GB,Unlimited,300.87,2.93,0.00,0.00,300.87,2.93,N/A,N/A,,acronis,,SVEAMSENS
2026-05-01,US_Master,IT Kauai Inc,,Partner,Enabled,,Cyber Protection,Per workload,Disaster Recovery public IP addresses,Acronis Cloud,,Unlimited,1,0,0,0,1,0,N/A,N/A,,acronis,,SEDAMSENS
2026-05-01,US_Master,IT Kauai Inc,,Partner,Enabled,,Cyber Protection,Per workload,Disaster Recovery compute points,Acronis Cloud,,Unlimited,0.98,0.98,0.00,0.00,0.98,0.98,N/A,N/A,,acronis,,SQYAMSENS
2026-05-01,US_Master,Quick Fix Network,,Partner,Enabled,,Cyber Protection,Per workload,Workstations protected,,,Unlimited,70,3,0,0,70,3,N/A,N/A,,,,SPGAMSENS
2026-05-01,US_Master,Quick Fix Network,,Partner,Enabled,,Cyber Protection,Per workload,RMM,,,Unlimited,1,0,0,0,1,0,N/A,N/A,,,,SRHAMSENS
2026-05-01,US_Master,Quick Fix Network,,Partner,Enabled,,Cyber Protection,Per workload,Cloud Storage (abgw-phx1-arp2.acronis.com) used - Class 2,Acronis Cloud,GB,Unlimited,9012.46,107.30,0.00,0.00,9012.46,107.30,N/A,N/A,,acronis,,SPDAMSENS
2026-05-01,US_Master,T3voicenet,,Partner,Enabled,,Cyber Protection,Per workload,Workstations protected,,,Unlimited,4,0,0,0,4,0,N/A,N/A,,,,SPGAMSENS
2026-05-01,US_Master,T3voicenet,,Partner,Enabled,,Sync & Share,File Sync & Share (per user),Users,,,Unlimited,4,0,0,0,4,0,N/A,N/A,,,,SPIAMSENS
2026-05-01,US_Master,T3voicenet,,Partner,Enabled,,Cyber Protection,Per gigabyte,Cloud Storage (abgw-phx1-arp2.acronis.com) used - Class 2,Acronis Cloud,GB,Unlimited,7876.19,436.50,0.00,0.00,7876.19,436.50,N/A,N/A,,acronis,,SPBAMSENS
2026-05-01,US_Master,T3voicenet,,Partner,Enabled,,Cyber Protection,Per workload,Cloud Storage (abgw-phx1-arp2.acronis.com) used - Class 2,Acronis Cloud,GB,Unlimited,2586.40,99.62,0.00,0.00,2586.40,99.62,N/A,N/A,,acronis,,SPDAMSENS
2026-05-01,US_Master,"Utmostit, Inc",,Partner,Enabled,,Cyber Protection,Per workload,Workstations protected,,,Unlimited,1,0,0,0,1,0,N/A,N/A,,,,SPGAMSENS
2026-05-01,US_Master,"Utmostit, Inc",,Partner,Enabled,,Cyber Protection,Per workload,Servers protected,,,Unlimited,1,0,0,0,1,0,N/A,N/A,,,,SPEAMSENS
2026-05-01,US_Master,"Utmostit, Inc",,Partner,Enabled,,Cyber Protection,Per workload,Endpoints protected with EDR,,,Unlimited,1,0,0,0,1,0,N/A,N/A,,,,SRIAMSENS
2026-05-01,US_Master,"Utmostit, Inc",,Partner,Enabled,,Cyber Protection,Per workload,Cloud Storage (abgw-phx1-arp2.acronis.com) used - Class 2,Acronis Cloud,GB,Unlimited,891.17,3.93,0.00,0.00,891.17,3.93,N/A,N/A,,acronis,,SPDAMSENS
2026-05-01,US_Master,Jilasoan,,Partner,Enabled,,Cyber Protection,Per workload,Servers protected,,,Unlimited,3,0,0,0,3,0,N/A,N/A,,,,SPEAMSENS
2026-05-01,US_Master,Jilasoan,,Partner,Enabled,,Cyber Protection,Per workload,Cloud Storage (abgw-phx1-arp2.acronis.com) used - Class 2,Acronis Cloud,GB,Unlimited,12411.37,-166.29,0.00,0.00,12411.37,-166.29,N/A,N/A,,acronis,,SPDAMSENS
2026-05-01,US_Master,"Superior Steel, Inc",,Partner,Enabled,,Cyber Protection,Per workload,Servers protected,,,Unlimited,9,1,0,0,9,1,N/A,N/A,,,,SPEAMSENS
2026-05-01,US_Master,"Superior Steel, Inc",,Partner,Enabled,,Cyber Protection,Per workload,Cloud Storage (abgw-phx1-arp2.acronis.com) used - Class 2,Acronis Cloud,GB,Unlimited,35091.63,6286.51,0.00,0.00,35091.63,6286.51,N/A,N/A,,acronis,,SPDAMSENS
2026-05-01,US_Master,Radiance Technology Solutions,,Partner,Enabled,,Cyber Protection,Per workload,Workstations protected,,,Unlimited,11,0,0,0,11,0,N/A,N/A,,,,SPGAMSENS
2026-05-01,US_Master,Radiance Technology Solutions,,Partner,Enabled,,Sync & Share,File Sync & Share (per user),Users,,,Unlimited,3,0,0,0,3,0,N/A,N/A,,,,SPIAMSENS
2026-05-01,US_Master,Radiance Technology Solutions,,Partner,Enabled,,Cyber Protection,Per workload,Cloud Storage (abgw-phx1-arp2.acronis.com) used - Class 2,Acronis Cloud,GB,Unlimited,5098.93,486.53,0.00,0.00,5098.93,486.53,N/A,N/A,,acronis,,SPDAMSENS
2026-05-01,US_Master,Radiance Technology Solutions,,Partner,Enabled,,Cyber Protection,Per workload,Microsoft 365 Seats protected (Acronis Storage G1),Acronis Cloud,,Unlimited,33,0,0,0,33,0,N/A,N/A,,acronis,,SRJAMSENS
2026-05-01,US_Master,Radiance Technology Solutions,,Partner,Enabled,,Cyber Protection,Per workload,Network-attached storages (NAS) protected,,,Unlimited,1,0,0,0,1,0,N/A,N/A,,,,SPD5MSENS
2026-05-01,US_Master,Radiance Technology Solutions,,Partner,Enabled,,Cyber Protection,Per workload,RMM Microsoft 365 seats managed and monitored (with risk remediation),,,Unlimited,33,0,0,0,33,0,N/A,N/A,,,,SRMAMSENS
2026-05-01,US_Master,Kaminski Engineering & Management,,Partner,Enabled,,Sync & Share,File Sync & Share (per user),Users,,,Unlimited,1,0,0,0,1,0,N/A,N/A,,,,SPIAMSENS
2026-05-01,US_Master,CSI,,Partner,Enabled,,Cyber Protection,Per gigabyte,Cloud Storage (abgw-phx1-arp2.acronis.com) used - Class 2,Acronis Cloud,GB,Unlimited,7427.28,11.80,0.00,0.00,7427.28,11.80,N/A,N/A,,acronis,,SPBAMSENS
2026-05-01,US_Master,MBACIO,,Partner,Disabled,,Cyber Protection,Per workload,Cloud Storage (abgw-phx1-arp2.acronis.com) used - Class 2,Acronis Cloud,GB,Unlimited,11410.79,-126.28,0.00,0.00,11410.79,-126.28,N/A,N/A,,acronis,,SPDAMSENS
2026-05-01,US_Master,MBACIO,,Partner,Disabled,,Cyber Protection,Per workload,Microsoft 365 Seats protected (Acronis Storage G1),Acronis Cloud,,Unlimited,128,0,0,0,128,0,N/A,N/A,,acronis,,SRJAMSENS
2026-05-01,US_Master,MBACIO,,Partner,Disabled,,Cyber Protection,Per workload,Microsoft 365 Shared seats protected,,,Unlimited,50,0,0,0,50,0,N/A,N/A,,,,SPDCMSENS
2026-05-01,US_Master,MooIT,,Partner,Enabled,,Cyber Protection,Per workload,Workstations protected,,,Unlimited,130,10,0,0,130,10,N/A,N/A,,,,SPGAMSENS
2026-05-01,US_Master,MooIT,,Partner,Enabled,,Cyber Protection,Per workload,Servers protected,,,Unlimited,52,0,0,0,52,0,N/A,N/A,,,,SPEAMSENS
2026-05-01,US_Master,MooIT,,Partner,Enabled,,Cyber Protection,Per workload,VMs protected,,,Unlimited,43,-6,0,0,43,-6,N/A,N/A,,,,SPFAMSENS
2026-05-01,US_Master,MooIT,,Partner,Enabled,,Sync & Share,File Sync & Share (per user),Users,,,Unlimited,7,0,0,0,7,0,N/A,N/A,,,,SPIAMSENS
2026-05-01,US_Master,MooIT,,Partner,Enabled,,Cyber Protection,Per workload,Cloud Storage (abgw-phx1-arp2.acronis.com) used - Class 2,Acronis Cloud,GB,Unlimited,134089.04,7637.24,0.00,0.00,134089.04,7637.24,N/A,N/A,,acronis,,SPDAMSENS
2026-05-01,US_Master,MooIT,,Partner,Enabled,,Cyber Protection,Per workload,Microsoft 365 Seats protected (Acronis Storage G1),Acronis Cloud,,Unlimited,22,1,0,0,22,1,N/A,N/A,,acronis,,SRJAMSENS
2026-05-01,US_Master,MooIT,,Partner,Enabled,,Cyber Protection,Per workload,Microsoft 365 Shared seats protected,,,Unlimited,3,1,0,0,3,1,N/A,N/A,,,,SPDCMSENS
2026-05-01,US_Master,MooIT,,Partner,Enabled,,Cyber Protection,Per workload,Network-attached storages (NAS) protected,,,Unlimited,1,0,0,0,1,0,N/A,N/A,,,,SPD5MSENS
2026-05-01,US_Master,MooIT,,Partner,Enabled,,Cyber Protection,Per workload,Google Workspace seats protected (Acronis Storage G1),Acronis Cloud,,Unlimited,50,0,0,0,50,0,N/A,N/A,,acronis,,SQ8AMSENS
2026-05-01,US_Master,Harness Group,,Partner,Enabled,,Cyber Protection,Per workload,Servers protected,,,Unlimited,2,0,0,0,2,0,N/A,N/A,,,,SPEAMSENS
2026-05-01,US_Master,Harness Group,,Partner,Enabled,,Cyber Protection,Per workload,VMs protected,,,Unlimited,55,-1,0,0,55,-1,N/A,N/A,,,,SPFAMSENS
2026-05-01,US_Master,Harness Group,,Partner,Enabled,,Cyber Protection,Per workload,Direct Backup to Public Cloud servers protected,,,Unlimited,2,0,0,0,2,0,N/A,N/A,,,,SRDUMSENS
2026-05-01,US_Master,Harness Group,,Partner,Enabled,,Cyber Protection,Per workload,Direct Backup to Public Cloud VMs protected,,,Unlimited,33,0,0,0,33,0,N/A,N/A,,,,SREUMSENS
2026-05-01,US_Master,Harness Group,,Partner,Enabled,,Cyber Protection,Per workload,Cloud Storage (abgw-phx1-arp2.acronis.com) used - Class 2,Acronis Cloud,GB,Unlimited,4670.10,63.79,0.00,0.00,4670.10,63.79,N/A,N/A,,acronis,,SPDAMSENS
2026-05-01,US_Master,Harness Group,,Partner,Enabled,,Cyber Protection,Per workload,Microsoft 365 Seats protected (Acronis Storage G1),Acronis Cloud,,Unlimited,639,13,0,0,639,13,N/A,N/A,,acronis,,SRJAMSENS
2026-05-01,US_Master,Harness Group,,Partner,Enabled,,Cyber Protection,Per workload,Microsoft 365 Shared seats protected,,,Unlimited,44,0,0,0,44,0,N/A,N/A,,,,SPDCMSENS
2026-05-01,US_Master,Tech Savvy Team LLC,,Partner,Enabled,,Sync & Share,File Sync & Share (per user),Users,,,Unlimited,1,0,0,0,1,0,N/A,N/A,,,,SPIAMSENS
2026-05-01,US_Master,MRL Network Solutions,,Partner,Enabled,,Cyber Protection,Per workload,Workstations protected,,,Unlimited,42,0,0,0,42,0,N/A,N/A,,,,SPGAMSENS
2026-05-01,US_Master,MRL Network Solutions,,Partner,Enabled,,Cyber Protection,Per workload,Servers protected,,,Unlimited,26,0,0,0,26,0,N/A,N/A,,,,SPEAMSENS
2026-05-01,US_Master,MRL Network Solutions,,Partner,Enabled,,Cyber Protection,Per workload,VMs protected,,,Unlimited,14,0,0,0,14,0,N/A,N/A,,,,SPFAMSENS
2026-05-01,US_Master,MRL Network Solutions,,Partner,Enabled,,Sync & Share,File Sync & Share (per user),Users,,,Unlimited,2,0,0,0,2,0,N/A,N/A,,,,SPIAMSENS
2026-05-01,US_Master,MRL Network Solutions,,Partner,Enabled,,Cyber Protection,Per workload,Cloud Storage (abgw-phx1-arp2.acronis.com) used - Class 2,Acronis Cloud,GB,Unlimited,23973.19,976.27,0.00,0.00,23973.19,976.27,N/A,N/A,,acronis,,SPDAMSENS
2026-05-01,US_Master,MRL Network Solutions,,Partner,Enabled,,Cyber Protection,Per workload,Disaster Recovery storage used,Acronis Cloud,GB,Unlimited,1107.74,458.55,0.00,0.00,1107.74,458.55,N/A,N/A,,acronis,,SVEAMSENS
2026-05-01,US_Master,MRL Network Solutions,,Partner,Enabled,,Cyber Protection,Per workload,Microsoft 365 Seats protected (Acronis Storage G1),Acronis Cloud,,Unlimited,1,0,0,0,1,0,N/A,N/A,,acronis,,SRJAMSENS
2026-05-01,US_Master,MRL Network Solutions,,Partner,Enabled,,Cyber Protection,Per workload,RMM Microsoft 365 seats managed and monitored (with risk remediation),,,Unlimited,20,0,0,0,20,0,N/A,N/A,,,,SRMAMSENS
2026-05-01,US_Master,Therma-Glass,,Partner,Enabled,,Cyber Protection,Per workload,Workstations protected,,,Unlimited,12,0,0,0,12,0,N/A,N/A,,,,SPGAMSENS
2026-05-01,US_Master,Therma-Glass,,Partner,Enabled,,Cyber Protection,Per workload,RMM,,,Unlimited,12,0,0,0,12,0,N/A,N/A,,,,SRHAMSENS
2026-05-01,US_Master,Therma-Glass,,Partner,Enabled,,Cyber Protection,Per workload,Cloud Storage (abgw-phx1-arp2.acronis.com) used - Class 2,Acronis Cloud,GB,Unlimited,3749.68,-607.17,0.00,0.00,3749.68,-607.17,N/A,N/A,,acronis,,SPDAMSENS
2026-05-01,US_Master,Therma-Glass,,Partner,Enabled,,Cyber Protection,Per workload,Disaster Recovery storage used,Acronis Cloud,GB,Unlimited,207.47,-9.85,0.00,0.00,207.47,-9.85,N/A,N/A,,acronis,,SVEAMSENS
2026-05-01,US_Master,Therma-Glass,,Partner,Enabled,,Cyber Protection,Per workload,"Cloud Storage (abgw-phx1-arp2.acronis.com) used - Class 2, Geo Redundant",Acronis Cloud,GB,Unlimited,3749.68,-607.17,0.00,0.00,3749.68,-607.17,N/A,N/A,,acronis,,SP5AMSENS
2026-05-01,US_Master,Carmichael Consulting Solutions,,Partner,Enabled,,Cyber Protection,Per workload,Workstations protected,,,Unlimited,970,8,0,0,970,8,N/A,N/A,,,,SPGAMSENS
2026-05-01,US_Master,Carmichael Consulting Solutions,,Partner,Enabled,,Cyber Protection,Per workload,Servers protected,,,Unlimited,22,-1,1,0,23,-1,N/A,N/A,,,,SPEAMSENS
2026-05-01,US_Master,Carmichael Consulting Solutions,,Partner,Enabled,,Cyber Protection,Per workload,VMs protected,,,Unlimited,67,1,3,3,70,4,N/A,N/A,,,,SPFAMSENS
2026-05-01,US_Master,Carmichael Consulting Solutions,,Partner,Enabled,,Sync & Share,File Sync & Share (per user),Users,,,Unlimited,84,2,2,0,86,2,N/A,N/A,,,,SPIAMSENS
2026-05-01,US_Master,Carmichael Consulting Solutions,,Partner,Enabled,,Cyber Protection,Per workload,RMM,,,Unlimited,1,0,0,0,1,0,N/A,N/A,,,,SRHAMSENS
2026-05-01,US_Master,Carmichael Consulting Solutions,,Partner,Enabled,,Cyber Protection,Per workload,Cloud Storage (abgw-phx1-arp2.acronis.com) used - Class 2,Acronis Cloud,GB,Unlimited,108507.65,4758.65,89.48,-1955.37,108597.14,2803.28,N/A,N/A,,acronis,,SPDAMSENS
2026-05-01,US_Master,Carmichael Consulting Solutions,,Partner,Enabled,,Cyber Protection,Per workload,Disaster Recovery storage used,Acronis Cloud,GB,Unlimited,101.96,0.00,0.00,0.00,101.96,0.00,N/A,N/A,,acronis,,SVEAMSENS
2026-05-01,US_Master,Cirroform LLC,,Partner,Enabled,,Cyber Protection,Per workload,Servers protected,,,Unlimited,1,0,0,0,1,0,N/A,N/A,,,,SPEAMSENS
2026-05-01,US_Master,Cirroform LLC,,Partner,Enabled,,Cyber Protection,Per workload,VMs protected,,,Unlimited,2,0,0,0,2,0,N/A,N/A,,,,SPFAMSENS
2026-05-01,US_Master,Cirroform LLC,,Partner,Enabled,,Sync & Share,File Sync & Share (per user),Users,,,Unlimited,1,0,0,0,1,0,N/A,N/A,,,,SPIAMSENS
2026-05-01,US_Master,Cirroform LLC,,Partner,Enabled,,Cyber Protection,Per workload,Cloud Storage (abgw-phx1-arp2.acronis.com) used - Class 2,Acronis Cloud,GB,Unlimited,1166.99,-28.22,0.00,0.00,1166.99,-28.22,N/A,N/A,,acronis,,SPDAMSENS
2026-05-01,US_Master,DS Network Ltd,,Partner,Enabled,,Cyber Protection,Per workload,Workstations protected,,,Unlimited,1,0,0,0,1,0,N/A,N/A,,,,SPGAMSENS
2026-05-01,US_Master,DS Network Ltd,,Partner,Enabled,,Cyber Protection,Per workload,Servers protected,,,Unlimited,1,0,0,0,1,0,N/A,N/A,,,,SPEAMSENS
2026-05-01,US_Master,DS Network Ltd,,Partner,Enabled,,Cyber Protection,Per workload,VMs protected,,,Unlimited,4,-11,0,0,4,-11,N/A,N/A,,,,SPFAMSENS
2026-05-01,US_Master,DS Network Ltd,,Partner,Enabled,,Sync & Share,File Sync & Share (per user),Users,,,Unlimited,4,-1,0,0,4,-1,N/A,N/A,,,,SPIAMSENS
2026-05-01,US_Master,DS Network Ltd,,Partner,Enabled,,Cyber Protection,Per workload,Cloud Storage (abgw-phx1-arp2.acronis.com) used - Class 2,Acronis Cloud,GB,Unlimited,2861.48,-484.88,0.00,0.00,2861.48,-484.88,N/A,N/A,,acronis,,SPDAMSENS
2026-05-01,US_Master,Nomad Technology Group,,Partner,Enabled,,Cyber Protection,Per workload,Workstations protected,,,Unlimited,2,-1,0,0,2,-1,N/A,N/A,,,,SPGAMSENS
2026-05-01,US_Master,Nomad Technology Group,,Partner,Enabled,,Cyber Protection,Per workload,VMs protected,,,Unlimited,14,0,0,0,14,0,N/A,N/A,,,,SPFAMSENS
2026-05-01,US_Master,Nomad Technology Group,,Partner,Enabled,,Sync & Share,File Sync & Share (per user),Users,,,Unlimited,3,0,0,0,3,0,N/A,N/A,,,,SPIAMSENS
2026-05-01,US_Master,Nomad Technology Group,,Partner,Enabled,,Cyber Protection,Per workload,Direct Backup to Public Cloud VMs protected,,,Unlimited,3,0,0,0,3,0,N/A,N/A,,,,SREUMSENS
2026-05-01,US_Master,Nomad Technology Group,,Partner,Enabled,,Cyber Protection,Per workload,Cloud Storage (abgw-phx1-arp2-r01.acronis.com) used - Class 2,Acronis Cloud,GB,Unlimited,187.20,-0.00,0.00,0.00,187.20,-0.00,N/A,N/A,,acronis,,SPDAMSENS
2026-05-01,US_Master,Nomad Technology Group,,Partner,Enabled,,Cyber Protection,Per workload,Cloud Storage (abgw-phx1-arp2.acronis.com) used - Class 2,Acronis Cloud,GB,Unlimited,16111.25,5016.44,0.00,0.00,16111.25,5016.44,N/A,N/A,,acronis,,SPDAMSENS
2026-05-01,US_Master,Nomad Technology Group,,Partner,Enabled,,Cyber Protection,Per workload,Disaster Recovery storage used,Acronis Cloud,GB,Unlimited,2707.21,919.88,0.00,0.00,2707.21,919.88,N/A,N/A,,acronis,,SVEAMSENS
2026-05-01,US_Master,Nomad Technology Group,,Partner,Enabled,,Cyber Protection,Per workload,Disaster Recovery compute points,Acronis Cloud,,Unlimited,1.00,1.00,0.00,0.00,1.00,1.00,N/A,N/A,,acronis,,SQYAMSENS
2026-05-01,US_Master,ECTECH LLC,,Partner,Enabled,,Cyber Protection,Per workload,Workstations protected,,,Unlimited,2,0,0,0,2,0,N/A,N/A,,,,SPGAMSENS
2026-05-01,US_Master,ECTECH LLC,,Partner,Enabled,,Cyber Protection,Per workload,Servers protected,,,Unlimited,5,0,0,0,5,0,N/A,N/A,,,,SPEAMSENS
2026-05-01,US_Master,ECTECH LLC,,Partner,Enabled,,Cyber Protection,Per workload,Servers protected (included features),,,Unlimited,1,0,0,0,1,0,N/A,N/A,,,,SPDCMSENS
2026-05-01,US_Master,ECTECH LLC,,Partner,Enabled,,Cyber Protection,Per workload,VMs protected,,,Unlimited,6,0,0,0,6,0,N/A,N/A,,,,SPFAMSENS
2026-05-01,US_Master,ECTECH LLC,,Partner,Enabled,,Sync & Share,File Sync & Share (per user),Users,,,Unlimited,1,0,0,0,1,0,N/A,N/A,,,,SPIAMSENS
2026-05-01,US_Master,ECTECH LLC,,Partner,Enabled,,Cyber Protection,Per workload,RMM,,,Unlimited,7,0,0,0,7,0,N/A,N/A,,,,SRHAMSENS
2026-05-01,US_Master,ECTECH LLC,,Partner,Enabled,,Cyber Protection,Per workload,Endpoints protected with EDR,,,Unlimited,4,0,0,0,4,0,N/A,N/A,,,,SRIAMSENS
2026-05-01,US_Master,ECTECH LLC,,Partner,Enabled,,Cyber Protection,Per workload,Cloud Storage (abgw-phx1-arp2.acronis.com) used - Class 2,Acronis Cloud,GB,Unlimited,4166.12,8.84,0.00,0.00,4166.12,8.84,N/A,N/A,,acronis,,SPDAMSENS
2026-05-01,US_Master,ECTECH LLC,,Partner,Enabled,,Cyber Protection,Per workload,Data Loss Prevention workloads protected,,,Unlimited,2,0,0,0,2,0,N/A,N/A,,,,SRI5MSENS
2026-05-01,US_Master,SoftLink Computer Solutions,,Partner,Enabled,,Cyber Protection,Per workload,Workstations protected,,,Unlimited,305,-3,0,0,305,-3,N/A,N/A,,,,SPGAMSENS
2026-05-01,US_Master,SoftLink Computer Solutions,,Partner,Enabled,,Cyber Protection,Per workload,Servers protected,,,Unlimited,7,-10,0,0,7,-10,N/A,N/A,,,,SPEAMSENS
2026-05-01,US_Master,SoftLink Computer Solutions,,Partner,Enabled,,Cyber Protection,Per workload,VMs protected,,,Unlimited,0,-6,0,0,0,-6,N/A,N/A,,,,SPFAMSENS
2026-05-01,US_Master,SoftLink Computer Solutions,,Partner,Enabled,,Sync & Share,File Sync & Share (per user),Users,,,Unlimited,15,0,0,0,15,0,N/A,N/A,,,,SPIAMSENS
2026-05-01,US_Master,SoftLink Computer Solutions,,Partner,Enabled,,Cyber Protection,Per workload,Cloud Storage (abgw-phx1-arp2.acronis.com) used - Class 2,Acronis Cloud,GB,Unlimited,103390.44,3505.58,0.00,0.00,103390.44,3505.58,N/A,N/A,,acronis,,SPDAMSENS
2026-05-01,US_Master,SoftLink Computer Solutions,,Partner,Enabled,,Cyber Protection,Per workload,Microsoft 365 Seats protected (Acronis Storage G1),Acronis Cloud,,Unlimited,325,-23,0,0,325,-23,N/A,N/A,,acronis,,SRJAMSENS
2026-05-01,US_Master,SoftLink Computer Solutions,,Partner,Enabled,,Cyber Protection,Per workload,Microsoft 365 Shared seats protected,,,Unlimited,13,0,0,0,13,0,N/A,N/A,,,,SPDCMSENS
2026-05-01,US_Master,SoftLink Computer Solutions,,Partner,Enabled,,Cyber Protection,Per workload,Network-attached storages (NAS) protected,,,Unlimited,3,0,0,0,3,0,N/A,N/A,,,,SPD5MSENS
2026-05-01,US_Master,Arthur Allen Technology,,Partner,Enabled,,Cyber Protection,Per workload,Servers protected,,,Unlimited,2,0,0,0,2,0,N/A,N/A,,,,SPEAMSENS
2026-05-01,US_Master,Arthur Allen Technology,,Partner,Enabled,,Sync & Share,File Sync & Share (per user),Users,,,Unlimited,1,0,0,0,1,0,N/A,N/A,,,,SPIAMSENS
2026-05-01,US_Master,Arthur Allen Technology,,Partner,Enabled,,Cyber Protection,Per workload,Cloud Storage (abgw-phx1-arp2.acronis.com) used - Class 2,Acronis Cloud,GB,Unlimited,525.49,-2.28,0.00,0.00,525.49,-2.28,N/A,N/A,,acronis,,SPDAMSENS
2026-05-01,US_Master,Temple & Associates,osa_account_id=1147455;osa_subscription_id=1264354,Partner,Enabled,,Cyber Protection,Per workload,Workstations protected,,,Unlimited,4,0,0,0,4,0,N/A,N/A,,,"""3""",SPGAMSENS
2026-05-01,US_Master,Temple & Associates,osa_account_id=1147455;osa_subscription_id=1264354,Partner,Enabled,,Cyber Protection,Per workload,Servers protected,,,Unlimited,7,3,0,0,7,3,N/A,N/A,,,"""3""",SPEAMSENS
2026-05-01,US_Master,Temple & Associates,osa_account_id=1147455;osa_subscription_id=1264354,Partner,Enabled,,Cyber Protection,Per workload,VMs protected,,,Unlimited,112,-16,0,0,112,-16,N/A,N/A,,,"""3""",SPFAMSENS
2026-05-01,US_Master,Temple & Associates,osa_account_id=1147455;osa_subscription_id=1264354,Partner,Enabled,,Cyber Protection,Per workload,Cloud Storage (abgw-phx1-arp2-r01.acronis.com) used - Class 2,Acronis Cloud,GB,Unlimited,107.45,-0.29,0.00,0.00,107.45,-0.29,N/A,N/A,,acronis,"""3""",SPDAMSENS
2026-05-01,US_Master,Temple & Associates,osa_account_id=1147455;osa_subscription_id=1264354,Partner,Enabled,,Cyber Protection,Per workload,Cloud Storage (abgw-phx1-arp2.acronis.com) used - Class 2,Acronis Cloud,GB,Unlimited,92347.45,4597.62,0.00,0.00,92347.45,4597.62,N/A,N/A,,acronis,"""3""",SPDAMSENS
2026-05-01,US_Master,Temple & Associates,osa_account_id=1147455;osa_subscription_id=1264354,Partner,Enabled,,Cyber Protection,Per workload,Disaster Recovery storage used,Acronis Cloud,GB,Unlimited,23485.83,-153377.16,0.00,0.00,23485.83,-153377.16,N/A,N/A,,acronis,"""3""",SVEAMSENS
2026-05-01,US_Master,Temple & Associates,osa_account_id=1147455;osa_subscription_id=1264354,Partner,Enabled,,Cyber Protection,Per workload,Disaster Recovery compute points,Acronis Cloud,,Unlimited,32392.57,32392.57,0.00,0.00,32392.57,32392.57,N/A,N/A,,acronis,"""3""",SQYAMSENS
2026-05-01,US_Master,Temple & Associates,osa_account_id=1147455;osa_subscription_id=1264354,Partner,Enabled,,Cyber Protection,Per workload,Microsoft 365 Seats protected (Acronis Storage G1),Acronis Cloud,,Unlimited,17,0,0,0,17,0,N/A,N/A,,acronis,"""3""",SRJAMSENS
2026-05-01,US_Master,Temple & Associates,osa_account_id=1147455;osa_subscription_id=1264354,Partner,Enabled,,Cyber Protection,Per workload,Microsoft 365 Seats protected (Acronis Storage G1),Acronis Cloud,,Unlimited,617,-25,0,0,617,-25,N/A,N/A,,acronis,"""3""",SRJAMSENS
2026-05-01,US_Master,Temple & Associates,osa_account_id=1147455;osa_subscription_id=1264354,Partner,Enabled,,Cyber Protection,Per workload,Microsoft 365 Shared seats protected,,,Unlimited,329,4,0,0,329,4,N/A,N/A,,,"""3""",SPDCMSENS
2026-05-01,US_Master,Temple & Associates,osa_account_id=1147455;osa_subscription_id=1264354,Partner,Enabled,,Cyber Protection,Per workload,Google Workspace seats protected (Acronis Storage G1),Acronis Cloud,,Unlimited,32,0,0,0,32,0,N/A,N/A,,acronis,"""3""",SQ8AMSENS
2026-05-01,US_Master,Temple & Associates,osa_account_id=1147455;osa_subscription_id=1264354,Partner,Enabled,,Cyber Protection,Per workload,Security Awareness Training seats enrolled,,,Unlimited,154,2,0,0,154,2,N/A,N/A,,,"""3""",SBATFNLOS
2026-05-01,US_Master,trueITpros,,Partner,Enabled,,Sync & Share,File Sync & Share (per user),Users,,,Unlimited,1,0,0,0,1,0,N/A,N/A,,,,SPIAMSENS
2026-05-01,US_Master,"Southeastern Security Professionals, LLC",,Partner,Enabled,,Cyber Protection,Per workload,VMs protected,,,Unlimited,1,0,0,0,1,0,N/A,N/A,,,,SPFAMSENS
2026-05-01,US_Master,"Southeastern Security Professionals, LLC",,Partner,Enabled,,Cyber Protection,Per gigabyte,Cloud Storage (abgw-phx1-arp2.acronis.com) used - Class 2,Acronis Cloud,GB,Unlimited,1419.16,-42.12,0.00,0.00,1419.16,-42.12,N/A,N/A,,acronis,,SPBAMSENS
2026-05-01,US_Master,"Southeastern Security Professionals, LLC",,Partner,Enabled,,Cyber Protection,Per workload,Cloud Storage (abgw-phx1-arp2.acronis.com) used - Class 2,Acronis Cloud,GB,Unlimited,83.15,6.57,0.00,0.00,83.15,6.57,N/A,N/A,,acronis,,SPDAMSENS
2026-05-01,US_Master,Philantech3,,Partner,Disabled,,Sync & Share,File Sync & Share (per user),Users,,,Unlimited,1,0,0,0,1,0,N/A,N/A,,,,SPIAMSENS
2026-05-01,US_Master,"Dexcore, LLC",,Partner,Enabled,,Cyber Protection,Per workload,Servers protected,,,Unlimited,1,0,0,0,1,0,N/A,N/A,,,,SPEAMSENS
2026-05-01,US_Master,"Dexcore, LLC",,Partner,Enabled,,Cyber Protection,Per workload,VMs protected,,,Unlimited,1,0,0,0,1,0,N/A,N/A,,,,SPFAMSENS
2026-05-01,US_Master,"Dexcore, LLC",,Partner,Enabled,,Sync & Share,File Sync & Share (per user),Users,,,Unlimited,2,0,0,0,2,0,N/A,N/A,,,,SPIAMSENS
2026-05-01,US_Master,"Dexcore, LLC",,Partner,Enabled,,Cyber Protection,Per workload,Cloud Storage (abgw-phx1-arp2.acronis.com) used - Class 2,Acronis Cloud,GB,Unlimited,579.87,0.97,0.00,0.00,579.87,0.97,N/A,N/A,,acronis,,SPDAMSENS
2026-05-01,US_Master,Izzio Artisan Bakery,,Partner,Enabled,,Cyber Protection,Per workload,VMs protected,,,Unlimited,15,0,0,0,15,0,N/A,N/A,,,,SPFAMSENS
2026-05-01,US_Master,Izzio Artisan Bakery,,Partner,Enabled,,Sync & Share,File Sync & Share (per user),Users,,,Unlimited,3,0,0,0,3,0,N/A,N/A,,,,SPIAMSENS
2026-05-01,US_Master,Izzio Artisan Bakery,,Partner,Enabled,,Cyber Protection,Per workload,Cloud Storage (abgw-phx1-arp2.acronis.com) used - Class 2,Acronis Cloud,GB,Unlimited,7077.19,25.58,0.00,0.00,7077.19,25.58,N/A,N/A,,acronis,,SPDAMSENS
2026-05-01,US_Master,Filconet,,Partner,Enabled,,Cyber Protection,Per workload,Workstations protected,,,Unlimited,2,0,0,0,2,0,N/A,N/A,,,,SPGAMSENS
2026-05-01,US_Master,Filconet,,Partner,Enabled,,Cyber Protection,Per workload,Servers protected,,,Unlimited,1,0,0,0,1,0,N/A,N/A,,,,SPEAMSENS
2026-05-01,US_Master,Filconet,,Partner,Enabled,,Cyber Protection,Per workload,VMs protected,,,Unlimited,7,0,0,0,7,0,N/A,N/A,,,,SPFAMSENS
2026-05-01,US_Master,Filconet,,Partner,Enabled,,Sync & Share,File Sync & Share (per user),Users,,,Unlimited,3,0,0,0,3,0,N/A,N/A,,,,SPIAMSENS
2026-05-01,US_Master,Filconet,,Partner,Enabled,,Cyber Protection,Per workload,Cloud Storage (abgw-phx1-arp2-r01.acronis.com) used - Class 2,Acronis Cloud,GB,Unlimited,2372.36,361.89,0.00,0.00,2372.36,361.89,N/A,N/A,,acronis,,SPDAMSENS
2026-05-01,US_Master,Filconet,,Partner,Enabled,,Cyber Protection,Per workload,Cloud Storage (abgw-phx1-arp2.acronis.com) used - Class 2,Acronis Cloud,GB,Unlimited,4552.42,230.59,0.00,0.00,4552.42,230.59,N/A,N/A,,acronis,,SPDAMSENS
2026-05-01,US_Master,PCPLUS NETWORKS1,ACT-00121227,Partner,Enabled,,Cyber Protection,Per workload,Workstations protected,,,Unlimited,5,0,0,0,5,0,N/A,N/A,,,,SPGAMSENS
2026-05-01,US_Master,Scout Energy Partners,,Partner,Enabled,,Cyber Protection,Per workload,Servers protected,,,Unlimited,15,2,0,0,15,2,N/A,N/A,,,,SPEAMSENS
2026-05-01,US_Master,Scout Energy Partners,,Partner,Enabled,,Cyber Protection,Per workload,VMs protected,,,Unlimited,37,0,0,0,37,0,N/A,N/A,,,,SPFAMSENS
2026-05-01,US_Master,Scout Energy Partners,,Partner,Enabled,,Cyber Protection,Per workload,Cloud Storage (abgw-phx1-arp2.acronis.com) used - Class 2,Acronis Cloud,GB,Unlimited,65118.30,3065.27,0.00,0.00,65118.30,3065.27,N/A,N/A,,acronis,,SPDAMSENS
2026-05-01,US_Master,Scout Energy Partners,,Partner,Enabled,,Cyber Protection,Per workload,Disaster Recovery storage used,Acronis Cloud,GB,Unlimited,2010.66,48.48,0.00,0.00,2010.66,48.48,N/A,N/A,,acronis,,SVEAMSENS
2026-05-01,US_Master,"Autokiniton US Holdings, Inc.",,Partner,Enabled,,Cyber Protection,Per workload,Workstations protected,,,Unlimited,42,0,0,0,42,0,N/A,N/A,,,,SPGAMSENS
2026-05-01,US_Master,"Autokiniton US Holdings, Inc.",,Partner,Enabled,,Cyber Protection,Per workload,Servers protected,,,Unlimited,1,0,0,0,1,0,N/A,N/A,,,,SPEAMSENS
2026-05-01,US_Master,"Autokiniton US Holdings, Inc.",,Partner,Enabled,,Cyber Protection,Per workload,VMs protected,,,Unlimited,1,0,0,0,1,0,N/A,N/A,,,,SPFAMSENS
2026-05-01,US_Master,"Autokiniton US Holdings, Inc.",,Partner,Enabled,,Sync & Share,File Sync & Share (per user),Users,,,Unlimited,36,0,0,0,36,0,N/A,N/A,,,,SPIAMSENS
2026-05-01,US_Master,"Autokiniton US Holdings, Inc.",,Partner,Enabled,,Cyber Protection,Per workload,Cloud Storage (abgw-phx1-arp2.acronis.com) used - Class 2,Acronis Cloud,GB,Unlimited,32.15,0.00,0.00,0.00,32.15,0.00,N/A,N/A,,acronis,,SPDAMSENS
2026-05-01,US_Master,Gurusis Inc,,Partner,Disabled,,Sync & Share,File Sync & Share (per user),Users,,,Unlimited,1,0,0,0,1,0,N/A,N/A,,,,SPIAMSENS
2026-05-01,US_Master,Gurusis Inc,,Partner,Disabled,,Cyber Protection,Per workload,Cloud Storage (abgw-phx1-arp2.acronis.com) used - Class 2,Acronis Cloud,GB,Unlimited,6934.93,0.00,0.00,0.00,6934.93,0.00,N/A,N/A,,acronis,,SPDAMSENS
2026-05-01,US_Master,Otero Consulting Group,,Partner,Enabled,,Sync & Share,File Sync & Share (per user),Users,,,Unlimited,2,0,0,0,2,0,N/A,N/A,,,,SPIAMSENS
2026-05-01,US_Master,Otero Consulting Group,,Partner,Enabled,,Cyber Protection,Per workload,Cloud Storage (abgw-phx1-arp2.acronis.com) used - Class 2,Acronis Cloud,GB,Unlimited,546.56,-302.80,0.00,0.00,546.56,-302.80,N/A,N/A,,acronis,,SPDAMSENS
2026-05-01,US_Master,Otero Consulting Group,,Partner,Enabled,,Cyber Protection,Per workload,"Cloud Storage (abgw-phx1-arp2.acronis.com) used - Class 2, Geo Redundant",Acronis Cloud,GB,Unlimited,294.56,-0.00,0.00,0.00,294.56,-0.00,N/A,N/A,,acronis,,SP5AMSENS
2026-05-01,US_Master,"Anderson Computer, LLC",,Partner,Enabled,,Cyber Protection,Per workload,Workstations protected,,,Unlimited,27,0,0,0,27,0,N/A,N/A,,,,SPGAMSENS
2026-05-01,US_Master,"Anderson Computer, LLC",,Partner,Enabled,,Cyber Protection,Per workload,Servers protected,,,Unlimited,1,0,0,0,1,0,N/A,N/A,,,,SPEAMSENS
2026-05-01,US_Master,"Anderson Computer, LLC",,Partner,Enabled,,Cyber Protection,Per workload,VMs protected,,,Unlimited,4,0,0,0,4,0,N/A,N/A,,,,SPFAMSENS
2026-05-01,US_Master,"Anderson Computer, LLC",,Partner,Enabled,,Sync & Share,File Sync & Share (per user),Users,,,Unlimited,19,0,0,0,19,0,N/A,N/A,,,,SPIAMSENS
2026-05-01,US_Master,"Anderson Computer, LLC",,Partner,Enabled,,Cyber Protection,Per workload,RMM,,,Unlimited,1,0,0,0,1,0,N/A,N/A,,,,SRHAMSENS
2026-05-01,US_Master,"Anderson Computer, LLC",,Partner,Enabled,,Cyber Protection,Per workload,Endpoints protected with EDR,,,Unlimited,1,0,0,0,1,0,N/A,N/A,,,,SRIAMSENS
2026-05-01,US_Master,"Anderson Computer, LLC",,Partner,Enabled,,Cyber Protection,Per workload,Cloud Storage (abgw-phx1-arp2-r01.acronis.com) used - Class 2,Acronis Cloud,GB,Unlimited,10.22,-0.22,0.00,0.00,10.22,-0.22,N/A,N/A,,acronis,,SPDAMSENS
2026-05-01,US_Master,"Anderson Computer, LLC",,Partner,Enabled,,Cyber Protection,Per workload,Cloud Storage (abgw-phx1-arp2.acronis.com) used - Class 2,Acronis Cloud,GB,Unlimited,923.80,-0.02,0.00,0.00,923.80,-0.02,N/A,N/A,,acronis,,SPDAMSENS
2026-05-01,US_Master,"Anderson Computer, LLC",,Partner,Enabled,,Advanced Automation,,PSA seats,,,Unlimited,1,0,0,0,1,0,N/A,N/A,,,,SQACMSENS
2026-05-01,US_Master,Crodin,,Partner,Enabled,,Cyber Protection,Per workload,Workstations protected,,,Unlimited,1,0,0,0,1,0,N/A,N/A,,,,SPGAMSENS
2026-05-01,US_Master,Crodin,,Partner,Enabled,,Cyber Protection,Per workload,Servers protected,,,Unlimited,1,0,0,0,1,0,N/A,N/A,,,,SPEAMSENS
2026-05-01,US_Master,Crodin,,Partner,Enabled,,Sync & Share,File Sync & Share (per user),Users,,,Unlimited,1,0,0,0,1,0,N/A,N/A,,,,SPIAMSENS
2026-05-01,US_Master,Crodin,,Partner,Enabled,,Cyber Protection,Per workload,Cloud Storage (abgw-phx1-arp2.acronis.com) used - Class 2,Acronis Cloud,GB,Unlimited,1011.78,10.17,0.00,0.00,1011.78,10.17,N/A,N/A,,acronis,,SPDAMSENS
2026-05-01,US_Master,EZ Solutions,,Partner,Disabled,,Sync & Share,File Sync & Share (per user),Users,,,Unlimited,0,-85,0,0,0,-85,N/A,N/A,,,,SPIAMSENS
2026-05-01,US_Master,EZ Solutions,,Partner,Disabled,,Cyber Protection,Per workload,Cloud Storage (abgw-phx1-arp2.acronis.com) used - Class 2,Acronis Cloud,GB,Unlimited,0.00,-8001.08,0.00,0.00,0.00,-8001.08,N/A,N/A,,acronis,,SPDAMSENS
2026-05-01,US_Master,EZ Solutions,,Partner,Disabled,,Cyber Protection,Per workload,Microsoft 365 Seats protected (Acronis Storage G1),Acronis Cloud,,Unlimited,0,-4,0,0,0,-4,N/A,N/A,,acronis,,SRJAMSENS
2026-05-01,US_Master,EZ Solutions,,Partner,Disabled,,Cyber Protection,Per workload,Microsoft 365 Shared seats protected,,,Unlimited,0,-4,0,0,0,-4,N/A,N/A,,,,SPDCMSENS
2026-05-01,US_Master,"Cook Consulting & Services, LLC",,Partner,Enabled,,Sync & Share,File Sync & Share (per user),Users,,,Unlimited,1,0,0,0,1,0,N/A,N/A,,,,SPIAMSENS
2026-05-01,US_Master,"Cook Consulting & Services, LLC",,Partner,Enabled,,Cyber Protection,Per gigabyte,Cloud Storage (abgw-phx1-arp2.acronis.com) used - Class 2,Acronis Cloud,GB,Unlimited,0.52,-0.00,0.00,0.00,0.52,-0.00,N/A,N/A,,acronis,,SPBAMSENS
2026-05-01,US_Master,"Cook Consulting & Services, LLC",,Partner,Enabled,,Cyber Protection,Per gigabyte,"Cloud Storage (abgw-phx1-arp2.acronis.com) used - Class 2, Geo Redundant",Acronis Cloud,GB,Unlimited,0.52,-0.00,0.00,0.00,0.52,-0.00,N/A,N/A,,acronis,,SP5AMSENS
2026-05-01,US_Master,Decision Logic,,Partner,Enabled,,Cyber Protection,Per workload,Workstations protected,,,Unlimited,3,0,0,0,3,0,N/A,N/A,,,,SPGAMSENS
2026-05-01,US_Master,Decision Logic,,Partner,Enabled,,Cyber Protection,Per workload,Servers protected,,,Unlimited,1,0,0,0,1,0,N/A,N/A,,,,SPEAMSENS
2026-05-01,US_Master,Decision Logic,,Partner,Enabled,,Sync & Share,File Sync & Share (per user),Users,,,Unlimited,4,0,0,0,4,0,N/A,N/A,,,,SPIAMSENS
2026-05-01,US_Master,Decision Logic,,Partner,Enabled,,Cyber Protection,Per workload,Cloud Storage (abgw-phx1-arp2.acronis.com) used - Class 2,Acronis Cloud,GB,Unlimited,1210.34,143.02,0.00,0.00,1210.34,143.02,N/A,N/A,,acronis,,SPDAMSENS
2026-05-01,US_Master,Decision Logic,,Partner,Enabled,,Cyber Protection,Per workload,"Cloud Storage (abgw-phx1-arp2.acronis.com) used - Class 2, Geo Redundant",Acronis Cloud,GB,Unlimited,1210.34,143.02,0.00,0.00,1210.34,143.02,N/A,N/A,,acronis,,SP5AMSENS
2026-05-01,US_Master,Prostyle Consulting,,Partner,Enabled,,Cyber Protection,Per workload,Workstations protected,,,Unlimited,4,0,0,0,4,0,N/A,N/A,,,,SPGAMSENS
2026-05-01,US_Master,Prostyle Consulting,,Partner,Enabled,,Cyber Protection,Per workload,Servers protected,,,Unlimited,1,0,0,0,1,0,N/A,N/A,,,,SPEAMSENS
2026-05-01,US_Master,Prostyle Consulting,,Partner,Enabled,,Cyber Protection,Per workload,VMs protected,,,Unlimited,3,0,0,0,3,0,N/A,N/A,,,,SPFAMSENS
2026-05-01,US_Master,Prostyle Consulting,,Partner,Enabled,,Sync & Share,File Sync & Share (per user),Users,,,Unlimited,4,0,0,0,4,0,N/A,N/A,,,,SPIAMSENS
2026-05-01,US_Master,Prostyle Consulting,,Partner,Enabled,,Cyber Protection,Per workload,Cloud Storage (abgw-phx1-arp2.acronis.com) used - Class 2,Acronis Cloud,GB,Unlimited,750.84,3.50,0.00,0.00,750.84,3.50,N/A,N/A,,acronis,,SPDAMSENS
2026-05-01,US_Master,Prostyle Consulting,,Partner,Enabled,,Cyber Protection,Per workload,"Cloud Storage (abgw-phx1-arp2.acronis.com) used - Class 2, Geo Redundant",Acronis Cloud,GB,Unlimited,750.84,3.50,0.00,0.00,750.84,3.50,N/A,N/A,,acronis,,SP5AMSENS
2026-05-01,US_Master,Bigfoot Technology Group,,Partner,Enabled,,Cyber Protection,Per workload,Servers protected,,,Unlimited,1,0,0,0,1,0,N/A,N/A,,,,SPEAMSENS
2026-05-01,US_Master,Bigfoot Technology Group,,Partner,Enabled,,Sync & Share,File Sync & Share (per user),Users,,,Unlimited,4,0,0,0,4,0,N/A,N/A,,,,SPIAMSENS
2026-05-01,US_Master,Bigfoot Technology Group,,Partner,Enabled,,Cyber Protection,Per workload,Cloud Storage (abgw-phx1-arp2.acronis.com) used - Class 2,Acronis Cloud,GB,Unlimited,703.86,0.64,0.00,0.00,703.86,0.64,N/A,N/A,,acronis,,SPDAMSENS
2026-05-01,US_Master,Bigfoot Technology Group,,Partner,Enabled,,Cyber Protection,Per workload,Network-attached storages (NAS) protected,,,Unlimited,1,0,0,0,1,0,N/A,N/A,,,,SPD5MSENS
2026-05-01,US_Master,Bigfoot Technology Group,,Partner,Enabled,,Cyber Protection,Per workload,"Cloud Storage (abgw-phx1-arp2.acronis.com) used - Class 2, Geo Redundant",Acronis Cloud,GB,Unlimited,609.81,0.55,0.00,0.00,609.81,0.55,N/A,N/A,,acronis,,SP5AMSENS
2026-05-01,US_Master,Clementech,,Partner,Enabled,,Cyber Protection,Per workload,Workstations protected,,,Unlimited,1,0,0,0,1,0,N/A,N/A,,,,SPGAMSENS
2026-05-01,US_Master,Clementech,,Partner,Enabled,,Cyber Protection,Per workload,Servers protected,,,Unlimited,1,0,0,0,1,0,N/A,N/A,,,,SPEAMSENS
2026-05-01,US_Master,Clementech,,Partner,Enabled,,Cyber Protection,Per workload,VMs protected,,,Unlimited,1,0,0,0,1,0,N/A,N/A,,,,SPFAMSENS
2026-05-01,US_Master,Clementech,,Partner,Enabled,,Sync & Share,File Sync & Share (per user),Users,,,Unlimited,3,0,0,0,3,0,N/A,N/A,,,,SPIAMSENS
2026-05-01,US_Master,Clementech,,Partner,Enabled,,Cyber Protection,Per gigabyte,Cloud Storage (abgw-phx1-arp2.acronis.com) used - Class 2,Acronis Cloud,GB,Unlimited,528.34,-0.65,0.00,0.00,528.34,-0.65,N/A,N/A,,acronis,,SPBAMSENS
2026-05-01,US_Master,Clementech,,Partner,Enabled,,Cyber Protection,Per workload,Cloud Storage (abgw-phx1-arp2.acronis.com) used - Class 2,Acronis Cloud,GB,Unlimited,506.21,7.75,0.00,0.00,506.21,7.75,N/A,N/A,,acronis,,SPDAMSENS
2026-05-01,US_Master,Clementech,,Partner,Enabled,,Cyber Protection,Per gigabyte,"Cloud Storage (abgw-phx1-arp2.acronis.com) used - Class 2, Geo Redundant",Acronis Cloud,GB,Unlimited,528.34,-0.65,0.00,0.00,528.34,-0.65,N/A,N/A,,acronis,,SP5AMSENS
2026-05-01,US_Master,Computer Ally,,Partner,Disabled,,Sync & Share,File Sync & Share (per user),Users,,,Unlimited,2,0,0,0,2,0,N/A,N/A,,,,SPIAMSENS
2026-05-01,US_Master,Computer Ally,,Partner,Disabled,,Cyber Protection,Per workload,Cloud Storage (abgw-phx1-arp2.acronis.com) used - Class 2,Acronis Cloud,GB,Unlimited,307.64,0.00,0.00,0.00,307.64,0.00,N/A,N/A,,acronis,,SPDAMSENS
2026-05-01,US_Master,Williams Technology Pty Ltd,,Partner,Enabled,,Cyber Protection,Per workload,Workstations protected,,,Unlimited,2,0,0,0,2,0,N/A,N/A,,,,SPGAMSENS
2026-05-01,US_Master,Williams Technology Pty Ltd,,Partner,Enabled,,Sync & Share,File Sync & Share (per user),Users,,,Unlimited,1,0,0,0,1,0,N/A,N/A,,,,SPIAMSENS
2026-05-01,US_Master,Williams Technology Pty Ltd,,Partner,Enabled,,Cyber Protection,Per workload,Cloud Storage (abgw-phx1-arp2.acronis.com) used - Class 2,Acronis Cloud,GB,Unlimited,597.40,42.98,0.00,0.00,597.40,42.98,N/A,N/A,,acronis,,SPDAMSENS
2026-05-01,US_Master,Reliant Group,,Partner,Enabled,,Cyber Protection,Per workload,Workstations protected,,,Unlimited,1,0,0,0,1,0,N/A,N/A,,,,SPGAMSENS
2026-05-01,US_Master,Reliant Group,,Partner,Enabled,,Cyber Protection,Per workload,Cloud Storage (abgw-phx1-arp2.acronis.com) used - Class 2,Acronis Cloud,GB,Unlimited,159.86,0.00,0.00,0.00,159.86,0.00,N/A,N/A,,acronis,,SPDAMSENS
2026-05-01,US_Master,HCITSP,,Partner,Enabled,,Cyber Protection,Per workload,Workstations protected,,,Unlimited,1,0,0,0,1,0,N/A,N/A,,,,SPGAMSENS
2026-05-01,US_Master,HCITSP,,Partner,Enabled,,Cyber Protection,Per workload,VMs protected,,,Unlimited,1,0,0,0,1,0,N/A,N/A,,,,SPFAMSENS
2026-05-01,US_Master,HCITSP,,Partner,Enabled,,Sync & Share,File Sync & Share (per user),Users,,,Unlimited,6,0,0,0,6,0,N/A,N/A,,,,SPIAMSENS
2026-05-01,US_Master,Today's Business Computers Inc,,Partner,Enabled,,Cyber Protection,Per workload,Workstations protected,,,Unlimited,12,0,0,0,12,0,N/A,N/A,,,,SPGAMSENS
2026-05-01,US_Master,Today's Business Computers Inc,,Partner,Enabled,,Cyber Protection,Per workload,Servers protected,,,Unlimited,7,0,0,0,7,0,N/A,N/A,,,,SPEAMSENS
2026-05-01,US_Master,Today's Business Computers Inc,,Partner,Enabled,,Cyber Protection,Per workload,VMs protected,,,Unlimited,4,0,0,0,4,0,N/A,N/A,,,,SPFAMSENS
2026-05-01,US_Master,Today's Business Computers Inc,,Partner,Enabled,,Sync & Share,File Sync & Share (per user),Users,,,Unlimited,1,0,0,0,1,0,N/A,N/A,,,,SPIAMSENS
2026-05-01,US_Master,Today's Business Computers Inc,,Partner,Enabled,,Cyber Protection,Per workload,Endpoints protected with EDR,,,Unlimited,1,0,0,0,1,0,N/A,N/A,,,,SRIAMSENS
2026-05-01,US_Master,Today's Business Computers Inc,,Partner,Enabled,,Cyber Protection,Per workload,Cloud Storage (abgw-phx1-arp2-r01.acronis.com) used - Class 2,Acronis Cloud,GB,Unlimited,3212.10,76.78,0.00,0.00,3212.10,76.78,N/A,N/A,,acronis,,SPDAMSENS
2026-05-01,US_Master,Today's Business Computers Inc,,Partner,Enabled,,Cyber Protection,Per workload,Cloud Storage (abgw-phx1-arp2.acronis.com) used - Class 2,Acronis Cloud,GB,Unlimited,1933.53,15.88,0.00,0.00,1933.53,15.88,N/A,N/A,,acronis,,SPDAMSENS
2026-05-01,US_Master,Specific Gravity Group,,Partner,Enabled,,Sync & Share,File Sync & Share (per user),Users,,,Unlimited,2,1,0,0,2,1,N/A,N/A,,,,SPIAMSENS
2026-05-01,US_Master,Merit Technology Consultants,,Partner,Enabled,,Cyber Protection,Per workload,Servers protected,,,Unlimited,1,0,0,0,1,0,N/A,N/A,,,,SPEAMSENS
2026-05-01,US_Master,Merit Technology Consultants,,Partner,Enabled,,Cyber Protection,Per workload,VMs protected,,,Unlimited,2,0,0,0,2,0,N/A,N/A,,,,SPFAMSENS
2026-05-01,US_Master,Merit Technology Consultants,,Partner,Enabled,,Sync & Share,File Sync & Share (per user),Users,,,Unlimited,1,0,0,0,1,0,N/A,N/A,,,,SPIAMSENS
2026-05-01,US_Master,Merit Technology Consultants,,Partner,Enabled,,Cyber Protection,Per workload,RMM,,,Unlimited,1,0,0,0,1,0,N/A,N/A,,,,SRHAMSENS
2026-05-01,US_Master,Merit Technology Consultants,,Partner,Enabled,,Cyber Protection,Per workload,Endpoints protected with EDR,,,Unlimited,1,0,0,0,1,0,N/A,N/A,,,,SRIAMSENS
2026-05-01,US_Master,Merit Technology Consultants,,Partner,Enabled,,Cyber Protection,Per workload,Cloud Storage (abgw-phx1-arp2.acronis.com) used - Class 2,Acronis Cloud,GB,Unlimited,1771.95,133.25,0.00,0.00,1771.95,133.25,N/A,N/A,,acronis,,SPDAMSENS
2026-05-01,US_Master,Merit Technology Consultants,,Partner,Enabled,,Cyber Protection,Per workload,"Cloud Storage (abgw-phx1-arp2.acronis.com) used - Class 2, Geo Redundant",Acronis Cloud,GB,Unlimited,1771.95,133.25,0.00,0.00,1771.95,133.25,N/A,N/A,,acronis,,SP5AMSENS
2026-05-01,US_Master,Nuvex Solutions,,Partner,Enabled,,Cyber Protection,Per workload,Workstations protected,,,Unlimited,49,0,0,0,49,0,N/A,N/A,,,,SPGAMSENS
2026-05-01,US_Master,Nuvex Solutions,,Partner,Enabled,,Cyber Protection,Per workload,Servers protected,,,Unlimited,30,-4,0,0,30,-4,N/A,N/A,,,,SPEAMSENS
2026-05-01,US_Master,Nuvex Solutions,,Partner,Enabled,,Cyber Protection,Per workload,VMs protected,,,Unlimited,4,0,0,0,4,0,N/A,N/A,,,,SPFAMSENS
2026-05-01,US_Master,Nuvex Solutions,,Partner,Enabled,,Sync & Share,File Sync & Share (per user),Users,,,Unlimited,6,0,0,0,6,0,N/A,N/A,,,,SPIAMSENS
2026-05-01,US_Master,Nuvex Solutions,,Partner,Enabled,,Cyber Protection,Per workload,Endpoints protected with EDR,,,Unlimited,1,0,0,0,1,0,N/A,N/A,,,,SRIAMSENS
2026-05-01,US_Master,Nuvex Solutions,,Partner,Enabled,,Cyber Protection,Per workload,"Cloud Storage (Toronto, Canada - abgw-yyz2-acs01-nn1-us2.acronis.com) used - Class 2",Google Cloud,GB,Unlimited,25901.91,-7739.44,0.00,0.00,25901.91,-7739.44,N/A,N/A,,acronis,,SPDAMSENS
2026-05-01,US_Master,Nuvex Solutions,,Partner,Enabled,,Cyber Protection,Per workload,Cloud Storage (abgw-phx1-arp2.acronis.com) used - Class 2,Acronis Cloud,GB,Unlimited,2239.63,-29.64,0.00,0.00,2239.63,-29.64,N/A,N/A,,acronis,,SPDAMSENS
2026-05-01,CAN_DEV,MYComputing Inc.,,Partner,Enabled,,Cyber Protection,Per workload,Workstations protected,,,Unlimited,3,0,0,0,3,0,N/A,N/A,,,,SPGAMSENS
2026-05-01,CAN_DEV,MYComputing Inc.,,Partner,Enabled,,Sync & Share,File Sync & Share (per user),Users,,,Unlimited,1,0,0,0,1,0,N/A,N/A,,,,SPIAMSENS
2026-05-01,CAN_DEV,MYComputing Inc.,,Partner,Enabled,,Cyber Protection,Per gigabyte,Cloud Storage (abgw-yvr1-aci01.acronis.com:44445) used - Class 2,Acronis Cloud,GB,Unlimited,273.68,0.24,0.00,0.00,273.68,0.24,N/A,N/A,,acronis,,SPBAMSENS
2026-05-01,CAN_DEV,MYComputing Inc.,,Partner,Enabled,,Cyber Protection,Per workload,Cloud Storage (abgw-yvr1-aci01.acronis.com:44445) used - Class 2,Acronis Cloud,GB,Unlimited,4469.79,4.84,0.00,0.00,4469.79,4.84,N/A,N/A,,acronis,,SPDAMSENS
2026-05-01,CAN_DEV,MYComputing Inc.,,Partner,Enabled,,Cyber Protection,Per workload,Microsoft 365 Seats protected (Acronis Storage G1),Acronis Cloud,,Unlimited,3,0,0,0,3,0,N/A,N/A,,acronis,,SRJAMSENS
2026-05-01,CAN_DEV,MYComputing Inc.,,Partner,Enabled,,Cyber Protection,Per gigabyte,Microsoft 365 Shared seats protected,,,Unlimited,8,0,0,0,8,0,N/A,N/A,,,,SPDCMSENS
2026-05-01,CAN_DEV,MYComputing Inc.,,Partner,Enabled,,Cyber Protection,Per workload,Microsoft 365 Shared seats protected,,,Unlimited,2,0,0,0,2,0,N/A,N/A,,,,SPDCMSENS
2026-05-01,CAN_DEV,CaffComm Systems Inc.,"osa_account_id=1095631;osa_subscription_id=1241156,1195474",Partner,Enabled,,Cyber Protection,Per workload,Workstations protected,,,Unlimited,15,-1,0,0,15,-1,N/A,N/A,,,1,SPGAMSENS
2026-05-01,CAN_DEV,CaffComm Systems Inc.,"osa_account_id=1095631;osa_subscription_id=1241156,1195474",Partner,Enabled,,Cyber Protection,Per workload,Servers protected,,,Unlimited,25,0,0,0,25,0,N/A,N/A,,,1,SPEAMSENS
2026-05-01,CAN_DEV,CaffComm Systems Inc.,"osa_account_id=1095631;osa_subscription_id=1241156,1195474",Partner,Enabled,,Cyber Protection,Per workload,VMs protected,,,Unlimited,91,1,0,0,91,1,N/A,N/A,,,1,SPFAMSENS
2026-05-01,CAN_DEV,CaffComm Systems Inc.,"osa_account_id=1095631;osa_subscription_id=1241156,1195474",Partner,Enabled,,Sync & Share,File Sync & Share (per user),Users,,,Unlimited,7,0,0,0,7,0,N/A,N/A,,,1,SPIAMSENS
2026-05-01,CAN_DEV,Northern Computer,,Partner,Enabled,,Cyber Protection,Per gigabyte,Cloud Storage (abgw-yvr1-aci01.acronis.com:44445) used - Class 2,Acronis Cloud,GB,Unlimited,13221.72,-879.08,0.00,0.00,13221.72,-879.08,N/A,N/A,,acronis,,SPBAMSENS
2026-05-01,CAN_DEV,Uniag Cooperative,,Partner,Enabled,,Cyber Protection,Per workload,VMs protected,,,Unlimited,6,0,0,0,6,0,N/A,N/A,,,,SPFAMSENS
2026-05-01,CAN_DEV,Uniag Cooperative,,Partner,Enabled,,Cyber Protection,Per workload,Cloud Storage (abgw-yvr1-aci01.acronis.com:44445) used - Class 2,Acronis Cloud,GB,Unlimited,4385.84,78.46,0.00,0.00,4385.84,78.46,N/A,N/A,,acronis,,SPDAMSENS
2026-05-01,CAN_DEV,Uniag Cooperative,,Partner,Enabled,,Cyber Protection,Per workload,Microsoft 365 Seats protected (Acronis Storage G1),Acronis Cloud,,Unlimited,112,1,0,0,112,1,N/A,N/A,,acronis,,SRJAMSENS
2026-05-01,CAN_DEV,Uniag Cooperative,,Partner,Enabled,,Cyber Protection,Per workload,Microsoft 365 Shared seats protected,,,Unlimited,24,-1,0,0,24,-1,N/A,N/A,,,,SPDCMSENS
2026-05-01,CAN_DEV,Unique Appliances,,Partner,Enabled,,Cyber Protection,Per workload,Cloud Storage (abgw-yvr1-aci01.acronis.com:44445) used - Class 2,Acronis Cloud,GB,Unlimited,7.36,2.19,0.00,0.00,7.36,2.19,N/A,N/A,,acronis,,SPDAMSENS
2026-05-01,CAN_DEV,Unique Appliances,,Partner,Enabled,,Cyber Protection,Per workload,Microsoft 365 Seats protected (Acronis Storage G1),Acronis Cloud,,Unlimited,57,-1,0,0,57,-1,N/A,N/A,,acronis,,SRJAMSENS
2026-05-01,CAN_DEV,Unique Appliances,,Partner,Enabled,,Cyber Protection,Per workload,Microsoft 365 Shared seats protected,,,Unlimited,45,1,0,0,45,1,N/A,N/A,,,,SPDCMSENS
2026-05-01,EU1_GIG,Infinity Group / France,,Partner,Enabled,,Cyber Protection,Per workload,Microsoft 365 Shared seats protected,,,Unlimited,21,0,0,0,21,0,N/A,N/A,,,,SPDCMSENS
2026-05-01,EU1_GIG,Infinity Group / France,,Partner,Enabled,,Cyber Protection,Per workload,Microsoft 365 Seats protected (Local Storage),,,Unlimited,99,0,0,0,99,0,N/A,N/A,,,,SRAAMSENS
2026-05-01,EU1_GIG,Xcellerate,53083,Partner,Disabled,,Cyber Protection,Per gigabyte,"Cloud Storage (France, Niederlauterbach - abgw-sxb2-acs01.acronis.com) used - Class 2",Acronis Cloud,GB,Unlimited,25.95,0.00,0.00,0.00,25.95,0.00,N/A,N/A,,acronis,,SPBAMSENS
2026-05-01,EU8_Master,Flexxa di Andrea Monguzzi,,Partner,Enabled,,Cyber Protection,Per workload,Workstations protected,,,Unlimited,6,0,0,0,6,0,N/A,N/A,,,,SPGAMSENS
2026-05-01,EU8_Master,Flexxa di Andrea Monguzzi,,Partner,Enabled,,Cyber Protection,Per workload,Servers protected,,,Unlimited,1,0,0,0,1,0,N/A,N/A,,,,SPEAMSENS
2026-05-01,EU8_Master,Flexxa di Andrea Monguzzi,,Partner,Enabled,,Sync & Share,File Sync & Share (per user),Users,,,Unlimited,1,0,0,0,1,0,N/A,N/A,,,,SPIAMSENS
2026-05-01,EU8_Master,Flexxa di Andrea Monguzzi,,Partner,Enabled,,Cyber Protection,Per workload,Cloud Storage (abgw-fra2-arp1-r05.acronis.com) used - Class 2,Acronis Cloud,GB,Unlimited,46278.47,-301.42,0.00,0.00,46278.47,-301.42,N/A,N/A,,acronis,,SPDAMSENS
2026-05-01,EU8_Master,Flexxa di Andrea Monguzzi,,Partner,Enabled,,Cyber Protection,Per workload,Microsoft 365 Seats protected (Acronis Storage G1),Acronis Cloud,,Unlimited,12,0,0,0,12,0,N/A,N/A,,acronis,,SRJAMSENS
2026-05-01,EU8_Master,Flexxa di Andrea Monguzzi,,Partner,Enabled,,Cyber Protection,Per workload,Microsoft 365 Shared seats protected,,,Unlimited,11,0,0,0,11,0,N/A,N/A,,,,SPDCMSENS
2026-05-01,EU8_Master,Flexxa di Andrea Monguzzi,,Partner,Enabled,,Cyber Protection,Per workload,Google Workspace seats protected (Acronis Storage G1),Acronis Cloud,,Unlimited,9,0,0,0,9,0,N/A,N/A,,acronis,,SQ8AMSENS
2026-05-01,US2_GIG,Computer FX,,Partner,Enabled,,Cyber Protection,Per gigabyte,Endpoints protected with EDR,,,Unlimited,2,0,0,0,2,0,N/A,N/A,,,,SRIAMSENS
2026-05-01,US2_GIG,Computer FX,,Partner,Enabled,,Cyber Protection,Per gigabyte,Cloud Storage (abgw-phx1-arp2.acronis.com) used - Class 2,Acronis Cloud,GB,Unlimited,1424.06,16.11,0.00,0.00,1424.06,16.11,N/A,N/A,,acronis,,SPBAMSENS
2026-05-01,US2_GIG,"Backroom IT, LLC",,Partner,Enabled,,Cyber Protection,Per gigabyte,Cloud Storage (abgw-phx1-arp2-r01.acronis.com) used - Class 2,Acronis Cloud,GB,Unlimited,415.03,0.00,0.00,0.00,415.03,0.00,N/A,N/A,,acronis,,SPBAMSENS
2026-05-01,US2_GIG,"Backroom IT, LLC",,Partner,Enabled,,Sync & Share,File Sync & Share (per gigabyte),Cloud Storage (us2-s3gw.acronis.com) used,us2-s3gw.acronis.com,GB,Unlimited,164.77,0.00,0.00,0.00,164.77,0.00,N/A,N/A,,acronis,,SP1AMSENS
2026-05-01,US2_GIG,Tristate IT Inc,,Partner,Enabled,,Cyber Protection,Per gigabyte,Servers protected (included features),,,Unlimited,2,0,0,0,2,0,N/A,N/A,,,,SPDCMSENS
2026-05-01,US2_GIG,Tristate IT Inc,,Partner,Enabled,,Cyber Protection,Per gigabyte,Endpoints protected with EDR,,,Unlimited,2,0,0,0,2,0,N/A,N/A,,,,SRIAMSENS
2026-05-01,US2_GIG,Tristate IT Inc,,Partner,Enabled,,Cyber Protection,Per gigabyte,Cloud Storage (abgw-phx1-arp2-r01.acronis.com) used - Class 2,Acronis Cloud,GB,Unlimited,10748.62,-39.97,0.00,0.00,10748.62,-39.97,N/A,N/A,,acronis,,SPBAMSENS
2026-05-01,US2_GIG,Tristate IT Inc,,Partner,Enabled,,Cyber Protection,Per gigabyte,Cloud Storage (abgw-phx1-arp2.acronis.com) used - Class 2,Acronis Cloud,GB,Unlimited,601.18,-10.47,0.00,0.00,601.18,-10.47,N/A,N/A,,acronis,,SPBAMSENS
2026-05-01,US2_GIG,Tristate IT Inc,,Partner,Enabled,,Cyber Protection,Per gigabyte,Microsoft 365 Shared seats protected,,,Unlimited,11,1,0,0,11,1,N/A,N/A,,,,SPDCMSENS
2026-05-01,US2_GIG,Network Design Systems,,Partner,Enabled,,Cyber Protection,Per gigabyte,Cloud Storage (abgw-phx1-arp2.acronis.com) used - Class 2,Acronis Cloud,GB,Unlimited,0.00,0.00,0.00,0.00,0.00,0.00,N/A,N/A,,acronis,,SPBAMSENS
2026-05-01,US2_GIG,"JDI Technology Group, Inc.",,Partner,Enabled,,Cyber Protection,Per workload,Workstations protected,,,Unlimited,6,0,0,0,6,0,N/A,N/A,,,,SPGAMSENS
2026-05-01,US2_GIG,"JDI Technology Group, Inc.",,Partner,Enabled,,Sync & Share,File Sync & Share (per user),Users,,,Unlimited,1,0,0,0,1,0,N/A,N/A,,,,SPIAMSENS
2026-05-01,US2_GIG,"JDI Technology Group, Inc.",,Partner,Enabled,,Cyber Protection,Per workload,Endpoints protected with EDR,,,Unlimited,2,0,0,0,2,0,N/A,N/A,,,,SRIAMSENS
2026-05-01,US2_GIG,"JDI Technology Group, Inc.",,Partner,Enabled,,Cyber Protection,Per workload,Cloud Storage (abgw-phx1-arp2-r01.acronis.com) used - Class 2,Acronis Cloud,GB,Unlimited,799.83,-2.98,0.00,0.00,799.83,-2.98,N/A,N/A,,acronis,,SPDAMSENS
2026-05-01,US2_GIG,"JDI Technology Group, Inc.",,Partner,Enabled,,Cyber Protection,Per workload,Cloud Storage (abgw-phx1-arp2.acronis.com) used - Class 2,Acronis Cloud,GB,Unlimited,830.31,98.35,0.00,0.00,830.31,98.35,N/A,N/A,,acronis,,SPDAMSENS
2026-05-01,US2_GIG,Nice-pak,,Partner,Enabled,,Cyber Protection,Per gigabyte,Endpoints protected with EDR,,,Unlimited,5,0,0,0,5,0,N/A,N/A,,,,SRIAMSENS
2026-05-01,US2_GIG,Nice-pak,,Partner,Enabled,,Cyber Protection,Per gigabyte,Cloud Storage (uc1-aas01.azure.acronis.com) used - Class 2,Microsoft Azure,GB,Unlimited,18053.48,411.86,0.00,0.00,18053.48,411.86,N/A,N/A,,azure,,SQ2AMSENS
2026-05-01,US2_GIG,Comstar Technologies,170335,Partner,Enabled,,Cyber Protection,Per gigabyte,Cloud Storage (abgw-phx1-arp2-r01.acronis.com) used - Class 2,Acronis Cloud,GB,Unlimited,1074.11,-1.32,0.00,0.00,1074.11,-1.32,N/A,N/A,,acronis,,SPBAMSENS
2026-05-01,US2_GIG,Comstar Technologies,170335,Partner,Enabled,,Cyber Protection,Per gigabyte,Cloud Storage (abgw-phx1-arp2.acronis.com) used - Class 2,Acronis Cloud,GB,Unlimited,748.99,1.97,0.00,0.00,748.99,1.97,N/A,N/A,,acronis,,SPBAMSENS
2026-05-01,US2_GIG,SHARKTOOTH NETWORKS INC,,Partner,Enabled,,Cyber Protection,,Local Storage Per gigabyte,,GB,Unlimited,364.65,0.00,0.00,0.00,364.65,0.00,N/A,N/A,,,,SP4BMSENS
2026-05-01,US2_GIG,SHARKTOOTH NETWORKS INC,,Partner,Enabled,,Cyber Protection,Per gigabyte,Cloud Storage (abgw-phx1-arp2-r01.acronis.com) used - Class 2,Acronis Cloud,GB,Unlimited,1607.57,-48.10,0.00,0.00,1607.57,-48.10,N/A,N/A,,acronis,,SPBAMSENS
2026-05-01,US2_GIG,SHARKTOOTH NETWORKS INC,,Partner,Enabled,,Cyber Protection,Per gigabyte,Cloud Storage (abgw-phx1-arp2.acronis.com) used - Class 2,Acronis Cloud,GB,Unlimited,645.77,12.97,0.00,0.00,645.77,12.97,N/A,N/A,,acronis,,SPBAMSENS
2026-05-01,US2_GIG,Hanatechinc,,Partner,Enabled,,Sync & Share,File Sync & Share (per user),Users,,,Unlimited,0,0,1,1,1,1,N/A,N/A,,,,SPIAMSENS
2026-05-01,US2_GIG,Hanatechinc,,Partner,Enabled,,Cyber Protection,Per gigabyte,Cloud Storage (abgw-phx1-arp2.acronis.com) used - Class 2,Acronis Cloud,GB,Unlimited,389.41,10.37,0.00,0.00,389.41,10.37,N/A,N/A,,acronis,,SPBAMSENS
2026-05-01,US2_GIG,Hanatechinc,,Partner,Enabled,,Cyber Protection,Per gigabyte,Disaster Recovery storage used,Acronis Cloud,GB,Unlimited,0.01,0.00,0.00,0.00,0.01,0.00,N/A,N/A,,acronis,,SVEAMSENS
2026-05-01,US2_GIG,ACT Enviro,,Partner,Enabled,,Cyber Protection,Per gigabyte,Endpoints protected with EDR,,,Unlimited,1,0,0,0,1,0,N/A,N/A,,,,SRIAMSENS
2026-05-01,US2_GIG,ACT Enviro,,Partner,Enabled,,Cyber Protection,Per gigabyte,Cloud Storage (abgw-phx1-arp2.acronis.com) used - Class 2,Acronis Cloud,GB,Unlimited,36017.92,16.68,0.00,0.00,36017.92,16.68,N/A,N/A,,acronis,,SPBAMSENS
2026-05-01,US2_GIG,Community Action Partnership Huntsville / Madison,,Partner,Enabled,,Cyber Protection,Per workload,Workstations protected,,,Unlimited,2,0,0,0,2,0,N/A,N/A,,,,SPGAMSENS
2026-05-01,US2_GIG,Community Action Partnership Huntsville / Madison,,Partner,Enabled,,Cyber Protection,Per workload,VMs protected,,,Unlimited,3,0,0,0,3,0,N/A,N/A,,,,SPFAMSENS
2026-05-01,US2_GIG,Community Action Partnership Huntsville / Madison,,Partner,Enabled,,Cyber Protection,Per workload,RMM,,,Unlimited,4,0,0,0,4,0,N/A,N/A,,,,SRHAMSENS
2026-05-01,US2_GIG,Community Action Partnership Huntsville / Madison,,Partner,Enabled,,Cyber Protection,Per workload,Endpoints protected with EDR,,,Unlimited,4,0,0,0,4,0,N/A,N/A,,,,SRIAMSENS
2026-05-01,US2_GIG,Community Action Partnership Huntsville / Madison,,Partner,Enabled,,Cyber Protection,Per workload,Cloud Storage (abgw-phx1-arp2-r01.acronis.com) used - Class 2,Acronis Cloud,GB,Unlimited,1311.83,81.74,0.00,0.00,1311.83,81.74,N/A,N/A,,acronis,,SPDAMSENS
2026-05-01,US2_GIG,Community Action Partnership Huntsville / Madison,,Partner,Enabled,,Cyber Protection,Per workload,Microsoft 365 Seats protected (Acronis Storage G1),Acronis Cloud,,Unlimited,22,-3,0,0,22,-3,N/A,N/A,,acronis,,SRJAMSENS
2026-05-01,US2_GIG,Community Action Partnership Huntsville / Madison,,Partner,Enabled,,Cyber Protection,Per workload,Microsoft 365 Shared seats protected,,,Unlimited,7,-3,0,0,7,-3,N/A,N/A,,,,SPDCMSENS
2026-05-01,US2_GIG,GEM Technologies Inc,,Partner,Enabled,,Cyber Protection,Per workload,Workstations protected,,,Unlimited,2,0,0,0,2,0,N/A,N/A,,,,SPGAMSENS
2026-05-01,US2_GIG,GEM Technologies Inc,,Partner,Enabled,,Cyber Protection,Per workload,Cloud Storage (abgw-phx1-arp2.acronis.com) used - Class 2,Acronis Cloud,GB,Unlimited,337.20,-0.01,0.00,0.00,337.20,-0.01,N/A,N/A,,acronis,,SPDAMSENS
2026-05-01,US2_GIG,AlphaKOR Group Inc,,Partner,Disabled,,Cyber Protection,Per workload,Workstations protected,,,Unlimited,0,-1,0,0,0,-1,N/A,N/A,,,,SPGAMSENS
2026-05-01,US2_GIG,AlphaKOR Group Inc,,Partner,Disabled,,Cyber Protection,Per workload,Servers protected,,,Unlimited,0,-1,0,0,0,-1,N/A,N/A,,,,SPEAMSENS
2026-05-01,US2_GIG,AlphaKOR Group Inc,,Partner,Disabled,,Cyber Protection,Per workload,VMs protected,,,Unlimited,0,-2,0,0,0,-2,N/A,N/A,,,,SPFAMSENS
2026-05-01,US2_GIG,AlphaKOR Group Inc,,Partner,Disabled,,Sync & Share,File Sync & Share (per user),Users,,,Unlimited,6,0,0,0,6,0,N/A,N/A,,,,SPIAMSENS
2026-05-01,US2_GIG,AlphaKOR Group Inc,,Partner,Disabled,,Cyber Protection,Per workload,RMM,,,Unlimited,0,-1,0,0,0,-1,N/A,N/A,,,,SRHAMSENS
2026-05-01,US2_GIG,AlphaKOR Group Inc,,Partner,Disabled,,Cyber Protection,Per workload,Endpoints protected with EDR,,,Unlimited,0,-1,0,0,0,-1,N/A,N/A,,,,SRIAMSENS
2026-05-01,US2_GIG,AlphaKOR Group Inc,,Partner,Disabled,,Cyber Protection,,Local Storage Per gigabyte,,GB,Unlimited,3784.91,61.65,0.00,0.00,3784.91,61.65,N/A,N/A,,,,SP4BMSENS
2026-05-01,US2_GIG,AlphaKOR Group Inc,,Partner,Disabled,,Cyber Protection,Per gigabyte,"Cloud Storage (Toronto, Canada - abgw-yyz2-acs01-nn1-us2.acronis.com) used - Class 2",Google Cloud,GB,Unlimited,19531.31,-2957.38,0.00,0.00,19531.31,-2957.38,N/A,N/A,,acronis,,SPBAMSENS
2026-05-01,US2_GIG,AlphaKOR Group Inc,,Partner,Disabled,,Cyber Protection,Per gigabyte,Cloud Storage (abgw-phx1-arp2.acronis.com) used - Class 2,Acronis Cloud,GB,Unlimited,247.37,-0.97,0.00,0.00,247.37,-0.97,N/A,N/A,,acronis,,SPBAMSENS
2026-05-01,US2_GIG,AlphaKOR Group Inc,,Partner,Disabled,,Cyber Protection,Per workload,Cloud Storage (abgw-phx1-arp2.acronis.com) used - Class 2,Acronis Cloud,GB,Unlimited,1069.27,86.83,0.00,0.00,1069.27,86.83,N/A,N/A,,acronis,,SPDAMSENS
2026-05-01,US2_GIG,National Oak Distributors,,Partner,Enabled,,Cyber Protection,Per gigabyte,Cloud Storage (abgw-phx1-arp2-r01.acronis.com) used - Class 2,Acronis Cloud,GB,Unlimited,5492.48,3.52,0.00,0.00,5492.48,3.52,N/A,N/A,,acronis,,SPBAMSENS
2026-05-01,US2_GIG,Proven Business Systems /1,138453,Partner,Enabled,,Cyber Protection,Per gigabyte,Cloud Storage (abgw-phx1-arp2-r01.acronis.com) used - Class 2,Acronis Cloud,GB,Unlimited,46.65,0.00,0.00,0.00,46.65,0.00,N/A,N/A,,acronis,,SPBAMSENS
2026-05-01,US2_GIG,Medical Technology Solutions LLC,37533,Partner,Enabled,,Cyber Protection,Per gigabyte,Endpoints protected with EDR,,,Unlimited,1,0,0,0,1,0,N/A,N/A,,,,SRIAMSENS
2026-05-01,US2_GIG,Medical Technology Solutions LLC,37533,Partner,Enabled,,Cyber Protection,Per gigabyte,Cloud Storage (abgw-phx1-arp2-r01.acronis.com) used - Class 2,Acronis Cloud,GB,Unlimited,5100.09,-6835.45,0.00,0.00,5100.09,-6835.45,N/A,N/A,,acronis,,SPBAMSENS
2026-05-01,US2_GIG,Vermeer Heartland,185923,Partner,Enabled,,Cyber Protection,Per gigabyte,Endpoints protected with EDR,,,Unlimited,3,0,0,0,3,0,N/A,N/A,,,,SRIAMSENS
2026-05-01,US2_GIG,Vermeer Heartland,185923,Partner,Enabled,,Cyber Protection,Per gigabyte,Cloud Storage (abgw-phx1-arp2-r01.acronis.com) used - Class 2,Acronis Cloud,GB,Unlimited,1860.09,-2.35,0.00,0.00,1860.09,-2.35,N/A,N/A,,acronis,,SPBAMSENS
2026-05-01,US2_GIG,Towner Communications,,Partner,Enabled,,Cyber Protection,Per gigabyte,Cloud Storage (abgw-phx1-arp2-r01.acronis.com) used - Class 2,Acronis Cloud,GB,Unlimited,90.42,2.99,0.00,0.00,90.42,2.99,N/A,N/A,,acronis,,SPBAMSENS
2026-05-01,US2_GIG,Concord Hospitality (Acronis Migration),,Partner,Enabled,,Cyber Protection,Per gigabyte,Workstations protected (included features),,,Unlimited,1,0,0,0,1,0,N/A,N/A,,,,SPDCMSENS
2026-05-01,US2_GIG,Concord Hospitality (Acronis Migration),,Partner,Enabled,,Cyber Protection,Per gigabyte,RMM,,,Unlimited,18,0,0,0,18,0,N/A,N/A,,,,SRHAMSENS
2026-05-01,US2_GIG,Concord Hospitality (Acronis Migration),,Partner,Enabled,,Cyber Protection,Per gigabyte,Endpoints protected with EDR,,,Unlimited,5,0,0,0,5,0,N/A,N/A,,,,SRIAMSENS
2026-05-01,US2_GIG,Concord Hospitality (Acronis Migration),,Partner,Enabled,,Cyber Protection,,Local Storage Per gigabyte,,GB,Unlimited,75881.09,785.65,0.00,0.00,75881.09,785.65,N/A,N/A,,,,SP4BMSENS
2026-05-01,US2_GIG,Concord Hospitality (Acronis Migration),,Partner,Enabled,,Cyber Protection,Per gigabyte,Cloud Storage (abgw-phx1-arp2-r01.acronis.com) used - Class 2,Acronis Cloud,GB,Unlimited,185361.25,-3494.22,0.00,0.00,185361.25,-3494.22,N/A,N/A,,acronis,,SPBAMSENS
2026-05-01,US2_GIG,Streetertech,,Partner,Enabled,,Cyber Protection,Per workload,Workstations protected,,,Unlimited,5,0,0,0,5,0,N/A,N/A,,,,SPGAMSENS
2026-05-01,US2_GIG,Streetertech,,Partner,Enabled,,Cyber Protection,Per workload,Cloud Storage (abgw-phx1-arp2-r01.acronis.com) used - Class 2,Acronis Cloud,GB,Unlimited,0.59,-0.00,0.00,0.00,0.59,-0.00,N/A,N/A,,acronis,,SPDAMSENS
2026-05-01,US2_GIG,Streetertech,,Partner,Enabled,,Cyber Protection,Per workload,Cloud Storage (abgw-phx1-arp2.acronis.com) used - Class 2,Acronis Cloud,GB,Unlimited,98.59,-0.42,0.00,0.00,98.59,-0.42,N/A,N/A,,acronis,,SPDAMSENS
2026-05-01,US2_GIG,AMS Retail Solutions,30433,Partner,Enabled,,Cyber Protection,Per gigabyte,Endpoints protected with EDR,,,Unlimited,1,0,0,0,1,0,N/A,N/A,,,,SRIAMSENS
2026-05-01,US2_GIG,AMS Retail Solutions,30433,Partner,Enabled,,Cyber Protection,,Local Storage Per gigabyte,,GB,Unlimited,3333.50,13.40,0.00,0.00,3333.50,13.40,N/A,N/A,,,,SP4BMSENS
2026-05-01,US2_GIG,AMS Retail Solutions,30433,Partner,Enabled,,Cyber Protection,Per gigabyte,Cloud Storage (abgw-phx1-arp2-r01.acronis.com) used - Class 2,Acronis Cloud,GB,Unlimited,3023.07,2.57,0.00,0.00,3023.07,2.57,N/A,N/A,,acronis,,SPBAMSENS
2026-05-01,US2_GIG,AMS Retail Solutions,30433,Partner,Enabled,,Cyber Protection,Per gigabyte,Cloud Storage (abgw-phx1-arp2.acronis.com) used - Class 2,Acronis Cloud,GB,Unlimited,158.30,3.07,0.00,0.00,158.30,3.07,N/A,N/A,,acronis,,SPBAMSENS
2026-05-01,US2_GIG,Coviah,,Partner,Enabled,,Sync & Share,File Sync & Share (per user),Users,,,Unlimited,2,0,0,0,2,0,N/A,N/A,,,,SPIAMSENS
2026-05-01,US2_GIG,Coviah,,Partner,Enabled,,Cyber Protection,Per workload,Cloud Storage (abgw-phx1-arp2.acronis.com) used - Class 2,Acronis Cloud,GB,Unlimited,154.39,0.00,0.00,0.00,154.39,0.00,N/A,N/A,,acronis,,SPDAMSENS
2026-05-01,US2_GIG,Five Rivers IT,ACT-00151042,Partner,Enabled,,Cyber Protection,Per gigabyte,Endpoints protected with EDR,,,Unlimited,2,0,0,0,2,0,N/A,N/A,,,,SRIAMSENS
2026-05-01,US2_GIG,Five Rivers IT,ACT-00151042,Partner,Enabled,,Cyber Protection,Per gigabyte,Cloud Storage (abgw-phx1-arp2-r01.acronis.com) used - Class 2,Acronis Cloud,GB,Unlimited,7410.47,1.56,0.00,0.00,7410.47,1.56,N/A,N/A,,acronis,,SPBAMSENS
2026-05-01,US2_GIG,Five Rivers IT,ACT-00151042,Partner,Enabled,,Cyber Protection,Per gigabyte,Cloud Storage (abgw-phx1-arp2.acronis.com) used - Class 2,Acronis Cloud,GB,Unlimited,12024.78,-70.43,0.00,0.00,12024.78,-70.43,N/A,N/A,,acronis,,SPBAMSENS
2026-05-01,US2_GIG,Associated Time & Parking Controls,103222,Partner,Enabled,,Cyber Protection,Per gigabyte,Cloud Storage (abgw-phx1-arp2-r01.acronis.com) used - Class 2,Acronis Cloud,GB,Unlimited,122.91,0.92,0.00,0.00,122.91,0.92,N/A,N/A,,acronis,,SPBAMSENS
2026-05-01,US2_GIG,POS Partners Inc,103278,Partner,Enabled,,Sync & Share,File Sync & Share (per user),Users,,,Unlimited,1,0,0,0,1,0,N/A,N/A,,,,SPIAMSENS
2026-05-01,US2_GIG,Homeport Electronics,192,Partner,Enabled,,Cyber Protection,Per gigabyte,Endpoints protected with EDR,,,Unlimited,1,0,0,0,1,0,N/A,N/A,,,,SRIAMSENS
2026-05-01,US2_GIG,Homeport Electronics,192,Partner,Enabled,,Cyber Protection,,Local Storage Per gigabyte,,GB,Unlimited,1460.37,4.01,0.00,0.00,1460.37,4.01,N/A,N/A,,,,SP4BMSENS
2026-05-01,US2_GIG,Homeport Electronics,192,Partner,Enabled,,Cyber Protection,Per gigabyte,Cloud Storage (abgw-phx1-arp2-r01.acronis.com) used - Class 2,Acronis Cloud,GB,Unlimited,633.57,1.79,0.00,0.00,633.57,1.79,N/A,N/A,,acronis,,SPBAMSENS
2026-05-01,US2_GIG,Homeport Electronics,192,Partner,Enabled,,Cyber Protection,Per gigabyte,Cloud Storage (baas-fes-us3.acronis.com) used - Class 2,Acronis Cloud,GB,Unlimited,133.83,0.52,0.00,0.00,133.83,0.52,N/A,N/A,,acronis,,SPBAMSENS
2026-05-01,US2_GIG,Homeport Electronics,192,Partner,Enabled,,Cyber Protection,Per gigabyte,Cloud Storage (abgw-phx1-arp2.acronis.com) used - Class 2,Acronis Cloud,GB,Unlimited,475.89,12.42,0.00,0.00,475.89,12.42,N/A,N/A,,acronis,,SPBAMSENS
2026-05-01,US2_GIG,Bitswift Technology Solutions,,Partner,Enabled,,Cyber Protection,Per gigabyte,Endpoints protected with EDR,,,Unlimited,8,0,0,0,8,0,N/A,N/A,,,,SRIAMSENS
2026-05-01,US2_GIG,Bitswift Technology Solutions,,Partner,Enabled,,Cyber Protection,Per gigabyte,Cloud Storage (abgw-phx1-arp2-r01.acronis.com) used - Class 2,Acronis Cloud,GB,Unlimited,1752.21,6.79,0.00,0.00,1752.21,6.79,N/A,N/A,,acronis,,SPBAMSENS
2026-05-01,US2_GIG,Bitswift Technology Solutions,,Partner,Enabled,,Cyber Protection,Per gigabyte,"Cloud Storage (Toronto, Canada - abgw-yyz2-acs01-nn1-us2.acronis.com) used - Class 2",Google Cloud,GB,Unlimited,36.13,1.22,0.00,0.00,36.13,1.22,N/A,N/A,,acronis,,SPBAMSENS
2026-05-01,US2_GIG,Bitswift Technology Solutions,,Partner,Enabled,,Cyber Protection,Per gigabyte,Cloud Storage (abgw-phx1-arp2.acronis.com) used - Class 2,Acronis Cloud,GB,Unlimited,167.61,-1.75,0.00,0.00,167.61,-1.75,N/A,N/A,,acronis,,SPBAMSENS
2026-05-01,US2_GIG,"iDiscovery Solutions, Inc",,Partner,Enabled,,Cyber Protection,Per gigabyte,Cloud Storage (abgw-phx1-arp2-r01.acronis.com) used - Class 2,Acronis Cloud,GB,Unlimited,756.10,0.00,0.00,0.00,756.10,0.00,N/A,N/A,,acronis,,SPBAMSENS
2026-05-01,US2_GIG,VIcom Virginia Integrated Communications,63886,Partner,Enabled,,Cyber Protection,Per gigabyte,Cloud Storage (abgw-phx1-arp2-r01.acronis.com) used - Class 2,Acronis Cloud,GB,Unlimited,1278.91,-2.54,0.00,0.00,1278.91,-2.54,N/A,N/A,,acronis,,SPBAMSENS
2026-05-01,US2_GIG,VIcom Virginia Integrated Communications,63886,Partner,Enabled,,Cyber Protection,Per gigabyte,Cloud Storage (abgw-phx1-arp2.acronis.com) used - Class 2,Acronis Cloud,GB,Unlimited,1162.31,-35.55,0.00,0.00,1162.31,-35.55,N/A,N/A,,acronis,,SPBAMSENS
2026-05-01,US2_GIG,Eugenius,,Partner,Enabled,,Cyber Protection,,Local Storage Per gigabyte,,GB,Unlimited,96.37,-1.01,0.00,0.00,96.37,-1.01,N/A,N/A,,,,SP4BMSENS
2026-05-01,US2_GIG,Eugenius,,Partner,Enabled,,Cyber Protection,Per gigabyte,Cloud Storage (abgw-phx1-arp2-r01.acronis.com) used - Class 2,Acronis Cloud,GB,Unlimited,2377.94,-21.74,0.00,0.00,2377.94,-21.74,N/A,N/A,,acronis,,SPBAMSENS
2026-05-01,US2_GIG,Eugenius,,Partner,Enabled,,Cyber Protection,Per gigabyte,Cloud Storage (abgw-phx1-arp2.acronis.com) used - Class 2,Acronis Cloud,GB,Unlimited,60.22,2.86,0.00,0.00,60.22,2.86,N/A,N/A,,acronis,,SPBAMSENS
2026-05-01,US2_GIG,The Learning Exchange,,Partner,Enabled,,Cyber Protection,Per gigabyte,RMM,,,Unlimited,48,2,0,0,48,2,N/A,N/A,,,,SRHAMSENS
2026-05-01,US2_GIG,The Learning Exchange,,Partner,Enabled,,Cyber Protection,Per gigabyte,Endpoints protected with EDR,,,Unlimited,1,0,0,0,1,0,N/A,N/A,,,,SRIAMSENS
2026-05-01,US2_GIG,The Learning Exchange,,Partner,Enabled,,Cyber Protection,,Local Storage Per gigabyte,,GB,Unlimited,96.61,0.86,0.00,0.00,96.61,0.86,N/A,N/A,,,,SP4BMSENS
2026-05-01,US2_GIG,The Learning Exchange,,Partner,Enabled,,Cyber Protection,Per gigabyte,Cloud Storage (abgw-phx1-arp2-r01.acronis.com) used - Class 2,Acronis Cloud,GB,Unlimited,2610.24,3.43,0.00,0.00,2610.24,3.43,N/A,N/A,,acronis,,SPBAMSENS
2026-05-01,US2_GIG,"AZComp Technologies, Inc",,Partner,Enabled,,Cyber Protection,Per gigabyte,Cloud Storage (abgw-phx1-arp2-r01.acronis.com) used - Class 2,Acronis Cloud,GB,Unlimited,851.26,32.51,0.00,0.00,851.26,32.51,N/A,N/A,,acronis,,SPBAMSENS
2026-05-01,US2_GIG,"AZComp Technologies, Inc",,Partner,Enabled,,Cyber Protection,Per gigabyte,Cloud Storage (abgw-phx1-arp2.acronis.com) used - Class 2,Acronis Cloud,GB,Unlimited,996.51,-35.92,0.00,0.00,996.51,-35.92,N/A,N/A,,acronis,,SPBAMSENS
2026-05-01,US2_DEV,SouthBridge Consulting,,Partner,Enabled,,Cyber Protection,Per workload,Workstations protected,,,Unlimited,0,-1,0,0,0,-1,N/A,N/A,,,,SPGAMSENS
2026-05-01,US2_DEV,BIZITSS,ACT-00196565,Partner,Enabled,,Cyber Protection,Per workload,Workstations protected,,,Unlimited,9,0,0,0,9,0,N/A,N/A,,,,SPGAMSENS
2026-05-01,US2_DEV,BIZITSS,ACT-00196565,Partner,Enabled,,Cyber Protection,Per workload,Servers protected,,,Unlimited,11,-4,0,0,11,-4,N/A,N/A,,,,SPEAMSENS
2026-05-01,US2_DEV,BIZITSS,ACT-00196565,Partner,Enabled,,Cyber Protection,Per workload,VMs protected,,,Unlimited,21,-6,0,0,21,-6,N/A,N/A,,,,SPFAMSENS
2026-05-01,US2_DEV,BIZITSS,ACT-00196565,Partner,Enabled,,Sync & Share,File Sync & Share (per user),Users,,,Unlimited,25,0,0,0,25,0,N/A,N/A,,,,SPIAMSENS
2026-05-01,US2_DEV,BIZITSS,ACT-00196565,Partner,Enabled,,Cyber Protection,Per workload,Endpoints protected with EDR,,,Unlimited,5,-4,0,0,5,-4,N/A,N/A,,,,SRIAMSENS
2026-05-01,US2_DEV,BIZITSS,ACT-00196565,Partner,Enabled,,Cyber Protection,Per workload,Cloud Storage (abgw-phx1-arp2.acronis.com) used - Class 2,Acronis Cloud,GB,Unlimited,31899.36,-600.18,0.00,0.00,31899.36,-600.18,N/A,N/A,,acronis,,SPDAMSENS
2026-05-01,US2_DEV,BIZITSS,ACT-00196565,Partner,Enabled,,Cyber Protection,Per workload,Email and Collaboration Security mailboxes protected,,,Unlimited,13,-1,0,0,13,-1,N/A,N/A,,,,SO4AMSENS
2026-05-01,US2_DEV,BIZITSS,ACT-00196565,Partner,Enabled,,Cyber Protection,Per workload,Microsoft 365 Seats protected (Acronis Storage G1),Acronis Cloud,,Unlimited,15,-1,0,0,15,-1,N/A,N/A,,acronis,,SRJAMSENS
2026-05-01,US2_DEV,Manning's Office Solutions,,Partner,Enabled,,Cyber Protection,Per gigabyte,Endpoints protected with EDR,,,Unlimited,5,0,0,0,5,0,N/A,N/A,,,,SRIAMSENS
2026-05-01,US2_DEV,Manning's Office Solutions,,Partner,Enabled,,Cyber Protection,Per gigabyte,Cloud Storage (abgw-phx1-arp2.acronis.com) used - Class 2,Acronis Cloud,GB,Unlimited,1036.78,47.57,0.00,0.00,1036.78,47.57,N/A,N/A,,acronis,,SPBAMSENS
2026-05-01,US2_DEV,Microtel Systems Corp,,Partner,Enabled,,Cyber Protection,Per workload,Workstations protected,,,Unlimited,0,-2,0,0,0,-2,N/A,N/A,,,,SPGAMSENS
2026-05-01,US2_DEV,Microtel Systems Corp,,Partner,Enabled,,Cyber Protection,Per workload,Servers protected,,,Unlimited,2,-1,0,0,2,-1,N/A,N/A,,,,SPEAMSENS
2026-05-01,US2_DEV,Microtel Systems Corp,,Partner,Enabled,,Cyber Protection,Per workload,VMs protected,,,Unlimited,1,0,0,0,1,0,N/A,N/A,,,,SPFAMSENS
2026-05-01,US2_DEV,Microtel Systems Corp,,Partner,Enabled,,Sync & Share,File Sync & Share (per user),Users,,,Unlimited,2,0,0,0,2,0,N/A,N/A,,,,SPIAMSENS
2026-05-01,US2_DEV,Microtel Systems Corp,,Partner,Enabled,,Cyber Protection,Per workload,Cloud Storage (abgw-phx1-arp2.acronis.com) used - Class 2,Acronis Cloud,GB,Unlimited,11351.13,49.84,0.00,0.00,11351.13,49.84,N/A,N/A,,acronis,,SPDAMSENS
2026-05-01,US2_DEV,ENT Networks Inc,ACT-00204987,Partner,Enabled,,Cyber Protection,Per workload,Workstations protected,,,Unlimited,3,0,0,0,3,0,N/A,N/A,,,,SPGAMSENS
2026-05-01,US2_DEV,ENT Networks Inc,ACT-00204987,Partner,Enabled,,Cyber Protection,Per workload,Servers protected,,,Unlimited,5,0,0,0,5,0,N/A,N/A,,,,SPEAMSENS
2026-05-01,US2_DEV,ENT Networks Inc,ACT-00204987,Partner,Enabled,,Cyber Protection,Per workload,RMM,,,Unlimited,1,0,0,0,1,0,N/A,N/A,,,,SRHAMSENS
2026-05-01,US2_DEV,ENT Networks Inc,ACT-00204987,Partner,Enabled,,Cyber Protection,Per workload,Endpoints protected with EDR,,,Unlimited,5,0,0,0,5,0,N/A,N/A,,,,SRIAMSENS
2026-05-01,US2_DEV,ENT Networks Inc,ACT-00204987,Partner,Enabled,,Cyber Protection,Per workload,Cloud Storage (abgw-phx1-arp2.acronis.com) used - Class 2,Acronis Cloud,GB,Unlimited,4781.96,-24.98,0.00,0.00,4781.96,-24.98,N/A,N/A,,acronis,,SPDAMSENS
2026-05-01,US2_DEV,ENT Networks Inc,ACT-00204987,Partner,Enabled,,Cyber Protection,Per workload,Disaster Recovery storage used,Acronis Cloud,GB,Unlimited,2984.36,-46.00,0.00,0.00,2984.36,-46.00,N/A,N/A,,acronis,,SVEAMSENS
2026-05-01,US2_DEV,MCS,,Partner,Enabled,,Sync & Share,File Sync & Share (per user),Users,,,Unlimited,3,0,0,0,3,0,N/A,N/A,,,,SPIAMSENS
2026-05-01,US2_DEV,MCS,,Partner,Enabled,,Sync & Share,File Sync & Share (per user),Cloud Storage (us2-s3gw.acronis.com) used,us2-s3gw.acronis.com,GB,Unlimited,0.37,0.00,0.00,0.00,0.37,0.00,N/A,N/A,,acronis,,SUVAMSENS
2026-05-01,US2_DEV,MCS,,Partner,Enabled,,Cyber Protection,Per workload,Cloud Storage (abgw-phx1-arp2.acronis.com) used - Class 2,Acronis Cloud,GB,Unlimited,184.90,-0.11,0.00,0.00,184.90,-0.11,N/A,N/A,,acronis,,SPDAMSENS
2026-05-01,US2_DEV,Digital Office Systems Inc,ACT-00189721,Partner,Enabled,,Cyber Protection,Per workload,Workstations protected,,,Unlimited,1,0,0,0,1,0,N/A,N/A,,,,SPGAMSENS
2026-05-01,US2_DEV,Digital Office Systems Inc,ACT-00189721,Partner,Enabled,,Cyber Protection,Per workload,Servers protected,,,Unlimited,9,-1,0,0,9,-1,N/A,N/A,,,,SPEAMSENS
2026-05-01,US2_DEV,Digital Office Systems Inc,ACT-00189721,Partner,Enabled,,Cyber Protection,Per workload,VMs protected,,,Unlimited,52,-4,0,0,52,-4,N/A,N/A,,,,SPFAMSENS
2026-05-01,US2_DEV,Digital Office Systems Inc,ACT-00189721,Partner,Enabled,,Sync & Share,File Sync & Share (per user),Users,,,Unlimited,9,0,0,0,9,0,N/A,N/A,,,,SPIAMSENS
2026-05-01,US2_DEV,Digital Office Systems Inc,ACT-00189721,Partner,Enabled,,Cyber Protection,Per workload,Cloud Storage (abgw-phx1-arp2.acronis.com) used - Class 2,Acronis Cloud,GB,Unlimited,38667.59,-3711.15,0.00,0.00,38667.59,-3711.15,N/A,N/A,,acronis,,SPDAMSENS
2026-05-01,US2_DEV,Digital Office Systems Inc,ACT-00189721,Partner,Enabled,,Cyber Protection,Per workload,Network-attached storages (NAS) protected,,,Unlimited,0,-1,0,0,0,-1,N/A,N/A,,,,SPD5MSENS
2026-05-01,US2_DEV,Empower Information Systems,,Partner,Enabled,,Sync & Share,File Sync & Share (per user),Users,,,Unlimited,2,0,0,0,2,0,N/A,N/A,,,,SPIAMSENS
2026-05-01,US2_DEV,Empower Information Systems,,Partner,Enabled,,Cyber Protection,Per workload,Cloud Storage (abgw-phx1-arp2.acronis.com) used - Class 2,Acronis Cloud,GB,Unlimited,1602.21,-0.07,0.00,0.00,1602.21,-0.07,N/A,N/A,,acronis,,SPDAMSENS
2026-05-01,US2_DEV,Metrix,ACT-00265102,Partner,Enabled,,Cyber Protection,Per workload,Servers protected,,,Unlimited,3,0,0,0,3,0,N/A,N/A,,,,SPEAMSENS
2026-05-01,US2_DEV,Metrix,ACT-00265102,Partner,Enabled,,Cyber Protection,Per workload,Cloud Storage (abgw-phx1-arp2.acronis.com) used - Class 2,Acronis Cloud,GB,Unlimited,1202.97,-1.52,0.00,0.00,1202.97,-1.52,N/A,N/A,,acronis,,SPDAMSENS
2026-05-01,US2_DEV,Metrix,ACT-00265102,Partner,Enabled,,Cyber Protection,Per workload,Microsoft 365 Seats protected (Acronis Storage G1),Acronis Cloud,,Unlimited,101,-3,0,0,101,-3,N/A,N/A,,acronis,,SRJAMSENS
2026-05-01,US2_DEV,Metrix,ACT-00265102,Partner,Enabled,,Cyber Protection,Per workload,Microsoft 365 Shared seats protected,,,Unlimited,51,1,0,0,51,1,N/A,N/A,,,,SPDCMSENS
2026-05-01,US2_DEV,Keystone Information Technology,ACT-00103890,Partner,Disabled,,Cyber Protection,Per workload,Workstations protected,,,Unlimited,0,-4,0,0,0,-4,N/A,N/A,,,,SPGAMSENS
2026-05-01,US2_DEV,Keystone Information Technology,ACT-00103890,Partner,Disabled,,Cyber Protection,Per workload,Servers protected,,,Unlimited,0,-7,0,0,0,-7,N/A,N/A,,,,SPEAMSENS
2026-05-01,US2_DEV,Keystone Information Technology,ACT-00103890,Partner,Disabled,,Cyber Protection,Per workload,VMs protected,,,Unlimited,0,-17,0,0,0,-17,N/A,N/A,,,,SPFAMSENS
2026-05-01,US2_DEV,Keystone Information Technology,ACT-00103890,Partner,Disabled,,Sync & Share,File Sync & Share (per user),Users,,,Unlimited,14,0,0,0,14,0,N/A,N/A,,,,SPIAMSENS
2026-05-01,US2_DEV,Keystone Information Technology,ACT-00103890,Partner,Disabled,,Cyber Protection,Per workload,RMM,,,Unlimited,0,-6,0,0,0,-6,N/A,N/A,,,,SRHAMSENS
2026-05-01,US2_DEV,Keystone Information Technology,ACT-00103890,Partner,Disabled,,Cyber Protection,Per workload,Endpoints protected with EDR,,,Unlimited,0,-5,0,0,0,-5,N/A,N/A,,,,SRIAMSENS
2026-05-01,US2_DEV,Keystone Information Technology,ACT-00103890,Partner,Disabled,,Cyber Protection,Per workload,Cloud Storage (abgw-phx1-arp2.acronis.com) used - Class 2,Acronis Cloud,GB,Unlimited,14121.38,-635.35,0.00,0.00,14121.38,-635.35,N/A,N/A,,acronis,,SPDAMSENS
2026-05-01,US2_DEV,"Meantide Associates, LLC",,Partner,Enabled,,Cyber Protection,Per workload,Workstations protected,,,Unlimited,4,0,0,0,4,0,N/A,N/A,,,,SPGAMSENS
2026-05-01,US2_DEV,"Meantide Associates, LLC",,Partner,Enabled,,Cyber Protection,Per workload,Servers protected,,,Unlimited,4,0,0,0,4,0,N/A,N/A,,,,SPEAMSENS
2026-05-01,US2_DEV,"Meantide Associates, LLC",,Partner,Enabled,,Cyber Protection,Per workload,Endpoints protected with EDR,,,Unlimited,3,0,0,0,3,0,N/A,N/A,,,,SRIAMSENS
2026-05-01,US2_DEV,"Meantide Associates, LLC",,Partner,Enabled,,Cyber Protection,Per workload,Cloud Storage (abgw-phx1-arp2.acronis.com) used - Class 2,Acronis Cloud,GB,Unlimited,2798.18,137.72,0.00,0.00,2798.18,137.72,N/A,N/A,,acronis,,SPDAMSENS
2026-05-01,US2_DEV,"Meantide Associates, LLC",,Partner,Enabled,,Cyber Protection,Per workload,Disaster Recovery storage used,Acronis Cloud,GB,Unlimited,1447.03,1.85,0.00,0.00,1447.03,1.85,N/A,N/A,,acronis,,SVEAMSENS
2026-05-01,US2_DEV,"Harris Technology Services, LLC",ACT-00265744,Partner,Enabled,,Cyber Protection,Per workload,Workstations protected,,,Unlimited,7,0,0,0,7,0,N/A,N/A,,,,SPGAMSENS
2026-05-01,US2_DEV,"Harris Technology Services, LLC",ACT-00265744,Partner,Enabled,,Cyber Protection,Per workload,VMs protected,,,Unlimited,49,1,0,0,49,1,N/A,N/A,,,,SPFAMSENS
2026-05-01,US2_DEV,"Harris Technology Services, LLC",ACT-00265744,Partner,Enabled,,Cyber Protection,Per workload,Endpoints protected with EDR,,,Unlimited,5,0,0,0,5,0,N/A,N/A,,,,SRIAMSENS
2026-05-01,US2_DEV,"Harris Technology Services, LLC",ACT-00265744,Partner,Enabled,,Cyber Protection,Per workload,Cloud Storage (abgw-phx1-arp2.acronis.com) used - Class 2,Acronis Cloud,GB,Unlimited,13544.48,411.00,0.00,0.00,13544.48,411.00,N/A,N/A,,acronis,,SPDAMSENS
2026-05-01,US2_DEV,"Higher Ground Technologies, Inc.",ACT-00040717,Partner,Enabled,,Cyber Protection,Per workload,Workstations protected,,,Unlimited,61,0,0,0,61,0,N/A,N/A,,,,SPGAMSENS
2026-05-01,US2_DEV,"Higher Ground Technologies, Inc.",ACT-00040717,Partner,Enabled,,Cyber Protection,Per workload,Servers protected,,,Unlimited,15,-1,0,0,15,-1,N/A,N/A,,,,SPEAMSENS
2026-05-01,US2_DEV,"Higher Ground Technologies, Inc.",ACT-00040717,Partner,Enabled,,Cyber Protection,Per workload,VMs protected,,,Unlimited,39,-1,0,0,39,-1,N/A,N/A,,,,SPFAMSENS
2026-05-01,US2_DEV,"Higher Ground Technologies, Inc.",ACT-00040717,Partner,Enabled,,Cyber Protection,Per workload,Endpoints protected with EDR,,,Unlimited,7,0,0,0,7,0,N/A,N/A,,,,SRIAMSENS
2026-05-01,US2_DEV,"Higher Ground Technologies, Inc.",ACT-00040717,Partner,Enabled,,Cyber Protection,Per workload,Cloud Storage (abgw-phx1-arp2.acronis.com) used - Class 2,Acronis Cloud,GB,Unlimited,54843.70,2556.26,0.00,0.00,54843.70,2556.26,N/A,N/A,,acronis,,SPDAMSENS
2026-05-01,US2_DEV,"Higher Ground Technologies, Inc.",ACT-00040717,Partner,Enabled,,Cyber Protection,Per workload,Microsoft 365 Seats protected (Acronis Storage G1),Acronis Cloud,,Unlimited,141,0,0,0,141,0,N/A,N/A,,acronis,,SRJAMSENS
2026-05-01,US2_DEV,"Higher Ground Technologies, Inc.",ACT-00040717,Partner,Enabled,,Cyber Protection,Per workload,Microsoft 365 Shared seats protected,,,Unlimited,19,1,0,0,19,1,N/A,N/A,,,,SPDCMSENS
2026-05-01,US2_DEV,"Higher Ground Technologies, Inc.",ACT-00040717,Partner,Enabled,,Cyber Protection,Per workload,Network-attached storages (NAS) protected,,,Unlimited,1,0,0,0,1,0,N/A,N/A,,,,SPD5MSENS
2026-05-01,US2_DEV,FastString,,Partner,Enabled,,Cyber Protection,Per workload,Servers protected,,,Unlimited,1,0,0,0,1,0,N/A,N/A,,,,SPEAMSENS
2026-05-01,US2_DEV,FastString,,Partner,Enabled,,Cyber Protection,Per workload,Endpoints protected with EDR,,,Unlimited,1,0,0,0,1,0,N/A,N/A,,,,SRIAMSENS
2026-05-01,US2_DEV,FastString,,Partner,Enabled,,Cyber Protection,Per workload,Cloud Storage (abgw-phx1-arp2.acronis.com) used - Class 2,Acronis Cloud,GB,Unlimited,1149.37,-1.78,0.00,0.00,1149.37,-1.78,N/A,N/A,,acronis,,SPDAMSENS
2026-05-01,US2_DEV,Webetek,ACT-00034035,Partner,Enabled,,Cyber Protection,Per workload,Servers protected,,,2,1,0,0,0,1,0,N/A,N/A,,,,SPEAMSENS
2026-05-01,US2_DEV,Webetek,ACT-00034035,Partner,Enabled,,Cyber Protection,Per workload,Cloud Storage (abgw-phx1-arp2.acronis.com) used - Class 2,Acronis Cloud,GB,Unlimited,315.29,2.25,0.00,0.00,315.29,2.25,N/A,N/A,,acronis,,SPDAMSENS
2026-05-01,US2_DEV,Southwest Office Systems Inc,,Partner,Enabled,,Cyber Protection,Per workload,Servers protected,,,Unlimited,3,0,0,0,3,0,N/A,N/A,,,,SPEAMSENS
2026-05-01,US2_DEV,Southwest Office Systems Inc,,Partner,Enabled,,Cyber Protection,Per workload,VMs protected,,,Unlimited,6,0,0,0,6,0,N/A,N/A,,,,SPFAMSENS
2026-05-01,US2_DEV,Southwest Office Systems Inc,,Partner,Enabled,,Cyber Protection,Per workload,Endpoints protected with EDR,,,Unlimited,9,1,0,0,9,1,N/A,N/A,,,,SRIAMSENS
2026-05-01,US2_DEV,Southwest Office Systems Inc,,Partner,Enabled,,Cyber Protection,Per workload,Cloud Storage (abgw-phx1-arp2.acronis.com) used - Class 2,Acronis Cloud,GB,Unlimited,1193.65,-36.97,0.00,0.00,1193.65,-36.97,N/A,N/A,,acronis,,SPDAMSENS
2026-05-01,US2_DEV,Southwest Office Systems Inc,,Partner,Enabled,,Cyber Protection,Per workload,Disaster Recovery storage used,Acronis Cloud,GB,Unlimited,809.36,-11.36,0.00,0.00,809.36,-11.36,N/A,N/A,,acronis,,SVEAMSENS
2026-05-01,US2_DEV,Direct Distributors,,Partner,Enabled,,Cyber Protection,Per workload,Workstations protected,,,Unlimited,5,0,0,0,5,0,N/A,N/A,,,,SPGAMSENS
2026-05-01,US2_DEV,Direct Distributors,,Partner,Enabled,,Cyber Protection,Per workload,Servers protected,,,Unlimited,13,0,0,0,13,0,N/A,N/A,,,,SPEAMSENS
2026-05-01,AUS_GIG,Glory Global Solutions NZ,,Partner,Enabled,,Cyber Protection,Per gigabyte,Cloud Storage (abgw-syd1-acs2.acronis.com) used - Class 2,Acronis Cloud,GB,Unlimited,48.59,2.42,0.00,0.00,48.59,2.42,N/A,N/A,,acronis,,SPBAMSENS
2026-05-01,AUS_GIG,BCIT Solutions,,Partner,Enabled,,Cyber Protection,Per workload,Workstations protected,,,Unlimited,10,0,0,0,10,0,N/A,N/A,,,,SPGAMSENS
2026-05-01,AUS_GIG,BCIT Solutions,,Partner,Enabled,,Cyber Protection,Per workload,Servers protected,,,Unlimited,2,0,0,0,2,0,N/A,N/A,,,,SPEAMSENS
2026-05-01,AUS_GIG,BCIT Solutions,,Partner,Enabled,,Cyber Protection,Per workload,VMs protected,,,Unlimited,15,-2,0,0,15,-2,N/A,N/A,,,,SPFAMSENS
2026-05-01,AUS_GIG,BCIT Solutions,,Partner,Enabled,,Cyber Protection,Per workload,Cloud Storage (abgw-syd1-acs2.acronis.com) used - Class 2,Acronis Cloud,GB,Unlimited,17777.07,30.67,0.00,0.00,17777.07,30.67,N/A,N/A,,acronis,,SPDAMSENS
2026-05-01,AUS_GIG,Platform 24,,Partner,Enabled,,Cyber Protection,Per workload,Servers protected,,,Unlimited,4,0,0,0,4,0,N/A,N/A,,,,SPEAMSENS
2026-05-01,AUS_GIG,Platform 24,,Partner,Enabled,,Cyber Protection,Per workload,VMs protected,,,Unlimited,7,0,0,0,7,0,N/A,N/A,,,,SPFAMSENS
2026-05-01,AUS_GIG,Platform 24,,Partner,Enabled,,Cyber Protection,Per workload,Cloud Storage (abgw-syd1-acs2.acronis.com) used - Class 2,Acronis Cloud,GB,Unlimited,12345.08,355.98,0.00,0.00,12345.08,355.98,N/A,N/A,,acronis,,SPDAMSENS
2026-05-01,AUS_GIG,Platform 24,,Partner,Enabled,,Cyber Protection,Per workload,Disaster Recovery storage used,Acronis Cloud,GB,Unlimited,5327.27,152.85,0.00,0.00,5327.27,152.85,N/A,N/A,,acronis,,SVEAMSENS
2026-05-01,AUS_GIG,Platform 24,,Partner,Enabled,,Cyber Protection,Per workload,Disaster Recovery public IP addresses,Acronis Cloud,,Unlimited,5,0,0,0,5,0,N/A,N/A,,acronis,,SEDAMSENS
2026-05-01,AUS_GIG,Platform 24,,Partner,Enabled,,Cyber Protection,Per workload,Disaster Recovery compute points,Acronis Cloud,,Unlimited,7.70,7.70,0.00,0.00,7.70,7.70,N/A,N/A,,acronis,,SQYAMSENS
2026-05-01,AUS_DEV,JEC Technologies Group,,Partner,Enabled,,Cyber Protection,Per workload,Cloud Storage (abgw-syd1-acs2.acronis.com) used - Class 2,Acronis Cloud,GB,Unlimited,443.48,0.00,0.00,0.00,443.48,0.00,N/A,N/A,,acronis,,SPDAMSENS
2026-05-01,SG1_GIG,Bel USA LLC,,Partner,Enabled,,Cyber Protection,Per gigabyte,Endpoints protected with EDR,,,Unlimited,19,0,0,0,19,0,N/A,N/A,,,,SRIAMSENS
2026-05-01,SG1_GIG,Bel USA LLC,,Partner,Enabled,,Cyber Protection,,Local Storage Per gigabyte,,GB,Unlimited,1749.95,0.00,0.00,0.00,1749.95,0.00,N/A,N/A,,,,SP4BMSENS
2026-05-01,SG1_GIG,Bel USA LLC,,Partner,Enabled,,Cyber Protection,Per gigabyte,Cloud Storage (abgw-sin2-acs1.acronis.com) used - Class 2,Acronis Cloud,GB,Unlimited,10770.46,-4.08,0.00,0.00,10770.46,-4.08,N/A,N/A,,acronis,,SPBAMSENS
2026-05-01,US_Master,Nitor Solutions+partner,,Partner,Enabled,,Cyber Protection,Per workload,Workstations protected,,,Unlimited,11,0,0,0,11,0,N/A,N/A,,,,SPGAMSENS
2026-05-01,US_Master,Nitor Solutions+partner,,Partner,Enabled,,Cyber Protection,Per workload,Endpoints protected with EDR,,,Unlimited,1,0,0,0,1,0,N/A,N/A,,,,SRIAMSENS
2026-05-01,US_Master,Nitor Solutions+partner,,Partner,Enabled,,Cyber Protection,Per workload,Cloud Storage (abgw-phx1-arp2.acronis.com) used - Class 2,Acronis Cloud,GB,Unlimited,5498.81,-223.43,0.00,0.00,5498.81,-223.43,N/A,N/A,,acronis,,SPDAMSENS
2026-05-01,US_Master,Carter Computer Consulting,,Partner,Enabled,,Cyber Protection,Per workload,Workstations protected,,,Unlimited,26,-1,0,0,26,-1,N/A,N/A,,,,SPGAMSENS
2026-05-01,US_Master,Carter Computer Consulting,,Partner,Enabled,,Cyber Protection,Per workload,VMs protected,,,Unlimited,2,0,0,0,2,0,N/A,N/A,,,,SPFAMSENS
2026-05-01,US_Master,Carter Computer Consulting,,Partner,Enabled,,Cyber Protection,Per workload,Mobiles protected,,,Unlimited,1,0,0,0,1,0,N/A,N/A,,,,SRBAMSENS
2026-05-01,US_Master,Carter Computer Consulting,,Partner,Enabled,,Cyber Protection,Per workload,Cloud Storage (abgw-phx1-arp2.acronis.com) used - Class 2,Acronis Cloud,GB,Unlimited,20997.52,-695.89,0.00,0.00,20997.52,-695.89,N/A,N/A,,acronis,,SPDAMSENS
2026-05-01,US_Master,Carter Computer Consulting,,Partner,Enabled,,Cyber Protection,Per workload,Microsoft 365 Seats protected (Acronis Storage G1),Acronis Cloud,,Unlimited,111,-12,0,0,111,-12,N/A,N/A,,acronis,,SRJAMSENS
2026-05-01,US_Master,Carter Computer Consulting,,Partner,Enabled,,Cyber Protection,Per workload,Microsoft 365 Shared seats protected,,,Unlimited,35,-1,0,0,35,-1,N/A,N/A,,,,SPDCMSENS
2026-05-01,US_Master,Kezber,,Partner,Enabled,,Cyber Protection,Per workload,Workstations protected,,,Unlimited,0,-17,0,0,0,-17,N/A,N/A,,,,SPGAMSENS
2026-05-01,US_Master,Kezber,,Partner,Enabled,,Cyber Protection,Per workload,Servers protected,,,Unlimited,0,-6,0,0,0,-6,N/A,N/A,,,,SPEAMSENS
2026-05-01,US_Master,Kezber,,Partner,Enabled,,Cyber Protection,Per workload,VMs protected,,,Unlimited,0,-160,0,0,0,-160,N/A,N/A,,,,SPFAMSENS
2026-05-01,US_Master,Kezber,,Partner,Enabled,,Cyber Protection,Per workload,"Cloud Storage (Toronto, Canada - abgw-yyz2-acs01-nn1-us2.acronis.com) used - Class 2",Google Cloud,GB,Unlimited,0.00,-144310.07,0.00,0.00,0.00,-144310.07,N/A,N/A,,acronis,,SPDAMSENS
2026-05-01,US_Master,Kezber,,Partner,Enabled,,Cyber Protection,Per workload,Microsoft 365 Shared seats protected,,,Unlimited,0,-956,0,0,0,-956,N/A,N/A,,,,SPDCMSENS
2026-05-01,US_Master,Kezber,,Partner,Enabled,,Cyber Protection,Per workload,Microsoft 365 Seats protected (Acronis Storage G1),Google Cloud,,Unlimited,0,-1307,0,0,0,-1307,N/A,N/A,,acronis,,SRJAMSENS
2026-05-01,US_Master,Bellwether Technology Corporation,,Partner,Enabled,,Cyber Protection,Per workload,VMs protected,,,Unlimited,1,0,0,0,1,0,N/A,N/A,,,,SPFAMSENS
2026-05-01,US_Master,Bellwether Technology Corporation,,Partner,Enabled,,Sync & Share,File Sync & Share (per user),Users,,,Unlimited,19,0,0,0,19,0,N/A,N/A,,,,SPIAMSENS
2026-05-01,US_Master,Bellwether Technology Corporation,,Partner,Enabled,,Cyber Protection,Per workload,Cloud Storage (abgw-phx1-arp2-r01.acronis.com) used - Class 2,Acronis Cloud,GB,Unlimited,7527.64,-5.75,0.00,0.00,7527.64,-5.75,N/A,N/A,,acronis,,SPDAMSENS
2026-05-01,US_Master,Bellwether Technology Corporation,,Partner,Enabled,,Cyber Protection,Per workload,Cloud Storage (abgw-phx1-arp2.acronis.com) used - Class 2,Acronis Cloud,GB,Unlimited,16343.79,-114.82,0.00,0.00,16343.79,-114.82,N/A,N/A,,acronis,,SPDAMSENS
2026-05-01,US_Master,Avalon Hills,,Partner,Enabled,,Cyber Protection,Per gigabyte,RMM,,,Unlimited,1,-1,0,0,1,-1,N/A,N/A,,,,SRHAMSENS
2026-05-01,US_Master,Avalon Hills,,Partner,Enabled,,Cyber Protection,Per gigabyte,Endpoints protected with EDR,,,Unlimited,0,-2,0,0,0,-2,N/A,N/A,,,,SRIAMSENS
2026-05-01,US_Master,Avalon Hills,,Partner,Enabled,,Cyber Protection,,Local Storage Per gigabyte,,GB,Unlimited,1031.20,609.78,0.00,0.00,1031.20,609.78,N/A,N/A,,,,SP4BMSENS
2026-05-01,US_Master,Avalon Hills,,Partner,Enabled,,Cyber Protection,Per gigabyte,Cloud Storage (abgw-phx1-arp2.acronis.com) used - Class 2,Acronis Cloud,GB,Unlimited,988.87,9.71,0.00,0.00,988.87,9.71,N/A,N/A,,acronis,,SPBAMSENS
2026-05-01,US_Master,"FSi Strategies, Inc.",38718,Partner,Enabled,,Cyber Protection,,Local Storage Per gigabyte,,GB,Unlimited,3450.23,0.00,0.00,0.00,3450.23,0.00,N/A,N/A,,,,SP4BMSENS
2026-05-01,US_Master,"FSi Strategies, Inc.",38718,Partner,Enabled,,Cyber Protection,Per gigabyte,Cloud Storage (abgw-phx1-arp2-r01.acronis.com) used - Class 2,Acronis Cloud,GB,Unlimited,2244.60,20.47,0.00,0.00,2244.60,20.47,N/A,N/A,,acronis,,SPBAMSENS
2026-05-01,US_Master,"FSi Strategies, Inc.",38718,Partner,Enabled,,Cyber Protection,Per gigabyte,Cloud Storage (abgw-phx1-arp2.acronis.com) used - Class 2,Acronis Cloud,GB,Unlimited,1602.60,13.86,0.00,0.00,1602.60,13.86,N/A,N/A,,acronis,,SPBAMSENS
2026-05-01,US_Master,"Xpertechs, LLC",,Partner,Enabled,,Cyber Protection,Per gigabyte,Cloud Storage (abgw-phx1-arp2.acronis.com) used - Class 2,Acronis Cloud,GB,Unlimited,2522.40,-30.76,0.00,0.00,2522.40,-30.76,N/A,N/A,,acronis,,SPBAMSENS
2026-05-01,US_Master,"Blough Tech, Inc.",,Partner,Enabled,,Cyber Protection,Per workload,Servers protected,,,Unlimited,1,0,0,0,1,0,N/A,N/A,,,,SPEAMSENS
2026-05-01,US_Master,"Blough Tech, Inc.",,Partner,Enabled,,Sync & Share,File Sync & Share (per user),Users,,,Unlimited,1,0,0,0,1,0,N/A,N/A,,,,SPIAMSENS
2026-05-01,US_Master,bdManagedIT,"osa_account_id=1095311;osa_subscription_id=1232386,1195416,1195415",Partner,Enabled,,Cyber Protection,Per workload,Workstations protected,,,Unlimited,1,0,0,0,1,0,N/A,N/A,Per workload,,2,SPGAMSENS
2026-05-01,US_Master,bdManagedIT,"osa_account_id=1095311;osa_subscription_id=1232386,1195416,1195415",Partner,Enabled,,Cyber Protection,Per workload,VMs protected,,,Unlimited,2,0,0,0,2,0,N/A,N/A,Per workload,,2,SPFAMSENS
2026-05-01,US_Master,bdManagedIT,"osa_account_id=1095311;osa_subscription_id=1232386,1195416,1195415",Partner,Enabled,,Sync & Share,File Sync & Share (per user),Users,,,Unlimited,3,0,0,0,3,0,N/A,N/A,Per workload,,2,SPIAMSENS
2026-05-01,US_Master,bdManagedIT,"osa_account_id=1095311;osa_subscription_id=1232386,1195416,1195415",Partner,Enabled,,Cyber Protection,Per workload,Direct Backup to Public Cloud VMs protected,,,Unlimited,1,0,0,0,1,0,N/A,N/A,Per workload,,2,SREUMSENS
2026-05-01,US_Master,bdManagedIT,"osa_account_id=1095311;osa_subscription_id=1232386,1195416,1195415",Partner,Enabled,,Cyber Protection,Per workload,Cloud Storage (abgw-phx1-arp2.acronis.com) used - Class 2,Acronis Cloud,GB,Unlimited,2704.74,445.57,0.00,0.00,2704.74,445.57,N/A,N/A,Per workload,acronis,2,SPDAMSENS
2026-05-01,US_Master,bdManagedIT,"osa_account_id=1095311;osa_subscription_id=1232386,1195416,1195415",Partner,Enabled,,Cyber Protection,Per workload,Email and Collaboration Security mailboxes protected,,,Unlimited,1059,-5,0,0,1059,-5,N/A,N/A,Per workload,,2,SO4AMSENS
2026-05-01,US_Master,bdManagedIT,"osa_account_id=1095311;osa_subscription_id=1232386,1195416,1195415",Partner,Enabled,,Cyber Protection,Per workload,Security Awareness Training seats enrolled,,,Unlimited,466,7,0,0,466,7,N/A,N/A,Per workload,,2,SBATFNLOS
2026-05-01,US_Master,Computer Engineering Group,,Partner,Enabled,,Cyber Protection,Per workload,Workstations protected,,,Unlimited,1,0,0,0,1,0,N/A,N/A,,,3,SPGAMSENS
2026-05-01,US_Master,Computer Engineering Group,,Partner,Enabled,,Sync & Share,File Sync & Share (per user),Users,,,Unlimited,3,0,0,0,3,0,N/A,N/A,,,3,SPIAMSENS
2026-05-01,US_Master,Computer Engineering Group,,Partner,Enabled,,Cyber Protection,Per workload,Cloud Storage (abgw-phx1-arp2.acronis.com) used - Class 2,Acronis Cloud,GB,Unlimited,3197.95,-56125.09,0.00,0.00,3197.95,-56125.09,N/A,N/A,,acronis,3,SPDAMSENS
2026-05-01,US_Master,Computer Engineering Group,,Partner,Enabled,,Cyber Protection,Per workload,Microsoft 365 Seats protected (Acronis Storage G1),Acronis Cloud,,Unlimited,938,-4,0,0,938,-4,N/A,N/A,,acronis,3,SRJAMSENS
2026-05-01,US_Master,Computer Engineering Group,,Partner,Enabled,,Cyber Protection,Per workload,Microsoft 365 Shared seats protected,,,Unlimited,482,4,0,0,482,4,N/A,N/A,,,3,SPDCMSENS
2026-05-01,US_Master,Computer Engineering Group,,Partner,Enabled,,Cyber Protection,Per workload,Google Workspace seats protected (Acronis Storage G1),Acronis Cloud,,Unlimited,52,0,0,0,52,0,N/A,N/A,,acronis,3,SQ8AMSENS
2026-05-01,US_Master,Technology on Premise,,Partner,Disabled,,Cyber Protection,Per workload,Servers protected,,,Unlimited,0,-8,0,0,0,-8,N/A,N/A,,,,SPEAMSENS
2026-05-01,US_Master,Technology on Premise,,Partner,Disabled,,Cyber Protection,Per workload,VMs protected,,,Unlimited,0,-9,0,0,0,-9,N/A,N/A,,,,SPFAMSENS
2026-05-01,US_Master,Technology on Premise,,Partner,Disabled,,Sync & Share,File Sync & Share (per user),Users,,,Unlimited,1,0,0,0,1,0,N/A,N/A,,,,SPIAMSENS
2026-05-01,US_Master,Technology on Premise,,Partner,Disabled,,Cyber Protection,Per workload,RMM,,,Unlimited,0,-2,0,0,0,-2,N/A,N/A,,,,SRHAMSENS
2026-05-01,US_Master,Technology on Premise,,Partner,Disabled,,Cyber Protection,Per workload,Endpoints protected with EDR,,,Unlimited,0,-11,0,0,0,-11,N/A,N/A,,,,SRIAMSENS
2026-05-01,US_Master,Technology on Premise,,Partner,Disabled,,Cyber Protection,Per workload,Cloud Storage (abgw-phx1-arp2-r01.acronis.com) used - Class 2,Acronis Cloud,GB,Unlimited,641.08,-4.99,0.00,0.00,641.08,-4.99,N/A,N/A,,acronis,,SPDAMSENS
2026-05-01,US_Master,Technology on Premise,,Partner,Disabled,,Cyber Protection,Per workload,Cloud Storage (abgw-phx1-arp2.acronis.com) used - Class 2,Acronis Cloud,GB,Unlimited,6854.71,-236.49,0.00,0.00,6854.71,-236.49,N/A,N/A,,acronis,,SPDAMSENS
2026-05-01,US_Master,"Strong Connexions, Inc.",,Partner,Enabled,,Cyber Protection,Per gigabyte,Cloud Storage (abgw-phx1-arp2.acronis.com) used - Class 2,Acronis Cloud,GB,Unlimited,5582.41,-0.92,0.00,0.00,5582.41,-0.92,N/A,N/A,,acronis,,SPBAMSENS
2026-05-01,US_Master,"TechnoLogyx, Inc.",,Partner,Enabled,,Cyber Protection,Per workload,Servers protected,,,Unlimited,2,0,0,0,2,0,N/A,N/A,,,,SPEAMSENS
2026-05-01,US_Master,"TechnoLogyx, Inc.",,Partner,Enabled,,Cyber Protection,Per workload,Endpoints protected with EDR,,,Unlimited,1,0,0,0,1,0,N/A,N/A,,,,SRIAMSENS
2026-05-01,US_Master,"TechnoLogyx, Inc.",,Partner,Enabled,,Cyber Protection,Per gigabyte,Cloud Storage (abgw-phx1-arp2.acronis.com) used - Class 2,Acronis Cloud,GB,Unlimited,6.68,0.00,0.00,0.00,6.68,0.00,N/A,N/A,,acronis,,SPBAMSENS
2026-05-01,US_Master,"TechnoLogyx, Inc.",,Partner,Enabled,,Cyber Protection,Per workload,Cloud Storage (abgw-phx1-arp2.acronis.com) used - Class 2,Acronis Cloud,GB,Unlimited,586.81,-13.08,0.00,0.00,586.81,-13.08,N/A,N/A,,acronis,,SPDAMSENS
2026-05-01,US_Master,QIT Solutions,ACT-00265920,Partner,Enabled,,Cyber Protection,Per workload,Workstations protected,,,Unlimited,21,-1,0,0,21,-1,N/A,N/A,,,,SPGAMSENS
2026-05-01,US_Master,QIT Solutions,ACT-00265920,Partner,Enabled,,Cyber Protection,Per workload,Servers protected,,,Unlimited,15,-1,0,0,15,-1,N/A,N/A,,,,SPEAMSENS
2026-05-01,US_Master,QIT Solutions,ACT-00265920,Partner,Enabled,,Cyber Protection,Per workload,VMs protected,,,Unlimited,394,-1,0,0,394,-1,N/A,N/A,,,,SPFAMSENS
2026-05-01,US_Master,QIT Solutions,ACT-00265920,Partner,Enabled,,Sync & Share,File Sync & Share (per user),Users,,,Unlimited,30,-1,0,0,30,-1,N/A,N/A,,,,SPIAMSENS
2026-05-01,US_Master,QIT Solutions,ACT-00265920,Partner,Enabled,,Cyber Protection,Per workload,Web Hosting Servers protected,,,Unlimited,10,-1,0,0,10,-1,N/A,N/A,,,,SQ7AMSENS
2026-05-01,US_Master,QIT Solutions,ACT-00265920,Partner,Enabled,,Cyber Protection,Per workload,RMM,,,Unlimited,1,0,0,0,1,0,N/A,N/A,,,,SRHAMSENS
2026-05-01,US_Master,QIT Solutions,ACT-00265920,Partner,Enabled,,Cyber Protection,Per workload,Endpoints protected with EDR,,,Unlimited,1,0,0,0,1,0,N/A,N/A,,,,SRIAMSENS
2026-05-01,US_Master,QIT Solutions,ACT-00265920,Partner,Enabled,,Cyber Protection,Per gigabyte,Cloud Storage (abgw-phx1-arp2-r01.acronis.com) used - Class 2,Acronis Cloud,GB,Unlimited,594.52,19.16,0.00,0.00,594.52,19.16,N/A,N/A,,acronis,,SPBAMSENS
2026-05-01,US_Master,QIT Solutions,ACT-00265920,Partner,Enabled,,Cyber Protection,Per workload,Cloud Storage (abgw-phx1-arp2-r01.acronis.com) used - Class 2,Acronis Cloud,GB,Unlimited,47755.30,-486.89,0.00,0.00,47755.30,-486.89,N/A,N/A,,acronis,,SPDAMSENS
2026-05-01,US_Master,QIT Solutions,ACT-00265920,Partner,Enabled,,Cyber Protection,Per workload,Cloud Storage (baas-fes-us3.acronis.com) used - Class 2,Acronis Cloud,GB,Unlimited,117.60,-0.12,0.00,0.00,117.60,-0.12,N/A,N/A,,acronis,,SPDAMSENS
2026-05-01,US_Master,QIT Solutions,ACT-00265920,Partner,Enabled,,Cyber Protection,Per gigabyte,Cloud Storage (abgw-phx1-arp2.acronis.com) used - Class 2,Acronis Cloud,GB,Unlimited,558.38,16.55,0.00,0.00,558.38,16.55,N/A,N/A,,acronis,,SPBAMSENS
2026-05-01,US_Master,QIT Solutions,ACT-00265920,Partner,Enabled,,Cyber Protection,Per workload,Cloud Storage (abgw-phx1-arp2.acronis.com) used - Class 2,Acronis Cloud,GB,Unlimited,82096.60,3836.70,0.00,0.00,82096.60,3836.70,N/A,N/A,,acronis,,SPDAMSENS
2026-05-01,US_Master,QIT Solutions,ACT-00265920,Partner,Enabled,,Cyber Protection,Per workload,Disaster Recovery storage used,Acronis Cloud,GB,Unlimited,805.99,67.50,0.00,0.00,805.99,67.50,N/A,N/A,,acronis,,SVEAMSENS
2026-05-01,US_Master,QIT Solutions,ACT-00265920,Partner,Enabled,,Cyber Protection,Per workload,Microsoft 365 Seats protected (Acronis Storage G1),Acronis Cloud,,Unlimited,974,-119,0,0,974,-119,N/A,N/A,,acronis,,SRJAMSENS
2026-05-01,US_Master,QIT Solutions,ACT-00265920,Partner,Enabled,,Cyber Protection,Per workload,Microsoft 365 Seats protected (Acronis Storage G1),Acronis Cloud,,Unlimited,724,-155,0,0,724,-155,N/A,N/A,,acronis,,SRJAMSENS
2026-05-01,US_Master,QIT Solutions,ACT-00265920,Partner,Enabled,,Cyber Protection,Per workload,Microsoft 365 Shared seats protected,,,Unlimited,4182,17,0,0,4182,17,N/A,N/A,,,,SPDCMSENS
2026-05-01,US_Master,QIT Solutions,ACT-00265920,Partner,Enabled,,Cyber Protection,Per workload,Google Workspace seats protected (Acronis Storage G1),Acronis Cloud,,Unlimited,0,-2,0,0,0,-2,N/A,N/A,,acronis,,SQ8AMSENS
2026-05-01,US_Master,QIT Solutions,ACT-00265920,Partner,Enabled,,Cyber Protection,Per workload,Google Workspace seats protected (Acronis Storage G1),Acronis Cloud,,Unlimited,89,3,0,0,89,3,N/A,N/A,,acronis,,SQ8AMSENS
2026-05-01,US_Master,PC Solutions,,Partner,Enabled,,Cyber Protection,Per gigabyte,Endpoints protected with EDR,,,Unlimited,1,0,0,0,1,0,N/A,N/A,,,,SRIAMSENS
2026-05-01,US_Master,PC Solutions,,Partner,Enabled,,Cyber Protection,Per gigabyte,Cloud Storage (abgw-phx1-arp2.acronis.com) used - Class 2,Acronis Cloud,GB,Unlimited,1323.46,2.81,0.00,0.00,1323.46,2.81,N/A,N/A,,acronis,,SPBAMSENS
2026-05-01,US_Master,Law Office of David M. Sperling,,Partner,Enabled,,Cyber Protection,,Local Storage Per gigabyte,,GB,Unlimited,1192.45,0.00,0.00,0.00,1192.45,0.00,N/A,N/A,,,,SP4BMSENS
2026-05-01,US_Master,Law Office of David M. Sperling,,Partner,Enabled,,Cyber Protection,Per gigabyte,Cloud Storage (abgw-phx1-arp2.acronis.com) used - Class 2,Acronis Cloud,GB,Unlimited,1764.32,-7.56,0.00,0.00,1764.32,-7.56,N/A,N/A,,acronis,,SPBAMSENS
2026-05-01,US_Master,Virtual Office Solutions,,Partner,Enabled,,Cyber Protection,Per workload,Workstations protected,,,Unlimited,33,2,0,-1,33,1,N/A,N/A,,,,SPGAMSENS
2026-05-01,US_Master,Virtual Office Solutions,,Partner,Enabled,,Cyber Protection,Per workload,Servers protected,,,Unlimited,10,0,0,0,10,0,N/A,N/A,,,,SPEAMSENS
2026-05-01,US_Master,Virtual Office Solutions,,Partner,Enabled,,Cyber Protection,Per workload,VMs protected,,,Unlimited,11,-1,0,0,11,-1,N/A,N/A,,,,SPFAMSENS
2026-05-01,US_Master,Virtual Office Solutions,,Partner,Enabled,,Sync & Share,File Sync & Share (per user),Users,,,Unlimited,2,0,0,0,2,0,N/A,N/A,,,,SPIAMSENS
2026-05-01,US_Master,Virtual Office Solutions,,Partner,Enabled,,Cyber Protection,Per workload,Cloud Storage (abgw-phx1-arp2.acronis.com) used - Class 2,Acronis Cloud,GB,Unlimited,20648.12,140.01,0.00,-16.66,20648.12,123.35,N/A,N/A,,acronis,,SPDAMSENS
2026-05-01,US_Master,Hilltop Valley Consulting,,Partner,Enabled,,Cyber Protection,Per workload,Servers protected,,,Unlimited,3,2,0,0,3,2,N/A,N/A,,,,SPEAMSENS
2026-05-01,US_Master,Hilltop Valley Consulting,,Partner,Enabled,,Cyber Protection,Per workload,VMs protected,,,Unlimited,6,0,0,0,6,0,N/A,N/A,,,,SPFAMSENS
2026-05-01,US_Master,Resonant Technology Partners LLC,,Partner,Enabled,,Cyber Protection,Per gigabyte,RMM,,,Unlimited,6,-1,0,0,6,-1,N/A,N/A,,,,SRHAMSENS
2026-05-01,US_Master,Resonant Technology Partners LLC,,Partner,Enabled,,Cyber Protection,Per gigabyte,Endpoints protected with EDR,,,Unlimited,6,-1,0,0,6,-1,N/A,N/A,,,,SRIAMSENS
2026-05-01,US_Master,Resonant Technology Partners LLC,,Partner,Enabled,,Cyber Protection,Per gigabyte,Cloud Storage (abgw-phx1-arp2-r01.acronis.com) used - Class 2,Acronis Cloud,GB,Unlimited,1800.79,24.96,0.00,0.00,1800.79,24.96,N/A,N/A,,acronis,,SPBAMSENS
2026-05-01,US_Master,Resonant Technology Partners LLC,,Partner,Enabled,,Cyber Protection,Per gigabyte,Cloud Storage (baas-fes-us3.acronis.com) used - Class 2,Acronis Cloud,GB,Unlimited,1114.73,23.76,0.00,0.00,1114.73,23.76,N/A,N/A,,acronis,,SPBAMSENS
2026-05-01,US_Master,Resonant Technology Partners LLC,,Partner,Enabled,,Cyber Protection,Per gigabyte,Cloud Storage (abgw-phx1-arp2.acronis.com) used - Class 2,Acronis Cloud,GB,Unlimited,400.04,-6.71,0.00,0.00,400.04,-6.71,N/A,N/A,,acronis,,SPBAMSENS
2026-05-01,US_Master,Resonant Technology Partners LLC,,Partner,Enabled,,Cyber Protection,Per gigabyte,Data Loss Prevention workloads protected,,,Unlimited,1,0,0,0,1,0,N/A,N/A,,,,SRI5MSENS
2026-05-01,US_Master,Blackleaf Solutions LLC,,Partner,Enabled,,Cyber Protection,Per workload,Servers protected,,,Unlimited,5,0,0,0,5,0,N/A,N/A,,,,SPEAMSENS
2026-05-01,US_Master,Blackleaf Solutions LLC,,Partner,Enabled,,Cyber Protection,Per workload,VMs protected,,,Unlimited,10,0,0,0,10,0,N/A,N/A,,,,SPFAMSENS
2026-05-01,US_Master,Blackleaf Solutions LLC,,Partner,Enabled,,Sync & Share,File Sync & Share (per user),Users,,,Unlimited,1,0,0,0,1,0,N/A,N/A,,,,SPIAMSENS
2026-05-01,US_Master,Promethius Consulting,,Partner,Enabled,,Cyber Protection,Per workload,Workstations protected,,,Unlimited,3,0,0,0,3,0,N/A,N/A,,,,SPGAMSENS
2026-05-01,US_Master,Promethius Consulting,,Partner,Enabled,,Cyber Protection,Per workload,Servers protected,,,Unlimited,12,0,0,0,12,0,N/A,N/A,,,,SPEAMSENS
2026-05-01,US_Master,Promethius Consulting,,Partner,Enabled,,Cyber Protection,Per workload,VMs protected,,,Unlimited,11,0,0,0,11,0,N/A,N/A,,,,SPFAMSENS
2026-05-01,US_Master,Promethius Consulting,,Partner,Enabled,,Sync & Share,File Sync & Share (per user),Users,,,Unlimited,6,0,0,0,6,0,N/A,N/A,,,,SPIAMSENS
2026-05-01,US_Master,Promethius Consulting,,Partner,Enabled,,Cyber Protection,Per workload,Endpoints protected with EDR,,,Unlimited,1,0,0,0,1,0,N/A,N/A,,,,SRIAMSENS
2026-05-01,US_Master,Promethius Consulting,,Partner,Enabled,,Cyber Protection,Per workload,Cloud Storage (abgw-phx1-arp2.acronis.com) used - Class 2,Acronis Cloud,GB,Unlimited,12283.87,-230.69,0.00,0.00,12283.87,-230.69,N/A,N/A,,acronis,,SPDAMSENS
2026-05-01,US_Master,SatCom & Computers,,Partner,Enabled,,Cyber Protection,Per workload,Workstations protected,,,Unlimited,31,-4,0,0,31,-4,N/A,N/A,,,,SPGAMSENS
2026-05-01,US_Master,SatCom & Computers,,Partner,Enabled,,Cyber Protection,Per workload,Servers protected,,,Unlimited,8,-2,0,0,8,-2,N/A,N/A,,,,SPEAMSENS
2026-05-01,US_Master,SatCom & Computers,,Partner,Enabled,,Cyber Protection,Per workload,Servers protected (included features),,,Unlimited,0,-1,0,0,0,-1,N/A,N/A,,,,SPDCMSENS
2026-05-01,US_Master,SatCom & Computers,,Partner,Enabled,,Cyber Protection,Per workload,VMs protected,,,Unlimited,0,-4,0,0,0,-4,N/A,N/A,,,,SPFAMSENS
2026-05-01,US_Master,SatCom & Computers,,Partner,Enabled,,Sync & Share,File Sync & Share (per user),Users,,,Unlimited,4,-1,0,0,4,-1,N/A,N/A,,,,SPIAMSENS
2026-05-01,US_Master,SatCom & Computers,,Partner,Enabled,,Cyber Protection,Per workload,RMM,,,Unlimited,5,-1,0,0,5,-1,N/A,N/A,,,,SRHAMSENS
2026-05-01,US_Master,SatCom & Computers,,Partner,Enabled,,Cyber Protection,Per workload,Endpoints protected with EDR,,,Unlimited,7,-1,0,0,7,-1,N/A,N/A,,,,SRIAMSENS
2026-05-01,US_Master,SatCom & Computers,,Partner,Enabled,,Cyber Protection,Per workload,Cloud Storage (abgw-phx1-arp2-r01.acronis.com) used - Class 2,Acronis Cloud,GB,Unlimited,2086.85,-3521.08,0.00,0.00,2086.85,-3521.08,N/A,N/A,,acronis,,SPDAMSENS
2026-05-01,US_Master,SatCom & Computers,,Partner,Enabled,,Cyber Protection,Per workload,Cloud Storage (abgw-phx1-arp2.acronis.com) used - Class 2,Acronis Cloud,GB,Unlimited,7933.15,-2454.97,0.00,0.00,7933.15,-2454.97,N/A,N/A,,acronis,,SPDAMSENS
2026-05-01,US_Master,Cyber Advisors Inc.,,Partner,Enabled,,Cyber Protection,Per workload,Workstations protected,,,Unlimited,3,-15,0,0,3,-15,N/A,N/A,,,,SPGAMSENS
2026-05-01,US_Master,Cyber Advisors Inc.,,Partner,Enabled,,Cyber Protection,Per workload,Servers protected,,,Unlimited,6,0,0,0,6,0,N/A,N/A,,,,SPEAMSENS
2026-05-01,US_Master,Cyber Advisors Inc.,,Partner,Enabled,,Cyber Protection,Per workload,VMs protected,,,Unlimited,9,0,0,0,9,0,N/A,N/A,,,,SPFAMSENS
2026-05-01,US_Master,Cyber Advisors Inc.,,Partner,Enabled,,Sync & Share,File Sync & Share (per user),Users,,,Unlimited,1,0,0,0,1,0,N/A,N/A,,,,SPIAMSENS
2026-05-01,US_Master,Cyber Advisors Inc.,,Partner,Enabled,,Cyber Protection,Per workload,RMM,,,Unlimited,2,0,0,0,2,0,N/A,N/A,,,,SRHAMSENS
2026-05-01,US_Master,Cyber Advisors Inc.,,Partner,Enabled,,Cyber Protection,Per workload,Endpoints protected with EDR,,,Unlimited,4,-12,0,0,4,-12,N/A,N/A,,,,SRIAMSENS
2026-05-01,US_Master,Cyber Advisors Inc.,,Partner,Enabled,,Cyber Protection,Per workload,Cloud Storage (abgw-phx1-arp2.acronis.com) used - Class 2,Acronis Cloud,GB,Unlimited,13275.79,-39.76,0.00,0.00,13275.79,-39.76,N/A,N/A,,acronis,,SPDAMSENS
2026-05-01,US_Master,Custom Solutions,158871,Partner,Enabled,,Cyber Protection,Per workload,Workstations protected,,,Unlimited,10,0,0,0,10,0,N/A,N/A,,,,SPGAMSENS
2026-05-01,US_Master,Custom Solutions,158871,Partner,Enabled,,Cyber Protection,Per workload,Servers protected,,,Unlimited,5,0,0,0,5,0,N/A,N/A,,,,SPEAMSENS
2026-05-01,US_Master,Custom Solutions,158871,Partner,Enabled,,Cyber Protection,Per workload,VMs protected,,,Unlimited,2,0,0,0,2,0,N/A,N/A,,,,SPFAMSENS
2026-05-01,US_Master,Custom Solutions,158871,Partner,Enabled,,Cyber Protection,Per workload,Endpoints protected with EDR,,,Unlimited,5,0,0,0,5,0,N/A,N/A,,,,SRIAMSENS
2026-05-01,US_Master,Custom Solutions,158871,Partner,Enabled,,Cyber Protection,Per workload,Cloud Storage (abgw-phx1-arp2-r01.acronis.com) used - Class 2,Acronis Cloud,GB,Unlimited,1148.79,-0.09,0.00,0.00,1148.79,-0.09,N/A,N/A,,acronis,,SPDAMSENS
2026-05-01,US_Master,Acuity Network Services,,Partner,Enabled,,Cyber Protection,Per workload,Workstations protected,,,Unlimited,38,-6,0,0,38,-6,N/A,N/A,,,,SPGAMSENS
2026-05-01,US_Master,Acuity Network Services,,Partner,Enabled,,Cyber Protection,Per workload,VMs protected,,,Unlimited,5,0,0,0,5,0,N/A,N/A,,,,SPFAMSENS
2026-05-01,US_Master,Acuity Network Services,,Partner,Enabled,,Cyber Protection,Per workload,Cloud Storage (abgw-phx1-arp2.acronis.com) used - Class 2,Acronis Cloud,GB,Unlimited,9421.97,-1116.99,0.00,0.00,9421.97,-1116.99,N/A,N/A,,acronis,,SPDAMSENS
2026-05-01,US_Master,ArgoNet,,Partner,Enabled,,Cyber Protection,Per workload,Workstations protected,,,Unlimited,13,0,0,0,13,0,N/A,N/A,,,,SPGAMSENS
2026-05-01,US_Master,ArgoNet,,Partner,Enabled,,Cyber Protection,Per workload,Servers protected,,,Unlimited,1,0,0,0,1,0,N/A,N/A,,,,SPEAMSENS
2026-05-01,US_Master,ArgoNet,,Partner,Enabled,,Sync & Share,File Sync & Share (per user),Users,,,Unlimited,1,0,0,0,1,0,N/A,N/A,,,,SPIAMSENS
2026-05-01,US_Master,ArgoNet,,Partner,Enabled,,Cyber Protection,Per workload,Endpoints protected with EDR,,,Unlimited,5,0,0,0,5,0,N/A,N/A,,,,SRIAMSENS
2026-05-01,US_Master,ArgoNet,,Partner,Enabled,,Cyber Protection,Per workload,Cloud Storage (abgw-phx1-arp2.acronis.com) used - Class 2,Acronis Cloud,GB,Unlimited,1517.01,-0.78,0.00,0.00,1517.01,-0.78,N/A,N/A,,acronis,,SPDAMSENS
2026-05-01,US_Master,The Cloud Platform,,Partner,Enabled,,Cyber Protection,Per workload,VMs protected,,,Unlimited,3,0,0,0,3,0,N/A,N/A,,,,SPFAMSENS
2026-05-01,US_Master,The Cloud Platform,,Partner,Enabled,,Sync & Share,File Sync & Share (per user),Users,,,Unlimited,1,0,0,0,1,0,N/A,N/A,,,,SPIAMSENS
2026-05-01,US_Master,The Cloud Platform,,Partner,Enabled,,Cyber Protection,Per workload,RMM,,,Unlimited,3,0,0,0,3,0,N/A,N/A,,,,SRHAMSENS
2026-05-01,US_Master,The Cloud Platform,,Partner,Enabled,,Cyber Protection,Per workload,Endpoints protected with EDR,,,Unlimited,3,0,0,0,3,0,N/A,N/A,,,,SRIAMSENS
2026-05-01,US_Master,The Cloud Platform,,Partner,Enabled,,Cyber Protection,Per workload,Cloud Storage (abgw-phx1-arp2.acronis.com) used - Class 2,Acronis Cloud,GB,Unlimited,17502.36,26.80,0.00,0.00,17502.36,26.80,N/A,N/A,,acronis,,SPDAMSENS
2026-05-01,US_Master,The Cloud Platform,,Partner,Enabled,,Cyber Protection,Per workload,Microsoft 365 Seats protected (Acronis Storage G1),Acronis Cloud,,Unlimited,91,-1,0,0,91,-1,N/A,N/A,,acronis,,SRJAMSENS
2026-05-01,US_Master,The Cloud Platform,,Partner,Enabled,,Cyber Protection,Per workload,Microsoft 365 Shared seats protected,,,Unlimited,26,0,0,0,26,0,N/A,N/A,,,,SPDCMSENS
2026-05-01,US_Master,Lemonov LLC,,Partner,Enabled,,Cyber Protection,Per workload,Workstations protected,,,Unlimited,1,0,0,0,1,0,N/A,N/A,,,,SPGAMSENS
2026-05-01,US_Master,Lemonov LLC,,Partner,Enabled,,Cyber Protection,Per workload,Servers protected,,,Unlimited,6,0,0,0,6,0,N/A,N/A,,,,SPEAMSENS
2026-05-01,US_Master,Lemonov LLC,,Partner,Enabled,,Sync & Share,File Sync & Share (per user),Users,,,Unlimited,3,0,0,0,3,0,N/A,N/A,,,,SPIAMSENS
2026-05-01,US_Master,Lemonov LLC,,Partner,Enabled,,Cyber Protection,Per gigabyte,RMM,,,Unlimited,1,0,0,0,1,0,N/A,N/A,,,,SRHAMSENS
2026-05-01,US_Master,Lemonov LLC,,Partner,Enabled,,Cyber Protection,Per workload,RMM,,,Unlimited,1,0,0,0,1,0,N/A,N/A,,,,SRHAMSENS
2026-05-01,US_Master,Lemonov LLC,,Partner,Enabled,,Cyber Protection,Per workload,Endpoints protected with EDR,,,Unlimited,4,0,0,0,4,0,N/A,N/A,,,,SRIAMSENS
2026-05-01,US_Master,Lemonov LLC,,Partner,Enabled,,Cyber Protection,Per gigabyte,Cloud Storage (abgw-phx1-arp2-r01.acronis.com) used - Class 2,Acronis Cloud,GB,Unlimited,172.89,21.40,0.00,0.00,172.89,21.40,N/A,N/A,,acronis,,SPBAMSENS
2026-05-01,US_Master,Lemonov LLC,,Partner,Enabled,,Cyber Protection,Per workload,Cloud Storage (abgw-phx1-arp2-r01.acronis.com) used - Class 2,Acronis Cloud,GB,Unlimited,817.40,4.39,0.00,0.00,817.40,4.39,N/A,N/A,,acronis,,SPDAMSENS
2026-05-01,US_Master,Lemonov LLC,,Partner,Enabled,,Cyber Protection,Per workload,Cloud Storage (baas-fes-us3.acronis.com) used - Class 2,Acronis Cloud,GB,Unlimited,3617.33,623.25,0.00,0.00,3617.33,623.25,N/A,N/A,,acronis,,SPDAMSENS
2026-05-01,US_Master,Lemonov LLC,,Partner,Enabled,,Cyber Protection,Per workload,Cloud Storage (abgw-phx1-arp2.acronis.com) used - Class 2,Acronis Cloud,GB,Unlimited,7528.59,454.11,0.00,0.00,7528.59,454.11,N/A,N/A,,acronis,,SPDAMSENS
2026-05-01,US_Master,Lemonov LLC,,Partner,Enabled,,Cyber Protection,Per workload,Data Loss Prevention workloads protected,,,Unlimited,1,0,0,0,1,0,N/A,N/A,,,,SRI5MSENS
2026-05-01,US_Master,Omni Technologies Alliance,,Partner,Enabled,,Cyber Protection,Per workload,Workstations protected,,,Unlimited,1,0,0,0,1,0,N/A,N/A,,,,SPGAMSENS
2026-05-01,US_Master,Omni Technologies Alliance,,Partner,Enabled,,Cyber Protection,Per workload,Servers protected,,,Unlimited,2,0,0,0,2,0,N/A,N/A,,,,SPEAMSENS
2026-05-01,US_Master,Omni Technologies Alliance,,Partner,Enabled,,Cyber Protection,Per workload,VMs protected,,,Unlimited,2,1,0,0,2,1,N/A,N/A,,,,SPFAMSENS
2026-05-01,US_Master,Omni Technologies Alliance,,Partner,Enabled,,Cyber Protection,Per workload,RMM,,,Unlimited,3,1,0,0,3,1,N/A,N/A,,,,SRHAMSENS
2026-05-01,US_Master,Omni Technologies Alliance,,Partner,Enabled,,Cyber Protection,Per workload,Endpoints protected with EDR,,,Unlimited,4,1,0,0,4,1,N/A,N/A,,,,SRIAMSENS
2026-05-01,US_Master,Omni Technologies Alliance,,Partner,Enabled,,Cyber Protection,Per workload,Cloud Storage (abgw-phx1-arp2.acronis.com) used - Class 2,Acronis Cloud,GB,Unlimited,7220.93,317.85,0.00,0.00,7220.93,317.85,N/A,N/A,,acronis,,SPDAMSENS
2026-05-01,US_Master,Omni Technologies Alliance,,Partner,Enabled,,Cyber Protection,Per workload,Data Loss Prevention workloads protected,,,Unlimited,1,0,0,0,1,0,N/A,N/A,,,,SRI5MSENS
2026-05-01,US_Master,Bulletproof InfoTech Inc.,,Partner,Enabled,,Cyber Protection,Per workload,Workstations protected,,,Unlimited,10,0,0,0,10,0,N/A,N/A,,,,SPGAMSENS
2026-05-01,US_Master,Bulletproof InfoTech Inc.,,Partner,Enabled,,Cyber Protection,Per workload,Servers protected,,,Unlimited,1,0,0,0,1,0,N/A,N/A,,,,SPEAMSENS
2026-05-01,US_Master,Bulletproof InfoTech Inc.,,Partner,Enabled,,Cyber Protection,Per workload,VMs protected,,,Unlimited,129,0,0,0,129,0,N/A,N/A,,,,SPFAMSENS
2026-05-01,US_Master,Bulletproof InfoTech Inc.,,Partner,Enabled,,Cyber Protection,Per workload,"Cloud Storage (Toronto, Canada - abgw-yyz2-acs01-nn1-us2.acronis.com) used - Class 2",Google Cloud,GB,Unlimited,48244.80,-7226.14,0.00,0.00,48244.80,-7226.14,N/A,N/A,,acronis,,SPDAMSENS
2026-05-01,US_Master,Bulletproof InfoTech Inc.,,Partner,Enabled,,Cyber Protection,Per workload,Microsoft 365 Shared seats protected,,,Unlimited,26,2,0,0,26,2,N/A,N/A,,,,SPDCMSENS
2026-05-01,US_Master,Bulletproof InfoTech Inc.,,Partner,Enabled,,Cyber Protection,Per workload,Microsoft 365 Seats protected (Acronis Storage G1),Google Cloud,,Unlimited,37,2,0,0,37,2,N/A,N/A,,acronis,,SRJAMSENS
2026-05-01,US_Master,Community Technology Consultants LLC,,Partner,Enabled,,Cyber Protection,Per workload,Workstations protected,,,Unlimited,26,0,0,0,26,0,N/A,N/A,,,,SPGAMSENS
2026-05-01,US_Master,Community Technology Consultants LLC,,Partner,Enabled,,Cyber Protection,Per workload,Servers protected,,,Unlimited,5,0,0,0,5,0,N/A,N/A,,,,SPEAMSENS
2026-05-01,US_Master,Community Technology Consultants LLC,,Partner,Enabled,,Cyber Protection,Per workload,Endpoints protected with EDR,,,Unlimited,6,0,0,0,6,0,N/A,N/A,,,,SRIAMSENS
2026-05-01,US_Master,Community Technology Consultants LLC,,Partner,Enabled,,Cyber Protection,Per workload,Cloud Storage (abgw-phx1-arp2-r01.acronis.com) used - Class 2,Acronis Cloud,GB,Unlimited,2695.02,25.98,0.00,0.00,2695.02,25.98,N/A,N/A,,acronis,,SPDAMSENS
2026-05-01,US_Master,Community Technology Consultants LLC,,Partner,Enabled,,Cyber Protection,Per workload,Cloud Storage (baas-fes-us3.acronis.com) used - Class 2,Acronis Cloud,GB,Unlimited,252.40,0.94,0.00,0.00,252.40,0.94,N/A,N/A,,acronis,,SPDAMSENS
2026-05-01,US_Master,Community Technology Consultants LLC,,Partner,Enabled,,Cyber Protection,Per workload,Cloud Storage (abgw-phx1-arp2.acronis.com) used - Class 2,Acronis Cloud,GB,Unlimited,2854.73,113.32,0.00,0.00,2854.73,113.32,N/A,N/A,,acronis,,SPDAMSENS
2026-05-01,US_Master,Community Technology Consultants LLC,,Partner,Enabled,,Cyber Protection,Per workload,Microsoft 365 Seats protected (Acronis Storage G1),Acronis Cloud,,Unlimited,8,-2,0,0,8,-2,N/A,N/A,,acronis,,SRJAMSENS
2026-05-01,US_Master,Community Technology Consultants LLC,,Partner,Enabled,,Cyber Protection,Per workload,Microsoft 365 Seats protected (Acronis Storage G1),Acronis Cloud,,Unlimited,137,1,0,0,137,1,N/A,N/A,,acronis,,SRJAMSENS
2026-05-01,US_Master,Community Technology Consultants LLC,,Partner,Enabled,,Cyber Protection,Per workload,Microsoft 365 Shared seats protected,,,Unlimited,141,3,0,0,141,3,N/A,N/A,,,,SPDCMSENS
2026-05-01,US_Master,"Envision Technology Advisors, LLC",,Partner,Enabled,,Cyber Protection,Per gigabyte,Endpoints protected with EDR,,,Unlimited,8,0,0,0,8,0,N/A,N/A,,,,SRIAMSENS
2026-05-01,US_Master,"Envision Technology Advisors, LLC",,Partner,Enabled,,Cyber Protection,,Local Storage Per gigabyte,,GB,Unlimited,0.00,-52.20,0.00,0.00,0.00,-52.20,N/A,N/A,,,,SP4BMSENS
2026-05-01,US_Master,"Envision Technology Advisors, LLC",,Partner,Enabled,,Cyber Protection,Per gigabyte,Cloud Storage (abgw-phx1-arp2.acronis.com) used - Class 2,Acronis Cloud,GB,Unlimited,1527.71,-42.06,0.00,0.00,1527.71,-42.06,N/A,N/A,,acronis,,SPBAMSENS
2026-05-01,US_Master,E2E Technology Solutions,50272,Partner,Enabled,,Cyber Protection,Per workload,Workstations protected,,,Unlimited,46,0,0,0,46,0,N/A,N/A,,,,SPGAMSENS
2026-05-01,US_Master,E2E Technology Solutions,50272,Partner,Enabled,,Cyber Protection,Per workload,Servers protected,,,Unlimited,6,0,0,0,6,0,N/A,N/A,,,,SPEAMSENS
2026-05-01,US_Master,E2E Technology Solutions,50272,Partner,Enabled,,Cyber Protection,Per workload,VMs protected,,,Unlimited,3,-1,0,0,3,-1,N/A,N/A,,,,SPFAMSENS
2026-05-01,US_Master,E2E Technology Solutions,50272,Partner,Enabled,,Cyber Protection,Per workload,Endpoints protected with EDR,,,Unlimited,6,0,0,0,6,0,N/A,N/A,,,,SRIAMSENS
2026-05-01,US_Master,E2E Technology Solutions,50272,Partner,Enabled,,Cyber Protection,Per workload,Cloud Storage (abgw-phx1-arp2-r01.acronis.com) used - Class 2,Acronis Cloud,GB,Unlimited,1130.03,10.34,0.00,0.00,1130.03,10.34,N/A,N/A,,acronis,,SPDAMSENS
2026-05-01,US_Master,E2E Technology Solutions,50272,Partner,Enabled,,Cyber Protection,Per workload,Cloud Storage (abgw-phx1-arp2.acronis.com) used - Class 2,Acronis Cloud,GB,Unlimited,3770.82,-444.95,0.00,0.00,3770.82,-444.95,N/A,N/A,,acronis,,SPDAMSENS
2026-05-01,US_Master,E2E Technology Solutions,50272,Partner,Enabled,,Cyber Protection,Per workload,Data Loss Prevention workloads protected,,,Unlimited,2,0,0,0,2,0,N/A,N/A,,,,SRI5MSENS
2026-05-01,US_Master,Fusion Factor Corporation,29551,Partner,Enabled,,Cyber Protection,Per workload,Servers protected,,,Unlimited,6,0,0,0,6,0,N/A,N/A,,,,SPEAMSENS
2026-05-01,US_Master,Fusion Factor Corporation,29551,Partner,Enabled,,Cyber Protection,Per workload,VMs protected,,,Unlimited,8,0,0,0,8,0,N/A,N/A,,,,SPFAMSENS
2026-05-01,US_Master,Fusion Factor Corporation,29551,Partner,Enabled,,Cyber Protection,Per workload,RMM,,,Unlimited,6,0,0,0,6,0,N/A,N/A,,,,SRHAMSENS
2026-05-01,US_Master,Fusion Factor Corporation,29551,Partner,Enabled,,Cyber Protection,Per workload,Endpoints protected with EDR,,,Unlimited,6,0,0,0,6,0,N/A,N/A,,,,SRIAMSENS
2026-05-01,US_Master,Fusion Factor Corporation,29551,Partner,Enabled,,Cyber Protection,Per workload,Cloud Storage (abgw-phx1-arp2-r01.acronis.com) used - Class 2,Acronis Cloud,GB,Unlimited,8327.13,26.04,0.00,0.00,8327.13,26.04,N/A,N/A,,acronis,,SPDAMSENS
2026-05-01,US_Master,IT In Demand,,Partner,Enabled,,Cyber Protection,Per gigabyte,Cloud Storage (abgw-phx1-arp2-r01.acronis.com) used - Class 2,Acronis Cloud,GB,Unlimited,7710.45,-111.71,0.00,0.00,7710.45,-111.71,N/A,N/A,,acronis,,SPBAMSENS
2026-05-01,US_Master,Cor Managed Services,,Partner,Enabled,,Cyber Protection,Per workload,Workstations protected,,,Unlimited,10,0,0,0,10,0,N/A,N/A,,,,SPGAMSENS
2026-05-01,US_Master,Cor Managed Services,,Partner,Enabled,,Cyber Protection,Per workload,Servers protected,,,Unlimited,1,0,0,0,1,0,N/A,N/A,,,,SPEAMSENS
2026-05-01,US_Master,Cor Managed Services,,Partner,Enabled,,Sync & Share,File Sync & Share (per user),Users,,,Unlimited,9,0,0,0,9,0,N/A,N/A,,,,SPIAMSENS
2026-05-01,US_Master,Cor Managed Services,,Partner,Enabled,,Cyber Protection,Per workload,Cloud Storage (abgw-phx1-arp2.acronis.com) used - Class 2,Acronis Cloud,GB,Unlimited,1202.85,11.72,0.00,0.00,1202.85,11.72,N/A,N/A,,acronis,,SPDAMSENS
2026-05-01,US_Master,Cor Managed Services,,Partner,Enabled,,Cyber Protection,Per workload,Microsoft 365 Seats protected (Acronis Storage G1),Acronis Cloud,,Unlimited,250,-2,0,0,250,-2,N/A,N/A,,acronis,,SRJAMSENS
2026-05-01,US_Master,Cor Managed Services,,Partner,Enabled,,Cyber Protection,Per workload,Microsoft 365 Shared seats protected,,,Unlimited,71,3,0,0,71,3,N/A,N/A,,,,SPDCMSENS
2026-05-01,US_Master,"Adtech Computers, Inc.",ACT-00138375,Partner,Enabled,,Cyber Protection,Per workload,Workstations protected,,,Unlimited,17,0,0,0,17,0,N/A,N/A,,,,SPGAMSENS
2026-05-01,US_Master,"Adtech Computers, Inc.",ACT-00138375,Partner,Enabled,,Cyber Protection,Per workload,Servers protected,,,Unlimited,70,-2,0,0,70,-2,N/A,N/A,,,,SPEAMSENS
2026-05-01,US_Master,"Adtech Computers, Inc.",ACT-00138375,Partner,Enabled,,Cyber Protection,Per workload,VMs protected,,,Unlimited,157,-1,0,0,157,-1,N/A,N/A,,,,SPFAMSENS
2026-05-01,US_Master,"Adtech Computers, Inc.",ACT-00138375,Partner,Enabled,,Sync & Share,File Sync & Share (per user),Users,,,Unlimited,1,0,0,0,1,0,N/A,N/A,,,,SPIAMSENS
2026-05-01,US_Master,"Adtech Computers, Inc.",ACT-00138375,Partner,Enabled,,Cyber Protection,Per workload,RMM,,,Unlimited,1,0,0,0,1,0,N/A,N/A,,,,SRHAMSENS
2026-05-01,US_Master,"Adtech Computers, Inc.",ACT-00138375,Partner,Enabled,,Cyber Protection,Per workload,Endpoints protected with EDR,,,Unlimited,1,0,0,0,1,0,N/A,N/A,,,,SRIAMSENS
2026-05-01,US_Master,"Adtech Computers, Inc.",ACT-00138375,Partner,Enabled,,Cyber Protection,Per workload,Cloud Storage (abgw-phx1-arp2-r01.acronis.com) used - Class 2,Acronis Cloud,GB,Unlimited,485.66,5.16,0.00,0.00,485.66,5.16,N/A,N/A,,acronis,,SPDAMSENS
2026-05-01,US_Master,"Adtech Computers, Inc.",ACT-00138375,Partner,Enabled,,Cyber Protection,Per workload,Cloud Storage (abgw-phx1-arp2.acronis.com) used - Class 2,Acronis Cloud,GB,Unlimited,141703.70,5451.74,0.00,0.00,141703.70,5451.74,N/A,N/A,,acronis,,SPDAMSENS
2026-05-01,US_Master,"Adtech Computers, Inc.",ACT-00138375,Partner,Enabled,,Cyber Protection,Per workload,Disaster Recovery storage used,Acronis Cloud,GB,Unlimited,237.56,7.51,0.00,0.00,237.56,7.51,N/A,N/A,,acronis,,SVEAMSENS
2026-05-01,US_Master,Genone Technology Services Inc,,Partner,Enabled,,Cyber Protection,Per gigabyte,RMM,,,Unlimited,1,0,0,0,1,0,N/A,N/A,,,,SRHAMSENS
2026-05-01,US_Master,Genone Technology Services Inc,,Partner,Enabled,,Cyber Protection,,Local Storage Per gigabyte,,GB,Unlimited,260.05,12.48,0.00,0.00,260.05,12.48,N/A,N/A,,,,SP4BMSENS
2026-05-01,US_Master,Genone Technology Services Inc,,Partner,Enabled,,Cyber Protection,Per gigabyte,Cloud Storage (abgw-phx1-arp2.acronis.com) used - Class 2,Acronis Cloud,GB,Unlimited,1934.29,0.64,0.00,0.00,1934.29,0.64,N/A,N/A,,acronis,,SPBAMSENS
2026-05-01,US_Master,Netsource One Inc,,Partner,Enabled,,Cyber Protection,Per gigabyte,Cloud Storage (abgw-phx1-arp2.acronis.com) used - Class 2,Acronis Cloud,GB,Unlimited,3377.59,-106.00,0.00,0.00,3377.59,-106.00,N/A,N/A,,acronis,,SPBAMSENS
2026-05-01,US_Master,David Horne Consulting,,Partner,Enabled,,Cyber Protection,Per workload,Servers protected,,,Unlimited,2,0,0,0,2,0,N/A,N/A,,,,SPEAMSENS
2026-05-01,US_Master,David Horne Consulting,,Partner,Enabled,,Cyber Protection,Per workload,Endpoints protected with EDR,,,Unlimited,1,0,0,0,1,0,N/A,N/A,,,,SRIAMSENS
2026-05-01,US_Master,David Horne Consulting,,Partner,Enabled,,Cyber Protection,Per workload,Cloud Storage (abgw-phx1-arp2-r01.acronis.com) used - Class 2,Acronis Cloud,GB,Unlimited,148.29,8.14,0.00,0.00,148.29,8.14,N/A,N/A,,acronis,,SPDAMSENS
2026-05-01,US_Master,David Horne Consulting,,Partner,Enabled,,Cyber Protection,Per workload,Cloud Storage (abgw-phx1-arp2.acronis.com) used - Class 2,Acronis Cloud,GB,Unlimited,765.69,6.00,0.00,0.00,765.69,6.00,N/A,N/A,,acronis,,SPDAMSENS
2026-05-01,US_Master,DG Network Solutions LLC,,Partner,Enabled,,Cyber Protection,,Local Storage Per gigabyte,,GB,Unlimited,3388.26,32.11,0.00,0.00,3388.26,32.11,N/A,N/A,,,,SP4BMSENS
2026-05-01,US_Master,DG Network Solutions LLC,,Partner,Enabled,,Cyber Protection,Per gigabyte,Cloud Storage (abgw-phx1-arp2-r01.acronis.com) used - Class 2,Acronis Cloud,GB,Unlimited,9724.56,9.87,0.00,0.00,9724.56,9.87,N/A,N/A,,acronis,,SPBAMSENS
2026-05-01,US_Master,DG Network Solutions LLC,,Partner,Enabled,,Cyber Protection,Per gigabyte,Cloud Storage (abgw-phx1-arp2.acronis.com) used - Class 2,Acronis Cloud,GB,Unlimited,13163.42,224.42,0.00,0.00,13163.42,224.42,N/A,N/A,,acronis,,SPBAMSENS
2026-05-01,US_Master,DG Network Solutions LLC,,Partner,Enabled,,Cyber Protection,Per gigabyte,Microsoft 365 Shared seats protected,,,Unlimited,1,0,0,0,1,0,N/A,N/A,,,,SPDCMSENS
2026-05-01,US_Master,Secur3IT,,Partner,Enabled,,Cyber Protection,Per workload,Workstations protected,,,Unlimited,5,0,0,0,5,0,N/A,N/A,,,,SPGAMSENS
2026-05-01,US_Master,Secur3IT,,Partner,Enabled,,Cyber Protection,Per workload,Cloud Storage (abgw-phx1-arp2-r01.acronis.com) used - Class 2,Acronis Cloud,GB,Unlimited,974.91,27.92,0.00,0.00,974.91,27.92,N/A,N/A,,acronis,,SPDAMSENS
2026-05-01,US_Master,Secur3IT,,Partner,Enabled,,Cyber Protection,Per workload,Cloud Storage (abgw-phx1-arp2.acronis.com) used - Class 2,Acronis Cloud,GB,Unlimited,210.66,5.37,0.00,0.00,210.66,5.37,N/A,N/A,,acronis,,SPDAMSENS
2026-05-01,US_Master,Desert IT Solutions /1,265154,Partner,Enabled,,Cyber Protection,Per workload,Workstations protected,,,Unlimited,2,-1,0,0,2,-1,N/A,N/A,,,,SPGAMSENS
2026-05-01,US_Master,Desert IT Solutions /1,265154,Partner,Enabled,,Cyber Protection,Per workload,Servers protected,,,Unlimited,1,0,0,0,1,0,N/A,N/A,,,,SPEAMSENS
2026-05-01,US_Master,Desert IT Solutions /1,265154,Partner,Enabled,,Cyber Protection,Per workload,VMs protected,,,Unlimited,69,7,0,0,69,7,N/A,N/A,,,,SPFAMSENS
2026-05-01,US_Master,Desert IT Solutions /1,265154,Partner,Enabled,,Cyber Protection,Per workload,Direct Backup to Public Cloud workstations protected,,,Unlimited,2,-1,0,0,2,-1,N/A,N/A,,,,SRFUMSENS
2026-05-01,US_Master,Desert IT Solutions /1,265154,Partner,Enabled,,Cyber Protection,Per workload,Direct Backup to Public Cloud VMs protected,,,Unlimited,12,7,0,0,12,7,N/A,N/A,,,,SREUMSENS
2026-05-01,US_Master,Desert IT Solutions /1,265154,Partner,Enabled,,Cyber Protection,Per workload,Endpoints protected with EDR,,,Unlimited,1,0,0,0,1,0,N/A,N/A,,,,SRIAMSENS
2026-05-01,US_Master,Desert IT Solutions /1,265154,Partner,Enabled,,Cyber Protection,Per workload,Cloud Storage (abgw-phx1-arp2.acronis.com) used - Class 2,Acronis Cloud,GB,Unlimited,508.60,-15.53,0.00,0.00,508.60,-15.53,N/A,N/A,,acronis,,SPDAMSENS
2026-05-01,US_Master,Desert IT Solutions /1,265154,Partner,Enabled,,Cyber Protection,Per workload,Microsoft 365 Seats protected (Acronis Storage G1),Acronis Cloud,,Unlimited,27,1,0,0,27,1,N/A,N/A,,acronis,,SRJAMSENS
2026-05-01,US_Master,Desert IT Solutions /1,265154,Partner,Enabled,,Cyber Protection,Per workload,Microsoft 365 Shared seats protected,,,Unlimited,6,0,0,0,6,0,N/A,N/A,,,,SPDCMSENS
2026-05-01,US_Master,Virtual Communication Specialists 1,,Partner,Enabled,,Cyber Protection,,Local Storage Per gigabyte,,GB,Unlimited,1691.13,0.00,0.00,0.00,1691.13,0.00,N/A,N/A,,,,SP4BMSENS
2026-05-01,US_Master,Virtual Communication Specialists 1,,Partner,Enabled,,Cyber Protection,Per gigabyte,Cloud Storage (abgw-phx1-arp2.acronis.com) used - Class 2,Acronis Cloud,GB,Unlimited,6634.71,0.00,0.00,0.00,6634.71,0.00,N/A,N/A,,acronis,,SPBAMSENS
2026-05-01,US_Master,Baltnetos Komunikacijos,,Partner,Enabled,,Sync & Share,File Sync & Share (per user),Users,,,Unlimited,1,0,0,0,1,0,N/A,N/A,,,,SPIAMSENS
2026-05-01,US_Master,Baltnetos Komunikacijos,,Partner,Enabled,,Cyber Protection,Per workload,Cloud Storage (abgw-phx1-arp2.acronis.com) used - Class 2,Acronis Cloud,GB,Unlimited,9.43,0.00,0.00,0.00,9.43,0.00,N/A,N/A,,acronis,,SPDAMSENS
2026-05-01,US_Master,InfoTech Maine LLC,,Partner,Enabled,,Cyber Protection,Per gigabyte,Cloud Storage (abgw-phx1-arp2.acronis.com) used - Class 2,Acronis Cloud,GB,Unlimited,149.81,2.79,0.00,0.00,149.81,2.79,N/A,N/A,,acronis,,SPBAMSENS
2026-05-01,US_Master,InfoTech Maine LLC,,Partner,Enabled,,Cyber Protection,Per gigabyte,Microsoft 365 Shared seats protected,,,Unlimited,2,0,0,0,2,0,N/A,N/A,,,,SPDCMSENS
2026-05-01,US_Master,Fort Valley Utility Commission,,Partner,Enabled,,Cyber Protection,Per workload,Cloud Storage (abgw-phx1-arp2.acronis.com) used - Class 2,Acronis Cloud,GB,Unlimited,22326.30,-97.53,0.00,0.00,22326.30,-97.53,N/A,N/A,,acronis,,SPDAMSENS
2026-05-01,US_Master,"GSG Computers, Inc.",17709,Partner,Enabled,,Cyber Protection,Per workload,VMs protected,,,Unlimited,1,0,0,0,1,0,N/A,N/A,,,,SPFAMSENS
2026-05-01,US_Master,"GSG Computers, Inc.",17709,Partner,Enabled,,Cyber Protection,Per workload,Cloud Storage (abgw-phx1-arp2.acronis.com) used - Class 2,Acronis Cloud,GB,Unlimited,2444.80,9.39,0.00,0.00,2444.80,9.39,N/A,N/A,,acronis,,SPDAMSENS
2026-05-01,US_Master,Eos Systems,,Partner,Enabled,,Cyber Protection,Per gigabyte,Cloud Storage (abgw-phx1-arp2.acronis.com) used - Class 2,Acronis Cloud,GB,Unlimited,2577.83,-89.95,0.00,0.00,2577.83,-89.95,N/A,N/A,,acronis,,SPBAMSENS
2026-05-01,US_Master,Infinite Systems Inc,,Partner,Enabled,,Cyber Protection,Per workload,Workstations protected,,,Unlimited,9,0,0,0,9,0,N/A,N/A,,,,SPGAMSENS
2026-05-01,US_Master,Infinite Systems Inc,,Partner,Enabled,,Cyber Protection,Per workload,Servers protected,,,Unlimited,1,0,0,0,1,0,N/A,N/A,,,,SPEAMSENS
2026-05-01,US_Master,Infinite Systems Inc,,Partner,Enabled,,Cyber Protection,Per workload,VMs protected,,,Unlimited,27,1,0,0,27,1,N/A,N/A,,,,SPFAMSENS
2026-05-01,US_Master,Infinite Systems Inc,,Partner,Enabled,,Cyber Protection,Per workload,Mobiles protected,,,Unlimited,1,0,0,0,1,0,N/A,N/A,,,,SRBAMSENS
2026-05-01,US_Master,Infinite Systems Inc,,Partner,Enabled,,Sync & Share,File Sync & Share (per user),Users,,,Unlimited,1,0,0,0,1,0,N/A,N/A,,,,SPIAMSENS
2026-05-01,US_Master,Infinite Systems Inc,,Partner,Enabled,,Cyber Protection,Per workload,Cloud Storage (abgw-phx1-arp2.acronis.com) used - Class 2,Acronis Cloud,GB,Unlimited,32759.48,-800.75,0.00,0.00,32759.48,-800.75,N/A,N/A,,acronis,,SPDAMSENS
2026-05-01,US_Master,Infinite Systems Inc,,Partner,Enabled,,Cyber Protection,Per workload,Disaster Recovery storage used,Acronis Cloud,GB,Unlimited,13241.74,4375.75,0.00,0.00,13241.74,4375.75,N/A,N/A,,acronis,,SVEAMSENS
2026-05-01,US_Master,Infinite Systems Inc,,Partner,Enabled,,Cyber Protection,Per workload,Network-attached storages (NAS) protected,,,Unlimited,1,0,0,0,1,0,N/A,N/A,,,,SPD5MSENS
2026-05-01,US_Master,COMHOME Network Solutions,,Partner,Enabled,,Sync & Share,File Sync & Share (per user),Users,,,Unlimited,1,0,0,0,1,0,N/A,N/A,,,,SPIAMSENS
2026-05-01,US_Master,COMHOME Network Solutions,,Partner,Enabled,,Cyber Protection,Per gigabyte,Cloud Storage (abgw-phx1-arp2-r01.acronis.com) used - Class 2,Acronis Cloud,GB,Unlimited,10783.24,320.45,0.00,0.00,10783.24,320.45,N/A,N/A,,acronis,,SPBAMSENS
2026-05-01,US_Master,COMHOME Network Solutions,,Partner,Enabled,,Cyber Protection,Per workload,Cloud Storage (abgw-phx1-arp2-r01.acronis.com) used - Class 2,Acronis Cloud,GB,Unlimited,5.42,0.28,0.00,0.00,5.42,0.28,N/A,N/A,,acronis,,SPDAMSENS
2026-05-01,US_Master,COMHOME Network Solutions,,Partner,Enabled,,Cyber Protection,Per gigabyte,Cloud Storage (abgw-phx1-arp2.acronis.com) used - Class 2,Acronis Cloud,GB,Unlimited,2134.42,-20.23,0.00,0.00,2134.42,-20.23,N/A,N/A,,acronis,,SPBAMSENS
2026-05-01,US_Master,COMHOME Network Solutions,,Partner,Enabled,,Cyber Protection,Per workload,Cloud Storage (abgw-phx1-arp2.acronis.com) used - Class 2,Acronis Cloud,GB,Unlimited,2633.39,-9.47,0.00,0.00,2633.39,-9.47,N/A,N/A,,acronis,,SPDAMSENS
2026-05-01,US_Master,COMHOME Network Solutions,,Partner,Enabled,,Cyber Protection,Per workload,Google Workspace seats protected (Acronis Storage G1),Acronis Cloud,,Unlimited,29,0,0,0,29,0,N/A,N/A,,acronis,,SQ8AMSENS
2026-05-01,US_Master,"ThinkTech Computers, Inc",18605,Partner,Enabled,,Cyber Protection,Per workload,Workstations protected,,,Unlimited,34,0,0,0,34,0,N/A,N/A,,,,SPGAMSENS
2026-05-01,US_Master,"ThinkTech Computers, Inc",18605,Partner,Enabled,,Cyber Protection,Per workload,Servers protected,,,Unlimited,1,0,0,0,1,0,N/A,N/A,,,,SPEAMSENS
2026-05-01,US_Master,"ThinkTech Computers, Inc",18605,Partner,Enabled,,Cyber Protection,Per workload,VMs protected,,,Unlimited,23,0,0,0,23,0,N/A,N/A,,,,SPFAMSENS
2026-05-01,US_Master,"ThinkTech Computers, Inc",18605,Partner,Enabled,,Cyber Protection,Per workload,RMM,,,Unlimited,3,0,0,0,3,0,N/A,N/A,,,,SRHAMSENS
2026-05-01,US_Master,"ThinkTech Computers, Inc",18605,Partner,Enabled,,Cyber Protection,Per workload,Endpoints protected with EDR,,,Unlimited,1,0,0,0,1,0,N/A,N/A,,,,SRIAMSENS
2026-05-01,US_Master,"ThinkTech Computers, Inc",18605,Partner,Enabled,,Cyber Protection,Per workload,Microsoft 365 Shared seats protected,,,Unlimited,8,0,0,0,8,0,N/A,N/A,,,,SPDCMSENS
2026-05-01,US_Master,"ThinkTech Computers, Inc",18605,Partner,Enabled,,Cyber Protection,Per workload,Microsoft 365 Seats protected (Partner Storage),abgw.us-east-2.amnetportal.com:44445,,Unlimited,30,0,0,0,30,0,N/A,N/A,,,,SRAAMSENS
2026-05-01,US_Master,GRS Technology Solutions,146633,Partner,Enabled,,Sync & Share,File Sync & Share (per user),Users,,,Unlimited,2,0,0,0,2,0,N/A,N/A,,,,SPIAMSENS
2026-05-01,US_Master,GRS Technology Solutions,146633,Partner,Enabled,,Cyber Protection,Per gigabyte,Cloud Storage (abgw-phx1-arp2-r01.acronis.com) used - Class 2,Acronis Cloud,GB,Unlimited,228.87,0.01,0.00,0.00,228.87,0.01,N/A,N/A,,acronis,,SPBAMSENS
2026-05-01,US_Master,GRS Technology Solutions,146633,Partner,Enabled,,Cyber Protection,Per gigabyte,Cloud Storage (baas-fes-us3.acronis.com) used - Class 2,Acronis Cloud,GB,Unlimited,0.18,-0.00,0.00,0.00,0.18,-0.00,N/A,N/A,,acronis,,SPBAMSENS
2026-05-01,US_Master,GRS Technology Solutions,146633,Partner,Enabled,,Cyber Protection,Per gigabyte,Cloud Storage (abgw-phx1-arp2.acronis.com) used - Class 2,Acronis Cloud,GB,Unlimited,371.96,26.50,0.00,0.00,371.96,26.50,N/A,N/A,,acronis,,SPBAMSENS
2026-05-01,US_Master,Noah Morrison,,Partner,Enabled,,Cyber Protection,Per workload,VMs protected,,,Unlimited,5,0,0,0,5,0,N/A,N/A,,,,SPFAMSENS
2026-05-01,US_Master,Noah Morrison,,Partner,Enabled,,Cyber Protection,Per workload,Cloud Storage (abgw-phx1-arp2-r01.acronis.com) used - Class 2,Acronis Cloud,GB,Unlimited,0.00,0.00,0.00,0.00,0.00,0.00,N/A,N/A,,acronis,,SPDAMSENS
2026-05-01,US_Master,Noah Morrison,,Partner,Enabled,,Cyber Protection,Per workload,Cloud Storage (abgw-phx1-arp2.acronis.com) used - Class 2,Acronis Cloud,GB,Unlimited,1322.85,-26.99,0.00,0.00,1322.85,-26.99,N/A,N/A,,acronis,,SPDAMSENS
2026-05-01,US_Master,JointVue,,Partner,Enabled,,Cyber Protection,Per workload,Workstations protected,,,Unlimited,3,0,0,0,3,0,N/A,N/A,,,,SPGAMSENS
2026-05-01,US_Master,JointVue,,Partner,Enabled,,Cyber Protection,Per workload,Cloud Storage (abgw-phx1-arp2.acronis.com) used - Class 2,Acronis Cloud,GB,Unlimited,907.11,-4.06,0.00,0.00,907.11,-4.06,N/A,N/A,,acronis,,SPDAMSENS
2026-05-01,US_Master,Turner Teleco Alexandria,,Partner,Enabled,,Cyber Protection,Per workload,Workstations protected,,,Unlimited,3,0,0,0,3,0,N/A,N/A,,,,SPGAMSENS
2026-05-01,US_Master,Turner Teleco Alexandria,,Partner,Enabled,,Sync & Share,File Sync & Share (per user),Users,,,Unlimited,1,0,0,0,1,0,N/A,N/A,,,,SPIAMSENS
2026-05-01,US_Master,Turner Teleco Alexandria,,Partner,Enabled,,Cyber Protection,Per workload,Cloud Storage (abgw-phx1-arp2.acronis.com) used - Class 2,Acronis Cloud,GB,Unlimited,25.21,0.00,0.00,0.00,25.21,0.00,N/A,N/A,,acronis,,SPDAMSENS
2026-05-01,US_Master,ThrottleNet Inc,38360,Partner,Enabled,,Cyber Protection,Per workload,Workstations protected,,,Unlimited,20,0,0,0,20,0,N/A,N/A,,,,SPGAMSENS
2026-05-01,US_Master,ThrottleNet Inc,38360,Partner,Enabled,,Cyber Protection,Per workload,Servers protected,,,Unlimited,31,0,0,0,31,0,N/A,N/A,,,,SPEAMSENS
2026-05-01,US_Master,ThrottleNet Inc,38360,Partner,Enabled,,Cyber Protection,Per workload,VMs protected,,,Unlimited,24,4,0,0,24,4,N/A,N/A,,,,SPFAMSENS
2026-05-01,US_Master,ThrottleNet Inc,38360,Partner,Enabled,,Cyber Protection,Per workload,Endpoints protected with EDR,,,Unlimited,3,0,0,0,3,0,N/A,N/A,,,,SRIAMSENS
2026-05-01,US_Master,ThrottleNet Inc,38360,Partner,Enabled,,Cyber Protection,Per workload,Cloud Storage (abgw-phx1-arp2-r01.acronis.com) used - Class 2,Acronis Cloud,GB,Unlimited,14910.13,182.66,0.00,0.00,14910.13,182.66,N/A,N/A,,acronis,,SPDAMSENS
2026-05-01,US_Master,ThrottleNet Inc,38360,Partner,Enabled,,Cyber Protection,Per workload,Cloud Storage (abgw-phx1-arp2.acronis.com) used - Class 2,Acronis Cloud,GB,Unlimited,47281.43,3213.90,0.00,0.00,47281.43,3213.90,N/A,N/A,,acronis,,SPDAMSENS
2026-05-01,US_Master,ThrottleNet Inc,38360,Partner,Enabled,,Cyber Protection,Per workload,Disaster Recovery storage used,Acronis Cloud,GB,Unlimited,955.96,2.93,0.00,0.00,955.96,2.93,N/A,N/A,,acronis,,SVEAMSENS
2026-05-01,US_Master,Premier Technology LLC,,Partner,Enabled,,Cyber Protection,Per workload,Workstations protected,,,Unlimited,35,-4,0,0,35,-4,N/A,N/A,,,,SPGAMSENS
2026-05-01,US_Master,Premier Technology LLC,,Partner,Enabled,,Cyber Protection,Per workload,Servers protected,,,Unlimited,28,0,0,0,28,0,N/A,N/A,,,,SPEAMSENS
2026-05-01,US_Master,Premier Technology LLC,,Partner,Enabled,,Cyber Protection,Per workload,VMs protected,,,Unlimited,62,3,0,0,62,3,N/A,N/A,,,,SPFAMSENS
2026-05-01,US_Master,Premier Technology LLC,,Partner,Enabled,,Sync & Share,File Sync & Share (per user),Users,,,Unlimited,60,1,0,0,60,1,N/A,N/A,,,,SPIAMSENS
2026-05-01,US_Master,Premier Technology LLC,,Partner,Enabled,,Cyber Protection,Per workload,Cloud Storage (abgw-phx1-arp2.acronis.com) used - Class 2,Acronis Cloud,GB,Unlimited,86704.33,-17762.73,0.00,0.00,86704.33,-17762.73,N/A,N/A,,acronis,,SPDAMSENS
2026-05-01,US_Master,Twin Pines Technology,,Partner,Enabled,,Cyber Protection,Per gigabyte,Cloud Storage (abgw-phx1-arp2.acronis.com) used - Class 2,Acronis Cloud,GB,Unlimited,515.58,30.19,0.00,0.00,515.58,30.19,N/A,N/A,,acronis,,SPBAMSENS
2026-05-01,US_Master,Louisiana Eye & Laser,,Partner,Enabled,,Cyber Protection,Per workload,Workstations protected,,,Unlimited,1,0,0,0,1,0,N/A,N/A,,,,SPGAMSENS
2026-05-01,US_Master,Louisiana Eye & Laser,,Partner,Enabled,,Cyber Protection,Per workload,Servers protected,,,Unlimited,2,0,0,0,2,0,N/A,N/A,,,,SPEAMSENS
2026-05-01,US_Master,Louisiana Eye & Laser,,Partner,Enabled,,Cyber Protection,Per workload,VMs protected,,,Unlimited,2,-3,0,0,2,-3,N/A,N/A,,,,SPFAMSENS
2026-05-01,US_Master,Louisiana Eye & Laser,,Partner,Enabled,,Sync & Share,File Sync & Share (per user),Users,,,Unlimited,1,0,0,0,1,0,N/A,N/A,,,,SPIAMSENS
2026-05-01,US_Master,Louisiana Eye & Laser,,Partner,Enabled,,Cyber Protection,Per workload,Cloud Storage (abgw-phx1-arp2.acronis.com) used - Class 2,Acronis Cloud,GB,Unlimited,20532.39,1179.65,0.00,0.00,20532.39,1179.65,N/A,N/A,,acronis,,SPDAMSENS
2026-05-01,US_Master,ByteWyze Computer Services,31437,Partner,Enabled,,Cyber Protection,Per workload,Workstations protected,,,Unlimited,4,0,0,0,4,0,N/A,N/A,,,,SPGAMSENS
2026-05-01,US_Master,ByteWyze Computer Services,31437,Partner,Enabled,,Cyber Protection,Per workload,Servers protected,,,Unlimited,28,0,0,0,28,0,N/A,N/A,,,,SPEAMSENS
2026-05-01,US_Master,ByteWyze Computer Services,31437,Partner,Enabled,,Cyber Protection,Per workload,VMs protected,,,Unlimited,8,0,0,0,8,0,N/A,N/A,,,,SPFAMSENS
2026-05-01,US_Master,ByteWyze Computer Services,31437,Partner,Enabled,,Cyber Protection,Per workload,Cloud Storage (abgw-phx1-arp2-r01.acronis.com) used - Class 2,Acronis Cloud,GB,Unlimited,7987.87,85.24,0.00,0.00,7987.87,85.24,N/A,N/A,,acronis,,SPDAMSENS
2026-05-01,US_Master,ByteWyze Computer Services,31437,Partner,Enabled,,Cyber Protection,Per workload,Cloud Storage (baas-fes-us3.acronis.com) used - Class 2,Acronis Cloud,GB,Unlimited,6.87,-0.08,0.00,0.00,6.87,-0.08,N/A,N/A,,acronis,,SPDAMSENS
2026-05-01,US_Master,ByteWyze Computer Services,31437,Partner,Enabled,,Cyber Protection,Per workload,Cloud Storage (abgw-phx1-arp2.acronis.com) used - Class 2,Acronis Cloud,GB,Unlimited,3229.36,9.30,0.00,0.00,3229.36,9.30,N/A,N/A,,acronis,,SPDAMSENS
2026-05-01,US_Master,ByteWyze Computer Services,31437,Partner,Enabled,,Cyber Protection,Per workload,Microsoft 365 Seats protected (Acronis Storage G1),Acronis Cloud,,Unlimited,4,0,0,0,4,0,N/A,N/A,,acronis,,SRJAMSENS
2026-05-01,US_Master,System Go,,Partner,Enabled,,Cyber Protection,,Local Storage Per gigabyte,,GB,Unlimited,8932.67,0.00,0.00,0.00,8932.67,0.00,N/A,N/A,,,,SP4BMSENS
2026-05-01,US_Master,System Go,,Partner,Enabled,,Cyber Protection,Per gigabyte,Cloud Storage (abgw-phx1-arp2.acronis.com) used - Class 2,Acronis Cloud,GB,Unlimited,63105.16,-1907.52,0.00,0.00,63105.16,-1907.52,N/A,N/A,,acronis,,SPBAMSENS
2026-05-01,US_Master,Prefix Technologies,,Partner,Enabled,,Cyber Protection,Per workload,Workstations protected,,,Unlimited,1,0,0,0,1,0,N/A,N/A,,,,SPGAMSENS
2026-05-01,US_Master,Prefix Technologies,,Partner,Enabled,,Cyber Protection,Per workload,Servers protected,,,Unlimited,4,0,0,0,4,0,N/A,N/A,,,,SPEAMSENS
2026-05-01,US_Master,Prefix Technologies,,Partner,Enabled,,Cyber Protection,Per workload,VMs protected,,,Unlimited,3,0,0,0,3,0,N/A,N/A,,,,SPFAMSENS
2026-05-01,US_Master,Prefix Technologies,,Partner,Enabled,,Sync & Share,File Sync & Share (per user),Users,,,Unlimited,8,1,1,0,9,1,N/A,N/A,,,,SPIAMSENS
2026-05-01,US_Master,Prefix Technologies,,Partner,Enabled,,Cyber Protection,Per gigabyte,Cloud Storage (abgw-phx1-arp2-r01.acronis.com) used - Class 2,Acronis Cloud,GB,Unlimited,680.52,-0.84,0.00,0.00,680.52,-0.84,N/A,N/A,,acronis,,SPBAMSENS
2026-05-01,US_Master,Prefix Technologies,,Partner,Enabled,,Cyber Protection,Per workload,Cloud Storage (abgw-phx1-arp2-r01.acronis.com) used - Class 2,Acronis Cloud,GB,Unlimited,1582.17,3.52,0.00,0.00,1582.17,3.52,N/A,N/A,,acronis,,SPDAMSENS
2026-05-01,US_Master,Prefix Technologies,,Partner,Enabled,,Cyber Protection,Per gigabyte,Cloud Storage (abgw-phx1-arp2.acronis.com) used - Class 2,Acronis Cloud,GB,Unlimited,2261.41,69.70,0.00,0.00,2261.41,69.70,N/A,N/A,,acronis,,SPBAMSENS
2026-05-01,US_Master,Prefix Technologies,,Partner,Enabled,,Cyber Protection,Per workload,Cloud Storage (abgw-phx1-arp2.acronis.com) used - Class 2,Acronis Cloud,GB,Unlimited,872.45,7.48,0.00,0.00,872.45,7.48,N/A,N/A,,acronis,,SPDAMSENS
2026-05-01,US_Master,Prefix Technologies,,Partner,Enabled,,Cyber Protection,Per workload,Microsoft 365 Seats protected (Acronis Storage G1),Acronis Cloud,,Unlimited,0,0,8,8,8,8,N/A,N/A,,acronis,,SRJAMSENS
2026-05-01,US_Master,Prefix Technologies,,Partner,Enabled,,Cyber Protection,Per workload,Microsoft 365 Shared seats protected,,,Unlimited,0,0,3,3,3,3,N/A,N/A,,,,SPDCMSENS
2026-05-01,US_Master,Secure Cyber Defense,,Partner,Enabled,,Sync & Share,File Sync & Share (per user),Users,,,Unlimited,1,0,0,0,1,0,N/A,N/A,,,,SPIAMSENS
2026-05-01,US_Master,Secure Cyber Defense,,Partner,Enabled,,Cyber Protection,Per gigabyte,Cloud Storage (abgw-phx1-arp2.acronis.com) used - Class 2,Acronis Cloud,GB,Unlimited,269.43,-2.87,0.00,0.00,269.43,-2.87,N/A,N/A,,acronis,,SPBAMSENS
2026-05-01,US_Master,"Gray Wolf Information Technologies, Inc.",,Partner,Enabled,,Cyber Protection,Per workload,Workstations protected,,,Unlimited,6,0,0,0,6,0,N/A,N/A,,,,SPGAMSENS
2026-05-01,US_Master,"Gray Wolf Information Technologies, Inc.",,Partner,Enabled,,Cyber Protection,Per workload,Servers protected,,,Unlimited,5,0,0,0,5,0,N/A,N/A,,,,SPEAMSENS
2026-05-01,US_Master,"Gray Wolf Information Technologies, Inc.",,Partner,Enabled,,Cyber Protection,Per workload,VMs protected,,,Unlimited,1,0,0,0,1,0,N/A,N/A,,,,SPFAMSENS
2026-05-01,US_Master,"Gray Wolf Information Technologies, Inc.",,Partner,Enabled,,Sync & Share,File Sync & Share (per user),Users,,,Unlimited,14,0,0,0,14,0,N/A,N/A,,,,SPIAMSENS
2026-05-01,US_Master,"Gray Wolf Information Technologies, Inc.",,Partner,Enabled,,Cyber Protection,Per workload,Cloud Storage (abgw-phx1-arp2.acronis.com) used - Class 2,Acronis Cloud,GB,Unlimited,3852.12,38.68,0.00,0.00,3852.12,38.68,N/A,N/A,,acronis,,SPDAMSENS
2026-05-01,US_Master,"Gray Wolf Information Technologies, Inc.",,Partner,Enabled,,Cyber Protection,Per workload,Disaster Recovery storage used,Acronis Cloud,GB,Unlimited,3458.20,61.01,0.00,0.00,3458.20,61.01,N/A,N/A,,acronis,,SVEAMSENS
2026-05-01,US_Master,Achronix Semiconductor Corp,,Partner,Disabled,,Cyber Protection,Per gigabyte,Cloud Storage (abgw-phx1-arp2.acronis.com) used - Class 2,Acronis Cloud,GB,Unlimited,56.49,-0.00,0.00,0.00,56.49,-0.00,N/A,N/A,,acronis,,SPBAMSENS
2026-05-01,US_Master,BB2 Technology Group,,Partner,Enabled,,Cyber Protection,Per workload,Workstations protected,,,Unlimited,13,0,0,0,13,0,N/A,N/A,,,,SPGAMSENS
2026-05-01,US_Master,BB2 Technology Group,,Partner,Enabled,,Cyber Protection,Per workload,Servers protected,,,Unlimited,1,0,0,0,1,0,N/A,N/A,,,,SPEAMSENS
2026-05-01,US_Master,BB2 Technology Group,,Partner,Enabled,,Cyber Protection,Per workload,VMs protected,,,Unlimited,4,0,0,0,4,0,N/A,N/A,,,,SPFAMSENS
2026-05-01,US_Master,BB2 Technology Group,,Partner,Enabled,,Cyber Protection,Per workload,RMM,,,Unlimited,5,0,0,0,5,0,N/A,N/A,,,,SRHAMSENS
2026-05-01,US_Master,BB2 Technology Group,,Partner,Enabled,,Cyber Protection,Per workload,Cloud Storage (baas-fes-us3.acronis.com) used - Class 2,Acronis Cloud,GB,Unlimited,12535.66,36.10,0.00,0.00,12535.66,36.10,N/A,N/A,,acronis,,SPDAMSENS
2026-05-01,US_Master,BB2 Technology Group,,Partner,Enabled,,Cyber Protection,Per workload,Cloud Storage (abgw-phx1-arp2.acronis.com) used - Class 2,Acronis Cloud,GB,Unlimited,1481.20,-8.53,0.00,0.00,1481.20,-8.53,N/A,N/A,,acronis,,SPDAMSENS
2026-05-01,US_Master,BB2 Technology Group,,Partner,Enabled,,Cyber Protection,Per workload,Microsoft 365 Seats protected (Acronis Storage G1),Acronis Cloud,,Unlimited,108,-1,0,0,108,-1,N/A,N/A,,acronis,,SRJAMSENS
2026-05-01,US_Master,BB2 Technology Group,,Partner,Enabled,,Cyber Protection,Per workload,Microsoft 365 Seats protected (Acronis Storage G1),Acronis Cloud,,Unlimited,293,-5,0,0,293,-5,N/A,N/A,,acronis,,SRJAMSENS
2026-05-01,US_Master,BB2 Technology Group,,Partner,Enabled,,Cyber Protection,Per workload,Microsoft 365 Shared seats protected,,,Unlimited,483,10,0,0,483,10,N/A,N/A,,,,SPDCMSENS
2026-05-01,US_Master,Enhanced Computing Solutions,40548,Partner,Enabled,,Cyber Protection,Per workload,Workstations protected,,,Unlimited,341,12,0,0,341,12,N/A,N/A,,,,SPGAMSENS
2026-05-01,US_Master,Enhanced Computing Solutions,40548,Partner,Enabled,,Cyber Protection,Per workload,Servers protected,,,Unlimited,39,-2,0,0,39,-2,N/A,N/A,,,,SPEAMSENS
2026-05-01,US_Master,Enhanced Computing Solutions,40548,Partner,Enabled,,Cyber Protection,Per workload,VMs protected,,,Unlimited,27,0,0,0,27,0,N/A,N/A,,,,SPFAMSENS
2026-05-01,US_Master,Enhanced Computing Solutions,40548,Partner,Enabled,,Sync & Share,File Sync & Share (per user),Users,,,Unlimited,4,0,0,0,4,0,N/A,N/A,,,,SPIAMSENS
2026-05-01,US_Master,Enhanced Computing Solutions,40548,Partner,Enabled,,Cyber Protection,Per workload,Endpoints protected with EDR,,,Unlimited,3,0,0,0,3,0,N/A,N/A,,,,SRIAMSENS
2026-05-01,US_Master,Enhanced Computing Solutions,40548,Partner,Enabled,,Cyber Protection,Per workload,Cloud Storage (abgw-phx1-arp2-r01.acronis.com) used - Class 2,Acronis Cloud,GB,Unlimited,10193.63,169.43,0.00,0.00,10193.63,169.43,N/A,N/A,,acronis,,SPDAMSENS
2026-05-01,US_Master,Enhanced Computing Solutions,40548,Partner,Enabled,,Cyber Protection,Per workload,Cloud Storage (abgw-phx1-arp2.acronis.com) used - Class 2,Acronis Cloud,GB,Unlimited,59448.65,-1233.95,0.00,0.00,59448.65,-1233.95,N/A,N/A,,acronis,,SPDAMSENS
2026-05-01,US_Master,Enhanced Computing Solutions,40548,Partner,Enabled,,Cyber Protection,Per workload,Microsoft 365 Seats protected (Acronis Storage G1),Acronis Cloud,,Unlimited,22,0,0,0,22,0,N/A,N/A,,acronis,,SRJAMSENS
2026-05-01,US_Master,Enhanced Computing Solutions,40548,Partner,Enabled,,Cyber Protection,Per workload,Microsoft 365 Seats protected (Acronis Storage G1),Acronis Cloud,,Unlimited,312,-8,0,0,312,-8,N/A,N/A,,acronis,,SRJAMSENS
2026-05-01,US_Master,Enhanced Computing Solutions,40548,Partner,Enabled,,Cyber Protection,Per workload,Microsoft 365 Shared seats protected,,,Unlimited,95,1,0,0,95,1,N/A,N/A,,,,SPDCMSENS
2026-05-01,US_Master,Enhanced Computing Solutions,40548,Partner,Enabled,,Cyber Protection,Per workload,Network-attached storages (NAS) protected,,,Unlimited,1,0,0,0,1,0,N/A,N/A,,,,SPD5MSENS
2026-05-01,US_Master,Enhanced Computing Solutions,40548,Partner,Enabled,,Cyber Protection,Per workload,Google Workspace seats protected (Acronis Storage G1),Acronis Cloud,,Unlimited,396,3,0,0,396,3,N/A,N/A,,acronis,,SQ8AMSENS
2026-05-01,US_Master,"Boston HelpDesk, Inc.",89322,Partner,Enabled,,Cyber Protection,Per workload,Servers protected,,,Unlimited,1,0,0,0,1,0,N/A,N/A,,,,SPEAMSENS
2026-05-01,US_Master,"Boston HelpDesk, Inc.",89322,Partner,Enabled,,Cyber Protection,Per workload,VMs protected,,,Unlimited,6,-1,0,0,6,-1,N/A,N/A,,,,SPFAMSENS
2026-05-01,US_Master,"Boston HelpDesk, Inc.",89322,Partner,Enabled,,Cyber Protection,Per workload,Endpoints protected with EDR,,,Unlimited,1,0,0,0,1,0,N/A,N/A,,,,SRIAMSENS
2026-05-01,US_Master,"Boston HelpDesk, Inc.",89322,Partner,Enabled,,Cyber Protection,Per workload,Cloud Storage (abgw-phx1-arp2-r01.acronis.com) used - Class 2,Acronis Cloud,GB,Unlimited,7227.91,129.31,0.00,0.00,7227.91,129.31,N/A,N/A,,acronis,,SPDAMSENS
2026-05-01,US_Master,Dialysis Care Center,,Partner,Enabled,,Cyber Protection,Per workload,Servers protected,,,Unlimited,5,0,0,0,5,0,N/A,N/A,,,,SPEAMSENS
2026-05-01,US_Master,Dialysis Care Center,,Partner,Enabled,,Cyber Protection,Per workload,VMs protected,,,Unlimited,13,-4,0,0,13,-4,N/A,N/A,,,,SPFAMSENS
2026-05-01,US_Master,Dialysis Care Center,,Partner,Enabled,,Cyber Protection,Per workload,Cloud Storage (abgw-phx1-arp2.acronis.com) used - Class 2,Acronis Cloud,GB,Unlimited,1673.98,-25.85,0.00,0.00,1673.98,-25.85,N/A,N/A,,acronis,,SPDAMSENS
2026-05-01,US_Master,Local IT,,Partner,Enabled,,Cyber Protection,Per workload,Workstations protected,,,7,21,0,0,0,21,0,N/A,N/A,,,,SPGAMSENS
2026-05-01,US_Master,Local IT,,Partner,Enabled,,Cyber Protection,Per workload,Servers protected,,,Unlimited,3,0,0,0,3,0,N/A,N/A,,,,SPEAMSENS
2026-05-01,US_Master,Local IT,,Partner,Enabled,,Cyber Protection,Per workload,VMs protected,,,Unlimited,1,0,0,0,1,0,N/A,N/A,,,,SPFAMSENS
2026-05-01,US_Master,Local IT,,Partner,Enabled,,Sync & Share,File Sync & Share (per user),Users,,,Unlimited,10,0,0,0,10,0,N/A,N/A,,,,SPIAMSENS
2026-05-01,US_Master,Local IT,,Partner,Enabled,,Cyber Protection,Per workload,Cloud Storage (abgw-phx1-arp2-r01.acronis.com) used - Class 2,Acronis Cloud,GB,Unlimited,5.65,-0.15,0.00,0.00,5.65,-0.15,N/A,N/A,,acronis,,SPDAMSENS
2026-05-01,US_Master,Local IT,,Partner,Enabled,,Cyber Protection,Per workload,Cloud Storage (abgw-phx1-arp2.acronis.com) used - Class 2,Acronis Cloud,GB,Unlimited,18355.36,39.41,0.00,0.00,18355.36,39.41,N/A,N/A,,acronis,,SPDAMSENS
2026-05-01,US_Master,Local IT,,Partner,Enabled,,Cyber Protection,Per workload,Google Workspace seats protected (Acronis Storage G1),Acronis Cloud,,Unlimited,38,0,0,0,38,0,N/A,N/A,,acronis,,SQ8AMSENS
2026-05-01,US_Master,Local IT,,Partner,Enabled,,Cyber Protection,Per workload,Google Workspace seats protected (Acronis Storage G1),Acronis Cloud,,Unlimited,310,5,0,0,310,5,N/A,N/A,,acronis,,SQ8AMSENS
2026-05-01,US_Master,Libra ICT,,Partner,Enabled,,Cyber Protection,Per workload,Workstations protected,,,Unlimited,42,0,0,0,42,0,N/A,N/A,,,,SPGAMSENS
2026-05-01,US_Master,Libra ICT,,Partner,Enabled,,Cyber Protection,Per workload,Servers protected,,,Unlimited,3,0,0,0,3,0,N/A,N/A,,,,SPEAMSENS
2026-05-01,US_Master,Libra ICT,,Partner,Enabled,,Cyber Protection,Per workload,Cloud Storage (abgw-phx1-arp2.acronis.com) used - Class 2,Acronis Cloud,GB,Unlimited,24021.43,651.78,0.00,0.00,24021.43,651.78,N/A,N/A,,acronis,,SPDAMSENS
2026-05-01,US_Master,Client Solutions & Systems,,Partner,Enabled,,Cyber Protection,Per workload,Workstations protected,,,Unlimited,14,0,0,0,14,0,N/A,N/A,,,,SPGAMSENS
2026-05-01,US_Master,Client Solutions & Systems,,Partner,Enabled,,Cyber Protection,Per workload,Servers protected,,,Unlimited,5,0,0,0,5,0,N/A,N/A,,,,SPEAMSENS
2026-05-01,US_Master,Client Solutions & Systems,,Partner,Enabled,,Cyber Protection,Per workload,Cloud Storage (abgw-phx1-arp2.acronis.com) used - Class 2,Acronis Cloud,GB,Unlimited,2699.06,152.59,0.00,0.00,2699.06,152.59,N/A,N/A,,acronis,,SPDAMSENS
2026-05-01,US_Master,Computers Etc,,Partner,Enabled,,Cyber Protection,Per workload,Workstations protected,,,Unlimited,143,0,0,0,143,0,N/A,N/A,,,,SPGAMSENS
2026-05-01,US_Master,Computers Etc,,Partner,Enabled,,Cyber Protection,Per workload,Servers protected,,,Unlimited,36,0,0,0,36,0,N/A,N/A,,,,SPEAMSENS
2026-05-01,US_Master,Computers Etc,,Partner,Enabled,,Cyber Protection,Per workload,VMs protected,,,Unlimited,60,0,0,0,60,0,N/A,N/A,,,,SPFAMSENS
2026-05-01,US_Master,Computers Etc,,Partner,Enabled,,Cyber Protection,Per workload,Cloud Storage (abgw-phx1-arp2.acronis.com) used - Class 2,Acronis Cloud,GB,Unlimited,115822.15,1265.04,0.00,0.00,115822.15,1265.04,N/A,N/A,,acronis,,SPDAMSENS
2026-05-01,US_Master,TheSoftwareConsultant,,Partner,Enabled,,Cyber Protection,Per workload,Servers protected,,,1,1,0,0,0,1,0,N/A,N/A,,,,SPEAMSENS
2026-05-01,US_Master,TheSoftwareConsultant,,Partner,Enabled,,Cyber Protection,Per workload,Endpoints protected with EDR,,,Unlimited,1,0,0,0,1,0,N/A,N/A,,,,SRIAMSENS
2026-05-01,US_Master,TheSoftwareConsultant,,Partner,Enabled,,Cyber Protection,Per workload,Cloud Storage (abgw-phx1-arp2.acronis.com) used - Class 2,Acronis Cloud,GB,Unlimited,702.61,-2.10,0.00,0.00,702.61,-2.10,N/A,N/A,,acronis,,SPDAMSENS
2026-05-01,US_Master,TheSoftwareConsultant,,Partner,Enabled,,Cyber Protection,Per workload,Disaster Recovery storage used,Acronis Cloud,GB,1500.00,702.61,-2.10,0.00,0.00,702.61,-2.10,N/A,N/A,,acronis,,SVEAMSENS
2026-05-01,US_Master,"IT by Design, Inc.",ACT-00134257,Partner,Enabled,,Cyber Protection,Per gigabyte,Cloud Storage (abgw-phx1-arp2-r01.acronis.com) used - Class 2,Acronis Cloud,GB,Unlimited,2699.77,137.41,0.00,0.00,2699.77,137.41,N/A,N/A,,acronis,,SPBAMSENS
2026-05-01,US_Master,Educational Records Bureau,,Partner,Enabled,,Cyber Protection,Per gigabyte,Cloud Storage (abgw-phx1-arp2.acronis.com) used - Class 2,Acronis Cloud,GB,Unlimited,10218.27,240.49,0.00,0.00,10218.27,240.49,N/A,N/A,,acronis,,SPBAMSENS
2026-05-01,US_Master,The Connected Office,,Partner,Enabled,,Cyber Protection,Per workload,Workstations protected,,,Unlimited,7,0,0,0,7,0,N/A,N/A,,,,SPGAMSENS
2026-05-01,US_Master,The Connected Office,,Partner,Enabled,,Sync & Share,File Sync & Share (per user),Users,,,Unlimited,2,0,0,0,2,0,N/A,N/A,,,,SPIAMSENS
2026-05-01,US_Master,The Connected Office,,Partner,Enabled,,Cyber Protection,Per workload,Cloud Storage (abgw-phx1-arp2-r01.acronis.com) used - Class 2,Acronis Cloud,GB,Unlimited,29.60,29.60,0.00,0.00,29.60,29.60,N/A,N/A,,acronis,,SPDAMSENS
2026-05-01,US_Master,The Connected Office,,Partner,Enabled,,Cyber Protection,Per gigabyte,"Cloud Storage (Phoenix, Arizona, USA - abgw-phx1-arp2-uw1-us2.acronis.com) used - Class 2",Acronis Cloud,GB,Unlimited,50.44,-3.53,0.00,0.00,50.44,-3.53,N/A,N/A,,acronis,,SPBAMSENS
2026-05-01,US_Master,The Connected Office,,Partner,Enabled,,Cyber Protection,Per gigabyte,Cloud Storage (abgw-phx1-arp2.acronis.com) used - Class 2,Acronis Cloud,GB,Unlimited,6250.33,-581.97,0.00,0.00,6250.33,-581.97,N/A,N/A,,acronis,,SPBAMSENS
2026-05-01,US_Master,The Connected Office,,Partner,Enabled,,Cyber Protection,Per workload,Cloud Storage (abgw-phx1-arp2.acronis.com) used - Class 2,Acronis Cloud,GB,Unlimited,2063.61,38.16,0.00,0.00,2063.61,38.16,N/A,N/A,,acronis,,SPDAMSENS
2026-05-01,US_Master,The Connected Office,,Partner,Enabled,,Cyber Protection,Per workload,Microsoft 365 Seats protected (Acronis Storage G1),Acronis Cloud,,Unlimited,15,-2,0,0,15,-2,N/A,N/A,,acronis,,SRJAMSENS
2026-05-01,US_Master,The Connected Office,,Partner,Enabled,,Cyber Protection,Per workload,Microsoft 365 Seats protected (Acronis Storage G1),Acronis Cloud,,Unlimited,173,2,0,0,173,2,N/A,N/A,,acronis,,SRJAMSENS
2026-05-01,US_Master,The Connected Office,,Partner,Enabled,,Cyber Protection,Per workload,Microsoft 365 Shared seats protected,,,Unlimited,15,1,0,0,15,1,N/A,N/A,,,,SPDCMSENS
2026-05-01,US_Master,You Must Be Lost,,Partner,Enabled,,Cyber Protection,Per workload,Workstations protected,,,Unlimited,1,0,0,0,1,0,N/A,N/A,,,,SPGAMSENS
2026-05-01,US_Master,You Must Be Lost,,Partner,Enabled,,Cyber Protection,Per workload,Servers protected,,,Unlimited,1,0,0,0,1,0,N/A,N/A,,,,SPEAMSENS
2026-05-01,US_Master,You Must Be Lost,,Partner,Enabled,,Cyber Protection,Per workload,VMs protected,,,Unlimited,2,0,0,0,2,0,N/A,N/A,,,,SPFAMSENS
2026-05-01,US_Master,You Must Be Lost,,Partner,Enabled,,Cyber Protection,Per workload,Cloud Storage (abgw-phx1-arp2.acronis.com) used - Class 2,Acronis Cloud,GB,Unlimited,2950.87,-492.86,0.00,0.00,2950.87,-492.86,N/A,N/A,,acronis,,SPDAMSENS
2026-05-01,US_Master,You Must Be Lost,,Partner,Enabled,,Cyber Protection,Per workload,Microsoft 365 Seats protected (Acronis Storage G1),Acronis Cloud,,Unlimited,1,0,0,0,1,0,N/A,N/A,,acronis,,SRJAMSENS
2026-05-01,US_Master,Reclamere,,Partner,Enabled,,Cyber Protection,Per workload,Workstations protected,,,Unlimited,3,0,0,0,3,0,N/A,N/A,,,,SPGAMSENS
2026-05-01,US_Master,Reclamere,,Partner,Enabled,,Cyber Protection,Per workload,Servers protected,,,Unlimited,3,0,0,0,3,0,N/A,N/A,,,,SPEAMSENS
2026-05-01,US_Master,Reclamere,,Partner,Enabled,,Cyber Protection,Per workload,RMM,,,Unlimited,3,0,0,0,3,0,N/A,N/A,,,,SRHAMSENS
2026-05-01,US_Master,Reclamere,,Partner,Enabled,,Cyber Protection,Per workload,Cloud Storage (abgw-phx1-arp2.acronis.com) used - Class 2,Acronis Cloud,GB,Unlimited,4942.30,188.49,0.00,0.00,4942.30,188.49,N/A,N/A,,acronis,,SPDAMSENS
2026-05-01,US_Master,Reclamere,,Partner,Enabled,,Cyber Protection,Per workload,Disaster Recovery storage used,Acronis Cloud,GB,Unlimited,1000.00,0.00,0.00,0.00,1000.00,0.00,N/A,N/A,,acronis,,SVEAMSENS
2026-05-01,US_Master,Reclamere,,Partner,Enabled,,Cyber Protection,Per workload,Microsoft 365 Seats protected (Acronis Storage G1),Acronis Cloud,,Unlimited,11,0,0,0,11,0,N/A,N/A,,acronis,,SRJAMSENS
2026-05-01,US_Master,BrainWave Computers,,Partner,Enabled,,Cyber Protection,Per workload,Workstations protected,,,9,5,0,0,0,5,0,N/A,N/A,,,,SPGAMSENS
2026-05-01,US_Master,BrainWave Computers,,Partner,Enabled,,Cyber Protection,Per workload,Servers protected,,,1,1,0,0,0,1,0,N/A,N/A,,,,SPEAMSENS
2026-05-01,US_Master,BrainWave Computers,,Partner,Enabled,,Cyber Protection,Per workload,Cloud Storage (abgw-phx1-arp2.acronis.com) used - Class 2,Acronis Cloud,GB,Unlimited,3012.76,23.33,0.00,0.00,3012.76,23.33,N/A,N/A,,acronis,,SPDAMSENS
2026-05-01,US_Master,Sanchez Management Corp,,Partner,Enabled,,Cyber Protection,Per workload,VMs protected,,,Unlimited,10,0,0,0,10,0,N/A,N/A,,,,SPFAMSENS
2026-05-01,US_Master,Sanchez Management Corp,,Partner,Enabled,,Cyber Protection,Per workload,Cloud Storage (abgw-phx1-arp2.acronis.com) used - Class 2,Acronis Cloud,GB,Unlimited,1962.43,-52.38,0.00,0.00,1962.43,-52.38,N/A,N/A,,acronis,,SPDAMSENS
2026-05-01,US_Master,Sanchez Management Corp,,Partner,Enabled,,Cyber Protection,Per workload,Microsoft 365 Seats protected (Acronis Storage G1),Acronis Cloud,,Unlimited,88,1,0,0,88,1,N/A,N/A,,acronis,,SRJAMSENS
2026-05-01,US_Master,Sanchez Management Corp,,Partner,Enabled,,Cyber Protection,Per workload,Microsoft 365 Shared seats protected,,,Unlimited,11,0,0,0,11,0,N/A,N/A,,,,SPDCMSENS
2026-05-01,US_Master,Sanchez Management Corp,,Partner,Enabled,,Cyber Protection,Per workload,RMM Microsoft 365 seats managed and monitored (with risk remediation),,,Unlimited,41,0,0,0,41,0,N/A,N/A,,,,SRMAMSENS
2026-05-01,US_Master,The Ulven Companies,,Partner,Enabled,,Sync & Share,File Sync & Share (per user),Users,,,Unlimited,4,0,0,0,4,0,N/A,N/A,,,,SPIAMSENS
2026-05-01,US_Master,The Ulven Companies,,Partner,Enabled,,Cyber Protection,Per workload,Cloud Storage (abgw-phx1-arp2.acronis.com) used - Class 2,Acronis Cloud,GB,Unlimited,19595.30,-82.14,0.00,0.00,19595.30,-82.14,N/A,N/A,,acronis,,SPDAMSENS
2026-05-01,US_Master,Trahan Computer Tech,,Partner,Disabled,,Cyber Protection,Per workload,Workstations protected,,,Unlimited,1,0,0,0,1,0,N/A,N/A,,,,SPGAMSENS
2026-05-01,US_Master,Trahan Computer Tech,,Partner,Disabled,,Sync & Share,File Sync & Share (per user),Users,,,Unlimited,1,0,0,0,1,0,N/A,N/A,,,,SPIAMSENS
2026-05-01,US_Master,Trahan Computer Tech,,Partner,Disabled,,Cyber Protection,Per workload,Cloud Storage (abgw-phx1-arp2-r01.acronis.com) used - Class 2,Acronis Cloud,GB,Unlimited,1971.71,-29.75,0.00,0.00,1971.71,-29.75,N/A,N/A,,acronis,,SPDAMSENS
2026-05-01,US_Master,Beartech Inc,,Partner,Enabled,,Sync & Share,File Sync & Share (per user),Users,,,Unlimited,1,0,0,0,1,0,N/A,N/A,,,,SPIAMSENS
2026-05-01,US_Master,The Hill Country Tech,,Partner,Enabled,,Cyber Protection,Per workload,Workstations protected,,,Unlimited,7,0,0,0,7,0,N/A,N/A,,,,SPGAMSENS
2026-05-01,US_Master,The Hill Country Tech,,Partner,Enabled,,Cyber Protection,Per workload,Servers protected,,,Unlimited,1,-1,0,0,1,-1,N/A,N/A,,,,SPEAMSENS
2026-05-01,US_Master,The Hill Country Tech,,Partner,Enabled,,Cyber Protection,Per workload,Endpoints protected with EDR,,,Unlimited,6,-1,0,0,6,-1,N/A,N/A,,,,SRIAMSENS
2026-05-01,US_Master,The Hill Country Tech,,Partner,Enabled,,Cyber Protection,Per workload,Cloud Storage (abgw-phx1-arp2.acronis.com) used - Class 2,Acronis Cloud,GB,Unlimited,3025.29,-417.28,0.00,0.00,3025.29,-417.28,N/A,N/A,,acronis,,SPDAMSENS
2026-05-01,US_Master,Network Connections Inc (NCI),,Partner,Enabled,,Cyber Protection,Per gigabyte,Cloud Storage (abgw-phx1-arp2.acronis.com) used - Class 2,Acronis Cloud,GB,Unlimited,9756.10,3147.14,0.00,0.00,9756.10,3147.14,N/A,N/A,,acronis,,SPBAMSENS
2026-05-01,US_Master,Lighthouse Technology Services,,Partner,Enabled,,Cyber Protection,Per workload,Servers protected,,,Unlimited,1,0,0,0,1,0,N/A,N/A,,,,SPEAMSENS
2026-05-01,US_Master,Lighthouse Technology Services,,Partner,Enabled,,Cyber Protection,Per workload,Cloud Storage (abgw-phx1-arp2.acronis.com) used - Class 2,Acronis Cloud,GB,Unlimited,202.60,0.00,0.00,0.00,202.60,0.00,N/A,N/A,,acronis,,SPDAMSENS
2026-05-01,US_Master,Ulu HI-Tech,,Partner,Disabled,,Cyber Protection,Per workload,Workstations protected,,,Unlimited,0,-1,0,0,0,-1,N/A,N/A,,,,SPGAMSENS
2026-05-01,US_Master,Ulu HI-Tech,,Partner,Disabled,,Sync & Share,File Sync & Share (per user),Users,,,Unlimited,1,0,0,0,1,0,N/A,N/A,,,,SPIAMSENS
2026-05-01,US_Master,Ulu HI-Tech,,Partner,Disabled,,Cyber Protection,Per workload,Cloud Storage (abgw-phx1-arp2.acronis.com) used - Class 2,Acronis Cloud,GB,Unlimited,151.15,0.00,0.00,0.00,151.15,0.00,N/A,N/A,,acronis,,SPDAMSENS
2026-05-01,US_Master,Black Bottle,,Partner,Enabled,,Cyber Protection,Per workload,Workstations protected,,,Unlimited,3,0,0,0,3,0,N/A,N/A,,,,SPGAMSENS
2026-05-01,US_Master,Black Bottle,,Partner,Enabled,,Cyber Protection,Per workload,Servers protected,,,4,2,0,0,0,2,0,N/A,N/A,,,,SPEAMSENS
2026-05-01,US_Master,Black Bottle,,Partner,Enabled,,Cyber Protection,Per workload,Endpoints protected with EDR,,,Unlimited,2,0,0,0,2,0,N/A,N/A,,,,SRIAMSENS
2026-05-01,US_Master,Black Bottle,,Partner,Enabled,,Cyber Protection,Per workload,Cloud Storage (abgw-phx1-arp2.acronis.com) used - Class 2,Acronis Cloud,GB,Unlimited,9082.11,2505.53,0.00,0.00,9082.11,2505.53,N/A,N/A,,acronis,,SPDAMSENS
2026-05-01,US_Master,Black Bottle,,Partner,Enabled,,Cyber Protection,Per workload,Microsoft 365 Seats protected (Acronis Storage G1),Acronis Cloud,,Unlimited,38,0,0,0,38,0,N/A,N/A,,acronis,,SRJAMSENS
2026-05-01,US_Master,Black Bottle,,Partner,Enabled,,Cyber Protection,Per workload,Microsoft 365 Shared seats protected,,,Unlimited,2,0,0,0,2,0,N/A,N/A,,,,SPDCMSENS
2026-05-01,US_Master,"Guardnet, Inc",,Partner,Enabled,,Cyber Protection,Per workload,Workstations protected,,,Unlimited,2,0,0,0,2,0,N/A,N/A,,,,SPGAMSENS
2026-05-01,US_Master,"Guardnet, Inc",,Partner,Enabled,,Cyber Protection,Per workload,Servers protected,,,Unlimited,3,-1,0,0,3,-1,N/A,N/A,,,,SPEAMSENS
2026-05-01,US_Master,"Guardnet, Inc",,Partner,Enabled,,Cyber Protection,Per workload,VMs protected,,,Unlimited,12,0,0,0,12,0,N/A,N/A,,,,SPFAMSENS
2026-05-01,US_Master,"Guardnet, Inc",,Partner,Enabled,,Cyber Protection,Per workload,Endpoints protected with EDR,,,Unlimited,2,0,0,0,2,0,N/A,N/A,,,,SRIAMSENS
2026-05-01,US_Master,"Guardnet, Inc",,Partner,Enabled,,Cyber Protection,Per workload,Cloud Storage (abgw-phx1-arp2-r01.acronis.com) used - Class 2,Acronis Cloud,GB,Unlimited,103.17,-0.00,0.00,0.00,103.17,-0.00,N/A,N/A,,acronis,,SPDAMSENS
2026-05-01,US_Master,"Guardnet, Inc",,Partner,Enabled,,Cyber Protection,Per workload,Cloud Storage (abgw-phx1-arp2.acronis.com) used - Class 2,Acronis Cloud,GB,Unlimited,1224.40,27.07,0.00,0.00,1224.40,27.07,N/A,N/A,,acronis,,SPDAMSENS
2026-05-01,US_Master,ARGO-TECH Solutions Inc.,,Partner,Enabled,,Cyber Protection,Per workload,Servers protected,,,Unlimited,3,0,0,0,3,0,N/A,N/A,,,,SPEAMSENS
2026-05-01,US_Master,ARGO-TECH Solutions Inc.,,Partner,Enabled,,Cyber Protection,Per workload,Cloud Storage (abgw-phx1-arp2.acronis.com) used - Class 2,Acronis Cloud,GB,Unlimited,3689.68,-5.94,0.00,0.00,3689.68,-5.94,N/A,N/A,,acronis,,SPDAMSENS
2026-05-01,US_Master,"International Micro Systems, Inc.",30085,Partner,Enabled,,Cyber Protection,Per gigabyte,Endpoints protected with EDR,,,Unlimited,19,0,0,0,19,0,N/A,N/A,,,,SRIAMSENS
2026-05-01,US_Master,"International Micro Systems, Inc.",30085,Partner,Enabled,,Cyber Protection,Per gigabyte,Cloud Storage (abgw-phx1-arp2-r01.acronis.com) used - Class 2,Acronis Cloud,GB,Unlimited,15101.57,49.20,0.00,0.00,15101.57,49.20,N/A,N/A,,acronis,,SPBAMSENS
2026-05-01,US_Master,"International Micro Systems, Inc.",30085,Partner,Enabled,,Cyber Protection,Per gigabyte,Cloud Storage (abgw-phx1-arp2.acronis.com) used - Class 2,Acronis Cloud,GB,Unlimited,3324.65,12.82,0.00,0.00,3324.65,12.82,N/A,N/A,,acronis,,SPBAMSENS
2026-05-01,US_Master,"International Micro Systems, Inc.",30085,Partner,Enabled,,Cyber Protection,Per gigabyte,Microsoft 365 Shared seats protected,,,Unlimited,5,0,0,0,5,0,N/A,N/A,,,,SPDCMSENS
2026-05-01,US_Master,Keystone,29023,Partner,Enabled,,Cyber Protection,Per workload,Workstations protected,,,Unlimited,35,-1,0,0,35,-1,N/A,N/A,,,,SPGAMSENS
2026-05-01,US_Master,Keystone,29023,Partner,Enabled,,Cyber Protection,Per workload,Servers protected,,,Unlimited,3,1,0,0,3,1,N/A,N/A,,,,SPEAMSENS
2026-05-01,US_Master,Keystone,29023,Partner,Enabled,,Cyber Protection,Per workload,VMs protected,,,Unlimited,19,0,0,0,19,0,N/A,N/A,,,,SPFAMSENS
2026-05-01,US_Master,Keystone,29023,Partner,Enabled,,Cyber Protection,Per workload,Endpoints protected with EDR,,,Unlimited,1,0,0,0,1,0,N/A,N/A,,,,SRIAMSENS
2026-05-01,US_Master,Keystone,29023,Partner,Enabled,,Cyber Protection,Per workload,Cloud Storage (abgw-phx1-arp2-r01.acronis.com) used - Class 2,Acronis Cloud,GB,Unlimited,5446.37,256.59,0.00,0.00,5446.37,256.59,N/A,N/A,,acronis,,SPDAMSENS
2026-05-01,US_Master,Keystone,29023,Partner,Enabled,,Cyber Protection,Per workload,Cloud Storage (abgw-phx1-arp2.acronis.com) used - Class 2,Acronis Cloud,GB,Unlimited,26401.36,570.69,0.00,0.00,26401.36,570.69,N/A,N/A,,acronis,,SPDAMSENS
2026-05-01,US_Master,Binyod LLC,,Partner,Enabled,,Cyber Protection,Per workload,Workstations protected,,,Unlimited,8,-3,0,0,8,-3,N/A,N/A,,,,SPGAMSENS
2026-05-01,US_Master,Binyod LLC,,Partner,Enabled,,Cyber Protection,Per workload,Workstations protected (included features),,,Unlimited,23,1,0,0,23,1,N/A,N/A,,,,SPDCMSENS
2026-05-01,US_Master,Binyod LLC,,Partner,Enabled,,Cyber Protection,Per workload,VMs protected,,,Unlimited,2,-1,0,0,2,-1,N/A,N/A,,,,SPFAMSENS
2026-05-01,US_Master,Binyod LLC,,Partner,Enabled,,Cyber Protection,Per workload,VMs (included features) protected,,,Unlimited,1,1,0,0,1,1,N/A,N/A,,,,SPDCMSENS
2026-05-01,US_Master,Binyod LLC,,Partner,Enabled,,Sync & Share,File Sync & Share (per user),Users,,,Unlimited,5,0,0,0,5,0,N/A,N/A,,,,SPIAMSENS
2026-05-01,US_Master,Binyod LLC,,Partner,Enabled,,Cyber Protection,Per workload,RMM,,,Unlimited,15,-2,0,0,15,-2,N/A,N/A,,,,SRHAMSENS
2026-05-01,US_Master,Binyod LLC,,Partner,Enabled,,Cyber Protection,Per workload,Endpoints protected with EDR,,,Unlimited,24,-2,0,0,24,-2,N/A,N/A,,,,SRIAMSENS
2026-05-01,US_Master,Binyod LLC,,Partner,Enabled,,Cyber Protection,Per workload,Cloud Storage (abgw-phx1-arp2.acronis.com) used - Class 2,Acronis Cloud,GB,Unlimited,8155.19,353.74,0.00,0.00,8155.19,353.74,N/A,N/A,,acronis,,SPDAMSENS
2026-05-01,US_Master,Binyod LLC,,Partner,Enabled,,Cyber Protection,Per workload,Email and Collaboration Security mailboxes protected,,,Unlimited,16,0,0,0,16,0,N/A,N/A,,,,SO4AMSENS
2026-05-01,US_Master,Binyod LLC,,Partner,Enabled,,Cyber Protection,Per workload,Disaster Recovery storage used,Acronis Cloud,GB,Unlimited,4855.65,266.18,0.00,0.00,4855.65,266.18,N/A,N/A,,acronis,,SVEAMSENS
2026-05-01,US_Master,Binyod LLC,,Partner,Enabled,,Cyber Protection,Per workload,Microsoft 365 Seats protected (Acronis Storage G1),Acronis Cloud,,Unlimited,5,0,0,0,5,0,N/A,N/A,,acronis,,SRJAMSENS
2026-05-01,US_Master,GTech Data LLC,,Partner,Enabled,,Cyber Protection,Per workload,Workstations protected,,,Unlimited,4,0,0,0,4,0,N/A,N/A,,,,SPGAMSENS
2026-05-01,US_Master,GTech Data LLC,,Partner,Enabled,,Cyber Protection,Per workload,Servers protected,,,Unlimited,1,0,0,0,1,0,N/A,N/A,,,,SPEAMSENS
2026-05-01,US_Master,GTech Data LLC,,Partner,Enabled,,Cyber Protection,Per workload,Cloud Storage (abgw-phx1-arp2.acronis.com) used - Class 2,Acronis Cloud,GB,Unlimited,1623.28,-1418.93,0.00,0.00,1623.28,-1418.93,N/A,N/A,,acronis,,SPDAMSENS
2026-05-01,US_Master,"Professional Business Systems, Inc - (BAD Tenant)",,Partner,Enabled,,Cyber Protection,Per workload,Cloud Storage (abgw-phx1-arp2.acronis.com) used - Class 2,Acronis Cloud,GB,Unlimited,261.52,-1.65,0.00,0.00,261.52,-1.65,N/A,N/A,,acronis,,SPDAMSENS
2026-05-01,US_Master,"Netizen, LLC",,Partner,Disabled,,Cyber Protection,Per workload,Cloud Storage (abgw-phx1-arp2.acronis.com) used - Class 2,Acronis Cloud,GB,Unlimited,1722.04,-410.75,0.00,0.00,1722.04,-410.75,N/A,N/A,,acronis,,SPDAMSENS
2026-05-01,US_Master,Seiu-Uhw,,Partner,Enabled,,Cyber Protection,Per workload,VMs protected,,,Unlimited,5,0,0,0,5,0,N/A,N/A,,,,SPFAMSENS
2026-05-01,US_Master,Seiu-Uhw,,Partner,Enabled,,Cyber Protection,Per workload,Endpoints protected with EDR,,,Unlimited,2,0,0,0,2,0,N/A,N/A,,,,SRIAMSENS
2026-05-01,US_Master,Seiu-Uhw,,Partner,Enabled,,Cyber Protection,Per workload,Cloud Storage (abgw-phx1-arp2.acronis.com) used - Class 2,Acronis Cloud,GB,Unlimited,3017.22,15.85,0.00,0.00,3017.22,15.85,N/A,N/A,,acronis,,SPDAMSENS
2026-05-01,US_Master,V2 Technology,,Partner,Enabled,,Cyber Protection,Per workload,Workstations protected,,,Unlimited,69,3,0,0,69,3,N/A,N/A,,,,SPGAMSENS
2026-05-01,US_Master,V2 Technology,,Partner,Enabled,,Cyber Protection,Per workload,Servers protected,,,Unlimited,6,0,0,0,6,0,N/A,N/A,,,,SPEAMSENS
2026-05-01,US_Master,V2 Technology,,Partner,Enabled,,Cyber Protection,Per workload,VMs protected,,,Unlimited,42,0,0,0,42,0,N/A,N/A,,,,SPFAMSENS
2026-05-01,US_Master,V2 Technology,,Partner,Enabled,,Cyber Protection,Per workload,Cloud Storage (abgw-phx1-arp2-r01.acronis.com) used - Class 2,Acronis Cloud,GB,Unlimited,2780.32,107.91,0.00,0.00,2780.32,107.91,N/A,N/A,,acronis,,SPDAMSENS
2026-05-01,US_Master,V2 Technology,,Partner,Enabled,,Cyber Protection,Per workload,Cloud Storage (abgw-phx1-arp2.acronis.com) used - Class 2,Acronis Cloud,GB,Unlimited,43589.11,1606.05,0.00,0.00,43589.11,1606.05,N/A,N/A,,acronis,,SPDAMSENS
2026-05-01,US_Master,V2 Technology,,Partner,Enabled,,Cyber Protection,Per workload,Microsoft 365 Seats protected (Acronis Storage G1),Acronis Cloud,,Unlimited,134,-5,0,0,134,-5,N/A,N/A,,acronis,,SRJAMSENS
2026-05-01,US_Master,V2 Technology,,Partner,Enabled,,Cyber Protection,Per workload,Microsoft 365 Shared seats protected,,,Unlimited,87,6,0,0,87,6,N/A,N/A,,,,SPDCMSENS
2026-05-01,US_Master,TCT Federal Credit Union,,Partner,Enabled,,Cyber Protection,Per workload,VMs protected,,,Unlimited,7,0,0,0,7,0,N/A,N/A,,,,SPFAMSENS
2026-05-01,US_Master,TCT Federal Credit Union,,Partner,Enabled,,Cyber Protection,Per workload,Cloud Storage (abgw-phx1-arp2-r01.acronis.com) used - Class 2,Acronis Cloud,GB,Unlimited,3261.35,20.04,0.00,0.00,3261.35,20.04,N/A,N/A,,acronis,,SPDAMSENS
2026-05-01,US_Master,Capital Business Machines,,Partner,Enabled,,Cyber Protection,Per workload,Workstations protected,,,Unlimited,5,1,0,0,5,1,N/A,N/A,,,,SPGAMSENS
2026-05-01,US_Master,Capital Business Machines,,Partner,Enabled,,Cyber Protection,Per workload,Servers protected,,,Unlimited,16,1,0,0,16,1,N/A,N/A,,,,SPEAMSENS
2026-05-01,US_Master,Capital Business Machines,,Partner,Enabled,,Cyber Protection,Per workload,VMs protected,,,Unlimited,23,4,0,0,23,4,N/A,N/A,,,,SPFAMSENS
2026-05-01,US_Master,Capital Business Machines,,Partner,Enabled,,Cyber Protection,Per workload,Cloud Storage (abgw-phx1-arp2.acronis.com) used - Class 2,Acronis Cloud,GB,Unlimited,47687.29,802.62,0.00,0.00,47687.29,802.62,N/A,N/A,,acronis,,SPDAMSENS
2026-05-01,US_Master,Capital Business Machines,,Partner,Enabled,,Cyber Protection,Per workload,Microsoft 365 Seats protected (Acronis Storage G1),Acronis Cloud,,Unlimited,4,0,0,0,4,0,N/A,N/A,,acronis,,SRJAMSENS
2026-05-01,US_Master,Capital Business Machines,,Partner,Enabled,,Cyber Protection,Per workload,Microsoft 365 Shared seats protected,,,Unlimited,4,0,0,0,4,0,N/A,N/A,,,,SPDCMSENS
2026-05-01,US_Master,Austin Computer Guys,,Partner,Enabled,,Cyber Protection,Per workload,Servers protected,,,Unlimited,21,1,0,0,21,1,N/A,N/A,,,,SPEAMSENS
2026-05-01,US_Master,Austin Computer Guys,,Partner,Enabled,,Cyber Protection,Per workload,Cloud Storage (abgw-phx1-arp2.acronis.com) used - Class 2,Acronis Cloud,GB,Unlimited,5745.01,219.70,0.00,0.00,5745.01,219.70,N/A,N/A,,acronis,,SPDAMSENS
2026-05-01,US_Master,Jeff Computers,,Partner,Enabled,,Cyber Protection,Per workload,Workstations protected,,,Unlimited,238,0,0,0,238,0,N/A,N/A,,,,SPGAMSENS
2026-05-01,US_Master,Jeff Computers,,Partner,Enabled,,Cyber Protection,Per workload,Cloud Storage (abgw-phx1-arp2-r01.acronis.com) used - Class 2,Acronis Cloud,GB,Unlimited,2217.98,-14.15,0.00,0.00,2217.98,-14.15,N/A,N/A,,acronis,,SPDAMSENS
2026-05-01,US_Master,Jeff Computers,,Partner,Enabled,,Cyber Protection,Per workload,Cloud Storage (abgw-phx1-arp2.acronis.com) used - Class 2,Acronis Cloud,GB,Unlimited,48752.84,7328.11,0.00,0.00,48752.84,7328.11,N/A,N/A,,acronis,,SPDAMSENS
2026-05-01,US_Master,RMHT Solutions LLC,,Partner,Enabled,,Cyber Protection,Per workload,Workstations protected,,,Unlimited,9,-1,0,0,9,-1,N/A,N/A,,,,SPGAMSENS
2026-05-01,US_Master,RMHT Solutions LLC,,Partner,Enabled,,Cyber Protection,Per workload,Servers protected,,,Unlimited,138,-5,0,0,138,-5,N/A,N/A,,,,SPEAMSENS
2026-05-01,US_Master,RMHT Solutions LLC,,Partner,Enabled,,Cyber Protection,Per workload,Cloud Storage (abgw-phx1-arp2-r01.acronis.com) used - Class 2,Acronis Cloud,GB,Unlimited,0.00,-2094.55,0.00,0.00,0.00,-2094.55,N/A,N/A,,acronis,,SPDAMSENS
2026-05-01,US_Master,RMHT Solutions LLC,,Partner,Enabled,,Cyber Protection,Per workload,Cloud Storage (baas-fes-us3.acronis.com) used - Class 2,Acronis Cloud,GB,Unlimited,109919.78,2983.71,0.00,0.00,109919.78,2983.71,N/A,N/A,,acronis,,SPDAMSENS
2026-05-01,US_Master,LifeBrite Hosptial Group,,Partner,Enabled,,Cyber Protection,Per workload,VMs protected,,,Unlimited,7,0,0,0,7,0,N/A,N/A,,,,SPFAMSENS
2026-05-01,US_Master,LifeBrite Hosptial Group,,Partner,Enabled,,Cyber Protection,Per workload,Cloud Storage (baas-fes-us3.acronis.com) used - Class 2,Acronis Cloud,GB,Unlimited,4557.96,24.01,0.00,0.00,4557.96,24.01,N/A,N/A,,acronis,,SPDAMSENS
2026-05-01,US_Master,Archis Technologies,,Partner,Enabled,,Cyber Protection,Per gigabyte,Cloud Storage (abgw-phx1-arp2.acronis.com) used - Class 2,Acronis Cloud,GB,Unlimited,4046.83,50.87,0.00,0.00,4046.83,50.87,N/A,N/A,,acronis,,SPBAMSENS
2026-05-01,US_Master,S Hotel Jamaica,,Partner,Enabled,,Cyber Protection,Per workload,Servers protected,,,Unlimited,3,0,0,0,3,0,N/A,N/A,,,,SPEAMSENS
2026-05-01,US_Master,S Hotel Jamaica,,Partner,Enabled,,Cyber Protection,Per workload,Endpoints protected with EDR,,,Unlimited,2,0,0,0,2,0,N/A,N/A,,,,SRIAMSENS
2026-05-01,US_Master,S Hotel Jamaica,,Partner,Enabled,,Cyber Protection,Per workload,Cloud Storage (uc1-aas01.azure.acronis.com) used - Class 2,Microsoft Azure,GB,Unlimited,2592.93,-21.40,0.00,0.00,2592.93,-21.40,N/A,N/A,,azure,,SQ1AMSENS
2026-05-01,US_Master,S Hotel Jamaica,,Partner,Enabled,,Cyber Protection,Per workload,Microsoft 365 Seats protected (Azure Storage),Microsoft Azure,,Unlimited,19,0,0,0,19,0,N/A,N/A,,azure,,SRAAMSENS
2026-05-01,US_Master,Axiom,,Partner,Enabled,,Cyber Protection,Per gigabyte,Endpoints protected with EDR,,,Unlimited,2,0,0,0,2,0,N/A,N/A,,,,SRIAMSENS
2026-05-01,US_Master,Axiom,,Partner,Enabled,,Cyber Protection,,Local Storage Per gigabyte,,GB,Unlimited,5564.33,-4581.29,0.00,0.00,5564.33,-4581.29,N/A,N/A,,,,SP4BMSENS
2026-05-01,US_Master,Axiom,,Partner,Enabled,,Cyber Protection,Per gigabyte,Cloud Storage (abgw-phx1-arp2.acronis.com) used - Class 2,Acronis Cloud,GB,Unlimited,12168.84,117.94,0.00,0.00,12168.84,117.94,N/A,N/A,,acronis,,SPBAMSENS
2026-05-01,US_Master,Oscar Wilson Engine & Parts,,Partner,Enabled,,Cyber Protection,Per workload,Servers protected,,,Unlimited,9,0,0,0,9,0,N/A,N/A,,,,SPEAMSENS
2026-05-01,US_Master,Oscar Wilson Engine & Parts,,Partner,Enabled,,Cyber Protection,Per workload,VMs protected,,,Unlimited,1,0,0,0,1,0,N/A,N/A,,,,SPFAMSENS
2026-05-01,US_Master,Oscar Wilson Engine & Parts,,Partner,Enabled,,Cyber Protection,Per workload,Endpoints protected with EDR,,,Unlimited,1,0,0,0,1,0,N/A,N/A,,,,SRIAMSENS
2026-05-01,US_Master,Oscar Wilson Engine & Parts,,Partner,Enabled,,Cyber Protection,Per workload,Cloud Storage (abgw-phx1-arp2.acronis.com) used - Class 2,Acronis Cloud,GB,Unlimited,5068.05,539.20,0.00,0.00,5068.05,539.20,N/A,N/A,,acronis,,SPDAMSENS
2026-05-01,US_Master,T3 Networks,163476,Partner,Enabled,,Cyber Protection,Per workload,Workstations protected,,,Unlimited,45,-2,1,1,46,-1,N/A,N/A,,,,SPGAMSENS
2026-05-01,US_Master,T3 Networks,163476,Partner,Enabled,,Cyber Protection,Per workload,Servers protected,,,Unlimited,6,0,0,0,6,0,N/A,N/A,,,,SPEAMSENS
2026-05-01,US_Master,T3 Networks,163476,Partner,Enabled,,Cyber Protection,Per workload,VMs protected,,,Unlimited,8,0,0,0,8,0,N/A,N/A,,,,SPFAMSENS
2026-05-01,US_Master,T3 Networks,163476,Partner,Enabled,,Cyber Protection,Per workload,Cloud Storage (abgw-phx1-arp2-r01.acronis.com) used - Class 2,Acronis Cloud,GB,Unlimited,12.20,0.00,0.00,0.00,12.20,0.00,N/A,N/A,,acronis,,SPDAMSENS
2026-05-01,US_Master,T3 Networks,163476,Partner,Enabled,,Cyber Protection,Per workload,Cloud Storage (abgw-phx1-arp2.acronis.com) used - Class 2,Acronis Cloud,GB,Unlimited,585.91,8.70,0.00,0.00,585.91,8.70,N/A,N/A,,acronis,,SPDAMSENS
2026-05-01,US_Master,Bel USA LLC,352291,Partner,Enabled,,Cyber Protection,Per workload,Workstations protected,,,Unlimited,35,0,0,0,35,0,N/A,N/A,,,,SPGAMSENS
2026-05-01,US_Master,Bel USA LLC,352291,Partner,Enabled,,Cyber Protection,Per workload,Servers protected,,,Unlimited,2,0,0,0,2,0,N/A,N/A,,,,SPEAMSENS
2026-05-01,US_Master,Bel USA LLC,352291,Partner,Enabled,,Cyber Protection,Per workload,VMs protected,,,Unlimited,20,0,0,0,20,0,N/A,N/A,,,,SPFAMSENS
2026-05-01,US_Master,Bel USA LLC,352291,Partner,Enabled,,Cyber Protection,Per workload,RMM,,,Unlimited,12,0,0,0,12,0,N/A,N/A,,,,SRHAMSENS
2026-05-01,US_Master,Bel USA LLC,352291,Partner,Enabled,,Cyber Protection,Per workload,Endpoints protected with EDR,,,Unlimited,11,0,0,0,11,0,N/A,N/A,,,,SRIAMSENS
2026-05-01,US_Master,Bel USA LLC,352291,Partner,Enabled,,Cyber Protection,Per workload,Cloud Storage (abgw-phx1-arp2-r01.acronis.com) used - Class 2,Acronis Cloud,GB,Unlimited,114389.78,1324.59,0.00,0.00,114389.78,1324.59,N/A,N/A,,acronis,,SPDAMSENS
2026-05-01,US_Master,Bel USA LLC,352291,Partner,Enabled,,Cyber Protection,Per workload,Microsoft 365 Seats protected (Acronis Storage G1),Acronis Cloud,,Unlimited,490,10,0,0,490,10,N/A,N/A,,acronis,,SRJAMSENS
2026-05-01,US_Master,"IS Consulting Services, LLC",125921,Partner,Enabled,,Cyber Protection,Per gigabyte,RMM,,,Unlimited,2,-3,0,0,2,-3,N/A,N/A,,,,SRHAMSENS
2026-05-01,US_Master,"IS Consulting Services, LLC",125921,Partner,Enabled,,Cyber Protection,Per gigabyte,Endpoints protected with EDR,,,Unlimited,2,-3,0,0,2,-3,N/A,N/A,,,,SRIAMSENS
2026-05-01,US_Master,"IS Consulting Services, LLC",125921,Partner,Enabled,,Cyber Protection,Per gigabyte,Cloud Storage (abgw-phx1-arp2-r01.acronis.com) used - Class 2,Acronis Cloud,GB,Unlimited,467.10,0.53,0.00,0.00,467.10,0.53,N/A,N/A,,acronis,,SPBAMSENS
2026-05-01,US_Master,"IS Consulting Services, LLC",125921,Partner,Enabled,,Cyber Protection,Per gigabyte,Cloud Storage (abgw-phx1-arp2.acronis.com) used - Class 2,Acronis Cloud,GB,Unlimited,3152.42,68.19,0.00,0.00,3152.42,68.19,N/A,N/A,,acronis,,SPBAMSENS
2026-05-01,US_Master,"IS Consulting Services, LLC",125921,Partner,Enabled,,Cyber Protection,Per gigabyte,Microsoft 365 Shared seats protected,,,Unlimited,5,0,0,0,5,0,N/A,N/A,,,,SPDCMSENS
2026-05-01,US_Master,New Level Technology,,Partner,Enabled,,Cyber Protection,Per workload,Workstations protected,,,Unlimited,6,0,0,0,6,0,N/A,N/A,,,,SPGAMSENS
2026-05-01,US_Master,New Level Technology,,Partner,Enabled,,Cyber Protection,Per workload,Servers protected,,,Unlimited,1,0,0,0,1,0,N/A,N/A,,,,SPEAMSENS
2026-05-01,US_Master,New Level Technology,,Partner,Enabled,,Cyber Protection,Per workload,VMs protected,,,Unlimited,2,0,0,0,2,0,N/A,N/A,,,,SPFAMSENS
2026-05-01,US_Master,New Level Technology,,Partner,Enabled,,Cyber Protection,Per workload,Direct Backup to Public Cloud workstations protected,,,Unlimited,6,0,0,0,6,0,N/A,N/A,,,,SRFUMSENS
2026-05-01,US_Master,New Level Technology,,Partner,Enabled,,Cyber Protection,Per workload,Direct Backup to Public Cloud servers protected,,,Unlimited,1,0,0,0,1,0,N/A,N/A,,,,SRDUMSENS
2026-05-01,US_Master,New Level Technology,,Partner,Enabled,,Cyber Protection,Per workload,Direct Backup to Public Cloud VMs protected,,,Unlimited,2,0,0,0,2,0,N/A,N/A,,,,SREUMSENS
2026-05-01,US_Master,New Level Technology,,Partner,Enabled,,Cyber Protection,Per workload,Cloud Storage (abgw-phx1-arp2-r01.acronis.com) used - Class 2,Acronis Cloud,GB,Unlimited,0.02,-0.00,0.00,0.00,0.02,-0.00,N/A,N/A,,acronis,,SPDAMSENS
2026-05-01,US_Master,New Level Technology,,Partner,Enabled,,Cyber Protection,Per workload,Cloud Storage (abgw-phx1-arp2.acronis.com) used - Class 2,Acronis Cloud,GB,Unlimited,95.67,4.01,0.00,0.00,95.67,4.01,N/A,N/A,,acronis,,SPDAMSENS
2026-05-01,US_Master,"Midwest Computing Group, Inc.",,Partner,Enabled,,Cyber Protection,Per workload,Workstations protected,,,Unlimited,10,0,0,0,10,0,N/A,N/A,,,,SPGAMSENS
2026-05-01,US_Master,"Midwest Computing Group, Inc.",,Partner,Enabled,,Cyber Protection,Per workload,Servers protected,,,Unlimited,4,0,0,0,4,0,N/A,N/A,,,,SPEAMSENS
2026-05-01,US_Master,"Midwest Computing Group, Inc.",,Partner,Enabled,,Cyber Protection,Per workload,VMs protected,,,Unlimited,4,0,0,0,4,0,N/A,N/A,,,,SPFAMSENS
2026-05-01,US_Master,"Midwest Computing Group, Inc.",,Partner,Enabled,,Cyber Protection,Per workload,RMM,,,Unlimited,9,0,0,0,9,0,N/A,N/A,,,,SRHAMSENS
2026-05-01,US_Master,"Midwest Computing Group, Inc.",,Partner,Enabled,,Cyber Protection,Per workload,Endpoints protected with EDR,,,Unlimited,13,0,0,0,13,0,N/A,N/A,,,,SRIAMSENS
2026-05-01,US_Master,"Midwest Computing Group, Inc.",,Partner,Enabled,,Cyber Protection,Per workload,Cloud Storage (abgw-phx1-arp2-r01.acronis.com) used - Class 2,Acronis Cloud,GB,Unlimited,33.92,0.23,0.00,0.00,33.92,0.23,N/A,N/A,,acronis,,SPDAMSENS
2026-05-01,US_Master,"Midwest Computing Group, Inc.",,Partner,Enabled,,Cyber Protection,Per workload,Cloud Storage (abgw-phx1-arp2.acronis.com) used - Class 2,Acronis Cloud,GB,Unlimited,5107.90,2768.16,0.00,-1234.72,5107.90,1533.44,N/A,N/A,,acronis,,SPDAMSENS
2026-05-01,US_Master,"Midwest Computing Group, Inc.",,Partner,Enabled,,Cyber Protection,Per workload,Microsoft 365 Seats protected (Acronis Storage G1),Acronis Cloud,,Unlimited,13,0,0,0,13,0,N/A,N/A,,acronis,,SRJAMSENS
2026-05-01,US_Master,"Midwest Computing Group, Inc.",,Partner,Enabled,,Cyber Protection,Per workload,Microsoft 365 Seats protected (Acronis Storage G1),Acronis Cloud,,Unlimited,19,0,0,0,19,0,N/A,N/A,,acronis,,SRJAMSENS
2026-05-01,US_Master,"Midwest Computing Group, Inc.",,Partner,Enabled,,Cyber Protection,Per workload,Network-attached storages (NAS) protected,,,Unlimited,1,1,0,-1,1,0,N/A,N/A,,,,SPD5MSENS
2026-05-01,US_Master,Kismet Solutions Inc.,30437,Partner,Enabled,,Cyber Protection,Per workload,Workstations protected,,,Unlimited,5,0,0,0,5,0,N/A,N/A,,,,SPGAMSENS
2026-05-01,US_Master,Kismet Solutions Inc.,30437,Partner,Enabled,,Cyber Protection,Per workload,Servers protected,,,Unlimited,5,0,0,0,5,0,N/A,N/A,,,,SPEAMSENS
2026-05-01,US_Master,Kismet Solutions Inc.,30437,Partner,Enabled,,Cyber Protection,Per workload,VMs protected,,,Unlimited,17,0,0,0,17,0,N/A,N/A,,,,SPFAMSENS
2026-05-01,US_Master,Kismet Solutions Inc.,30437,Partner,Enabled,,Cyber Protection,Per workload,Cloud Storage (abgw-phx1-arp2-r01.acronis.com) used - Class 2,Acronis Cloud,GB,Unlimited,11280.37,-291.53,0.00,0.00,11280.37,-291.53,N/A,N/A,,acronis,,SPDAMSENS
2026-05-01,US_Master,Kismet Solutions Inc.,30437,Partner,Enabled,,Cyber Protection,Per workload,Cloud Storage (abgw-phx1-arp2.acronis.com) used - Class 2,Acronis Cloud,GB,Unlimited,11581.27,1987.76,0.00,0.00,11581.27,1987.76,N/A,N/A,,acronis,,SPDAMSENS
2026-05-01,US_Master,Buddy Rents,,Partner,Enabled,,Cyber Protection,Per workload,Servers protected,,,Unlimited,222,-4,0,0,222,-4,N/A,N/A,,,,SPEAMSENS
2026-05-01,US_Master,Buddy Rents,,Partner,Enabled,,Cyber Protection,Per workload,Cloud Storage (abgw-phx1-arp2-r01.acronis.com) used - Class 2,Acronis Cloud,GB,Unlimited,3208.45,135.92,0.00,0.00,3208.45,135.92,N/A,N/A,,acronis,,SPDAMSENS
2026-05-01,US_Master,Buddy Rents,,Partner,Enabled,,Cyber Protection,Per workload,Cloud Storage (baas-fes-us3.acronis.com) used - Class 2,Acronis Cloud,GB,Unlimited,227.72,15.29,0.00,0.00,227.72,15.29,N/A,N/A,,acronis,,SPDAMSENS
2026-05-01,US_Master,Buddy Rents,,Partner,Enabled,,Cyber Protection,Per workload,Cloud Storage (abgw-phx1-arp2.acronis.com) used - Class 2,Acronis Cloud,GB,Unlimited,2356.18,204.11,0.00,0.00,2356.18,204.11,N/A,N/A,,acronis,,SPDAMSENS
2026-05-01,US_Master,Structured Communication Systems,,Partner,Enabled,,Cyber Protection,Per workload,Workstations protected,,,Unlimited,55,0,0,0,55,0,N/A,N/A,,,,SPGAMSENS
2026-05-01,US_Master,Structured Communication Systems,,Partner,Enabled,,Cyber Protection,Per workload,Servers protected,,,Unlimited,7,0,0,0,7,0,N/A,N/A,,,,SPEAMSENS
2026-05-01,US_Master,Structured Communication Systems,,Partner,Enabled,,Cyber Protection,Per workload,VMs protected,,,Unlimited,80,0,0,0,80,0,N/A,N/A,,,,SPFAMSENS
2026-05-01,US_Master,Structured Communication Systems,,Partner,Enabled,,Sync & Share,File Sync & Share (per user),Users,,,Unlimited,3,1,0,0,3,1,N/A,N/A,,,,SPIAMSENS
2026-05-01,US_Master,Structured Communication Systems,,Partner,Enabled,,Cyber Protection,Per gigabyte,Cloud Storage (abgw-phx1-arp2-r01.acronis.com) used - Class 2,Acronis Cloud,GB,Unlimited,1.44,0.00,0.00,0.00,1.44,0.00,N/A,N/A,,acronis,,SPBAMSENS
2026-05-01,US_Master,Structured Communication Systems,,Partner,Enabled,,Cyber Protection,Per workload,Cloud Storage (abgw-phx1-arp2-r01.acronis.com) used - Class 2,Acronis Cloud,GB,Unlimited,21432.29,202.32,0.00,0.00,21432.29,202.32,N/A,N/A,,acronis,,SPDAMSENS
2026-05-01,US_Master,Structured Communication Systems,,Partner,Enabled,,Cyber Protection,Per gigabyte,Cloud Storage (abgw-phx1-arp2.acronis.com) used - Class 2,Acronis Cloud,GB,Unlimited,1894.34,-24.64,0.00,0.00,1894.34,-24.64,N/A,N/A,,acronis,,SPBAMSENS
2026-05-01,US_Master,Structured Communication Systems,,Partner,Enabled,,Cyber Protection,Per workload,Cloud Storage (abgw-phx1-arp2.acronis.com) used - Class 2,Acronis Cloud,GB,Unlimited,46849.40,800.94,0.00,0.00,46849.40,800.94,N/A,N/A,,acronis,,SPDAMSENS
2026-05-01,US_Master,Structured Communication Systems,,Partner,Enabled,,Cyber Protection,Per workload,Disaster Recovery storage used,Acronis Cloud,GB,Unlimited,9632.35,523.28,0.00,0.00,9632.35,523.28,N/A,N/A,,acronis,,SVEAMSENS
2026-05-01,US_Master,Structured Communication Systems,,Partner,Enabled,,Cyber Protection,Per workload,Disaster Recovery compute points,Acronis Cloud,,Unlimited,2979.66,2979.66,0.00,0.00,2979.66,2979.66,N/A,N/A,,acronis,,SQYAMSENS
2026-05-01,US_Master,Structured Communication Systems,,Partner,Enabled,,Cyber Protection,Per workload,Microsoft 365 Seats protected (Acronis Storage G1),Acronis Cloud,,Unlimited,861,0,0,0,861,0,N/A,N/A,,acronis,,SRJAMSENS
2026-05-01,US_Master,Structured Communication Systems,,Partner,Enabled,,Cyber Protection,Per workload,Microsoft 365 Shared seats protected,,,Unlimited,194,1,0,0,194,1,N/A,N/A,,,,SPDCMSENS
2026-05-01,US_Master,Micro Computer Consulting Inc.,,Partner,Disabled,,Sync & Share,File Sync & Share (per user),Users,,,Unlimited,0,-2,0,0,0,-2,N/A,N/A,,,,SPIAMSENS
2026-05-01,US_Master,Micro Computer Consulting Inc.,,Partner,Disabled,,Cyber Protection,Per workload,Cloud Storage (abgw-phx1-arp2.acronis.com) used - Class 2,Acronis Cloud,GB,Unlimited,0.00,-3935.57,0.00,0.00,0.00,-3935.57,N/A,N/A,,acronis,,SPDAMSENS
2026-05-01,US_Master,Micro Computer Consulting Inc.,,Partner,Disabled,,Cyber Protection,Per workload,Disaster Recovery storage used,Acronis Cloud,GB,Unlimited,0.00,-896.55,0.00,0.00,0.00,-896.55,N/A,N/A,,acronis,,SVEAMSENS
2026-05-01,US_Master,"Innovative Network, Inc.",,Partner,Enabled,,Cyber Protection,Per workload,Workstations protected,,,Unlimited,13,0,0,0,13,0,N/A,N/A,,,,SPGAMSENS
2026-05-01,US_Master,"Innovative Network, Inc.",,Partner,Enabled,,Cyber Protection,Per workload,Servers protected,,,Unlimited,16,-1,0,0,16,-1,N/A,N/A,,,,SPEAMSENS
2026-05-01,US_Master,"Innovative Network, Inc.",,Partner,Enabled,,Cyber Protection,Per workload,VMs protected,,,Unlimited,1,0,0,0,1,0,N/A,N/A,,,,SPFAMSENS
2026-05-01,US_Master,"Innovative Network, Inc.",,Partner,Enabled,,Sync & Share,File Sync & Share (per user),Users,,,Unlimited,13,0,0,0,13,0,N/A,N/A,,,,SPIAMSENS
2026-05-01,US_Master,"Innovative Network, Inc.",,Partner,Enabled,,Cyber Protection,Per workload,Endpoints protected with EDR,,,Unlimited,1,0,0,0,1,0,N/A,N/A,,,,SRIAMSENS
2026-05-01,US_Master,"Innovative Network, Inc.",,Partner,Enabled,,Cyber Protection,Per workload,Cloud Storage (abgw-phx1-arp2-r01.acronis.com) used - Class 2,Acronis Cloud,GB,Unlimited,31767.07,83.64,0.00,0.00,31767.07,83.64,N/A,N/A,,acronis,,SPDAMSENS
2026-05-01,US_Master,"Innovative Network, Inc.",,Partner,Enabled,,Sync & Share,File Sync & Share (per user),Cloud Storage (us2-s3gw.acronis.com) used,us2-s3gw.acronis.com,GB,Unlimited,21.67,0.00,0.00,0.00,21.67,0.00,N/A,N/A,,acronis,,SUVAMSENS
2026-05-01,US_Master,"Innovative Network, Inc.",,Partner,Enabled,,Cyber Protection,Per workload,Cloud Storage (abgw-phx1-arp2.acronis.com) used - Class 2,Acronis Cloud,GB,Unlimited,1175.92,-19.47,0.00,0.00,1175.92,-19.47,N/A,N/A,,acronis,,SPDAMSENS
2026-05-01,US_Master,"Innovative Network, Inc.",,Partner,Enabled,,Cyber Protection,Per workload,Data Loss Prevention workloads protected,,,Unlimited,1,0,0,0,1,0,N/A,N/A,,,,SRI5MSENS
2026-05-01,US_Master,Rx Technology,,Partner,Enabled,,Cyber Protection,Per workload,Workstations protected,,,Unlimited,21,-2,0,0,21,-2,N/A,N/A,,,,SPGAMSENS
2026-05-01,US_Master,Rx Technology,,Partner,Enabled,,Cyber Protection,Per workload,Servers protected,,,Unlimited,8,-1,0,0,8,-1,N/A,N/A,,,,SPEAMSENS
2026-05-01,US_Master,Rx Technology,,Partner,Enabled,,Cyber Protection,Per workload,VMs protected,,,Unlimited,47,1,0,0,47,1,N/A,N/A,,,,SPFAMSENS
2026-05-01,US_Master,Rx Technology,,Partner,Enabled,,Sync & Share,File Sync & Share (per user),Users,,,Unlimited,12,0,0,0,12,0,N/A,N/A,,,,SPIAMSENS
2026-05-01,US_Master,Rx Technology,,Partner,Enabled,,Cyber Protection,Per workload,RMM,,,Unlimited,2,0,0,0,2,0,N/A,N/A,,,,SRHAMSENS
2026-05-01,US_Master,Rx Technology,,Partner,Enabled,,Cyber Protection,Per workload,Endpoints protected with EDR,,,Unlimited,6,0,0,0,6,0,N/A,N/A,,,,SRIAMSENS
2026-05-01,US_Master,Rx Technology,,Partner,Enabled,,Cyber Protection,Per workload,Cloud Storage (abgw-phx1-arp2.acronis.com) used - Class 2,Acronis Cloud,GB,Unlimited,76362.67,-794.26,0.00,0.00,76362.67,-794.26,N/A,N/A,,acronis,,SPDAMSENS
2026-05-01,US_Master,Rx Technology,,Partner,Enabled,,Cyber Protection,Per workload,Disaster Recovery storage used,Acronis Cloud,GB,Unlimited,940.56,-4.63,0.00,0.00,940.56,-4.63,N/A,N/A,,acronis,,SVEAMSENS
2026-05-01,US_Master,Rx Technology,,Partner,Enabled,,Cyber Protection,Per workload,Data Loss Prevention workloads protected,,,Unlimited,3,0,0,0,3,0,N/A,N/A,,,,SRI5MSENS
2026-05-01,US_Master,Cyberlink ASP Technology LLC (Avitus Tech),,Partner,Enabled,,Cyber Protection,Per workload,Workstations protected,,,Unlimited,3,0,0,0,3,0,N/A,N/A,,,,SPGAMSENS
2026-05-01,US_Master,Cyberlink ASP Technology LLC (Avitus Tech),,Partner,Enabled,,Cyber Protection,Per workload,Servers protected,,,Unlimited,3,0,0,0,3,0,N/A,N/A,,,,SPEAMSENS
2026-05-01,US_Master,Cyberlink ASP Technology LLC (Avitus Tech),,Partner,Enabled,,Cyber Protection,Per workload,VMs protected,,,Unlimited,4,0,0,0,4,0,N/A,N/A,,,,SPFAMSENS
2026-05-01,US_Master,Cyberlink ASP Technology LLC (Avitus Tech),,Partner,Enabled,,Cyber Protection,Per workload,Endpoints protected with EDR,,,Unlimited,1,0,0,0,1,0,N/A,N/A,,,,SRIAMSENS
2026-05-01,US_Master,Cyberlink ASP Technology LLC (Avitus Tech),,Partner,Enabled,,Cyber Protection,Per workload,Cloud Storage (abgw-phx1-arp2-r01.acronis.com) used - Class 2,Acronis Cloud,GB,Unlimited,383.05,10.38,0.00,0.00,383.05,10.38,N/A,N/A,,acronis,,SPDAMSENS
2026-05-01,US_Master,Origami Technology Group,,Partner,Enabled,,Cyber Protection,Per gigabyte,Cloud Storage (abgw-phx1-arp2-r01.acronis.com) used - Class 2,Acronis Cloud,GB,Unlimited,16917.43,2.22,0.00,0.00,16917.43,2.22,N/A,N/A,,acronis,,SPBAMSENS
2026-05-01,US_Master,Origami Technology Group,,Partner,Enabled,,Cyber Protection,Per gigabyte,Cloud Storage (abgw-phx1-arp2.acronis.com) used - Class 2,Acronis Cloud,GB,Unlimited,4210.28,-34.44,0.00,0.00,4210.28,-34.44,N/A,N/A,,acronis,,SPBAMSENS
2026-05-01,US_Master,Origami Technology Group,,Partner,Enabled,,Cyber Protection,Per gigabyte,Microsoft 365 Shared seats protected,,,Unlimited,44,4,0,0,44,4,N/A,N/A,,,,SPDCMSENS
2026-05-01,EU2_DEV,Serit Ostereng IT,,Partner,Enabled,,Cyber Protection,Per gigabyte,Direct Backup to Public Cloud servers protected,,,Unlimited,1,0,0,0,1,0,N/A,N/A,,,,SRDUMSENS
2026-05-01,EU2_DEV,Serit Ostereng IT,,Partner,Enabled,,Cyber Protection,Per gigabyte,RMM,,,Unlimited,1,0,0,0,1,0,N/A,N/A,,,,SRHAMSENS
2026-05-01,EU2_DEV,Serit Ostereng IT,,Partner,Enabled,,Cyber Protection,,Local Storage Per gigabyte,,GB,Unlimited,644.28,-8.85,0.00,0.00,644.28,-8.85,N/A,N/A,,,,SP4BMSENS
2026-05-01,EU2_DEV,Serit Ostereng IT,,Partner,Enabled,,Cyber Protection,Per gigabyte,Cloud Storage (abgw-fra2-arp1-r01.acronis.com) used - Class 2,Acronis Cloud,GB,Unlimited,37017.33,195.64,0.00,0.00,37017.33,195.64,N/A,N/A,,acronis,,SPBAMSENS
2026-05-01,EU2_DEV,Serit Ostereng IT,,Partner,Enabled,,Cyber Protection,Per gigabyte,"Cloud Storage (North Europe, Ireland - ne1-aas01.azure.acronis.com) used - Class 2",Microsoft Azure,GB,Unlimited,890.31,7.56,0.00,0.00,890.31,7.56,N/A,N/A,,azure,,SQ2AMSENS
2026-05-01,EU2_DEV,Serit Ostereng IT,,Partner,Enabled,,Cyber Protection,Per gigabyte,Cloud Storage (abgw-fra2-arp1-r03.acronis.com) used - Class 2,Acronis Cloud,GB,Unlimited,58.19,-0.68,0.00,0.00,58.19,-0.68,N/A,N/A,,acronis,,SPBAMSENS
2026-05-01,EU2_DEV,Serit Ostereng IT,,Partner,Enabled,,Cyber Protection,Per workload,Cloud Storage (abgw-fra2-arp1-r03.acronis.com) used - Class 2,Acronis Cloud,GB,Unlimited,82.69,-0.16,0.00,0.00,82.69,-0.16,N/A,N/A,,acronis,,SPDAMSENS
2026-05-01,UK_DEV,SoConnect,,Partner,Enabled,,Cyber Protection,Per workload,Servers protected,,,Unlimited,8,0,0,0,8,0,N/A,N/A,,,,SPEAMSENS
2026-05-01,UK_DEV,SoConnect,,Partner,Enabled,,Cyber Protection,Per workload,VMs protected,,,Unlimited,5,0,0,0,5,0,N/A,N/A,,,,SPFAMSENS
2026-05-01,UK_DEV,SoConnect,,Partner,Enabled,,Cyber Protection,Per workload,RMM,,,Unlimited,1,0,0,0,1,0,N/A,N/A,,,,SRHAMSENS
2026-05-01,UK_DEV,SoConnect,,Partner,Enabled,,Cyber Protection,Per workload,Endpoints protected with EDR,,,Unlimited,2,0,0,0,2,0,N/A,N/A,,,,SRIAMSENS
2026-05-01,UK_DEV,SoConnect,,Partner,Enabled,,Cyber Protection,Per workload,"Cloud Storage (UK, London - abgw-lhr3-arp1-r01.acronis.com) used - Class 2",Acronis Cloud,GB,Unlimited,12618.73,-249.59,0.00,0.00,12618.73,-249.59,N/A,N/A,,acronis,,SPDAMSENS
2026-05-01,UK_DEV,SoConnect,,Partner,Enabled,,Cyber Protection,Per workload,Disaster Recovery storage used,Acronis Cloud,GB,Unlimited,1167.90,31.65,0.00,0.00,1167.90,31.65,N/A,N/A,,acronis,,SVEAMSENS
2026-05-01,UK_DEV,Agilico,osa_account_id=1144349;osa_subscription_id=1258240,Partner,Enabled,,Cyber Protection,Per gigabyte,Workstations protected (included features),,,Unlimited,92,0,0,0,92,0,N/A,N/A,,,3,SPDCMSENS
2026-05-01,UK_DEV,Agilico,osa_account_id=1144349;osa_subscription_id=1258240,Partner,Enabled,,Cyber Protection,Per workload,Workstations protected,,,Unlimited,5,-2,0,0,5,-2,N/A,N/A,,,3,SPGAMSENS
2026-05-01,UK_DEV,Agilico,osa_account_id=1144349;osa_subscription_id=1258240,Partner,Enabled,,Cyber Protection,Per workload,Workstations protected (included features),,,Unlimited,427,34,0,0,427,34,N/A,N/A,,,3,SPDCMSENS
2026-05-01,UK_DEV,Agilico,osa_account_id=1144349;osa_subscription_id=1258240,Partner,Enabled,,Cyber Protection,Per gigabyte,Servers protected (included features),,,Unlimited,1,0,0,0,1,0,N/A,N/A,,,3,SPDCMSENS
2026-05-01,UK_DEV,Agilico,osa_account_id=1144349;osa_subscription_id=1258240,Partner,Enabled,,Cyber Protection,Per workload,Servers protected,,,Unlimited,5,0,0,0,5,0,N/A,N/A,,,3,SPEAMSENS
2026-05-01,UK_DEV,Agilico,osa_account_id=1144349;osa_subscription_id=1258240,Partner,Enabled,,Cyber Protection,Per workload,Servers protected (included features),,,Unlimited,3,1,0,0,3,1,N/A,N/A,,,3,SPDCMSENS
2026-05-01,UK_DEV,Agilico,osa_account_id=1144349;osa_subscription_id=1258240,Partner,Enabled,,Cyber Protection,Per gigabyte,VMs (included features) protected,,,Unlimited,1,0,0,0,1,0,N/A,N/A,,,3,SPDCMSENS
2026-05-01,UK_DEV,Agilico,osa_account_id=1144349;osa_subscription_id=1258240,Partner,Enabled,,Cyber Protection,Per workload,VMs protected,,,Unlimited,133,0,0,0,133,0,N/A,N/A,,,3,SPFAMSENS
2026-05-01,UK_DEV,Agilico,osa_account_id=1144349;osa_subscription_id=1258240,Partner,Enabled,,Cyber Protection,Per workload,VMs (included features) protected,,,Unlimited,6,1,0,0,6,1,N/A,N/A,,,3,SPDCMSENS
2026-05-01,UK_DEV,Agilico,osa_account_id=1144349;osa_subscription_id=1258240,Partner,Enabled,,Sync & Share,File Sync & Share (per user),Users,,,Unlimited,21,0,2,2,23,2,N/A,N/A,,,3,SPIAMSENS
2026-05-01,UK_DEV,Agilico,osa_account_id=1144349;osa_subscription_id=1258240,Partner,Enabled,,Cyber Protection,Per gigabyte,RMM,,,Unlimited,5,0,0,0,5,0,N/A,N/A,,,3,SRHAMSENS
2026-05-01,UK_DEV,Agilico,osa_account_id=1144349;osa_subscription_id=1258240,Partner,Enabled,,Cyber Protection,Per workload,RMM,,,Unlimited,0,-2,0,0,0,-2,N/A,N/A,,,3,SRHAMSENS
2026-05-01,UK_DEV,Agilico,osa_account_id=1144349;osa_subscription_id=1258240,Partner,Enabled,,Cyber Protection,Per gigabyte,Endpoints protected with EDR,,,Unlimited,63,0,0,0,63,0,N/A,N/A,,,3,SRIAMSENS
2026-05-01,UK_DEV,Agilico,osa_account_id=1144349;osa_subscription_id=1258240,Partner,Enabled,,Cyber Protection,Per workload,Endpoints protected with EDR,,,Unlimited,399,33,0,0,399,33,N/A,N/A,,,3,SRIAMSENS
2026-05-01,UK_DEV,Agilico,osa_account_id=1144349;osa_subscription_id=1258240,Partner,Enabled,,Cyber Protection,Per gigabyte,"Cloud Storage (UK, London - abgw-lhr3-arp1-r02.acronis.com) used - Class 2",Acronis Cloud,GB,Unlimited,248.64,-1.13,0.00,0.00,248.64,-1.13,N/A,N/A,,acronis,3,SPBAMSENS
2026-05-01,UK_DEV,Agilico,osa_account_id=1144349;osa_subscription_id=1258240,Partner,Enabled,,Cyber Protection,Per gigabyte,"Cloud Storage (UK, London - abgw-lhr3-arp1-r01.acronis.com) used - Class 2",Acronis Cloud,GB,Unlimited,13427.45,492.57,0.00,0.00,13427.45,492.57,N/A,N/A,,acronis,3,SPBAMSENS
2026-05-01,UK_DEV,Agilico,osa_account_id=1144349;osa_subscription_id=1258240,Partner,Enabled,,Cyber Protection,Per workload,"Cloud Storage (UK, London - abgw-lhr3-arp1-r01.acronis.com) used - Class 2",Acronis Cloud,GB,Unlimited,108499.92,1912.37,0.00,0.00,108499.92,1912.37,N/A,N/A,,acronis,3,SPDAMSENS
2026-05-01,UK_DEV,Agilico,osa_account_id=1144349;osa_subscription_id=1258240,Partner,Enabled,,Cyber Protection,Per gigabyte,Email and Collaboration Security mailboxes protected,,,Unlimited,153,4,0,0,153,4,N/A,N/A,,,3,SO4AMSENS
2026-05-01,UK_DEV,Agilico,osa_account_id=1144349;osa_subscription_id=1258240,Partner,Enabled,,Cyber Protection,Per workload,Email and Collaboration Security mailboxes protected,,,Unlimited,659,0,0,0,659,0,N/A,N/A,,,3,SO4AMSENS
2026-05-01,UK_DEV,Agilico,osa_account_id=1144349;osa_subscription_id=1258240,Partner,Enabled,,Cyber Protection,Per workload,Microsoft 365 Seats protected (Acronis Storage G1),Acronis Cloud,,Unlimited,773,49,39,20,812,69,N/A,N/A,,acronis,3,SRJAMSENS
2026-05-01,UK_DEV,Agilico,osa_account_id=1144349;osa_subscription_id=1258240,Partner,Enabled,,Cyber Protection,Per gigabyte,Microsoft 365 Shared seats protected,,,Unlimited,97,0,0,0,97,0,N/A,N/A,,,3,SPDCMSENS
2026-05-01,UK_DEV,Agilico,osa_account_id=1144349;osa_subscription_id=1258240,Partner,Enabled,,Cyber Protection,Per workload,Microsoft 365 Shared seats protected,,,Unlimited,368,44,14,2,382,46,N/A,N/A,,,3,SPDCMSENS
2026-05-01,UK_DEV,Agilico,osa_account_id=1144349;osa_subscription_id=1258240,Partner,Enabled,,Cyber Protection,Per workload,RMM Microsoft 365 seats managed and monitored (with risk remediation),,,Unlimited,104,-1,0,0,104,-1,N/A,N/A,,,3,SRMAMSENS
2026-05-01,UK_DEV,Agilico,osa_account_id=1144349;osa_subscription_id=1258240,Partner,Enabled,,Cyber Protection,Per workload,Endpoints and applications protected with XDR,,,Unlimited,23,0,0,0,23,0,N/A,N/A,,,3,SRXAMSENS
2026-05-01,UK_DEV,Agilico,osa_account_id=1144349;osa_subscription_id=1258240,Partner,Enabled,,Cyber Protection,Per gigabyte,Endpoints and applications protected with XDR,,,Unlimited,7,0,0,0,7,0,N/A,N/A,,,3,SRXAMSENS
2026-05-01,UK_DEV,OPEN CLOUD MEDIA LTD,CA-1234-5564,Partner,Enabled,,Cyber Protection,Per workload,Workstations protected,,,Unlimited,3,1,0,0,3,1,N/A,N/A,,,,SPGAMSENS
2026-05-01,UK_DEV,OPEN CLOUD MEDIA LTD,CA-1234-5564,Partner,Enabled,,Cyber Protection,Per workload,Workstations protected (included features),,,Unlimited,34,0,0,0,34,0,N/A,N/A,,,,SPDCMSENS
2026-05-01,UK_DEV,OPEN CLOUD MEDIA LTD,CA-1234-5564,Partner,Enabled,,Sync & Share,File Sync & Share (per user),Users,,,Unlimited,1,0,0,0,1,0,N/A,N/A,,,,SPIAMSENS
2026-05-01,UK_DEV,OPEN CLOUD MEDIA LTD,CA-1234-5564,Partner,Enabled,,Cyber Protection,Per workload,Web Hosting Servers protected,,,Unlimited,2,0,0,0,2,0,N/A,N/A,,,,SQ7AMSENS
2026-05-01,UK_DEV,OPEN CLOUD MEDIA LTD,CA-1234-5564,Partner,Enabled,,Cyber Protection,Per workload,RMM,,,Unlimited,21,1,0,0,21,1,N/A,N/A,,,,SRHAMSENS
2026-05-01,UK_DEV,OPEN CLOUD MEDIA LTD,CA-1234-5564,Partner,Enabled,,Cyber Protection,Per workload,Endpoints protected with EDR,,,Unlimited,37,1,0,0,37,1,N/A,N/A,,,,SRIAMSENS
2026-05-01,UK_DEV,OPEN CLOUD MEDIA LTD,CA-1234-5564,Partner,Enabled,,Cyber Protection,Per workload,"Cloud Storage (UK, London - abgw-lhr3-arp1-r01.acronis.com) used - Class 2",Acronis Cloud,GB,Unlimited,4464.25,115.52,0.00,0.00,4464.25,115.52,N/A,N/A,,acronis,,SPDAMSENS
2026-05-01,UK_DEV,OPEN CLOUD MEDIA LTD,CA-1234-5564,Partner,Enabled,,Cyber Protection,Per workload,Microsoft 365 Seats protected (Acronis Storage G1),Acronis Cloud,,Unlimited,663,-8,0,0,663,-8,N/A,N/A,,acronis,,SRJAMSENS
2026-05-01,UK_DEV,OPEN CLOUD MEDIA LTD,CA-1234-5564,Partner,Enabled,,Cyber Protection,Per workload,Microsoft 365 Shared seats protected,,,Unlimited,139,0,0,0,139,0,N/A,N/A,,,,SPDCMSENS
2026-05-01,UK_DEV,OPEN CLOUD MEDIA LTD,CA-1234-5564,Partner,Enabled,,Cyber Protection,Per workload,Google Workspace seats protected (Acronis Storage G1),Acronis Cloud,,Unlimited,69,1,0,0,69,1,N/A,N/A,,acronis,,SQ8AMSENS
2026-05-01,UK_DEV,OPEN CLOUD MEDIA LTD,CA-1234-5564,Partner,Enabled,,Cyber Protection,Per workload,RMM Microsoft 365 seats managed and monitored (with risk remediation),,,Unlimited,102,-2,0,0,102,-2,N/A,N/A,,,,SRMAMSENS
2026-05-01,UK_DEV,Complete I.T. Limited,,Partner,Enabled,,Cyber Protection,Per workload,Workstations protected,,,Unlimited,2,0,0,0,2,0,N/A,N/A,,,,SPGAMSENS
2026-05-01,UK_DEV,Complete I.T. Limited,,Partner,Enabled,,Cyber Protection,Per workload,Servers protected,,,Unlimited,11,3,0,0,11,3,N/A,N/A,,,,SPEAMSENS
2026-05-01,UK_DEV,Complete I.T. Limited,,Partner,Enabled,,Cyber Protection,Per workload,VMs protected,,,Unlimited,23,7,0,0,23,7,N/A,N/A,,,,SPFAMSENS
2026-05-01,UK_DEV,Complete I.T. Limited,,Partner,Enabled,,Sync & Share,File Sync & Share (per user),Users,,,Unlimited,7,1,0,0,7,1,N/A,N/A,,,,SPIAMSENS
2026-05-01,UK_DEV,Complete I.T. Limited,,Partner,Enabled,,Cyber Protection,Per gigabyte,RMM,,,Unlimited,2,0,0,0,2,0,N/A,N/A,,,,SRHAMSENS
2026-05-01,UK_DEV,Complete I.T. Limited,,Partner,Enabled,,Cyber Protection,Per workload,RMM,,,Unlimited,4,3,0,0,4,3,N/A,N/A,,,,SRHAMSENS
2026-05-01,UK_DEV,Complete I.T. Limited,,Partner,Enabled,,Cyber Protection,Per gigabyte,Endpoints protected with EDR,,,Unlimited,3,0,0,0,3,0,N/A,N/A,,,,SRIAMSENS
2026-05-01,UK_DEV,Complete I.T. Limited,,Partner,Enabled,,Cyber Protection,Per workload,Endpoints protected with EDR,,,Unlimited,11,3,0,0,11,3,N/A,N/A,,,,SRIAMSENS
2026-05-01,UK_DEV,Complete I.T. Limited,,Partner,Enabled,,Cyber Protection,,Local Storage Per gigabyte,,GB,Unlimited,4751.36,-612.44,0.00,0.00,4751.36,-612.44,N/A,N/A,,,,SP4BMSENS
2026-05-01,UK_DEV,Complete I.T. Limited,,Partner,Enabled,,Cyber Protection,Per gigabyte,"Cloud Storage (UK, London - abgw-lhr3-arp1-r02.acronis.com) used - Class 2",Acronis Cloud,GB,Unlimited,225.25,24.89,0.00,0.00,225.25,24.89,N/A,N/A,,acronis,,SPBAMSENS
2026-05-01,UK_DEV,Complete I.T. Limited,,Partner,Enabled,,Cyber Protection,Per gigabyte,"Cloud Storage (UK, London - abgw-lhr3-arp1-r01.acronis.com) used - Class 2",Acronis Cloud,GB,Unlimited,19804.71,-69.29,0.00,0.00,19804.71,-69.29,N/A,N/A,,acronis,,SPBAMSENS
2026-05-01,UK_DEV,Complete I.T. Limited,,Partner,Enabled,,Cyber Protection,Per workload,"Cloud Storage (UK, London - abgw-lhr3-arp1-r01.acronis.com) used - Class 2",Acronis Cloud,GB,Unlimited,33794.81,1145.20,0.00,0.00,33794.81,1145.20,N/A,N/A,,acronis,,SPDAMSENS
2026-05-01,UK_DEV,Akita Systems,"osa_account_id=1136163;osa_subscription_id=1253345,1247091",Partner,Enabled,,Sync & Share,File Sync & Share (per user),Users,,,Unlimited,1,0,0,0,1,0,N/A,N/A,,,3,SPIAMSENS
2026-05-01,UK_DEV,Akita Systems,"osa_account_id=1136163;osa_subscription_id=1253345,1247091",Partner,Enabled,,Cyber Protection,Per gigabyte,"Cloud Storage (UK, London - abgw-lhr3-arp1-r01.acronis.com) used - Class 2",Acronis Cloud,GB,Unlimited,434.63,28.29,0.00,0.00,434.63,28.29,N/A,N/A,,acronis,3,SPBAMSENS
2026-05-01,UK_DEV,Akita Systems,"osa_account_id=1136163;osa_subscription_id=1253345,1247091",Partner,Enabled,,Cyber Protection,Per workload,"Cloud Storage (UK, London - abgw-lhr3-arp1-r01.acronis.com) used - Class 2",Acronis Cloud,GB,Unlimited,314.31,-683.23,0.00,0.00,314.31,-683.23,N/A,N/A,,acronis,3,SPDAMSENS
2026-05-01,UK_DEV,Akita Systems,"osa_account_id=1136163;osa_subscription_id=1253345,1247091",Partner,Enabled,,Cyber Protection,Per workload,Microsoft 365 Seats protected (Acronis Storage G1),Acronis Cloud,,Unlimited,4344,59,0,-40,4344,19,N/A,N/A,,acronis,3,SRJAMSENS
2026-05-01,UK_DEV,Akita Systems,"osa_account_id=1136163;osa_subscription_id=1253345,1247091",Partner,Enabled,,Cyber Protection,Per gigabyte,Microsoft 365 Shared seats protected,,,Unlimited,97,1,0,0,97,1,N/A,N/A,,,3,SPDCMSENS
2026-05-01,UK_DEV,Akita Systems,"osa_account_id=1136163;osa_subscription_id=1253345,1247091",Partner,Enabled,,Cyber Protection,Per workload,Microsoft 365 Shared seats protected,,,Unlimited,2934,84,0,-40,2934,44,N/A,N/A,,,3,SPDCMSENS
2026-05-01,UK_DEV,Akita Systems,"osa_account_id=1136163;osa_subscription_id=1253345,1247091",Partner,Enabled,,Cyber Protection,Per workload,Google Workspace seats protected (Acronis Storage G1),Acronis Cloud,,Unlimited,11,0,0,0,11,0,N/A,N/A,,acronis,3,SQ8AMSENS
2026-05-01,UK_DEV,RAD Group,"PSTBS9,P",Partner,Enabled,,Cyber Protection,Per workload,Workstations protected,,,Unlimited,5,0,0,0,5,0,N/A,N/A,,,,SPGAMSENS
2026-05-01,UK_DEV,RAD Group,"PSTBS9,P",Partner,Enabled,,Cyber Protection,Per workload,VMs protected,,,Unlimited,1,0,0,0,1,0,N/A,N/A,,,,SPFAMSENS
2026-05-01,UK_DEV,RAD Group,"PSTBS9,P",Partner,Enabled,,Cyber Protection,Per workload,"Cloud Storage (UK, London - abgw-lhr3-arp1-r01.acronis.com) used - Class 2",Acronis Cloud,GB,Unlimited,412.82,-0.99,0.00,0.00,412.82,-0.99,N/A,N/A,,acronis,,SPDAMSENS
2026-05-01,UK_DEV,Technical drive limited,,Partner,Enabled,,Cyber Protection,Per workload,Workstations protected,,,Unlimited,28,0,0,0,28,0,N/A,N/A,,,,SPGAMSENS
2026-05-01,UK_DEV,Technical drive limited,,Partner,Enabled,,Cyber Protection,Per workload,Servers protected,,,Unlimited,78,-1,2,2,80,1,N/A,N/A,,,,SPEAMSENS
2026-05-01,UK_DEV,Technical drive limited,,Partner,Enabled,,Cyber Protection,Per workload,VMs protected,,,Unlimited,140,-3,8,8,148,5,N/A,N/A,,,,SPFAMSENS
2026-05-01,UK_DEV,Technical drive limited,,Partner,Enabled,,Sync & Share,File Sync & Share (per user),Users,,,Unlimited,0,0,1,1,1,1,N/A,N/A,,,,SPIAMSENS
2026-05-01,UK_DEV,Technical drive limited,,Partner,Enabled,,Cyber Protection,Per workload,"Cloud Storage (UK, London - abgw-lhr3-arp1-r02.acronis.com) used - Class 2",Acronis Cloud,GB,Unlimited,651.82,-9.49,0.00,0.00,651.82,-9.49,N/A,N/A,,acronis,,SPDAMSENS
2026-05-01,UK_DEV,Technical drive limited,,Partner,Enabled,,Cyber Protection,Per workload,"Cloud Storage (UK, London - abgw-lhr3-arp1-r01.acronis.com) used - Class 2",Acronis Cloud,GB,Unlimited,65494.52,1018.23,0.00,0.00,65494.52,1018.23,N/A,N/A,,acronis,,SPDAMSENS
2026-05-01,UK_DEV,Technical drive limited,,Partner,Enabled,,Cyber Protection,Per workload,"Cloud Storage (North Europe, Ireland - ne1-aas01.azure.acronis.com) used - Class 2",Microsoft Azure,GB,Unlimited,1158.21,46.31,0.00,0.00,1158.21,46.31,N/A,N/A,,azure,,SQ1AMSENS
2026-05-01,UK_DEV,Technical drive limited,,Partner,Enabled,,Cyber Protection,Per workload,Network-attached storages (NAS) protected,,,Unlimited,4,1,0,0,4,1,N/A,N/A,,,,SPD5MSENS
2026-05-01,UK_DEV,Northern Saints Catholic Education Trust,,Partner,Enabled,,Cyber Protection,Per workload,VMs protected,,,Unlimited,116,0,0,0,116,0,N/A,N/A,,,,SPFAMSENS
2026-05-01,UK_DEV,Northern Saints Catholic Education Trust,,Partner,Enabled,,Cyber Protection,Per workload,RMM,,,Unlimited,4,0,0,0,4,0,N/A,N/A,,,,SRHAMSENS
2026-05-01,UK_DEV,Northern Saints Catholic Education Trust,,Partner,Enabled,,Cyber Protection,Per workload,Endpoints protected with EDR,,,Unlimited,39,0,0,0,39,0,N/A,N/A,,,,SRIAMSENS
2026-05-01,UK_DEV,Astec IT Consultancy LTD,,Partner,Enabled,,Cyber Protection,Per workload,Workstations protected,,,Unlimited,47,-1,0,0,47,-1,N/A,N/A,,,1,SPGAMSENS
2026-05-01,UK_DEV,Astec IT Consultancy LTD,,Partner,Enabled,,Cyber Protection,Per workload,Servers protected,,,Unlimited,2,0,0,0,2,0,N/A,N/A,,,1,SPEAMSENS
2026-05-01,UK_DEV,Astec IT Consultancy LTD,,Partner,Enabled,,Sync & Share,File Sync & Share (per user),Users,,,Unlimited,2,0,0,0,2,0,N/A,N/A,,,1,SPIAMSENS
2026-05-01,UK_DEV,Astec IT Consultancy LTD,,Partner,Enabled,,Cyber Protection,Per workload,"Cloud Storage (UK, London - abgw-lhr3-arp1-r01.acronis.com) used - Class 2",Acronis Cloud,GB,Unlimited,652.36,2.26,0.00,0.00,652.36,2.26,N/A,N/A,,acronis,1,SPDAMSENS
2026-05-01,UK_GIG,B4B Telecoms,,Partner,Enabled,,Cyber Protection,Per gigabyte,"Cloud Storage (UK, London - abgw-lhr3-arp1-r01.acronis.com) used - Class 2",Acronis Cloud,GB,Unlimited,21717.41,-193.54,0.00,0.00,21717.41,-193.54,N/A,N/A,,acronis,,SPBAMSENS
2026-05-01,UK_GIG,B4B Telecoms,,Partner,Enabled,,Cyber Protection,Per gigabyte,"Cloud Storage (North Europe, Ireland - ne1-aas01.azure.acronis.com) used - Class 2",Microsoft Azure,GB,Unlimited,8292.12,42.62,0.00,0.00,8292.12,42.62,N/A,N/A,,azure,,SQ2AMSENS
2026-05-01,UK_GIG,B4B Telecoms,,Partner,Enabled,,Cyber Protection,Per gigabyte,Microsoft 365 Shared seats protected,,,Unlimited,587,2,0,0,587,2,N/A,N/A,,,,SPDCMSENS
2026-05-01,UK_GIG,Riviera Networks Limited,,Partner,Disabled,,Sync & Share,File Sync & Share (per user),Users,,,Unlimited,1,0,0,0,1,0,N/A,N/A,,,,SPIAMSENS
2026-05-01,UK_GIG,Riviera Networks Limited,,Partner,Disabled,,Cyber Protection,,Local Storage Per gigabyte,,GB,Unlimited,911.78,0.00,0.00,0.00,911.78,0.00,N/A,N/A,,,,SP4BMSENS
2026-05-01,UK_GIG,Riviera Networks Limited,,Partner,Disabled,,Cyber Protection,Per gigabyte,"Cloud Storage (UK, London - abgw-lhr3-arp1-r02.acronis.com) used - Class 2",Acronis Cloud,GB,Unlimited,89.71,-0.49,0.00,0.00,89.71,-0.49,N/A,N/A,,acronis,,SPBAMSENS
2026-05-01,UK_GIG,Riviera Networks Limited,,Partner,Disabled,,Cyber Protection,Per gigabyte,"Cloud Storage (UK, London - abgw-lhr3-arp1-r01.acronis.com) used - Class 2",Acronis Cloud,GB,Unlimited,80.19,-0.96,0.00,0.00,80.19,-0.96,N/A,N/A,,acronis,,SPBAMSENS
2026-05-01,UK_GIG,Riviera Networks Limited,,Partner,Disabled,,Cyber Protection,Per workload,"Cloud Storage (UK, London - abgw-lhr3-arp1-r01.acronis.com) used - Class 2",Acronis Cloud,GB,Unlimited,138.89,-0.13,0.00,0.00,138.89,-0.13,N/A,N/A,,acronis,,SPDAMSENS
2026-05-01,UK_GIG,ABtec Computer Solutions Ltd,,Partner,Enabled,,Cyber Protection,Per gigabyte,"Cloud Storage (UK, London - abgw-lhr3-arp1-r01.acronis.com) used - Class 2",Acronis Cloud,GB,Unlimited,726.18,-40.46,0.00,0.00,726.18,-40.46,N/A,N/A,,acronis,,SPBAMSENS
2026-05-01,UK_GIG,Resolution IT,,Partner,Enabled,,Cyber Protection,Per gigabyte,"Cloud Storage (UK, London - abgw-lhr3-arp1-r01.acronis.com) used - Class 2",Acronis Cloud,GB,Unlimited,35896.30,-830.67,0.00,0.00,35896.30,-830.67,N/A,N/A,,acronis,,SPBAMSENS
2026-05-01,UK_GIG,Resolution IT,,Partner,Enabled,,Cyber Protection,Per gigabyte,Disaster Recovery storage used,Acronis Cloud,GB,Unlimited,7125.72,43.41,0.00,0.00,7125.72,43.41,N/A,N/A,,acronis,,SVEAMSENS
2026-05-01,UK_GIG,Resolution IT,,Partner,Enabled,,Cyber Protection,Per gigabyte,Microsoft 365 Shared seats protected,,,Unlimited,2,0,0,0,2,0,N/A,N/A,,,,SPDCMSENS
2026-05-01,UK_GIG,PDC Wellness,,Partner,Enabled,,Cyber Protection,Per workload,Workstations protected,,,Unlimited,213,-6,0,0,213,-6,N/A,N/A,,,,SPGAMSENS
2026-05-01,UK_GIG,PDC Wellness,,Partner,Enabled,,Cyber Protection,Per workload,Workstations protected (included features),,,Unlimited,4,1,0,0,4,1,N/A,N/A,,,,SPDCMSENS
2026-05-01,UK_GIG,PDC Wellness,,Partner,Enabled,,Cyber Protection,Per workload,Direct Backup to Public Cloud workstations protected,,,Unlimited,213,-6,0,0,213,-6,N/A,N/A,,,,SRFUMSENS
2026-05-01,UK_GIG,PDC Wellness,,Partner,Enabled,,Cyber Protection,Per workload,Endpoints protected with EDR,,,Unlimited,210,-8,0,0,210,-8,N/A,N/A,,,,SRIAMSENS
2026-05-01,UK_GIG,PDC Wellness,,Partner,Enabled,,Cyber Protection,Per workload,"Cloud Storage (UK, London - abgw-lhr3-arp1-r01.acronis.com) used - Class 2",Acronis Cloud,GB,Unlimited,0.01,-1.80,0.00,0.00,0.01,-1.80,N/A,N/A,,acronis,,SPDAMSENS
2026-05-01,UK_GIG,PDC Wellness,,Partner,Enabled,,Cyber Protection,Per workload,Data Loss Prevention workloads protected,,,Unlimited,3,1,0,0,3,1,N/A,N/A,,,,SRI5MSENS
2026-05-01,UK_GIG,OfficeAnyplace Ltd,68187,Partner,Disabled,,Cyber Protection,Per gigabyte,"Cloud Storage (UK, London - abgw-lhr3-arp1-r02.acronis.com) used - Class 2",Acronis Cloud,GB,Unlimited,33.98,-0.84,0.00,0.00,33.98,-0.84,N/A,N/A,,acronis,,SPBAMSENS
2026-05-01,UK_GIG,OfficeAnyplace Ltd,68187,Partner,Disabled,,Cyber Protection,Per gigabyte,"Cloud Storage (UK, London - abgw-lhr3-arp1-r01.acronis.com) used - Class 2",Acronis Cloud,GB,Unlimited,3976.77,-88.80,0.00,0.00,3976.77,-88.80,N/A,N/A,,acronis,,SPBAMSENS
2026-05-01,UK_GIG,Objective Technologies Ltd,69769,Partner,Enabled,,Cyber Protection,Per gigabyte,RMM,,,Unlimited,1,0,0,0,1,0,N/A,N/A,,,,SRHAMSENS
2026-05-01,UK_GIG,Objective Technologies Ltd,69769,Partner,Enabled,,Cyber Protection,Per gigabyte,Endpoints protected with EDR,,,Unlimited,1,0,0,0,1,0,N/A,N/A,,,,SRIAMSENS
2026-05-01,UK_GIG,Objective Technologies Ltd,69769,Partner,Enabled,,Cyber Protection,,Local Storage Per gigabyte,,GB,Unlimited,745.70,0.00,0.00,0.00,745.70,0.00,N/A,N/A,,,,SP4BMSENS
2026-05-01,UK_GIG,Objective Technologies Ltd,69769,Partner,Enabled,,Cyber Protection,Per gigabyte,"Cloud Storage (UK, London - abgw-lhr3-arp1-r01.acronis.com) used - Class 2",Acronis Cloud,GB,Unlimited,16327.34,-165.38,0.00,0.00,16327.34,-165.38,N/A,N/A,,acronis,,SPBAMSENS
2026-05-01,UK_GIG,Digidogtech,,Partner,Enabled,,Cyber Protection,Per gigabyte,Endpoints protected with EDR,,,Unlimited,1,0,0,0,1,0,N/A,N/A,,,,SRIAMSENS
2026-05-01,UK_GIG,Digidogtech,,Partner,Enabled,,Sync & Share,File Sync & Share (per gigabyte),"Cloud Storage (UK, London - eu3-s3gw.acronis.com) used","Acronis Cloud -  UK, London (EU3)",GB,Unlimited,25.14,-0.43,0.00,0.00,25.14,-0.43,N/A,N/A,,acronis,,SP1AMSENS
2026-05-01,UK_GIG,Digidogtech,,Partner,Enabled,,Cyber Protection,Per gigabyte,"Cloud Storage (UK, London - abgw-lhr3-arp1-r02.acronis.com) used - Class 2",Acronis Cloud,GB,Unlimited,300.11,-0.87,0.00,0.00,300.11,-0.87,N/A,N/A,,acronis,,SPBAMSENS
2026-05-01,UK_GIG,Digidogtech,,Partner,Enabled,,Cyber Protection,Per gigabyte,"Cloud Storage (UK, London - abgw-lhr3-arp1-r01.acronis.com) used - Class 2",Acronis Cloud,GB,Unlimited,273.99,-0.04,0.00,0.00,273.99,-0.04,N/A,N/A,,acronis,,SPBAMSENS
2026-05-01,US5_DEV,Technology Services LLC - b4b158ba-e742-4ba1-9b41-fa35798c71d6,,Partner,Enabled,,Cyber Protection,Per workload,Workstations protected,,,Unlimited,18,18,0,0,18,18,N/A,N/A,,,0,SPGAMSENS
2026-05-01,US5_DEV,Technology Services LLC - b4b158ba-e742-4ba1-9b41-fa35798c71d6,,Partner,Enabled,,Cyber Protection,Per workload,Servers protected,,,Unlimited,2,2,0,0,2,2,N/A,N/A,,,0,SPEAMSENS
2026-05-01,US5_DEV,Technology Services LLC - b4b158ba-e742-4ba1-9b41-fa35798c71d6,,Partner,Enabled,,Cyber Protection,Per workload,VMs protected,,,Unlimited,42,42,0,0,42,42,N/A,N/A,,,0,SPFAMSENS
2026-05-01,US5_DEV,Technology Services LLC - b4b158ba-e742-4ba1-9b41-fa35798c71d6,,Partner,Enabled,,Sync & Share,File Sync & Share (per user),Users,,,Unlimited,3,3,0,0,3,3,N/A,N/A,,,0,SPIAMSENS
2026-05-01,US5_DEV,Technology Services LLC - b4b158ba-e742-4ba1-9b41-fa35798c71d6,,Partner,Enabled,,Cyber Protection,Per gigabyte,Cloud Storage (abgw-phx1-arp2.acronis.com) used - Class 2,Acronis Cloud,GB,Unlimited,2246.45,2246.45,0.00,0.00,2246.45,2246.45,N/A,N/A,,acronis,0,SPBAMSENS
2026-05-01,US5_DEV,Technology Services LLC - b4b158ba-e742-4ba1-9b41-fa35798c71d6,,Partner,Enabled,,Cyber Protection,Per workload,Cloud Storage (abgw-phx1-arp2.acronis.com) used - Class 2,Acronis Cloud,GB,Unlimited,11008.79,11008.79,0.00,0.00,11008.79,11008.79,N/A,N/A,,acronis,0,SPDAMSENS
2026-05-01,US5_DEV,Technology Services LLC - b4b158ba-e742-4ba1-9b41-fa35798c71d6,,Partner,Enabled,,Cyber Protection,Per workload,Microsoft 365 Seats protected (Acronis Storage G1),Acronis Cloud,,Unlimited,1,1,0,0,1,1,N/A,N/A,,acronis,0,SRJAMSENS
2026-05-01,US5_DEV,Technology Services LLC - b4b158ba-e742-4ba1-9b41-fa35798c71d6,,Partner,Enabled,,Cyber Protection,Solution-based,Backup and Disaster Recovery - Workstations protected (Acronis Storage G1),,,Unlimited,2,2,0,0,2,2,N/A,N/A,,,0,SBDCMSENS
2026-05-01,US5_DEV,Technology Services LLC - b4b158ba-e742-4ba1-9b41-fa35798c71d6,,Partner,Enabled,,Cyber Protection,Solution-based,Backup and Disaster Recovery - VMs protected (Acronis Storage G1),,,Unlimited,3,3,0,0,3,3,N/A,N/A,,,0,SBDBMSENS
2026-05-01,US5_DEV,Technology Services LLC - b4b158ba-e742-4ba1-9b41-fa35798c71d6,,Partner,Enabled,,Cyber Protection,Solution-based,Backup and Disaster Recovery - Servers protected (Acronis Storage G1),,,Unlimited,1,1,0,0,1,1,N/A,N/A,,,0,SBDAMSENS
2026-05-01,US5_DEV,Blue Line Technologies,,Partner,Enabled,,Cyber Protection,Per workload,Workstations protected,,,Unlimited,41,-2,0,0,41,-2,N/A,N/A,,,,SPGAMSENS
2026-05-01,US5_DEV,Blue Line Technologies,,Partner,Enabled,,Cyber Protection,Per workload,Servers protected,,,Unlimited,18,0,0,0,18,0,N/A,N/A,,,,SPEAMSENS
2026-05-01,US5_DEV,Blue Line Technologies,,Partner,Enabled,,Cyber Protection,Per workload,VMs protected,,,Unlimited,9,0,0,0,9,0,N/A,N/A,,,,SPFAMSENS
2026-05-01,US5_DEV,Blue Line Technologies,,Partner,Enabled,,Cyber Protection,Per workload,Cloud Storage (abgw-phx1-arp2.acronis.com) used - Class 2,Acronis Cloud,GB,Unlimited,31793.74,193.27,0.00,0.00,31793.74,193.27,N/A,N/A,,acronis,,SPDAMSENS
2026-05-01,US5_DEV,Intrada Technologies LLC,"900490;osa_account_id=1083466;osa_subscription_id=1238143,1178323",Partner,Enabled,,Cyber Protection,Per workload,Workstations protected,,,Unlimited,60,0,0,0,60,0,N/A,N/A,,,2,SPGAMSENS
2026-05-01,US5_DEV,Intrada Technologies LLC,"900490;osa_account_id=1083466;osa_subscription_id=1238143,1178323",Partner,Enabled,,Cyber Protection,Per workload,Servers protected,,,Unlimited,27,2,0,0,27,2,N/A,N/A,,,2,SPEAMSENS
2026-05-01,US5_DEV,Intrada Technologies LLC,"900490;osa_account_id=1083466;osa_subscription_id=1238143,1178323",Partner,Enabled,,Cyber Protection,Per workload,VMs protected,,,Unlimited,67,-2,0,0,67,-2,N/A,N/A,,,2,SPFAMSENS
2026-05-01,US5_DEV,Intrada Technologies LLC,"900490;osa_account_id=1083466;osa_subscription_id=1238143,1178323",Partner,Enabled,,Sync & Share,File Sync & Share (per user),Users,,,Unlimited,11,0,0,0,11,0,N/A,N/A,,,2,SPIAMSENS
2026-05-01,US5_DEV,Intrada Technologies LLC,"900490;osa_account_id=1083466;osa_subscription_id=1238143,1178323",Partner,Enabled,,Cyber Protection,Per workload,Web Hosting Servers protected,,,Unlimited,6,0,0,0,6,0,N/A,N/A,,,2,SQ7AMSENS
2026-05-01,US5_DEV,Intrada Technologies LLC,"900490;osa_account_id=1083466;osa_subscription_id=1238143,1178323",Partner,Enabled,,Cyber Protection,Per workload,"Cloud Storage (Phoenix, Arizona, USA - abgw-phx1-arp2-uw1.acronis.com) used - Class 2",Acronis Cloud,GB,Unlimited,310.45,6.18,0.00,0.00,310.45,6.18,N/A,N/A,,acronis,2,SPDAMSENS
2026-05-01,US5_DEV,Intrada Technologies LLC,"900490;osa_account_id=1083466;osa_subscription_id=1238143,1178323",Partner,Enabled,,Cyber Protection,Per workload,Cloud Storage (abgw-phx1-arp2.acronis.com) used - Class 2,Acronis Cloud,GB,Unlimited,9257.39,-1402.30,0.00,0.00,9257.39,-1402.30,N/A,N/A,,acronis,2,SPDAMSENS
2026-05-01,US5_DEV,Intrada Technologies LLC,"900490;osa_account_id=1083466;osa_subscription_id=1238143,1178323",Partner,Enabled,,Cyber Protection,Per workload,Cloud Storage (abgw-phx1-arp1.acronis.com) used - Class 2,Acronis Cloud,GB,Unlimited,21971.70,665.30,0.00,0.00,21971.70,665.30,N/A,N/A,,acronis,2,SPDAMSENS
2026-05-01,US5_DEV,Intrada Technologies LLC,"900490;osa_account_id=1083466;osa_subscription_id=1238143,1178323",Partner,Enabled,,Cyber Protection,Per workload,Microsoft 365 Seats protected (Acronis Storage G1),Acronis Cloud,,Unlimited,683,17,0,0,683,17,N/A,N/A,,acronis,2,SRJAMSENS
2026-05-01,US5_DEV,Intrada Technologies LLC,"900490;osa_account_id=1083466;osa_subscription_id=1238143,1178323",Partner,Enabled,,Cyber Protection,Per workload,Microsoft 365 Shared seats protected,,,Unlimited,28,-2,0,0,28,-2,N/A,N/A,,,2,SPDCMSENS
2026-05-01,US5_DEV,Intrada Technologies LLC,"900490;osa_account_id=1083466;osa_subscription_id=1238143,1178323",Partner,Enabled,,Cyber Protection,Per workload,Disaster Recovery storage used,Acronis Cloud,GB,Unlimited,2800.92,-86.65,0.00,0.00,2800.92,-86.65,N/A,N/A,,acronis,2,SVEAMSENS
2026-05-01,US5_DEV,Intrada Technologies LLC,"900490;osa_account_id=1083466;osa_subscription_id=1238143,1178323",Partner,Enabled,,Cyber Protection,Per workload,Cloud Storage (abgw-phx1-acs12.acronis.com:44445) used - Class 2,Acronis Cloud,GB,Unlimited,21836.92,-570.63,0.00,0.00,21836.92,-570.63,N/A,N/A,,acronis,2,SPDAMSENS
2026-05-01,US5_DEV,Intrada Technologies LLC,"900490;osa_account_id=1083466;osa_subscription_id=1238143,1178323",Partner,Enabled,,Cyber Protection,Per workload,Microsoft 365 Seats protected (Acronis Storage G1),Acronis Cloud,,Unlimited,21,0,0,0,21,0,N/A,N/A,,acronis,2,SRJAMSENS
2026-05-01,US5_DEV,Intrada Technologies LLC,"900490;osa_account_id=1083466;osa_subscription_id=1238143,1178323",Partner,Enabled,,Cyber Protection,Per workload,Google Workspace seats protected (Acronis Storage G1),Acronis Cloud,,Unlimited,78,0,0,0,78,0,N/A,N/A,,acronis,2,SQ8AMSENS
2026-05-01,US5_DEV,Intrada Technologies LLC,"900490;osa_account_id=1083466;osa_subscription_id=1238143,1178323",Partner,Enabled,,Cyber Protection,Per workload,"Cloud Storage (abgw-phx1-acs12.acronis.com:44445) used - Class 2, Geo Redundant",Acronis Cloud,GB,Unlimited,775.42,-4.31,0.00,0.00,775.42,-4.31,N/A,N/A,,acronis,2,SP5AMSENS
2026-05-01,US5_DEV,Intrada Technologies LLC,"900490;osa_account_id=1083466;osa_subscription_id=1238143,1178323",Partner,Enabled,,Cyber Protection,Per workload,Microsoft 365 seats managed and monitored (without risk remediation),,,Unlimited,41,0,0,0,41,0,N/A,N/A,,,2,SPDCMSENS
2026-05-01,US5_DEV,Intrada Technologies LLC,"900490;osa_account_id=1083466;osa_subscription_id=1238143,1178323",Partner,Enabled,,Cyber Protection,Solution-based,Backup and Disaster Recovery - Workstations protected (Acronis Storage G1),,,Unlimited,1,0,0,0,1,0,N/A,N/A,,,2,SBDCMSENS
2026-05-01,US5_DEV,Intrada Technologies LLC,"900490;osa_account_id=1083466;osa_subscription_id=1238143,1178323",Partner,Enabled,,Cyber Protection,Solution-based,Backup and Disaster Recovery - Servers protected (Acronis Storage G1),,,Unlimited,1,0,0,0,1,0,N/A,N/A,,,2,SBDAMSENS
2026-05-01,US5_DEV,Business Data Solutions,"osa_account_id=1083145;osa_subscription_id=1232375,1177518",Partner,Enabled,,Cyber Protection,Per workload,Workstations protected,,,Unlimited,27,3,0,0,27,3,N/A,N/A,,,2,SPGAMSENS
2026-05-01,US5_DEV,Business Data Solutions,"osa_account_id=1083145;osa_subscription_id=1232375,1177518",Partner,Enabled,,Cyber Protection,Per workload,Workstations protected (included features),,,Unlimited,631,-7,0,0,631,-7,N/A,N/A,,,2,SPDCMSENS
2026-05-01,US5_DEV,Business Data Solutions,"osa_account_id=1083145;osa_subscription_id=1232375,1177518",Partner,Enabled,,Cyber Protection,Per workload,Servers protected,,,Unlimited,2,0,0,0,2,0,N/A,N/A,,,2,SPEAMSENS
2026-05-01,US5_DEV,Business Data Solutions,"osa_account_id=1083145;osa_subscription_id=1232375,1177518",Partner,Enabled,,Cyber Protection,Per workload,Servers protected (included features),,,Unlimited,5,1,0,0,5,1,N/A,N/A,,,2,SPDCMSENS
2026-05-01,US5_DEV,Business Data Solutions,"osa_account_id=1083145;osa_subscription_id=1232375,1177518",Partner,Enabled,,Cyber Protection,Per workload,VMs protected,,,Unlimited,1,-1,0,0,1,-1,N/A,N/A,,,2,SPFAMSENS
2026-05-01,US5_DEV,Business Data Solutions,"osa_account_id=1083145;osa_subscription_id=1232375,1177518",Partner,Enabled,,Cyber Protection,Per workload,VMs (included features) protected,,,Unlimited,22,-4,0,0,22,-4,N/A,N/A,,,2,SPDCMSENS
2026-05-01,US5_DEV,Business Data Solutions,"osa_account_id=1083145;osa_subscription_id=1232375,1177518",Partner,Enabled,,Cyber Protection,Per workload,RMM,,,Unlimited,2,0,0,0,2,0,N/A,N/A,,,2,SRHAMSENS
2026-05-01,US5_DEV,Business Data Solutions,"osa_account_id=1083145;osa_subscription_id=1232375,1177518",Partner,Enabled,,Cyber Protection,Per workload,Endpoints protected with EDR,,,Unlimited,664,-11,0,0,664,-11,N/A,N/A,,,2,SRIAMSENS
2026-05-01,US5_DEV,Business Data Solutions,"osa_account_id=1083145;osa_subscription_id=1232375,1177518",Partner,Enabled,,Cyber Protection,Per workload,Cloud Storage (abgw-phx1-arp2.acronis.com) used - Class 2,Acronis Cloud,GB,Unlimited,5702.24,58.28,0.00,0.00,5702.24,58.28,N/A,N/A,,acronis,2,SPDAMSENS
2026-05-01,US5_DEV,Business Data Solutions,"osa_account_id=1083145;osa_subscription_id=1232375,1177518",Partner,Enabled,,Cyber Protection,Per workload,Cloud Storage (abgw-phx1-arp1.acronis.com) used - Class 2,Acronis Cloud,GB,Unlimited,11369.15,1716.08,0.00,0.00,11369.15,1716.08,N/A,N/A,,acronis,2,SPDAMSENS
2026-05-01,US5_DEV,Business Data Solutions,"osa_account_id=1083145;osa_subscription_id=1232375,1177518",Partner,Enabled,,Cyber Protection,Per workload,Email and Collaboration Security mailboxes protected,,,Unlimited,376,2,0,0,376,2,N/A,N/A,,,2,SO4AMSENS
2026-05-01,US5_DEV,Business Data Solutions,"osa_account_id=1083145;osa_subscription_id=1232375,1177518",Partner,Enabled,,Cyber Protection,Per workload,Microsoft 365 Seats protected (Acronis Storage G1),Acronis Cloud,,Unlimited,283,-3,0,0,283,-3,N/A,N/A,,acronis,2,SRJAMSENS
2026-05-01,US5_DEV,Business Data Solutions,"osa_account_id=1083145;osa_subscription_id=1232375,1177518",Partner,Enabled,,Cyber Protection,Per workload,Microsoft 365 Seats protected (Acronis Storage G1),Acronis Cloud,,Unlimited,815,-53,0,0,815,-53,N/A,N/A,,acronis,2,SRJAMSENS
2026-05-01,US5_DEV,Business Data Solutions,"osa_account_id=1083145;osa_subscription_id=1232375,1177518",Partner,Enabled,,Cyber Protection,Per workload,Microsoft 365 Shared seats protected,,,Unlimited,158,7,0,0,158,7,N/A,N/A,,,2,SPDCMSENS
2026-05-01,US5_DEV,Business Data Solutions,"osa_account_id=1083145;osa_subscription_id=1232375,1177518",Partner,Enabled,,Cyber Protection,Per workload,Cloud Storage (abgw-phx1-acs12.acronis.com:44445) used - Class 2,Acronis Cloud,GB,Unlimited,11300.87,679.72,0.00,0.00,11300.87,679.72,N/A,N/A,,acronis,2,SPDAMSENS
2026-05-01,US5_DEV,Business Data Solutions,"osa_account_id=1083145;osa_subscription_id=1232375,1177518",Partner,Enabled,,Cyber Protection,Per workload,Microsoft 365 Seats protected (Acronis Storage G1),Acronis Cloud,,Unlimited,155,2,0,0,155,2,N/A,N/A,,acronis,2,SRJAMSENS
2026-05-01,US5_DEV,IT4ME,,Partner,Enabled,,Cyber Protection,Per workload,Workstations protected,,,Unlimited,16,-3,1,1,17,-2,N/A,N/A,,,,SPGAMSENS
2026-05-01,US5_DEV,IT4ME,,Partner,Enabled,,Cyber Protection,Per workload,Servers protected,,,Unlimited,4,2,0,-2,4,0,N/A,N/A,,,,SPEAMSENS
2026-05-01,US5_DEV,IT4ME,,Partner,Enabled,,Cyber Protection,Per workload,VMs protected,,,Unlimited,6,4,0,-4,6,0,N/A,N/A,,,,SPFAMSENS
2026-05-01,US5_DEV,IT4ME,,Partner,Enabled,,Sync & Share,File Sync & Share (per user),Users,,,Unlimited,4,1,1,0,5,1,N/A,N/A,,,,SPIAMSENS
2026-05-01,US5_DEV,IT4ME,,Partner,Enabled,,Cyber Protection,Per workload,Cloud Storage (abgw-phx1-arp2.acronis.com) used - Class 2,Acronis Cloud,GB,Unlimited,6407.61,-5184.87,140.24,-1738.64,6547.85,-6923.51,N/A,N/A,,acronis,,SPDAMSENS
2026-05-01,US5_DEV,IT4ME,,Partner,Enabled,,Cyber Protection,Per workload,Microsoft 365 Seats protected (Acronis Storage G1),Acronis Cloud,,Unlimited,79,79,0,-79,79,0,N/A,N/A,,acronis,,SRJAMSENS
2026-05-01,US5_DEV,IT4ME,,Partner,Enabled,,Cyber Protection,Per workload,Microsoft 365 Shared seats protected,,,Unlimited,7,7,0,-7,7,0,N/A,N/A,,,,SPDCMSENS
2026-05-01,US5_DEV,IT4ME,,Partner,Enabled,,Cyber Protection,Per workload,RMM Microsoft 365 seats managed and monitored (with risk remediation),,,Unlimited,99,72,0,-79,99,-7,N/A,N/A,,,,SRMAMSENS
2026-05-01,US5_DEV,MicroSPED (#5607),0013z00002Pa7tnAAB,Partner,Enabled,,Cyber Protection,Per gigabyte,Cloud Storage (abgw-phx1-arp2.acronis.com) used - Class 2,Acronis Cloud,GB,Unlimited,34.33,0.00,0.00,0.00,34.33,0.00,N/A,N/A,,acronis,,SPBAMSENS
2026-05-01,US5_DEV,"Ion Technology Group, LLC","osa_account_id=1047578;osa_subscription_id=1243462,1094740,1094736,1094735,1094734,1094733",Partner,Enabled,,Cyber Protection,Per gigabyte,Cloud Storage (abgw-phx1-arp2.acronis.com) used - Class 2,Acronis Cloud,GB,Unlimited,13423.52,727.21,0.00,0.00,13423.52,727.21,N/A,N/A,Per gigabyte,acronis,0,SPBAMSENS
2026-05-01,US5_DEV,"Ion Technology Group, LLC","osa_account_id=1047578;osa_subscription_id=1243462,1094740,1094736,1094735,1094734,1094733",Partner,Enabled,,Cyber Protection,Per gigabyte,Microsoft 365 Shared seats protected,,,Unlimited,51,1,0,0,51,1,N/A,N/A,Per gigabyte,,0,SPDCMSENS
2026-05-01,US5_DEV,N1Discovery LLC,"osa_account_id=1125026;osa_subscription_id=1243858,1228686",Partner,Enabled,,Cyber Protection,Per workload,Cloud Storage (abgw-phx1-arp2.acronis.com) used - Class 2,Acronis Cloud,GB,Unlimited,374.25,0.02,0.00,0.00,374.25,0.02,N/A,N/A,,acronis,0,SPDAMSENS
2026-05-01,US5_DEV,N1Discovery LLC,"osa_account_id=1125026;osa_subscription_id=1243858,1228686",Partner,Enabled,,Cyber Protection,Per workload,Microsoft 365 Seats protected (Acronis Storage G1),Acronis Cloud,,Unlimited,43,-1,0,0,43,-1,N/A,N/A,,acronis,0,SRJAMSENS
2026-05-01,US5_DEV,N1Discovery LLC,"osa_account_id=1125026;osa_subscription_id=1243858,1228686",Partner,Enabled,,Cyber Protection,Per workload,Microsoft 365 Shared seats protected,,,Unlimited,2,0,0,0,2,0,N/A,N/A,,,0,SPDCMSENS
2026-05-01,US5_DEV,Pivotal IT,,Partner,Enabled,,Cyber Protection,Per workload,Workstations protected,,,Unlimited,17,-5,0,0,17,-5,N/A,N/A,,,,SPGAMSENS
2026-05-01,US5_DEV,Pivotal IT,,Partner,Enabled,,Cyber Protection,Per workload,Servers protected,,,Unlimited,7,0,0,0,7,0,N/A,N/A,,,,SPEAMSENS
2026-05-01,US5_DEV,Pivotal IT,,Partner,Enabled,,Cyber Protection,Per workload,VMs protected,,,Unlimited,23,-2,0,0,23,-2,N/A,N/A,,,,SPFAMSENS
2026-05-01,US5_DEV,Pivotal IT,,Partner,Enabled,,Sync & Share,File Sync & Share (per user),Users,,,Unlimited,24,-3,0,0,24,-3,N/A,N/A,,,,SPIAMSENS
2026-05-01,US5_DEV,Pivotal IT,,Partner,Enabled,,Cyber Protection,Per workload,Microsoft 365 Shared seats protected,,,Unlimited,32,-15,0,0,32,-15,N/A,N/A,,,,SPDCMSENS
2026-05-01,US5_DEV,Pivotal IT,,Partner,Enabled,,Cyber Protection,Per workload,Disaster Recovery storage used,Acronis Cloud,GB,Unlimited,10642.51,-8.26,0.00,0.00,10642.51,-8.26,N/A,N/A,,acronis,,SVEAMSENS
2026-05-01,US5_DEV,Pivotal IT,,Partner,Enabled,,Cyber Protection,Per workload,Cloud Storage (abgw-phx1-acs12.acronis.com:44445) used - Class 2,Acronis Cloud,GB,Unlimited,27078.31,-1829.95,0.00,0.00,27078.31,-1829.95,N/A,N/A,,acronis,,SPDAMSENS
2026-05-01,US5_DEV,Pivotal IT,,Partner,Enabled,,Cyber Protection,Per workload,Microsoft 365 Seats protected (Acronis Storage G1),Acronis Cloud,,Unlimited,49,-17,0,0,49,-17,N/A,N/A,,acronis,,SRJAMSENS
2026-05-01,US5_DEV,TEKSCAPE INC,944370,Partner,Enabled,,Cyber Protection,Per workload,Workstations protected,,,Unlimited,1,-2,0,0,1,-2,N/A,N/A,,,2,SPGAMSENS
2026-05-01,US5_DEV,TEKSCAPE INC,944370,Partner,Enabled,,Cyber Protection,Per workload,Servers protected,,,Unlimited,1,0,0,0,1,0,N/A,N/A,,,2,SPEAMSENS
2026-05-01,US5_DEV,TEKSCAPE INC,944370,Partner,Enabled,,Cyber Protection,Per workload,VMs protected,,,Unlimited,82,-7,0,0,82,-7,N/A,N/A,,,2,SPFAMSENS
2026-05-01,US5_DEV,TEKSCAPE INC,944370,Partner,Enabled,,Sync & Share,File Sync & Share (per user),Users,,,Unlimited,9,0,1,1,10,1,N/A,N/A,,,2,SPIAMSENS
2026-05-01,US5_DEV,TEKSCAPE INC,944370,Partner,Enabled,,Cyber Protection,Per workload,Microsoft 365 Shared seats protected,,,Unlimited,1008,7,0,0,1008,7,N/A,N/A,,,2,SPDCMSENS
2026-05-01,US5_DEV,TEKSCAPE INC,944370,Partner,Enabled,,Cyber Protection,Per workload,Disaster Recovery storage used,Acronis Cloud,GB,Unlimited,36874.70,3724.12,0.00,0.00,36874.70,3724.12,N/A,N/A,,acronis,2,SVEAMSENS
2026-05-01,US5_DEV,TEKSCAPE INC,944370,Partner,Enabled,,Cyber Protection,Per workload,Disaster Recovery public IP addresses,Acronis Cloud,,Unlimited,6,0,0,0,6,0,N/A,N/A,,acronis,2,SEDAMSENS
2026-05-01,US5_DEV,TEKSCAPE INC,944370,Partner,Enabled,,Cyber Protection,Per workload,Cloud Storage (abgw-phx1-acs12.acronis.com:44445) used - Class 2,Acronis Cloud,GB,Unlimited,54765.09,2103.13,0.00,0.00,54765.09,2103.13,N/A,N/A,,acronis,2,SPDAMSENS
2026-05-01,US5_DEV,TEKSCAPE INC,944370,Partner,Enabled,,Cyber Protection,Per workload,Microsoft 365 Seats protected (Acronis Storage G1),Acronis Cloud,,Unlimited,975,-134,0,0,975,-134,N/A,N/A,,acronis,2,SRJAMSENS
2026-05-01,US5_DEV,TEKSCAPE INC,944370,Partner,Enabled,,Cyber Protection,Per workload,Google Workspace seats protected (Acronis Storage G1),Acronis Cloud,,Unlimited,10,0,0,0,10,0,N/A,N/A,,acronis,2,SQ8AMSENS
2026-05-01,US5_DEV,TEKSCAPE INC,944370,Partner,Enabled,,Cyber Protection,Per workload,RMM Microsoft 365 seats managed and monitored (with risk remediation),,,Unlimited,3,0,0,0,3,0,N/A,N/A,,,2,SRMAMSENS
2026-05-01,US5_DEV,TEKSCAPE INC,944370,Partner,Enabled,,Cyber Protection,Solution-based,Cloud Storage (abgw-phx1-acs12.acronis.com:44445) used - Class 2,Acronis Cloud,GB,Unlimited,9.24,0.04,0.00,0.00,9.24,0.04,N/A,N/A,,acronis,2,SPSAMSENS
2026-05-01,US5_DEV,TEKSCAPE INC,944370,Partner,Enabled,,Cyber Protection,Solution-based,Backup and Disaster Recovery - Microsoft 365 Seats protected (Acronis Storage G1),Acronis Cloud,,Unlimited,81,-5,109,109,190,104,N/A,N/A,,acronis,2,SBDDMSENS
2026-05-01,US5_DEV,TEKSCAPE INC,944370,Partner,Enabled,,Cyber Protection,Solution-based,Backup and Disaster Recovery - VMs protected (Acronis Storage G1),,,Unlimited,2,0,0,0,2,0,N/A,N/A,,,2,SBDBMSENS
2026-05-01,US5_DEV,CyberNET,,Partner,Enabled,,Cyber Protection,Per workload,VMs protected,,,Unlimited,3,0,0,0,3,0,N/A,N/A,,,,SPFAMSENS
2026-05-01,US5_DEV,CyberNET,,Partner,Enabled,,Cyber Protection,Per workload,Cloud Storage (abgw-phx1-arp2.acronis.com) used - Class 2,Acronis Cloud,GB,Unlimited,2053.10,135.71,0.00,0.00,2053.10,135.71,N/A,N/A,,acronis,,SPDAMSENS
2026-05-01,US5_DEV,U.S Next INC,,Partner,Enabled,,Cyber Protection,Per workload,Workstations protected,,,Unlimited,10,0,0,0,10,0,N/A,N/A,,,,SPGAMSENS
2026-05-01,US5_DEV,U.S Next INC,,Partner,Enabled,,Cyber Protection,Per workload,Servers protected,,,Unlimited,1,0,0,0,1,0,N/A,N/A,,,,SPEAMSENS
2026-05-01,US5_DEV,U.S Next INC,,Partner,Enabled,,Cyber Protection,Per workload,VMs protected,,,Unlimited,2,0,0,0,2,0,N/A,N/A,,,,SPFAMSENS
2026-05-01,US5_DEV,U.S Next INC,,Partner,Enabled,,Sync & Share,File Sync & Share (per user),Users,,,Unlimited,7,-1,0,0,7,-1,N/A,N/A,,,,SPIAMSENS
2026-05-01,US5_DEV,U.S Next INC,,Partner,Enabled,,Cyber Protection,Per workload,Endpoints protected with EDR,,,Unlimited,2,0,0,0,2,0,N/A,N/A,,,,SRIAMSENS
2026-05-01,US5_DEV,U.S Next INC,,Partner,Enabled,,Cyber Protection,Per workload,Cloud Storage (abgw-phx1-arp2.acronis.com) used - Class 2,Acronis Cloud,GB,Unlimited,1016.97,-359.85,0.00,0.00,1016.97,-359.85,N/A,N/A,,acronis,,SPDAMSENS
2026-05-01,US5_DEV,U.S Next INC,,Partner,Enabled,,Cyber Protection,Per workload,Cloud Storage (abgw-phx1-arp1.acronis.com) used - Class 2,Acronis Cloud,GB,Unlimited,1137.28,19.29,0.00,0.00,1137.28,19.29,N/A,N/A,,acronis,,SPDAMSENS
2026-05-01,US5_DEV,U.S Next INC,,Partner,Enabled,,Cyber Protection,Per workload,Data Loss Prevention workloads protected,,,Unlimited,1,0,0,0,1,0,N/A,N/A,,,,SRI5MSENS
2026-05-01,US5_DEV,JWS Solutions,,Partner,Enabled,,Cyber Protection,Per workload,Workstations protected,,,Unlimited,46,-4,0,0,46,-4,N/A,N/A,,,,SPGAMSENS
2026-05-01,US5_DEV,JWS Solutions,,Partner,Enabled,,Cyber Protection,Per workload,Workstations protected (included features),,,Unlimited,6,0,0,0,6,0,N/A,N/A,,,,SPDCMSENS
2026-05-01,US5_DEV,JWS Solutions,,Partner,Enabled,,Cyber Protection,Per workload,Servers protected,,,Unlimited,2,0,0,0,2,0,N/A,N/A,,,,SPEAMSENS
2026-05-01,US5_DEV,JWS Solutions,,Partner,Enabled,,Cyber Protection,Per workload,VMs protected,,,Unlimited,2,0,0,0,2,0,N/A,N/A,,,,SPFAMSENS
2026-05-01,US5_DEV,JWS Solutions,,Partner,Enabled,,Sync & Share,File Sync & Share (per user),Users,,,Unlimited,0,-1,0,0,0,-1,N/A,N/A,,,,SPIAMSENS
2026-05-01,US5_DEV,JWS Solutions,,Partner,Enabled,,Cyber Protection,Per workload,RMM,,,Unlimited,10,-25,0,0,10,-25,N/A,N/A,,,,SRHAMSENS
2026-05-01,US5_DEV,JWS Solutions,,Partner,Enabled,,Cyber Protection,Per workload,Endpoints protected with EDR,,,Unlimited,54,-3,0,0,54,-3,N/A,N/A,,,,SRIAMSENS
2026-05-01,US5_DEV,JWS Solutions,,Partner,Enabled,,Cyber Protection,Per workload,Cloud Storage (abgw-phx1-arp2.acronis.com) used - Class 2,Acronis Cloud,GB,Unlimited,4265.52,-3.74,0.00,0.00,4265.52,-3.74,N/A,N/A,,acronis,,SPDAMSENS
2026-05-01,US5_DEV,JWS Solutions,,Partner,Enabled,,Cyber Protection,Per workload,Cloud Storage (abgw-phx1-arp1.acronis.com) used - Class 2,Acronis Cloud,GB,Unlimited,1942.51,-74.29,0.00,0.00,1942.51,-74.29,N/A,N/A,,acronis,,SPDAMSENS
2026-05-01,US5_DEV,SZS Consulting,,Partner,Enabled,,Cyber Protection,Per workload,Workstations protected,,,Unlimited,4,4,0,0,4,4,N/A,N/A,,,,SPGAMSENS
2026-05-01,US5_DEV,SZS Consulting,,Partner,Enabled,,Cyber Protection,Per workload,Servers protected,,,Unlimited,9,9,0,0,9,9,N/A,N/A,,,,SPEAMSENS
2026-05-01,US5_DEV,SZS Consulting,,Partner,Enabled,,Cyber Protection,Per workload,VMs protected,,,Unlimited,26,26,0,0,26,26,N/A,N/A,,,,SPFAMSENS
2026-05-01,US5_DEV,SZS Consulting,,Partner,Enabled,,Sync & Share,File Sync & Share (per user),Users,,,Unlimited,3,3,0,0,3,3,N/A,N/A,,,,SPIAMSENS
2026-05-01,US5_DEV,SZS Consulting,,Partner,Enabled,,Cyber Protection,Per workload,Direct Backup to Public Cloud workstations protected,,,Unlimited,1,1,0,0,1,1,N/A,N/A,,,,SRFUMSENS
2026-05-01,US5_DEV,SZS Consulting,,Partner,Enabled,,Cyber Protection,Per workload,Direct Backup to Public Cloud VMs protected,,,Unlimited,1,1,0,0,1,1,N/A,N/A,,,,SREUMSENS
2026-05-01,US5_DEV,SZS Consulting,,Partner,Enabled,,Cyber Protection,Per workload,RMM,,,Unlimited,1,1,0,0,1,1,N/A,N/A,,,,SRHAMSENS
2026-05-01,US5_DEV,SZS Consulting,,Partner,Enabled,,Cyber Protection,Per workload,Endpoints protected with EDR,,,Unlimited,2,2,0,0,2,2,N/A,N/A,,,,SRIAMSENS
2026-05-01,US5_DEV,BD Managed Services,,Partner,Enabled,,Cyber Protection,Per workload,Workstations protected,,,Unlimited,8,0,0,0,8,0,N/A,N/A,,,,SPGAMSENS
2026-05-01,US5_DEV,BD Managed Services,,Partner,Enabled,,Cyber Protection,Per workload,Servers protected,,,Unlimited,3,0,0,0,3,0,N/A,N/A,,,,SPEAMSENS
2026-05-01,US5_DEV,BD Managed Services,,Partner,Enabled,,Cyber Protection,Per workload,VMs protected,,,Unlimited,14,0,0,0,14,0,N/A,N/A,,,,SPFAMSENS
2026-05-01,US5_DEV,BD Managed Services,,Partner,Enabled,,Sync & Share,File Sync & Share (per user),Users,,,Unlimited,1,0,0,0,1,0,N/A,N/A,,,,SPIAMSENS
2026-05-01,US5_DEV,BD Managed Services,,Partner,Enabled,,Cyber Protection,Per gigabyte,Cloud Storage (abgw-phx1-arp2.acronis.com) used - Class 2,Acronis Cloud,GB,Unlimited,331.22,2.13,0.00,0.00,331.22,2.13,N/A,N/A,,acronis,,SPBAMSENS
2026-05-01,US5_DEV,BD Managed Services,,Partner,Enabled,,Cyber Protection,Per workload,Cloud Storage (abgw-phx1-arp2.acronis.com) used - Class 2,Acronis Cloud,GB,Unlimited,12564.76,202.32,0.00,0.00,12564.76,202.32,N/A,N/A,,acronis,,SPDAMSENS
2026-05-01,US5_DEV,BD Managed Services,,Partner,Enabled,,Cyber Protection,Per workload,Network-attached storages (NAS) protected,,,Unlimited,1,0,0,0,1,0,N/A,N/A,,,,SPD5MSENS
2026-05-01,US5_DEV,BD Managed Services,,Partner,Enabled,,Cyber Protection,Per workload,Cloud Storage (abgw-phx1-acs12.acronis.com:44445) used - Class 2,Acronis Cloud,GB,Unlimited,5842.62,94.50,0.00,0.00,5842.62,94.50,N/A,N/A,,acronis,,SPDAMSENS
2026-05-01,US5_DEV,BD Managed Services,,Partner,Enabled,,Cyber Protection,Per workload,"Cloud Storage (abgw-phx1-acs12.acronis.com:44445) used - Class 2, Geo Redundant",Acronis Cloud,GB,Unlimited,0.20,0.00,0.00,0.00,0.20,0.00,N/A,N/A,,acronis,,SP5AMSENS
2026-05-01,US5_GIG,PC Solution Direct,,Partner,Enabled,,Cyber Protection,Per workload,Workstations protected,,,Unlimited,87,0,0,0,87,0,N/A,N/A,,,,SPGAMSENS
2026-05-01,US5_GIG,PC Solution Direct,,Partner,Enabled,,Cyber Protection,Per workload,Servers protected,,,Unlimited,11,0,0,0,11,0,N/A,N/A,,,,SPEAMSENS
2026-05-01,US5_GIG,PC Solution Direct,,Partner,Enabled,,Cyber Protection,Per workload,VMs protected,,,Unlimited,7,0,0,0,7,0,N/A,N/A,,,,SPFAMSENS
2026-05-01,US5_GIG,PC Solution Direct,,Partner,Enabled,,Sync & Share,File Sync & Share (per user),Users,,,Unlimited,67,-3,0,0,67,-3,N/A,N/A,,,,SPIAMSENS
2026-05-01,US5_GIG,PC Solution Direct,,Partner,Enabled,,Cyber Protection,Per workload,Cloud Storage (abgw-phx1-arp2.acronis.com) used - Class 2,Acronis Cloud,GB,Unlimited,22132.16,-9636.89,0.00,0.00,22132.16,-9636.89,N/A,N/A,,acronis,,SPDAMSENS
2026-05-01,US5_GIG,PC Solution Direct,,Partner,Enabled,,Cyber Protection,Per workload,Cloud Storage (abgw-phx1-arp1.acronis.com) used - Class 2,Acronis Cloud,GB,Unlimited,10063.83,-173.60,0.00,0.00,10063.83,-173.60,N/A,N/A,,acronis,,SPDAMSENS
2026-05-01,US5_GIG,PC Solution Direct,,Partner,Enabled,,Cyber Protection,Per workload,Google Workspace seats protected (Acronis Storage G1),Acronis Cloud,,Unlimited,1,0,0,0,1,0,N/A,N/A,,acronis,,SQ8AMSENS
2026-05-01,US5_GIG,"CMIT Solutions of Oak Park, Hinsdale and Oak Brook - 887,107",887107,Partner,Enabled,,Cyber Protection,Per workload,Workstations protected,,,Unlimited,6,0,0,0,6,0,N/A,N/A,,,,SPGAMSENS
2026-05-01,US5_GIG,"CMIT Solutions of Oak Park, Hinsdale and Oak Brook - 887,107",887107,Partner,Enabled,,Cyber Protection,Per workload,Cloud Storage (abgw-phx1-arp2.acronis.com) used - Class 2,Acronis Cloud,GB,Unlimited,557.01,4.85,0.00,0.00,557.01,4.85,N/A,N/A,,acronis,,SPDAMSENS
2026-05-01,US5_GIG,Pure Technology /1,"osa_account_id=1037995;osa_subscription_id=1062349,1062350,1062351",Partner,Enabled,,Cyber Protection,Per gigabyte,Endpoints protected with EDR,,,Unlimited,2,0,0,0,2,0,N/A,N/A,,,,SRIAMSENS
2026-05-01,US5_GIG,Pure Technology /1,"osa_account_id=1037995;osa_subscription_id=1062349,1062350,1062351",Partner,Enabled,,Cyber Protection,,Local Storage Per gigabyte,,GB,Unlimited,20.76,0.00,0.00,0.00,20.76,0.00,N/A,N/A,,,,SP4BMSENS
2026-05-01,US5_GIG,Pure Technology /1,"osa_account_id=1037995;osa_subscription_id=1062349,1062350,1062351",Partner,Enabled,,Cyber Protection,Per gigabyte,Cloud Storage (abgw-phx1-arp2.acronis.com) used - Class 2,Acronis Cloud,GB,Unlimited,9353.77,-72.28,0.00,0.00,9353.77,-72.28,N/A,N/A,,acronis,,SPBAMSENS
2026-05-01,US5_GIG,Pure Technology /1,"osa_account_id=1037995;osa_subscription_id=1062349,1062350,1062351",Partner,Enabled,,Cyber Protection,Per gigabyte,Cloud Storage (abgw-phx1-arp1.acronis.com) used - Class 2,Acronis Cloud,GB,Unlimited,6535.42,-146.52,0.00,0.00,6535.42,-146.52,N/A,N/A,,acronis,,SPBAMSENS
