BILLING_MONTH,VENDOR,VENDOR_PARTNER_NAME,VENDOR_PRODUCT_SKU,MODIFIER,QUANTITY,UNIT_PRICE,AMOUNT,CURRENCY
2026-01-01,Auvik,2W Technologies inc,EPRM-ANM-100 Auvik Essentials -- Committed,CW,129.0,7.0,903.0,USD
2026-01-01,Auvik,2W Technologies inc,EPRM-ANM-100 Auvik Essentials -- Overage,CW,90.0,7.0,630.0,USD
2026-01-01,Auvik,2W Technologies inc,PARM-ANM-100 Auvik Performance Add On,CW,129.0,4.55,586.95,USD
2026-01-01,Auvik,2W Technologies inc,PARM-ANM-100 Auvik Performance Add On -- Overage,CW,59.0,4.55,268.45,USD
2026-01-01,Auvik,4Wall Entertainment,Billable Devices,CW,40.0,8.75,350.0,USD
2026-01-01,Auvik,4Wall Entertainment,Billable Devices - Additional,CW,0.0,0.0,0.0,USD
2026-01-01,Auvik,4Wall Entertainment,RM - ASM - 1000 - Committed,CW,1000.0,0.57,570.0,USD
2026-01-01,Auvik,4Wall Entertainment,RM - ASM - 1000 - Overage,CW,68.0,0.57,38.76,USD
2026-01-01,Auvik,4Wall Entertainment,Usage - Billable Devices,CW,27.0,8.75,236.25,USD
2026-01-01,Auvik,ABS Information Systems Inc,COANM-1 Additional Billable Devices,CMS,43.0,9.19,395.17,USD
2026-01-01,Auvik,ABS Information Systems Inc,COANM-1 Committed Billable Devices,CMS,40.0,9.19,367.6,USD
2026-01-01,Auvik,ADNET Technologies,EPRM-ANM-250 Auvik Essentials -- Committed,CMS,250.0,5.88,1470.0,USD
2026-01-01,Auvik,ADNET Technologies,EPRM-ANM-250 Auvik Essentials -- Overage,CMS,100.0,5.88,588.0,USD
2026-01-01,Auvik,ADNET Technologies,PARM-ANM-250 Auvik Performance Add On -- Overage,CMS,15.0,3.5,52.5,USD
2026-01-01,Auvik,ALLSTAR Partners LLC,EPRM-ANM-100 Auvik Essentials -- Committed,CMS,100.0,7.35,735.0,USD
2026-01-01,Auvik,ALLSTAR Partners LLC,EPRM-ANM-100 Auvik Essentials -- Overage,CMS,53.0,7.35,389.55,USD
2026-01-01,Auvik,ALLSTAR Partners LLC,PARM-ANM-100 Auvik Performance Add On -- Overage,CMS,153.0,4.78,731.34,USD
2026-01-01,Auvik,AMSYS,EPRM-ANM-250 Auvik Essentials -- Committed,CW,353.0,6.4,2259.2,USD
2026-01-01,Auvik,AMSYS,EPRM-ANM-250 Auvik Essentials -- Overage,CW,200.0,6.4,1280.0,USD
2026-01-01,Auvik,ATG,Licenses,CMS,10.0,10.5,105.0,USD
2026-01-01,Auvik,Abadata Computer Corporation,COANM-1 Committed Billable Devices,CMS,40.0,9.19,367.6,USD
2026-01-01,Auvik,Abadata Computer Corporation,COANM-2 Additional Billable Devices,CMS,0.0,9.19,0.0,USD
2026-01-01,Auvik,Accessium Group,EPRM-ANM-750 Auvik Essentials -- Committed,CW,826.0,4.76,3931.76,USD
2026-01-01,Auvik,Accessium Group,EPRM-ANM-750 Auvik Essentials -- Overage,CW,325.0,4.76,1547.0,USD
2026-01-01,Auvik,Accessium Group,PARM-ANM-750 Auvik Performance Add On,CW,670.0,2.77,1855.9,USD
2026-01-01,Auvik,Accessium Group,PARM-ANM-750 Auvik Performance Add On -- Overage,CW,388.0,2.77,1074.76,USD
2026-01-01,Auvik,"Advanced Office Systems, Inc.",Billable Devices,CW,105.0,6.67,700.0,USD
2026-01-01,Auvik,"Advanced Office Systems, Inc.",Usage - Billable Devices,CW,0.0,7.0,0.0,USD
2026-01-01,Auvik,AdventOne,ANM Essentials,CW,172.0,7.35,1264.2,USD
2026-01-01,Auvik,AdventOne,ANM Performance Add-Ons,CW,100.0,4.76,476.0,USD
2026-01-01,Auvik,AdventOne,ANM Performance Add-on,CW,61.0,4.76,290.36,USD
2026-01-01,Auvik,Affinity IT Group,COANM-1 Committed Billable Devices,CMS,40.0,9.19,367.6,USD
2026-01-01,Auvik,Affinity IT Group,COANM-2 Additional Billable Devices,CMS,2.0,9.19,18.38,USD
2026-01-01,Auvik,AiroSpark,CWANM-1 Additional Billable Devices,CW,0.0,7.81,0.0,USD
2026-01-01,Auvik,AiroSpark,CWANM-1 Committed Billable Devices,CW,50.0,7.81,390.5,USD
2026-01-01,Auvik,AiroSpark,CWANM-1 Committed Performance Add-Ons,CW,50.0,3.0,150.0,USD
2026-01-01,Auvik,All Lines Technology,ERM-ANM-250 Auvik Essentials -- Committed,CW,300.0,5.6,1680.0,USD
2026-01-01,Auvik,All Lines Technology,ERM-ANM-250 Auvik Essentials -- Overage,CW,0.0,5.6,0.0,USD
2026-01-01,Auvik,All Net Connections,ERM-ANM-100 Auvik Essentials -- Committed,CW,164.0,7.0,1148.0,USD
2026-01-01,Auvik,All Net Connections,ERM-ANM-100 Auvik Essentials -- Overage,CW,0.0,7.0,0.0,USD
2026-01-01,Auvik,Allegiant Networks,CWANM-2 Additional Billable Devices,CW,170.0,7.35,1249.5,USD
2026-01-01,Auvik,Allegiant Networks,CWANM-2 Committed Billable Devices,CW,100.0,7.35,735.0,USD
2026-01-01,Auvik,Alliance IT,EPRM-ANM-10 Auvik Essentials -- Committed,CW,16.0,12.0,191.98,USD
2026-01-01,Auvik,Alliance IT,EPRM-ANM-10 Auvik Essentials -- Overage,CW,0.0,12.0,0.0,USD
2026-01-01,Auvik,Alliance IT,PARM-ANM-10 Auvik Performance Add On,CW,16.0,8.0,128.02,USD
2026-01-01,Auvik,Alliance IT,PARM-ANM-10 Auvik Performance Add On -- Overage,CW,0.0,8.0,0.0,USD
2026-01-01,Auvik,Alliance Tech Partners,EPRM-ANM-40 Auvik Essentials -- Committed,CW,44.0,9.19,404.36,USD
2026-01-01,Auvik,Alliance Tech Partners,EPRM-ANM-40 Auvik Essentials -- Overage,CW,0.0,9.19,0.0,USD
2026-01-01,Auvik,Alliance Tech Partners,PARM-ANM-40 Auvik Performance Add On,CW,20.0,6.25,125.0,USD
2026-01-01,Auvik,Allied Business Solutions,EPRM-ANM-100 Auvik Essentials -- Committed,CMS,118.0,8.4,991.2,USD
2026-01-01,Auvik,Allied Business Solutions,EPRM-ANM-100 Auvik Essentials -- Overage,CMS,0.0,8.4,0.0,USD
2026-01-01,Auvik,Allied Business Solutions,PARM-ANM-100 Auvik Performance Add On,CMS,10.0,5.46,54.6,USD
2026-01-01,Auvik,Allied Business Solutions,PARM-ANM-100 Auvik Performance Add On -- Overage,CMS,59.0,5.46,322.14,USD
2026-01-01,Auvik,American First National Bank,ERM-ANM-10 Auvik Essentials -- Committed,CW,27.0,10.5,283.5,USD
2026-01-01,Auvik,American First National Bank,ERM-ANM-10 Auvik Essentials -- Overage,CW,1.0,10.5,10.5,USD
2026-01-01,Auvik,Apex Infinite Solutions,EPRM-ANM-250 Auvik Essentials -- Committed,CW,316.0,5.6,1769.6,USD
2026-01-01,Auvik,Apex Infinite Solutions,EPRM-ANM-250 Auvik Essentials -- Overage,CW,0.0,5.6,0.0,USD
2026-01-01,Auvik,Apex Technology Corporation,CWANM-4 Additional Billable Devices,CW,105.0,5.6,588.0,USD
2026-01-01,Auvik,Apex Technology Corporation,CWANM-4 Committed Billable Devices,CW,361.0,5.6,2021.6,USD
2026-01-01,Auvik,Associated Computer Systems,EPRM-ANM-1000 Auvik Essentials -- Committed,CMS,1700.0,4.41,7497.0,USD
2026-01-01,Auvik,Associated Computer Systems,EPRM-ANM-1000 Auvik Essentials -- Overage,CMS,0.0,4.41,0.0,USD
2026-01-01,Auvik,Associated Computer Systems,PARM-ANM-1000 Auvik Performance Add On -- Overage,CMS,41.0,2.39,97.99,USD
2026-01-01,Auvik,Associated Computer Systems,RM - ASM - 500 - Committed,CMS,500.0,0.91,455.0,USD
2026-01-01,Auvik,Associated Computer Systems,RM - ASM - 500 - Overage,CMS,0.0,0.91,0.0,USD
2026-01-01,Auvik,Atlantic-IT.net,Licenses,CMS,69.0,8.75,603.75,USD
2026-01-01,Auvik,Atlantic-IT.net,Licenses,CMS,10.0,12.0,120.0,USD
2026-01-01,Auvik,Atlantic-IT.net,Usage - Licenses,CMS,35.0,8.75,306.25,USD
2026-01-01,Auvik,Atlantic-IT.net,Usage - Licenses,CMS,0.0,12.0,0.0,USD
2026-01-01,Auvik,Atruent,CWANM-2 Additional Billable Devices,CW,62.0,7.35,455.7,USD
2026-01-01,Auvik,Atruent,CWANM-2 Committed Billable Devices,CW,101.0,7.35,742.35,USD
2026-01-01,Auvik,Attache Group,Auvik SaaS Management,CW,150.0,1.57,236.25,USD
2026-01-01,Auvik,Attache Group,Auvik SaaS Management,CW,0.0,1.58,0.0,USD
2026-01-01,Auvik,Avaria Networks,ERM-ANM-40 Auvik Essentials -- Committed,CMS,65.0,10.0,650.0,USD
2026-01-01,Auvik,Avaria Networks,ERM-ANM-40 Auvik Essentials -- Overage,CMS,0.0,10.0,0.0,USD
2026-01-01,Auvik,Avitus Technology Services,EPRM-ANM-250 Auvik Essentials -- Committed,CMS,250.0,6.72,1680.0,USD
2026-01-01,Auvik,Avitus Technology Services,EPRM-ANM-250 Auvik Essentials -- Overage,CMS,0.0,6.72,0.0,USD
2026-01-01,Auvik,BetterWorld Telecom,EPRM-ANM-100 Auvik Essentials -- Committed,CW,100.0,7.0,700.0,USD
2026-01-01,Auvik,BetterWorld Telecom,EPRM-ANM-100 Auvik Essentials -- Overage,CW,136.0,7.0,952.0,USD
2026-01-01,Auvik,BetterWorld Telecom,PARM-ANM-100 Auvik Performance Add On,CW,100.0,4.55,455.0,USD
2026-01-01,Auvik,BetterWorld Telecom,PARM-ANM-100 Auvik Performance Add On -- Overage,CW,0.0,4.55,0.0,USD
2026-01-01,Auvik,Bevcomm,EPRM-ANM-100 Auvik Essentials -- Committed,CMS,100.0,7.35,735.0,USD
2026-01-01,Auvik,Bevcomm,EPRM-ANM-100 Auvik Essentials -- Overage,CMS,0.0,7.35,0.0,USD
2026-01-01,Auvik,Beyon Solutions,ANM Essentials - Evergreen,CW,150.0,7.35,1102.5,USD
2026-01-01,Auvik,Beyon Solutions,ANM Essentials Evergreen,CW,0.0,7.35,0.0,USD
2026-01-01,Auvik,Bizitss,EPRM-ANM-40 Auvik Essentials -- Committed,CW,44.0,8.75,385.0,USD
2026-01-01,Auvik,Bizitss,EPRM-ANM-40 Auvik Essentials -- Overage,CW,13.0,8.75,113.75,USD
2026-01-01,Auvik,"Blade Technologies, Inc.",ERM-ANM-175 Auvik Essentials -- Committed,CW,225.0,6.3,1417.5,USD
2026-01-01,Auvik,"Blade Technologies, Inc.",ERM-ANM-175 Auvik Essentials -- Overage,CW,24.0,6.3,151.2,USD
2026-01-01,Auvik,Blue Angle,EPRM-ANM-100 Auvik Essentials -- Committed,CMS,150.0,7.0,1050.0,USD
2026-01-01,Auvik,Blue Angle,EPRM-ANM-100 Auvik Essentials -- Overage,CMS,25.0,7.0,175.0,USD
2026-01-01,Auvik,Blue Angle,PARM-ANM-100 Auvik Performance Add On,CMS,75.0,4.55,341.25,USD
2026-01-01,Auvik,Bramatt Computing,CWANM-0 Additional Billable Devices,CW,30.0,10.5,315.0,USD
2026-01-01,Auvik,Bramatt Computing,CWANM-0 Committed Billable Devices,CW,25.0,10.5,262.5,USD
2026-01-01,Auvik,Brewer Dental Center,CWANM-0 Additional Billable Devices,CW,0.0,10.5,0.0,USD
2026-01-01,Auvik,Brewer Dental Center,CWANM-0 Committed Billable Devices,CW,12.0,10.5,126.0,USD
2026-01-01,Auvik,Bridge Healthcare Partners,CWANM-3 Additional Billable Devices,CW,0.0,6.3,0.0,USD
2026-01-01,Auvik,Bridge Healthcare Partners,CWANM-3 Additional Performance Add-Ons,CW,0.0,3.85,0.0,USD
2026-01-01,Auvik,Bridge Healthcare Partners,CWANM-3 Committed Billable Devices,CW,205.0,6.3,1291.5,USD
2026-01-01,Auvik,Bridge Healthcare Partners,CWANM-3 Committed Performance Add-Ons,CW,205.0,3.85,789.25,USD
2026-01-01,Auvik,Buchanan Technologies,ANM Essentials,CW,451.0,5.88,2651.88,USD
2026-01-01,Auvik,"Business Communications, Inc.",CWANM-5 Additional Billable Devices,CW,283.0,4.9,1386.7,USD
2026-01-01,Auvik,"Business Communications, Inc.",CWANM-5 Committed Billable Devices,CW,772.0,4.9,3782.8,USD
2026-01-01,Auvik,"Business Communications, Inc.",CWANM-5 Committed Performance Add-Ons,CW,31.0,3.43,106.33,USD
2026-01-01,Auvik,Business Information Group,EPRM-ANM-40 Auvik Essentials -- Committed,CW,40.0,8.75,350.0,USD
2026-01-01,Auvik,Business Information Group,EPRM-ANM-40 Auvik Essentials -- Overage,CW,110.0,8.75,962.5,USD
2026-01-01,Auvik,Business Information Group,ERM-ANM-250 Auvik Essentials -- Committed,CW,250.0,5.88,1470.0,USD
2026-01-01,Auvik,Business Information Group,ERM-ANM-250 Auvik Essentials -- Overage,CW,0.0,5.88,0.0,USD
2026-01-01,Auvik,C&K Systems,ERM-ANM-40 Auvik Essentials -- Overage,CW,0.0,9.19,0.0,USD
2026-01-01,Auvik,CAIU,EPRM-ANM-500 Auvik Essentials -- Committed,CMS,500.0,5.88,2940.0,USD
2026-01-01,Auvik,CAIU,EPRM-ANM-500 Auvik Essentials -- Overage,CMS,2.0,5.88,11.76,USD
2026-01-01,Auvik,CATS Technology Solutions Group,EPRM-ANM-10 Auvik Essentials -- Committed,CW,10.0,12.0,120.0,USD
2026-01-01,Auvik,CATS Technology Solutions Group,EPRM-ANM-10 Auvik Essentials -- Overage,CW,0.0,12.0,0.0,USD
2026-01-01,Auvik,CATS Technology Solutions Group,PARM-ANM-10 Auvik Performance Add On -- Overage,CW,8.0,8.0,64.0,USD
2026-01-01,Auvik,CCTS IT Solutions,Licenses,CMS,10.0,10.5,105.0,USD
2026-01-01,Auvik,CCTS IT Solutions,Usage - Licenses,CMS,0.0,10.5,0.0,USD
2026-01-01,Auvik,"CJS Associates, LLC",EPRM-ANM-40 Auvik Essentials -- Committed,CMS,40.0,8.75,350.0,USD
2026-01-01,Auvik,"CJS Associates, LLC",RM - ASM - 50 - Committed,CMS,50.0,2.1,105.0,USD
2026-01-01,Auvik,CMIT Solutions,COANM-5 Additional Billable Devices,CMS,0.0,4.9,0.0,USD
2026-01-01,Auvik,CMIT Solutions,COANM-5 Additional Performance Add-Ons,CMS,15.0,3.43,51.45,USD
2026-01-01,Auvik,CMIT Solutions,COANM-5 Committed Billable Devices,CMS,500.0,4.9,2450.0,USD
2026-01-01,Auvik,CNE IT Solutions,COANM-0 Additional Billable Devices,CMS,39.0,10.5,409.5,USD
2026-01-01,Auvik,CNE IT Solutions,COANM-0 Additional Performance Add-Ons,CMS,33.0,6.83,225.39,USD
2026-01-01,Auvik,CNE IT Solutions,COANM-0 Committed Billable Devices,CMS,10.0,10.5,105.0,USD
2026-01-01,Auvik,CNE IT Solutions,RM - ASM - 100 - Committed,CMS,100.0,1.05,105.0,USD
2026-01-01,Auvik,CNE IT Solutions,RM - ASM - 100 - Overage,CMS,0.0,1.05,0.0,USD
2026-01-01,Auvik,CSI,EPRM-ANM-10 Auvik Essentials -- Committed,CMS,10.0,10.5,105.0,USD
2026-01-01,Auvik,CSI,EPRM-ANM-10 Auvik Essentials -- Overage,CMS,49.0,10.5,514.5,USD
2026-01-01,Auvik,CTMS LLC,EPRM-ANM-250 Auvik Essentials -- Committed,CMS,250.0,6.72,1680.0,USD
2026-01-01,Auvik,CTMS LLC,EPRM-ANM-250 Auvik Essentials -- Overage,CMS,236.0,6.72,1585.92,USD
2026-01-01,Auvik,CWL Systems,COANM-1 Committed Billable Devices,CMS,40.0,9.19,367.6,USD
2026-01-01,Auvik,CWL Systems,COANM-2 Additional Billable Devices,CMS,0.0,9.19,0.0,USD
2026-01-01,Auvik,Calculated Research & Technology,EPRM-ANM-75 Auvik Essentials -- Committed,CMS,75.0,8.64,648.0,USD
2026-01-01,Auvik,Calculated Research & Technology,EPRM-ANM-75 Auvik Essentials -- Overage,CMS,65.0,8.64,561.6,USD
2026-01-01,Auvik,Cambridge Networks,EPRM-ANM-175 Auvik Essentials -- Committed,CW,175.0,6.62,1158.5,USD
2026-01-01,Auvik,Cambridge Networks,EPRM-ANM-175 Auvik Essentials -- Overage,CW,0.0,6.62,0.0,USD
2026-01-01,Auvik,Cambridge Networks,PARM-ANM-175 Auvik Performance Add On,CW,6.0,4.04,24.24,USD
2026-01-01,Auvik,Cambridge Networks,PARM-ANM-175 Auvik Performance Add On -- Overage,CW,0.0,4.04,0.0,USD
2026-01-01,Auvik,Centre Technologies,EPRM-ANM-1000 Auvik Essentials -- Committed,CMS,1000.0,4.8,4800.0,USD
2026-01-01,Auvik,Centre Technologies,EPRM-ANM-1000 Auvik Essentials -- Overage,CMS,1085.0,4.8,5208.0,USD
2026-01-01,Auvik,Centre Technologies,PARM-ANM-1000 Auvik Performance Add On,CMS,138.0,2.6,358.8,USD
2026-01-01,Auvik,Centre Technologies,PARM-ANM-1000 Auvik Performance Add On -- Overage,CMS,0.0,2.6,0.0,USD
2026-01-01,Auvik,Christenberry Sales,PRM-ANM-10 Auvik Performance -- Committed,CW,10.0,17.5,175.0,USD
2026-01-01,Auvik,Christenberry Sales,PRM-ANM-10 Auvik Performance -- Overage,CW,0.0,17.5,0.0,USD
2026-01-01,Auvik,Cinos,EPRM-ANM-40 Auvik Essentials -- Committed,CW,60.0,8.75,525.0,USD
2026-01-01,Auvik,Cinos,PARM-ANM-40 Auvik Performance Add On,CW,22.0,5.95,130.9,USD
2026-01-01,Auvik,City of Newport News,EPRM-ANM-750 Auvik Essentials -- Committed,CW,800.0,4.76,3808.0,USD
2026-01-01,Auvik,City of Newport News,EPRM-ANM-750 Auvik Essentials -- Overage,CW,0.0,4.76,0.0,USD
2026-01-01,Auvik,City of Newport News,PARM-ANM-750 Auvik Performance Add On,CW,500.0,2.77,1385.0,USD
2026-01-01,Auvik,City of Newport News,PARM-ANM-750 Auvik Performance Add On -- Overage,CW,0.0,2.77,0.0,USD
2026-01-01,Auvik,City of Tavares,EPRM-ANM-40 Auvik Essentials -- Committed,CW,50.0,9.19,459.5,USD
2026-01-01,Auvik,City of Tavares,PARM-ANM-40 Auvik Performance Add On,CW,50.0,6.25,312.5,USD
2026-01-01,Auvik,Clare Computer Solutions,COANM-3 Additional Billable Devices,CMS,205.0,6.62,1357.1,USD
2026-01-01,Auvik,Clare Computer Solutions,COANM-3 Additional Performance Add-Ons,CMS,4.0,4.48,17.92,USD
2026-01-01,Auvik,Clare Computer Solutions,COANM-3 Committed Billable Devices,CMS,175.0,6.62,1158.5,USD
2026-01-01,Auvik,"Coffer Group, LLC",Licenses,CMS,120.0,7.35,882.0,USD
2026-01-01,Auvik,"Coffer Group, LLC",Usage - Licenses,CMS,1.0,7.35,7.35,USD
2026-01-01,Auvik,CommTech Industries,COANM-2 Additional Billable Devices,CMS,329.0,7.0,2303.0,USD
2026-01-01,Auvik,CommTech Industries,COANM-2 Committed Billable Devices,CMS,100.0,7.0,700.0,USD
2026-01-01,Auvik,CommTech Industries,COANM-4 Additional Performance Add-Ons,CMS,23.0,4.66,107.18,USD
2026-01-01,Auvik,Commuserv,EPRM-ANM-40 Auvik Essentials -- Committed,CW,56.0,10.0,560.01,USD
2026-01-01,Auvik,Commuserv,EPRM-ANM-40 Auvik Essentials -- Overage,CW,0.0,10.0,0.0,USD
2026-01-01,Auvik,"Computex, Inc.",EPRM-ANM-750 Auvik Essentials -- Committed,CW,901.0,4.55,4099.55,USD
2026-01-01,Auvik,"Computex, Inc.",EPRM-ANM-750 Auvik Essentials -- Overage,CW,0.0,4.55,0.0,USD
2026-01-01,Auvik,"Computex, Inc.",PARM-ANM-750 Auvik Performance Add On,CW,2.0,2.63,5.25,USD
2026-01-01,Auvik,"Computex, Inc.",PARM-ANM-750 Auvik Performance Add On -- Overage,CW,32.0,2.63,84.16,USD
2026-01-01,Auvik,Comstar Technologies,CWANM-5 Additional Billable Devices,CW,0.0,9.45,0.0,USD
2026-01-01,Auvik,Comstar Technologies,CWANM-5 Committed Billable Devices,CW,500.0,5.15,2575.0,USD
2026-01-01,Auvik,ConXioN,ERM-ANM-250 Auvik Essentials -- Committed,CW,463.0,5.88,2722.44,USD
2026-01-01,Auvik,ConXioN,ERM-ANM-250 Auvik Essentials -- Overage,CW,30.0,5.88,176.4,USD
2026-01-01,Auvik,ConnectWise - APAC,Usage - Billable Devices,CW,51.0,10.5,535.5,USD
2026-01-01,Auvik,ConnectWise - EMEA,Usage - Billable Devices,CW,155.0,10.5,1627.5,USD
2026-01-01,Auvik,ConnectWise Inc,ANM Performance Add-On Evergreen,CW,0.0,0.0,0.0,USD
2026-01-01,Auvik,"ConnectWise, LLC",Continuum Monthly Plan,CMS,331.0,0.0,1860.0,USD
2026-01-01,Auvik,Consilien LLC,Licenses,CMS,40.0,8.75,350.0,USD
2026-01-01,Auvik,Consilien LLC,Usage - Licenses,CMS,52.0,8.75,455.0,USD
2026-01-01,Auvik,Continuum - EMEA,Usage - Licenses,CMS,29.0,10.5,304.5,USD
2026-01-01,Auvik,Convergent Technologies Group,COANM-2 Additional Billable Devices,CMS,21.0,7.35,154.35,USD
2026-01-01,Auvik,Convergent Technologies Group,COANM-2 Committed Billable Devices,CMS,100.0,7.35,735.0,USD
2026-01-01,Auvik,"CorCystems, Inc",ERM-ANM-500 Auvik Essentials -- Committed,CW,500.0,5.88,2940.0,USD
2026-01-01,Auvik,"CorCystems, Inc",ERM-ANM-500 Auvik Essentials -- Overage,CW,0.0,5.88,0.0,USD
2026-01-01,Auvik,"Corporate Technical Services, Inc.",Billable Devices,CW,40.0,9.19,367.6,USD
2026-01-01,Auvik,"Corporate Technical Services, Inc.",Billable Devices - Additional,CW,0.0,0.0,0.0,USD
2026-01-01,Auvik,"Corporate Technical Services, Inc.",Usage - Billable Devices,CW,0.0,9.19,0.0,USD
2026-01-01,Auvik,CoventBridge Group,CWANM-0 Committed Billable Devices,CW,25.0,10.5,262.5,USD
2026-01-01,Auvik,Crimson It Services,ERM-ANM-40 Auvik Essentials -- Committed,CW,40.0,9.19,367.6,USD
2026-01-01,Auvik,Crimson It Services,ERM-ANM-40 Auvik Essentials -- Overage,CW,0.0,9.19,0.0,USD
2026-01-01,Auvik,Cyber Advisors Inc,ANM Essentials,CMS,750.0,4.76,3570.0,USD
2026-01-01,Auvik,Cyber Advisors Inc,ANM Performance Add-Ons,CMS,1.0,2.77,2.77,USD
2026-01-01,Auvik,Cyber Advisors Inc,ANM Performance Add-on,CMS,33.0,2.77,91.41,USD
2026-01-01,Auvik,CyberSheath,CWANM-0 Additional Billable Devices,CW,413.0,10.5,4336.5,USD
2026-01-01,Auvik,CyberSheath,CWANM-0 Committed Billable Devices,CW,10.0,10.5,105.0,USD
2026-01-01,Auvik,Cyberstreams,EPRM-ANM-40 Auvik Essentials -- Committed,CMS,40.0,9.19,367.6,USD
2026-01-01,Auvik,Cyberstreams,EPRM-ANM-40 Auvik Essentials -- Overage,CMS,25.0,9.19,229.75,USD
2026-01-01,Auvik,DP Solutions,EPRM-ANM-500 Auvik Essentials -- Committed,CMS,500.0,5.15,2575.0,USD
2026-01-01,Auvik,DP Solutions,EPRM-ANM-500 Auvik Essentials -- Overage,CMS,81.0,5.15,417.15,USD
2026-01-01,Auvik,DP Solutions,PARM-ANM-500 Auvik Performance Add On -- Overage,CMS,155.0,2.94,455.7,USD
2026-01-01,Auvik,"DSM Technology Consultants, LLC",CWANM-3 Additional Billable Devices,CW,0.0,6.3,0.0,USD
2026-01-01,Auvik,"DSM Technology Consultants, LLC",CWANM-3 Additional Performance Add-Ons,CW,0.0,4.27,0.0,USD
2026-01-01,Auvik,"DSM Technology Consultants, LLC",CWANM-3 Committed Billable Devices,CW,225.0,6.3,1417.5,USD
2026-01-01,Auvik,"DSM Technology Consultants, LLC",CWANM-3 Committed Performance Add-Ons,CW,225.0,4.27,960.75,USD
2026-01-01,Auvik,DTC,EPRM-ANM-10 Auvik Essentials -- Committed,CMS,10.0,12.0,120.0,USD
2026-01-01,Auvik,DTC,EPRM-ANM-10 Auvik Essentials -- Overage,CMS,0.0,12.0,0.0,USD
2026-01-01,Auvik,Daemen ICT,COANM-1 Committed Billable Devices,CMS,40.0,8.75,350.0,USD
2026-01-01,Auvik,Daemen ICT,COANM-2 Additional Billable Devices,CMS,0.0,8.75,0.0,USD
2026-01-01,Auvik,Datec (Fiji) Pte Limited,CWANM-0 Committed Billable Devices,CW,10.0,10.5,105.0,USD
2026-01-01,Auvik,"Decian, Inc.",EPRM-ANM-175 Auvik Essentials -- Committed,CMS,175.0,7.56,1323.0,USD
2026-01-01,Auvik,"Decian, Inc.",EPRM-ANM-175 Auvik Essentials -- Overage,CMS,0.0,7.56,0.0,USD
2026-01-01,Auvik,"Decian, Inc.",PARM-ANM-175 Auvik Performance Add On -- Overage,CMS,9.0,4.62,41.58,USD
2026-01-01,Auvik,Dental Health Associates of Madison,PRM-ANM-40 Auvik Performance -- Committed,CW,53.0,15.44,818.32,USD
2026-01-01,Auvik,Descent IT,ANM Essentials,CW,53.0,9.17,486.01,USD
2026-01-01,Auvik,"Direct Companies, LLC",CWANM-3 Additional Billable Devices,CW,846.0,6.3,5329.8,USD
2026-01-01,Auvik,"Direct Companies, LLC",CWANM-3 Committed Billable Devices,CW,206.0,6.3,1297.8,USD
2026-01-01,Auvik,EAG 1Source,EPRM-ANM-40 Auvik Essentials -- Committed,CMS,40.0,10.0,400.0,USD
2026-01-01,Auvik,EAG 1Source,EPRM-ANM-40 Auvik Essentials -- Overage,CMS,40.0,10.0,400.0,USD
2026-01-01,Auvik,EC Managed IT,ANM Essentials - Evergreen,CW,127.0,7.35,933.45,USD
2026-01-01,Auvik,EC Managed IT,ANM Essentials Evergreen,CW,0.0,7.35,0.0,USD
2026-01-01,Auvik,ENT of Georgia,CWANM-0 Additional Billable Devices,CW,0.0,10.5,0.0,USD
2026-01-01,Auvik,ENT of Georgia,CWANM-0 Committed Billable Devices,CW,30.0,10.5,315.0,USD
2026-01-01,Auvik,ES Consulting,ANM Essentials - Evergreen,CW,455.0,5.88,2675.4,USD
2026-01-01,Auvik,ES Consulting,ANM Essentials Evergreen,CW,15.0,5.88,88.2,USD
2026-01-01,Auvik,Eagle Consulting Group LLC,Billable Devices,CW,10.0,10.5,105.0,USD
2026-01-01,Auvik,Eagle Consulting Group LLC,Usage - Billable Devices,CW,0.0,10.5,0.0,USD
2026-01-01,Auvik,Eanyware,Licenses,CMS,10.0,10.5,105.0,USD
2026-01-01,Auvik,Eanyware,Usage - Licenses,CMS,0.0,10.5,0.0,USD
2026-01-01,Auvik,Easyitguys,ANM Essentials - Evergreen,CW,40.0,9.17,366.8,USD
2026-01-01,Auvik,Easyitguys,ANM Essentials Evergreen,CW,0.0,9.17,0.0,USD
2026-01-01,Auvik,"Eclipse Networks, Inc",EPRM-ANM-250 Auvik Essentials -- Committed,CW,250.0,5.88,1470.0,USD
2026-01-01,Auvik,"Eclipse Networks, Inc",EPRM-ANM-250 Auvik Essentials -- Overage,CW,13.0,5.88,76.44,USD
2026-01-01,Auvik,"Eclipse Networks, Inc",PARM-ANM-250 Auvik Performance Add On -- Overage,CW,4.0,3.49,13.96,USD
2026-01-01,Auvik,"Edit Technology Solutions, Inc.",ANM Essentials - Evergreen,CMS,343.0,5.88,2016.84,USD
2026-01-01,Auvik,"Edit Technology Solutions, Inc.",ANM Essentials Evergreen,CMS,0.0,5.88,0.0,USD
2026-01-01,Auvik,Ekaru,EPRM-ANM-10 Auvik Essentials -- Committed,CMS,10.0,10.5,105.0,USD
2026-01-01,Auvik,Ekaru,EPRM-ANM-10 Auvik Essentials -- Overage,CMS,5.0,10.5,52.5,USD
2026-01-01,Auvik,Ekaru,SRM - ASM - MSP - Committed,CMS,100.0,1.05,105.0,USD
2026-01-01,Auvik,Ekaru,SRM - ASM - MSP - Overage,CMS,0.0,1.05,0.0,USD
2026-01-01,Auvik,"Electronic Strategies, Inc.",COANM-3 Additional Billable Devices,CMS,43.0,6.62,284.66,USD
2026-01-01,Auvik,"Electronic Strategies, Inc.",COANM-3 Additional Performance Add-Ons,CMS,109.0,4.48,488.32,USD
2026-01-01,Auvik,"Electronic Strategies, Inc.",COANM-3 Committed Billable Devices,CMS,175.0,8.51,1489.25,USD
2026-01-01,Auvik,Empire Consultants,ANM Essentials,CW,175.0,6.62,1157.63,USD
2026-01-01,Auvik,Empire Consultants,ANM Performance Add-Ons,CW,50.0,4.03,201.25,USD
2026-01-01,Auvik,Empire Consultants,ANM Performance Add-on,CW,87.0,4.03,350.61,USD
2026-01-01,Auvik,Empower Information Systems,Licenses,CMS,10.0,10.5,105.0,USD
2026-01-01,Auvik,Empower Information Systems,Usage - Licenses,CMS,13.0,10.5,136.5,USD
2026-01-01,Auvik,Enso Solutions,COANM-1 Committed Billable Devices,CMS,40.0,9.19,367.6,USD
2026-01-01,Auvik,Enso Solutions,COANM-2 Additional Billable Devices,CMS,73.0,9.19,670.87,USD
2026-01-01,Auvik,Espire IT,COANM-0 Additional Billable Devices,CMS,1.0,10.5,10.5,USD
2026-01-01,Auvik,Espire IT,COANM-3 Committed Billable Devices,CMS,10.0,10.5,105.0,USD
2026-01-01,Auvik,EuGenius Solutions,ERM-ANM-10 Auvik Essentials -- Committed,CW,10.0,12.0,120.0,USD
2026-01-01,Auvik,EuGenius Solutions,ERM-ANM-10 Auvik Essentials -- Overage,CW,0.0,12.0,0.0,USD
2026-01-01,Auvik,Excite Consulting,EPRM-ANM-10 Auvik Essentials -- Committed,CW,10.0,10.5,105.0,USD
2026-01-01,Auvik,Excite Consulting,EPRM-ANM-10 Auvik Essentials -- Overage,CW,0.0,10.5,0.0,USD
2026-01-01,Auvik,Excite Consulting,PARM-ANM-10 Auvik Performance Add On,CW,1.0,7.0,7.0,USD
2026-01-01,Auvik,Excite Consulting,PARM-ANM-10 Auvik Performance Add On -- Overage,CW,7.0,7.0,49.0,USD
2026-01-01,Auvik,"Exigent Technologies, LLC",CWANM-4 Additional Billable Devices,CW,58.0,5.6,324.8,USD
2026-01-01,Auvik,"Exigent Technologies, LLC",CWANM-4 Committed Billable Devices,CW,316.0,5.6,1769.6,USD
2026-01-01,Auvik,Expedient Technology,EPRM-ANM-750 Auvik Essentials -- Committed,CMS,750.0,5.46,4095.0,USD
2026-01-01,Auvik,Expedient Technology,EPRM-ANM-750 Auvik Essentials -- Overage,CMS,384.0,5.46,2096.64,USD
2026-01-01,Auvik,FIT Network,ANM Essentials,CMS,65.0,9.17,596.05,USD
2026-01-01,Auvik,FIT Network,ANM Performance Add-Ons,CMS,1.0,6.23,6.23,USD
2026-01-01,Auvik,FIT Solutions,ANM Essentials,CW,80.0,8.64,691.6,USD
2026-01-01,Auvik,FIT Solutions,ANM Essentials,CW,0.0,8.65,0.0,USD
2026-01-01,Auvik,FIT Solutions,ANM Performance Add-Ons,CW,60.0,5.88,352.8,USD
2026-01-01,Auvik,FIT Solutions,ANM Performance Add-on,CW,9.0,5.88,52.92,USD
2026-01-01,Auvik,"FPA Technology Services, Inc.",ERM-ANM-100 Auvik Essentials -- Committed,CW,154.0,7.0,1078.0,USD
2026-01-01,Auvik,"FPA Technology Services, Inc.",ERM-ANM-100 Auvik Essentials -- Overage,CW,0.0,7.0,0.0,USD
2026-01-01,Auvik,Fenix 24 Inc,ANM Essentials,CW,329.0,6.62,2176.8,USD
2026-01-01,Auvik,FeraDyne Outdoors,CWANM-0 Additional Billable Devices,CW,0.0,10.5,0.0,USD
2026-01-01,Auvik,FeraDyne Outdoors,CWANM-0 Committed Billable Devices,CW,16.0,10.5,168.0,USD
2026-01-01,Auvik,Fernco Inc,ERM-ANM-10 Auvik Essentials -- Committed,CW,37.0,10.5,388.5,USD
2026-01-01,Auvik,Fernco Inc,ERM-ANM-10 Auvik Essentials -- Overage,CW,14.0,10.5,147.0,USD
2026-01-01,Auvik,Ferrara IT Services LLC,COANM-0 Additional Billable Devices,CMS,1.0,10.5,10.5,USD
2026-01-01,Auvik,Ferrara IT Services LLC,COANM-3 Committed Billable Devices,CMS,10.0,10.5,105.0,USD
2026-01-01,Auvik,Fireblade-IT,CWANM-1 Additional Billable Devices,CW,66.0,9.19,606.54,USD
2026-01-01,Auvik,Fireblade-IT,CWANM-1 Committed Billable Devices,CW,50.0,9.19,459.5,USD
2026-01-01,Auvik,First Equipment Company,COANM-1 Committed Billable Devices,CMS,75.0,8.23,617.25,USD
2026-01-01,Auvik,First Equipment Company,COANM-2 Additional Billable Devices,CMS,0.0,8.23,0.0,USD
2026-01-01,Auvik,Fitzrovia I.T. Limited,EPRM-ANM-40 Auvik Essentials -- Committed,CMS,40.0,9.19,367.6,USD
2026-01-01,Auvik,Fitzrovia I.T. Limited,EPRM-ANM-40 Auvik Essentials -- Overage,CMS,31.0,9.19,284.89,USD
2026-01-01,Auvik,Five Rivers IT,ERM-ANM-100 Auvik Essentials -- Committed,CW,115.0,8.0,920.0,USD
2026-01-01,Auvik,Five Rivers IT,ERM-ANM-100 Auvik Essentials -- Overage,CW,101.0,8.0,808.0,USD
2026-01-01,Auvik,Flagship Lab Services LLC,ERM-ANM-40 Auvik Essentials -- Committed,CW,51.0,8.75,446.25,USD
2026-01-01,Auvik,Flagship Lab Services LLC,ERM-ANM-40 Auvik Essentials -- Overage,CW,17.0,8.75,148.75,USD
2026-01-01,Auvik,Fluid IT Ltd,EPRM-ANM-175 Auvik Essentials -- Committed,CMS,175.0,6.62,1158.5,USD
2026-01-01,Auvik,Fluid IT Ltd,EPRM-ANM-175 Auvik Essentials -- Overage,CMS,0.0,6.62,0.0,USD
2026-01-01,Auvik,"Forthright Technology Partners, Inc.",Licenses,CMS,10.0,10.5,105.0,USD
2026-01-01,Auvik,"Forthright Technology Partners, Inc.",Usage - Licenses,CMS,99.0,10.5,1039.5,USD
2026-01-01,Auvik,FoxNet Solutions,CWANM-2 Additional Billable Devices,CW,0.0,6.3,0.0,USD
2026-01-01,Auvik,FoxNet Solutions,CWANM-2 Additional Performance Add-Ons,CW,0.0,4.66,0.0,USD
2026-01-01,Auvik,FoxNet Solutions,CWANM-2 Committed Billable Devices,CW,100.0,6.3,630.0,USD
2026-01-01,Auvik,FoxNet Solutions,CWANM-2 Committed Performance Add-Ons,CW,33.0,4.66,153.78,USD
2026-01-01,Auvik,"Framework IT, LLC",CWANM-4 Additional Billable Devices,CW,6.0,5.6,33.6,USD
2026-01-01,Auvik,"Framework IT, LLC",CWANM-4 Committed Billable Devices,CW,450.0,5.6,2520.0,USD
2026-01-01,Auvik,Frank Miller Lumber Company,Billable Devices,CW,16.0,10.5,168.0,USD
2026-01-01,Auvik,Frank Miller Lumber Company,Billable Devices - Additional,CW,0.0,0.0,0.0,USD
2026-01-01,Auvik,Frank Miller Lumber Company,Usage - Billable Devices,CW,2.0,10.5,21.0,USD
2026-01-01,Auvik,Function 4,COANM-1 Committed Billable Devices,CMS,40.0,9.19,367.6,USD
2026-01-01,Auvik,Function 4,COANM-2 Additional Billable Devices,CMS,0.0,9.19,0.0,USD
2026-01-01,Auvik,GFI Digital,ERM-ANM-100 Auvik Essentials -- Committed,CW,125.0,7.0,875.0,USD
2026-01-01,Auvik,GFI Digital,ERM-ANM-100 Auvik Essentials -- Overage,CW,0.0,7.0,0.0,USD
2026-01-01,Auvik,Galaxie Business Equipment Inc.,CWANM-0 Additional Billable Devices,CW,17.0,10.5,178.5,USD
2026-01-01,Auvik,Galaxie Business Equipment Inc.,CWANM-0 Additional Performance Add-Ons,CW,0.0,6.83,0.0,USD
2026-01-01,Auvik,Galaxie Business Equipment Inc.,CWANM-0 Committed Billable Devices,CW,28.0,10.5,294.0,USD
2026-01-01,Auvik,Galaxie Business Equipment Inc.,CWANM-0 Committed Performance Add-Ons,CW,10.0,6.83,68.3,USD
2026-01-01,Auvik,Genesis BCS,COANM-3 Committed Billable Devices,CMS,10.0,10.5,105.0,USD
2026-01-01,Auvik,Gershow Recycling,PRM-ANM-40 Auvik Performance -- Committed,CW,45.0,15.44,694.8,USD
2026-01-01,Auvik,Gershow Recycling,PRM-ANM-40 Auvik Performance -- Overage,CW,0.0,15.44,0.0,USD
2026-01-01,Auvik,GiaSpace Inc,Licenses,CMS,42.0,8.75,367.5,USD
2026-01-01,Auvik,GiaSpace Inc,Usage - Licenses,CMS,0.0,8.75,0.0,USD
2026-01-01,Auvik,Glenbrook Automotive,ANM Essentials - Evergreen,CW,114.0,7.35,837.9,USD
2026-01-01,Auvik,Glenbrook Automotive,ANM Essentials Evergreen,CW,0.0,7.35,0.0,USD
2026-01-01,Auvik,Glenbrook Automotive,ANM Performance Add-On Evergreen,CW,0.0,4.76,0.0,USD
2026-01-01,Auvik,Glenbrook Automotive,ANM Performance Add-Ons - Evergreen,CW,100.0,4.76,476.0,USD
2026-01-01,Auvik,Golden West Technologies,ANM Essentials,CW,175.0,7.56,1323.0,USD
2026-01-01,Auvik,Goliad County,ERM-ANM-10 Auvik Essentials -- Committed,CW,14.0,10.5,147.0,USD
2026-01-01,Auvik,Goliad County,ERM-ANM-10 Auvik Essentials -- Overage,CW,0.0,10.5,0.0,USD
2026-01-01,Auvik,Gordon Flesch Company,COANM-3 Committed Billable Devices,CMS,10.0,10.5,105.0,USD
2026-01-01,Auvik,Greystone Technology,Licenses,CMS,40.0,10.5,420.0,USD
2026-01-01,Auvik,Greystone Technology,Usage - Licenses,CMS,8.0,10.5,84.0,USD
2026-01-01,Auvik,Grid4 Communications,Billable Devices - Promo,CW,0.0,0.0,0.0,USD
2026-01-01,Auvik,Grid4 Communications,CWANM-1 Additional Billable Devices,CW,58.0,8.05,466.9,USD
2026-01-01,Auvik,Grid4 Communications,CWANM-1 Additional Performance Add-Ons,CW,12.0,5.71,68.52,USD
2026-01-01,Auvik,Grid4 Communications,CWANM-1 Committed Billable Devices,CW,60.0,8.05,483.0,USD
2026-01-01,Auvik,H5 Networks,EPRM-ANM-10 Auvik Essentials -- Committed,CW,20.0,10.5,210.0,USD
2026-01-01,Auvik,H5 Networks,EPRM-ANM-10 Auvik Essentials -- Overage,CW,18.0,10.5,189.0,USD
2026-01-01,Auvik,H5 Networks,PARM-ANM-10 Auvik Performance Add On,CW,20.0,7.0,140.0,USD
2026-01-01,Auvik,H5 Networks,PARM-ANM-10 Auvik Performance Add On -- Overage,CW,13.0,7.0,91.0,USD
2026-01-01,Auvik,HUB Tech,COANM-5 Additional Billable Devices,CMS,244.0,5.15,1256.6,USD
2026-01-01,Auvik,HUB Tech,COANM-5 Additional Performance Add-Ons,CMS,744.0,3.6,2678.4,USD
2026-01-01,Auvik,HUB Tech,COANM-5 Committed Billable Devices,CMS,500.0,5.15,2575.0,USD
2026-01-01,Auvik,Harbor IT,EPRM-ANM-1000 Auvik Essentials -- Committed,CW,1000.0,4.41,4410.0,USD
2026-01-01,Auvik,Harbor IT,EPRM-ANM-1000 Auvik Essentials -- Overage,CW,226.0,4.41,996.66,USD
2026-01-01,Auvik,Harbor IT,PARM-ANM-1000 Auvik Performance Add On -- Overage,CW,11.0,2.38,26.18,USD
2026-01-01,Auvik,HarborTech Mobility,EPRM-ANM-1000 Auvik Essentials -- Committed,CW,1030.0,4.2,4326.0,USD
2026-01-01,Auvik,HarborTech Mobility,EPRM-ANM-1000 Auvik Essentials -- Overage,CW,0.0,4.2,0.0,USD
2026-01-01,Auvik,HarborTech Mobility,PARM-ANM-1000 Auvik Performance Add On -- Overage,CW,3.0,2.28,6.84,USD
2026-01-01,Auvik,"HarborTech Mobility, Inc.",CWANM-0 Committed Billable Devices,CW,10.0,10.5,105.0,USD
2026-01-01,Auvik,Harris Technology Services,EPRM-ANM-40 Auvik Essentials -- Committed,CW,40.0,9.19,367.61,USD
2026-01-01,Auvik,Harris Technology Services,EPRM-ANM-40 Auvik Essentials -- Overage,CW,41.0,9.19,376.79,USD
2026-01-01,Auvik,Hashtech Managed IT Services,Licenses,CMS,10.0,10.5,105.0,USD
2026-01-01,Auvik,HighPoint Technology Group,EPRM-ANM-100 Auvik Essentials -- Committed,CMS,150.0,8.0,1200.0,USD
2026-01-01,Auvik,HighPoint Technology Group,EPRM-ANM-100 Auvik Essentials -- Overage,CMS,2.0,8.0,16.0,USD
2026-01-01,Auvik,HighPoint Technology Group,PARM-ANM-100 Auvik Performance Add On -- Overage,CMS,96.0,5.2,499.2,USD
2026-01-01,Auvik,HillSouth,EPRM-ANM-175 Auvik Essentials -- Committed,CMS,175.0,7.2,1260.0,USD
2026-01-01,Auvik,HillSouth,EPRM-ANM-175 Auvik Essentials -- Overage,CMS,77.0,7.2,554.4,USD
2026-01-01,Auvik,"Home Legend, LLC",EPRM-ANM-10 Auvik Essentials -- Committed,CW,13.0,10.5,136.5,USD
2026-01-01,Auvik,"Home Legend, LLC",EPRM-ANM-10 Auvik Essentials -- Overage,CW,0.0,10.5,0.0,USD
2026-01-01,Auvik,"Home Legend, LLC",PARM-ANM-10 Auvik Performance Add On,CW,13.0,7.0,91.0,USD
2026-01-01,Auvik,"Home Legend, LLC",PARM-ANM-10 Auvik Performance Add On -- Overage,CW,0.0,7.0,0.0,USD
2026-01-01,Auvik,Huber & Associates MSP,EPRM-ANM-250 Auvik Essentials -- Committed,CW,250.0,5.6,1400.0,USD
2026-01-01,Auvik,Huber & Associates MSP,EPRM-ANM-250 Auvik Essentials -- Overage,CW,574.0,5.6,3214.4,USD
2026-01-01,Auvik,Huber & Associates MSP,PARM-ANM-250 Auvik Performance Add On,CW,1.0,3.33,3.33,USD
2026-01-01,Auvik,Huber & Associates MSP,PARM-ANM-250 Auvik Performance Add On -- Overage,CW,60.0,3.33,199.8,USD
2026-01-01,Auvik,IMC Technologies,EPRM-ANM-10 Auvik Essentials -- Committed,CW,10.0,10.5,105.0,USD
2026-01-01,Auvik,IMC Technologies,EPRM-ANM-10 Auvik Essentials -- Overage,CW,0.0,10.5,0.0,USD
2026-01-01,Auvik,IPro Media,ANM Performance Add-On Evergreen,CW,8.0,1.47,11.76,USD
2026-01-01,Auvik,IPro Media,Billable Devices,CW,500.0,5.15,2575.0,USD
2026-01-01,Auvik,IPro Media,Billable Devices - Promo,CW,0.0,0.0,0.0,USD
2026-01-01,Auvik,IPro Media,Usage - Billable Devices,CW,0.0,5.15,0.0,USD
2026-01-01,Auvik,ISG,EPRM-ANM-750 Auvik Essentials -- Committed,CW,790.0,4.78,3776.2,USD
2026-01-01,Auvik,ISG,EPRM-ANM-750 Auvik Essentials -- Overage,CW,97.0,4.78,463.66,USD
2026-01-01,Auvik,ISG,PARM-ANM-750 Auvik Performance Add On,CW,49.0,2.76,135.24,USD
2026-01-01,Auvik,ISG,PARM-ANM-750 Auvik Performance Add On -- Overage,CW,5.0,2.76,13.8,USD
2026-01-01,Auvik,ISI,Licenses,CMS,100.0,7.35,735.0,USD
2026-01-01,Auvik,ISI,Usage - Licenses,CMS,0.0,7.35,0.0,USD
2026-01-01,Auvik,ITData Inc.,ANM Essentials,CW,10.0,10.5,105.0,USD
2026-01-01,Auvik,In-Telecom Consulting,EPRM-ANM-500 Auvik Essentials -- Committed,CMS,500.0,5.6,2800.0,USD
2026-01-01,Auvik,In-Telecom Consulting,EPRM-ANM-500 Auvik Essentials -- Overage,CMS,48.0,5.6,268.8,USD
2026-01-01,Auvik,In-Telecom Consulting,PARM-ANM-500 Auvik Performance Add On -- Overage,CMS,23.0,3.2,73.6,USD
2026-01-01,Auvik,Indian River Networks,Billable Devices - Promo,CW,0.0,0.0,0.0,USD
2026-01-01,Auvik,Indian River Networks,CWANM-1 Additional Billable Devices,CW,29.0,8.75,253.75,USD
2026-01-01,Auvik,Indian River Networks,CWANM-1 Committed Billable Devices,CW,40.0,8.75,350.0,USD
2026-01-01,Auvik,Indian River Networks,CWANM-1 Committed Performance Add-Ons,CW,7.0,5.71,39.97,USD
2026-01-01,Auvik,Infinit Technology Solutions,EPRM-ANM-100 Auvik Essentials -- Committed,CW,125.0,8.4,1050.0,USD
2026-01-01,Auvik,Infinit Technology Solutions,EPRM-ANM-100 Auvik Essentials -- Overage,CW,36.0,8.4,302.4,USD
2026-01-01,Auvik,Infinity Technology Consulting Inc,Licenses,CMS,10.0,10.5,105.0,USD
2026-01-01,Auvik,Infinity Technology Consulting Inc,Usage - Licenses,CMS,27.0,10.5,283.5,USD
2026-01-01,Auvik,"Infotec I, Inc.",ANM Essentials,CMS,250.0,6.72,1680.0,USD
2026-01-01,Auvik,"Infotec I, Inc.",ANM Performance Add-on,CMS,107.0,4.0,428.0,USD
2026-01-01,Auvik,Insight Technical Advisors,ANM Essentials,CW,20.0,10.5,210.0,USD
2026-01-01,Auvik,Insight Technical Advisors,ANM Performance Add-Ons,CW,1.0,7.0,7.0,USD
2026-01-01,Auvik,Intalect Ltd,Licenses,CMS,20.0,10.5,210.0,USD
2026-01-01,Auvik,Intalect Ltd,Usage - Licenses,CMS,1.0,10.5,10.5,USD
2026-01-01,Auvik,IntegraTek Consulting,EPRM-ANM-10 Auvik Essentials -- Committed,CMS,10.0,12.0,120.0,USD
2026-01-01,Auvik,IntegraTek Consulting,EPRM-ANM-10 Auvik Essentials -- Overage,CMS,0.0,12.0,0.0,USD
2026-01-01,Auvik,"Intelligent Protection, LLC dba IPM Corp",EPRM-ANM-175 Auvik Essentials -- Committed,CW,200.0,6.62,1324.0,USD
2026-01-01,Auvik,"Intelligent Protection, LLC dba IPM Corp",EPRM-ANM-175 Auvik Essentials -- Overage,CW,9.0,6.62,59.58,USD
2026-01-01,Auvik,"Intelligent Protection, LLC dba IPM Corp",PARM-ANM-175 Auvik Performance Add On,CW,45.0,4.04,181.8,USD
2026-01-01,Auvik,"Intelligent Protection, LLC dba IPM Corp",PARM-ANM-175 Auvik Performance Add On -- Overage,CW,2.0,4.04,8.08,USD
2026-01-01,Auvik,"International Computer Services, Inc. (ICSI)",EPRM-ANM-1000 Auvik Essentials -- Committed,CW,1000.0,4.2,4200.0,USD
2026-01-01,Auvik,"International Computer Services, Inc. (ICSI)",EPRM-ANM-1000 Auvik Essentials -- Overage,CW,0.0,4.2,0.0,USD
2026-01-01,Auvik,Intrasystems,EPRM-ANM-250 Auvik Essentials -- Committed,CMS,250.0,6.72,1680.0,USD
2026-01-01,Auvik,Intrasystems,EPRM-ANM-250 Auvik Essentials -- Overage,CMS,322.0,6.72,2163.84,USD
2026-01-01,Auvik,Intrasystems,PARM-ANM-250 Auvik Performance Add On -- Overage,CMS,59.0,3.99,235.41,USD
2026-01-01,Auvik,"Intrinsic Technology Group, Inc.",EPRM-ANM-500 Auvik Essentials -- Committed,CMS,500.0,4.9,2450.0,USD
2026-01-01,Auvik,"Intrinsic Technology Group, Inc.",EPRM-ANM-500 Auvik Essentials -- Overage,CMS,0.0,4.9,0.0,USD
2026-01-01,Auvik,"Intrinsic Technology Group, Inc.",PARM-ANM-500 Auvik Performance Add On -- Overage,CMS,27.0,2.8,75.6,USD
2026-01-01,Auvik,Itek Systems Management Ltd,COANM-0 Additional Billable Devices,CMS,11.0,10.5,115.5,USD
2026-01-01,Auvik,Itek Systems Management Ltd,COANM-3 Committed Billable Devices,CMS,10.0,10.5,105.0,USD
2026-01-01,Auvik,Jungle IT,ANM Essentials,CW,341.0,5.88,2005.08,USD
2026-01-01,Auvik,Jungle IT,ANM Performance Add-Ons,CW,325.0,3.5,1137.5,USD
2026-01-01,Auvik,Jungle IT,ANM Performance Add-on,CW,0.0,3.5,0.0,USD
2026-01-01,Auvik,Kalmer Solutions,CWANM-2 Additional Billable Devices,CW,0.0,7.35,0.0,USD
2026-01-01,Auvik,Kalmer Solutions,CWANM-2 Additional Performance Add-Ons,CW,0.0,4.89,0.0,USD
2026-01-01,Auvik,Kalmer Solutions,CWANM-2 Committed Billable Devices,CW,108.0,7.35,793.8,USD
2026-01-01,Auvik,Kalmer Solutions,CWANM-2 Committed Performance Add-Ons,CW,45.0,4.89,220.05,USD
2026-01-01,Auvik,Keen IT Services,CWANM-1 Additional Billable Devices,CW,15.0,8.75,131.25,USD
2026-01-01,Auvik,Keen IT Services,CWANM-1 Committed Billable Devices,CW,40.0,8.75,350.0,USD
2026-01-01,Auvik,Kelley Create,COANM-1 Committed Billable Devices,CMS,40.0,9.19,367.6,USD
2026-01-01,Auvik,Kelser Corporation,EPRM-ANM-250 Auvik Essentials -- Committed,CMS,250.0,6.72,1680.0,USD
2026-01-01,Auvik,Kelser Corporation,EPRM-ANM-250 Auvik Essentials -- Overage,CMS,0.0,6.72,0.0,USD
2026-01-01,Auvik,Kelser Corporation,PARM-ANM-250 Auvik Performance Add On -- Overage,CMS,19.0,3.99,75.81,USD
2026-01-01,Auvik,Kent School District in WA state,ANM Essentials,CW,700.0,4.35,3043.27,USD
2026-01-01,Auvik,Kent School District in WA state,ANM Performance Add-Ons,CW,700.0,2.35,1646.4,USD
2026-01-01,Auvik,Kent School District in WA state,ANM Performance Add-on,CW,0.0,2.35,0.0,USD
2026-01-01,Auvik,Kilobytes Data Solutions Inc,EPRM-ANM-10 Auvik Essentials -- Committed,CMS,10.0,10.5,105.0,USD
2026-01-01,Auvik,Kilobytes Data Solutions Inc,EPRM-ANM-10 Auvik Essentials -- Overage,CMS,49.0,10.5,514.5,USD
2026-01-01,Auvik,"Kraft & Kennedy, Inc.",ANM Essentials - Evergreen,CW,500.0,5.6,2800.0,USD
2026-01-01,Auvik,"Kraft & Kennedy, Inc.",ANM Essentials Evergreen,CW,117.0,5.6,655.2,USD
2026-01-01,Auvik,"Kraft & Kennedy, Inc.",Auvik SaaS Management - Evergreen,CW,2000.0,0.63,1260.0,USD
2026-01-01,Auvik,"Kraft & Kennedy, Inc.",Auvik SaaS Management Evergreen,CW,98.0,0.63,61.74,USD
2026-01-01,Auvik,Krueger Communications,Billable Devices,CW,100.0,7.0,700.0,USD
2026-01-01,Auvik,Krueger Communications,Billable Devices - Promo,CW,0.0,0.0,0.0,USD
2026-01-01,Auvik,Krueger Communications,Usage - Billable Devices,CW,229.0,7.0,1603.0,USD
2026-01-01,Auvik,Lake Business Products,COANM-0 Additional Billable Devices,CMS,0.0,10.5,0.0,USD
2026-01-01,Auvik,Lake Business Products,COANM-3 Committed Billable Devices,CMS,10.0,10.5,105.0,USD
2026-01-01,Auvik,"Lead-In Technologies, Inc.",COANM-0 Additional Billable Devices,CMS,0.0,10.5,0.0,USD
2026-01-01,Auvik,"Lead-In Technologies, Inc.",COANM-3 Committed Billable Devices,CMS,10.0,10.5,105.0,USD
2026-01-01,Auvik,"Leading Edge Solutions, Inc.",CWANM-1 Committed Billable Devices,CW,40.0,9.19,367.6,USD
2026-01-01,Auvik,LeadingIT,EPRM-ANM-250 Auvik Essentials -- Committed,CMS,250.0,6.72,1680.0,USD
2026-01-01,Auvik,LeadingIT,EPRM-ANM-250 Auvik Essentials -- Overage,CMS,0.0,6.72,0.0,USD
2026-01-01,Auvik,Liberty Maritime,Billable Devices,CW,20.0,10.5,210.0,USD
2026-01-01,Auvik,Liberty Maritime,Usage - Billable Devices,CW,15.0,10.5,157.5,USD
2026-01-01,Auvik,"Lieberman Technologies, LLC",ERM-ANM-75 Auvik Essentials -- Committed,CW,75.0,8.65,648.38,USD
2026-01-01,Auvik,"Lieberman Technologies, LLC",ERM-ANM-75 Auvik Essentials -- Overage,CW,5.0,8.65,43.25,USD
2026-01-01,Auvik,"Lieberman Technologies, LLC",PARM-ANM-75 Auvik Performance Add On -- Overage,CW,4.0,5.6,22.4,USD
2026-01-01,Auvik,Lincoln Computer Services,EPRM-ANM-500 Auvik Essentials -- Committed,CW,500.0,5.15,2575.0,USD
2026-01-01,Auvik,Lincoln Computer Services,EPRM-ANM-500 Auvik Essentials -- Overage,CW,0.0,5.15,0.0,USD
2026-01-01,Auvik,Lincoln Computer Services,PARM-ANM-500 Auvik Performance Add On,CW,374.0,2.94,1099.56,USD
2026-01-01,Auvik,Lincoln Computer Services,PARM-ANM-500 Auvik Performance Add On -- Overage,CW,0.0,2.94,0.0,USD
2026-01-01,Auvik,Liquid Pear Technologies,Auvik Flow Devices,CW,0.0,0.0,0.0,USD
2026-01-01,Auvik,Liquid Pear Technologies,Auvik MSP Monthly Plan Fee,CW,1.0,156.8,156.8,USD
2026-01-01,Auvik,Liquid Pear Technologies,Billable Devices Added to Plan,CW,0.0,0.0,0.0,USD
2026-01-01,Auvik,Liquid Pear Technologies,Usage - Billable Devices,CW,0.0,9.0,0.0,USD
2026-01-01,Auvik,Louisville Geek,ANM Essentials,CW,250.0,5.88,1470.0,USD
2026-01-01,Auvik,Louisville Geek,ANM Performance Add-Ons,CW,250.0,3.5,875.0,USD
2026-01-01,Auvik,Louisville Geek,ANM Performance Add-on,CW,0.0,3.5,0.0,USD
2026-01-01,Auvik,Louisville Geek,Auvik SaaS Management,CW,108.0,1.57,170.1,USD
2026-01-01,Auvik,Louisville Geek,Auvik SaaS Management,CW,48.0,1.58,75.84,USD
2026-01-01,Auvik,MKMX Computer Solutions,ERM-ANM-10 Auvik Essentials -- Committed,CW,10.0,10.5,105.0,USD
2026-01-01,Auvik,MKMX Computer Solutions,ERM-ANM-10 Auvik Essentials -- Overage,CW,0.0,10.5,0.0,USD
2026-01-01,Auvik,Madison Commercial Real Estate Services,Billable Devices,CW,30.0,9.66,289.8,USD
2026-01-01,Auvik,Madison Commercial Real Estate Services,Billable Devices - Additional,CW,0.0,0.0,0.0,USD
2026-01-01,Auvik,Madison Commercial Real Estate Services,Usage - Billable Devices,CW,33.0,9.66,318.78,USD
2026-01-01,Auvik,Mainframe IT LLC,Licenses,CMS,20.0,10.5,210.0,USD
2026-01-01,Auvik,Mainframe IT LLC,Usage - Licenses,CMS,0.0,10.5,0.0,USD
2026-01-01,Auvik,Marcum Technology MSP,ERM-ANM-250 Auvik Essentials -- Committed,CW,250.0,5.88,1470.0,USD
2026-01-01,Auvik,Marcum Technology MSP,ERM-ANM-250 Auvik Essentials -- Overage,CW,339.0,5.88,1993.32,USD
2026-01-01,Auvik,Matrix Integration,CWANM-2 Additional Billable Devices,CW,0.0,7.0,0.0,USD
2026-01-01,Auvik,Matrix Integration,CWANM-2 Additional Performance Add-Ons,CW,0.0,4.66,0.0,USD
2026-01-01,Auvik,Matrix Integration,CWANM-2 Committed Billable Devices,CW,100.0,7.0,700.0,USD
2026-01-01,Auvik,Matrix Integration,CWANM-2 Committed Performance Add-Ons,CW,18.0,4.66,83.88,USD
2026-01-01,Auvik,"Maureen Data Systems, Inc.",COANM-1 Committed Billable Devices,CMS,40.0,9.19,367.6,USD
2026-01-01,Auvik,"Maureen Data Systems, Inc.",COANM-2 Additional Billable Devices,CMS,0.0,9.19,0.0,USD
2026-01-01,Auvik,Max Communications Inc.,ERM-ANM-40 Auvik Essentials -- Committed,CW,40.0,8.75,350.0,USD
2026-01-01,Auvik,Max Communications Inc.,ERM-ANM-40 Auvik Essentials -- Overage,CW,0.0,8.75,0.0,USD
2026-01-01,Auvik,Maxsum Consulting,CWANM-1 Additional Billable Devices,CW,4.0,8.75,35.0,USD
2026-01-01,Auvik,Maxsum Consulting,CWANM-1 Committed Billable Devices,CW,46.0,8.75,402.5,USD
2026-01-01,Auvik,McLane Intelligent Solutions,EPRM-ANM-250 Auvik Essentials -- Committed,CMS,250.0,6.4,1600.0,USD
2026-01-01,Auvik,McLane Intelligent Solutions,EPRM-ANM-250 Auvik Essentials -- Overage,CMS,0.0,6.4,0.0,USD
2026-01-01,Auvik,McLane Intelligent Solutions,PARM-ANM-250 Auvik Performance Add On -- Overage,CMS,41.0,3.8,155.8,USD
2026-01-01,Auvik,"Meritech, Inc.",COANM-1 Additional Billable Devices,CMS,12.0,9.19,110.28,USD
2026-01-01,Auvik,"Meritech, Inc.",COANM-1 Committed Billable Devices,CMS,40.0,9.19,367.6,USD
2026-01-01,Auvik,Milner Technologies,ERM-ANM-250 Auvik Essentials -- Committed,CW,250.0,5.88,1470.0,USD
2026-01-01,Auvik,Milner Technologies,ERM-ANM-250 Auvik Essentials -- Overage,CW,0.0,5.88,0.0,USD
2026-01-01,Auvik,Modtech,CWANM-0 Additional Billable Devices,CW,0.0,10.5,0.0,USD
2026-01-01,Auvik,Modtech,CWANM-0 Committed Billable Devices,CW,15.0,10.5,157.5,USD
2026-01-01,Auvik,MyConnectSolutions,ANM Essentials,CW,12.0,10.5,126.0,USD
2026-01-01,Auvik,MyConnectSolutions,Auvik SaaS Management,CW,50.0,2.1,105.0,USD
2026-01-01,Auvik,Nauticon,Billable Devices,CW,150.0,6.62,993.0,USD
2026-01-01,Auvik,Nauticon,Billable Devices - Additional,CW,0.0,0.0,0.0,USD
2026-01-01,Auvik,Nauticon,Usage - Billable Devices,CW,0.0,6.62,0.0,USD
2026-01-01,Auvik,Net@Work,EPRM-ANM-500 Auvik Essentials -- Committed,CW,550.0,4.9,2695.0,USD
2026-01-01,Auvik,Net@Work,EPRM-ANM-500 Auvik Essentials -- Overage,CW,9.0,4.9,44.1,USD
2026-01-01,Auvik,NetOps Consulting,PRM-ANM-500 Auvik Performance -- Committed,CW,720.0,7.27,5234.4,USD
2026-01-01,Auvik,NetOps Consulting,PRM-ANM-500 Auvik Performance -- Overage,CW,0.0,7.27,0.0,USD
2026-01-01,Auvik,"NetSource One, Inc.",EPRM-ANM-500 Auvik Essentials -- Committed,CMS,500.0,5.88,2940.0,USD
2026-01-01,Auvik,"NetSource One, Inc.",EPRM-ANM-500 Auvik Essentials -- Overage,CMS,0.0,5.88,0.0,USD
2026-01-01,Auvik,Netcetera Consulting,CWANM-2 Additional Billable Devices,CW,68.0,7.35,499.8,USD
2026-01-01,Auvik,Netcetera Consulting,CWANM-2 Committed Billable Devices,CW,140.0,7.35,1029.0,USD
2026-01-01,Auvik,Netropole Inc.,Licenses,CMS,17.0,10.5,178.5,USD
2026-01-01,Auvik,Network Bridge Solutions Ltd,CWANM-1 Additional Billable Devices,CW,0.0,8.75,0.0,USD
2026-01-01,Auvik,Network Bridge Solutions Ltd,CWANM-1 Committed Billable Devices,CW,40.0,8.75,350.0,USD
2026-01-01,Auvik,Network Bridge Solutions Ltd,CWANM-1 Committed Performance Add-Ons,CW,2.0,5.71,11.42,USD
2026-01-01,Auvik,New England Network Solutions,ERM-ANM-250 Auvik Essentials -- Committed,CMS,250.0,5.6,1400.0,USD
2026-01-01,Auvik,New England Network Solutions,ERM-ANM-250 Auvik Essentials -- Overage,CMS,0.0,5.6,0.0,USD
2026-01-01,Auvik,NewGen Administrative Services,ANM Essentials,CW,268.0,5.38,1441.89,USD
2026-01-01,Auvik,NewGen Administrative Services,ANM Performance Add-Ons,CW,268.0,3.2,857.61,USD
2026-01-01,Auvik,North State Bank,PRM-ANM-40 Auvik Performance -- Committed,CW,42.0,15.44,648.48,USD
2026-01-01,Auvik,North State Bank,PRM-ANM-40 Auvik Performance -- Overage,CW,3.0,15.44,46.32,USD
2026-01-01,Auvik,North State Bank,RM - ASM - 250 - Committed,CW,270.0,1.05,283.5,USD
2026-01-01,Auvik,North State Bank,RM - ASM - 250 - Overage,CW,0.0,1.05,0.0,USD
2026-01-01,Auvik,Ockers,EPRM-ANM-175 Auvik Essentials -- Committed,CMS,175.0,7.56,1323.0,USD
2026-01-01,Auvik,Ockers,EPRM-ANM-175 Auvik Essentials -- Overage,CMS,0.0,7.56,0.0,USD
2026-01-01,Auvik,"Omni Data, LLC",PRM-ANM-500 Auvik Performance -- Committed,CMS,500.0,6.92,3460.0,USD
2026-01-01,Auvik,"Omni Data, LLC",PRM-ANM-500 Auvik Performance -- Overage,CMS,111.0,6.92,768.12,USD
2026-01-01,Auvik,"On Line Support, Inc.",CWANM-1 Additional Billable Devices,CW,54.0,8.75,472.5,USD
2026-01-01,Auvik,"On Line Support, Inc.",CWANM-1 Committed Billable Devices,CW,59.0,8.75,516.25,USD
2026-01-01,Auvik,OnPar Technologies,EPRM-ANM-100 Auvik Essentials -- Committed,CW,120.0,7.35,882.0,USD
2026-01-01,Auvik,OnPar Technologies,EPRM-ANM-100 Auvik Essentials -- Overage,CW,0.0,7.35,0.0,USD
2026-01-01,Auvik,OneNet Global,EPRM-ANM-1000 Auvik Essentials -- Committed,CMS,1000.0,4.41,4410.0,USD
2026-01-01,Auvik,OneNet Global,EPRM-ANM-1000 Auvik Essentials -- Overage,CMS,0.0,4.41,0.0,USD
2026-01-01,Auvik,OneNet Global,PARM-ANM-1000 Auvik Performance Add On -- Overage,CMS,642.0,2.39,1534.38,USD
2026-01-01,Auvik,Ontech Systems,COANM-2 Additional Billable Devices,CMS,72.0,7.35,529.2,USD
2026-01-01,Auvik,Ontech Systems,COANM-2 Committed Billable Devices,CMS,100.0,7.35,735.0,USD
2026-01-01,Auvik,Original Consultants Ltd,ANM Essentials,CW,168.0,7.35,1234.8,USD
2026-01-01,Auvik,Oryx Align Limited,CWANM-7 Additional Billable Devices,CW,6.0,3.41,20.46,USD
2026-01-01,Auvik,Oryx Align Limited,CWANM-7 Committed Billable Devices,CW,2000.0,3.41,6820.0,USD
2026-01-01,Auvik,PCnet (Syntrio),ERM-ANM-500 Auvik Essentials -- Committed,CMS,500.0,5.88,2940.0,USD
2026-01-01,Auvik,PCnet (Syntrio),ERM-ANM-500 Auvik Essentials -- Overage,CMS,212.0,5.88,1246.56,USD
2026-01-01,Auvik,PEI,EPRM-ANM-175 Auvik Essentials -- Committed,CMS,175.0,7.2,1260.0,USD
2026-01-01,Auvik,PEI,EPRM-ANM-175 Auvik Essentials -- Overage,CMS,0.0,7.2,0.0,USD
2026-01-01,Auvik,PTS Datacenter Solutions,EPRM-ANM-40 Auvik Essentials -- Committed,CMS,40.0,9.19,367.6,USD
2026-01-01,Auvik,PTS Datacenter Solutions,EPRM-ANM-40 Auvik Essentials -- Overage,CMS,44.0,9.19,404.36,USD
2026-01-01,Auvik,PTS Datacenter Solutions,PARM-ANM-40 Auvik Performance Add On -- Overage,CMS,14.0,6.25,87.5,USD
2026-01-01,Auvik,Pacific Office Automation,CWANM-2 Additional Billable Devices,CW,152.0,7.0,1064.0,USD
2026-01-01,Auvik,Pacific Office Automation,CWANM-2 Committed Billable Devices,CW,165.0,7.0,1155.0,USD
2026-01-01,Auvik,Panurgy,COANM-0 Additional Billable Devices,CMS,34.0,10.5,357.0,USD
2026-01-01,Auvik,Panurgy,COANM-3 Committed Billable Devices,CMS,10.0,10.5,105.0,USD
2026-01-01,Auvik,Paradyn,COANM-1 Committed Billable Devices,CMS,40.0,8.75,350.0,USD
2026-01-01,Auvik,Paradyn,COANM-2 Additional Billable Devices,CMS,0.0,8.75,0.0,USD
2026-01-01,Auvik,Paronubi,COANM-3 Committed Billable Devices,CMS,10.0,10.5,105.0,USD
2026-01-01,Auvik,Pearson Kelly Technology,ANM Essentials - Evergreen,CMS,100.0,7.0,700.0,USD
2026-01-01,Auvik,Pearson Kelly Technology,ANM Essentials Evergreen,CMS,0.0,7.0,0.0,USD
2026-01-01,Auvik,Pine Cove Consulting,ANM Essentials - Evergreen,CW,635.0,5.15,3267.08,USD
2026-01-01,Auvik,Pine Cove Consulting,ANM Essentials Evergreen,CW,197.0,5.15,1014.55,USD
2026-01-01,Auvik,Pine Cove Consulting,ANM Performance Add-On Evergreen,CW,158.0,2.94,464.52,USD
2026-01-01,Auvik,Pine Cove Consulting,ANM Performance Add-Ons - Evergreen,CW,408.0,2.94,1199.52,USD
2026-01-01,Auvik,Pine Cove Consulting,Auvik SaaS Management - Evergreen,CW,100.0,1.57,157.5,USD
2026-01-01,Auvik,Pine Cove Consulting,Auvik SaaS Management Evergreen,CW,0.0,1.58,0.0,USD
2026-01-01,Auvik,Plains Internet DBA CPU Onsite,COANM-1 Committed Billable Devices,CMS,40.0,9.19,367.6,USD
2026-01-01,Auvik,Plains Internet DBA CPU Onsite,COANM-2 Additional Billable Devices,CMS,0.0,9.19,0.0,USD
2026-01-01,Auvik,Platinum Technology,EPRM-ANM-10 Auvik Essentials -- Committed,CW,15.0,10.5,157.5,USD
2026-01-01,Auvik,Platinum Technology,EPRM-ANM-10 Auvik Essentials -- Overage,CW,9.0,10.5,94.5,USD
2026-01-01,Auvik,Platinum Technology,PARM-ANM-10 Auvik Performance Add On,CW,15.0,7.0,105.0,USD
2026-01-01,Auvik,Powernet (formerly Maxis360),ANM Essentials,CW,1011.0,4.41,4458.51,USD
2026-01-01,Auvik,Powernet (formerly Maxis360),ANM Performance Add-Ons,CW,2.0,2.38,4.76,USD
2026-01-01,Auvik,Powernet (formerly Maxis360),ANM Performance Add-on,CW,4.0,2.38,9.52,USD
2026-01-01,Auvik,"Praxis Computing, Inc.",ERM-ANM-40 Auvik Essentials -- Committed,CW,45.0,8.75,393.75,USD
2026-01-01,Auvik,"Praxis Computing, Inc.",ERM-ANM-40 Auvik Essentials -- Overage,CW,0.0,8.75,0.0,USD
2026-01-01,Auvik,Premier Technologies,EPRM-ANM-175 Auvik Essentials -- Committed,CMS,175.0,6.62,1158.5,USD
2026-01-01,Auvik,Premier Technologies,EPRM-ANM-175 Auvik Essentials -- Overage,CMS,26.0,6.62,172.12,USD
2026-01-01,Auvik,ProServeIT,ERM-ANM-250 Auvik Essentials -- Committed,CMS,250.0,5.6,1400.0,USD
2026-01-01,Auvik,ProServeIT,ERM-ANM-250 Auvik Essentials -- Overage,CMS,0.0,5.6,0.0,USD
2026-01-01,Auvik,ProTech Systems Group Inc.,ERM-ANM-100 Auvik Essentials -- Committed,CW,116.0,7.0,812.0,USD
2026-01-01,Auvik,Propio Language Services,CWANM-0 Additional Billable Devices,CW,0.0,10.5,0.0,USD
2026-01-01,Auvik,Propio Language Services,CWANM-0 Additional Performance Add-Ons,CW,0.0,6.83,0.0,USD
2026-01-01,Auvik,Propio Language Services,CWANM-0 Committed Billable Devices,CW,30.0,10.5,315.0,USD
2026-01-01,Auvik,Propio Language Services,CWANM-0 Committed Performance Add-Ons,CW,30.0,6.83,204.9,USD
2026-01-01,Auvik,Propio Language Services,RM - ASM - 100 - Committed,CW,175.0,1.58,275.63,USD
2026-01-01,Auvik,Propio Language Services,RM - ASM - 100 - Overage,CW,815.0,1.58,1287.7,USD
2026-01-01,Auvik,Prosper IT,EPRM-ANM-10 Auvik Essentials -- Committed,CMS,30.0,10.5,315.0,USD
2026-01-01,Auvik,Prosper IT,EPRM-ANM-10 Auvik Essentials -- Overage,CMS,0.0,10.5,0.0,USD
2026-01-01,Auvik,Proven IT,ERM-ANM-1000 Auvik Essentials -- Committed,CW,1364.0,4.2,5728.8,USD
2026-01-01,Auvik,Proven IT,ERM-ANM-1000 Auvik Essentials -- Overage,CW,0.0,4.2,0.0,USD
2026-01-01,Auvik,"Pyramid Consulting, Inc.",EPRM-ANM-40 Auvik Essentials -- Committed,CW,50.0,9.19,459.5,USD
2026-01-01,Auvik,"Pyramid Consulting, Inc.",EPRM-ANM-40 Auvik Essentials -- Overage,CW,0.0,9.19,0.0,USD
2026-01-01,Auvik,"Pyramid Consulting, Inc.",PARM-ANM-40 Auvik Performance Add On,CW,50.0,6.25,312.5,USD
2026-01-01,Auvik,"Pyramid Consulting, Inc.",PARM-ANM-40 Auvik Performance Add On -- Overage,CW,0.0,6.25,0.0,USD
2026-01-01,Auvik,Quantified IT,EPRM-ANM-250 Auvik Essentials -- Committed,CW,250.0,6.4,1600.01,USD
2026-01-01,Auvik,Quantified IT,EPRM-ANM-250 Auvik Essentials -- Overage,CW,0.0,6.4,0.0,USD
2026-01-01,Auvik,Quantified IT,RM - ASM - 250 - Committed,CW,250.0,1.44,359.99,USD
2026-01-01,Auvik,Quantified IT,RM - ASM - 250 - Overage,CW,200.0,1.44,288.0,USD
2026-01-01,Auvik,R-Computer,Billable Devices,CW,22.0,10.5,231.0,USD
2026-01-01,Auvik,R-Computer,Billable Devices - Additional,CW,0.0,0.0,0.0,USD
2026-01-01,Auvik,R-Computer,Usage - Billable Devices,CW,0.0,10.5,0.0,USD
2026-01-01,Auvik,RAM Contracting,ERM-ANM-10 Auvik Essentials -- Committed,CW,24.0,10.5,252.0,USD
2026-01-01,Auvik,RAM Contracting,ERM-ANM-10 Auvik Essentials -- Overage,CW,6.0,10.5,63.0,USD
2026-01-01,Auvik,"RMON Networks, Inc",EPRM-ANM-250 Auvik Essentials -- Committed,CMS,250.0,6.72,1680.0,USD
2026-01-01,Auvik,"RMON Networks, Inc",EPRM-ANM-250 Auvik Essentials -- Overage,CMS,0.0,6.72,0.0,USD
2026-01-01,Auvik,Ratcliff IT,COANM-1 Additional Billable Devices,CMS,0.0,9.19,0.0,USD
2026-01-01,Auvik,Ratcliff IT,COANM-1 Committed Billable Devices,CMS,40.0,9.19,367.6,USD
2026-01-01,Auvik,Ravitron,EPRM-ANM-10 Auvik Essentials -- Committed,CW,10.0,10.5,105.0,USD
2026-01-01,Auvik,Ravitron,EPRM-ANM-10 Auvik Essentials -- Overage,CW,4.0,10.5,42.0,USD
2026-01-01,Auvik,Ray Morgan Company,COANM-0 Committed Billable Devices,CMS,250.0,5.88,1470.0,USD
2026-01-01,Auvik,Ray Morgan Company,COANM-4 Additional Billable Devices,CMS,102.0,5.88,599.76,USD
2026-01-01,Auvik,Reinert Consulting Group,Billable Devices - Promo,CW,0.0,0.0,0.0,USD
2026-01-01,Auvik,Reinert Consulting Group,CWANM-0 Additional Billable Devices,CW,16.0,10.5,168.0,USD
2026-01-01,Auvik,Reinert Consulting Group,CWANM-0 Committed Billable Devices,CW,10.0,10.5,105.0,USD
2026-01-01,Auvik,Reinert Consulting Group,RM - ASM - 250 - Committed,CW,250.0,1.26,315.0,USD
2026-01-01,Auvik,Reinert Consulting Group,RM - ASM - 250 - Overage,CW,23.0,1.26,28.98,USD
2026-01-01,Auvik,Renaissance Systems Inc.,EPRM-ANM-10 Auvik Essentials -- Committed,CW,14.0,10.5,147.0,USD
2026-01-01,Auvik,Renaissance Systems Inc.,EPRM-ANM-10 Auvik Essentials -- Overage,CW,10.0,10.5,105.0,USD
2026-01-01,Auvik,Renaissance Systems Inc.,PARM-ANM-10 Auvik Performance Add On,CW,14.0,7.0,98.0,USD
2026-01-01,Auvik,Renaissance Systems Inc.,PARM-ANM-10 Auvik Performance Add On -- Overage,CW,0.0,7.0,0.0,USD
2026-01-01,Auvik,Resolution IT,COANM-3 Committed Billable Devices,CMS,10.0,10.5,105.0,USD
2026-01-01,Auvik,Ridgewall Ltd,CWANM-2 Additional Billable Devices,CW,0.0,5.95,0.0,USD
2026-01-01,Auvik,Ridgewall Ltd,CWANM-2 Committed Billable Devices,CW,100.0,5.95,595.0,USD
2026-01-01,Auvik,Ridgewall Ltd,CWANM-2 Committed Performance Add-Ons,CW,100.0,3.97,397.0,USD
2026-01-01,Auvik,RockIT Consulting LLC,ANM Essentials,CMS,20.0,10.5,210.0,USD
2026-01-01,Auvik,RockIT Consulting LLC,ANM Performance Add-Ons,CMS,1.0,7.0,7.0,USD
2026-01-01,Auvik,RockIT Consulting LLC,ANM Performance Add-on,CMS,0.0,7.0,0.0,USD
2026-01-01,Auvik,Roebuck Technologies,EPRM-ANM-40 Auvik Essentials -- Committed,CMS,40.0,8.75,350.0,USD
2026-01-01,Auvik,Roebuck Technologies,EPRM-ANM-40 Auvik Essentials -- Overage,CMS,75.0,8.75,656.25,USD
2026-01-01,Auvik,Roebuck Technologies,RM - ASM - 250 - Committed,CMS,250.0,1.26,315.0,USD
2026-01-01,Auvik,Roebuck Technologies,RM - ASM - 250 - Overage,CMS,25.0,1.26,31.5,USD
2026-01-01,Auvik,"Ronin Consulting Services, LLC",Licenses,CMS,10.0,10.5,105.0,USD
2026-01-01,Auvik,"Ronin Consulting Services, LLC",Usage - Licenses,CMS,3.0,10.5,31.5,USD
2026-01-01,Auvik,Rosebud Mining Company,EPRM-ANM-100 Auvik Essentials -- Committed,CW,130.0,7.0,910.0,USD
2026-01-01,Auvik,Rosebud Mining Company,EPRM-ANM-100 Auvik Essentials -- Overage,CW,36.0,7.0,252.0,USD
2026-01-01,Auvik,Rosebud Mining Company,PARM-ANM-100 Auvik Performance Add On,CW,130.0,4.55,591.5,USD
2026-01-01,Auvik,Rosebud Mining Company,PARM-ANM-100 Auvik Performance Add On -- Overage,CW,36.0,4.55,163.8,USD
2026-01-01,Auvik,Rutter Networking Technologies,EPRM-ANM-100 Auvik Essentials -- Committed,CW,144.0,6.62,953.28,USD
2026-01-01,Auvik,Rutter Networking Technologies,EPRM-ANM-100 Auvik Essentials -- Overage,CW,0.0,6.62,0.0,USD
2026-01-01,Auvik,Rutter Networking Technologies,PARM-ANM-100 Auvik Performance Add On,CW,22.0,4.78,105.16,USD
2026-01-01,Auvik,Rutter Networking Technologies,PARM-ANM-100 Auvik Performance Add On -- Overage,CW,0.0,4.78,0.0,USD
2026-01-01,Auvik,S.J. Louis Construction Inc,EPRM-ANM-10 Auvik Essentials -- Committed,CW,15.0,10.5,157.5,USD
2026-01-01,Auvik,S.J. Louis Construction Inc,EPRM-ANM-10 Auvik Essentials -- Overage,CW,0.0,10.5,0.0,USD
2026-01-01,Auvik,S.J. Louis Construction Inc,PARM-ANM-10 Auvik Performance Add On,CW,15.0,7.0,105.0,USD
2026-01-01,Auvik,S.J. Louis Construction Inc,PARM-ANM-10 Auvik Performance Add On -- Overage,CW,0.0,7.0,0.0,USD
2026-01-01,Auvik,SECUR-SERV INC.,ANM Essentials,CMS,781.0,5.88,4592.28,USD
2026-01-01,Auvik,SECUR-SERV INC.,ANM Performance Add-Ons,CMS,500.0,3.36,1680.0,USD
2026-01-01,Auvik,SECUR-SERV INC.,ANM Performance Add-on,CMS,0.0,3.36,0.0,USD
2026-01-01,Auvik,SES Group,CWANM-0 Additional Billable Devices,CW,0.0,10.5,0.0,USD
2026-01-01,Auvik,SES Group,CWANM-0 Committed Billable Devices,CW,20.0,10.5,210.0,USD
2026-01-01,Auvik,SSE Holding LLC,PRM-ANM-100 Auvik Performance -- Committed,CW,100.0,10.66,1066.0,USD
2026-01-01,Auvik,SSE Holding LLC,PRM-ANM-100 Auvik Performance -- Overage,CW,0.0,10.66,0.0,USD
2026-01-01,Auvik,Salco Solutions Group,EPRM-ANM-40 Auvik Essentials -- Committed,CMS,40.0,10.0,400.0,USD
2026-01-01,Auvik,Salco Solutions Group,EPRM-ANM-40 Auvik Essentials -- Overage,CMS,13.0,10.0,130.0,USD
2026-01-01,Auvik,Salco Solutions Group,PARM-ANM-40 Auvik Performance Add On,CMS,10.0,6.8,68.0,USD
2026-01-01,Auvik,Saratoga Technologies,COANM-3 Committed Billable Devices,CMS,10.0,10.5,105.0,USD
2026-01-01,Auvik,Sedona Technologies,COANM-0 Committed Billable Devices,CMS,250.0,6.72,1680.0,USD
2026-01-01,Auvik,Sedona Technologies,COANM-3 Additional Performance Add-Ons,CMS,107.0,4.04,432.28,USD
2026-01-01,Auvik,Sedona Technologies,COANM-4 Additional Billable Devices,CMS,318.0,6.72,2136.96,USD
2026-01-01,Auvik,Servall Canada Incorporated,Licenses,CMS,10.0,10.5,105.0,USD
2026-01-01,Auvik,Servcom USA,COANM-2 Additional Billable Devices,CMS,29.0,7.35,213.15,USD
2026-01-01,Auvik,Servcom USA,COANM-2 Committed Billable Devices,CMS,100.0,7.35,735.0,USD
2026-01-01,Auvik,Serverli Inc,ANM Essentials,CMS,37.0,10.5,388.5,USD
2026-01-01,Auvik,Serverli Inc,ANM Performance Add-Ons,CMS,10.0,7.0,70.0,USD
2026-01-01,Auvik,Serverli Inc,ANM Performance Add-on,CMS,23.0,7.0,161.0,USD
2026-01-01,Auvik,Sharp Business Solutions - New Jersey,COANM-0 Additional Billable Devices,CMS,18.0,10.5,189.0,USD
2026-01-01,Auvik,Sharp Business Solutions - New Jersey,COANM-3 Committed Billable Devices,CMS,10.0,10.5,105.0,USD
2026-01-01,Auvik,Sharp Business Solutions - North Carolina,COANM-3 Committed Billable Devices,CMS,10.0,10.5,105.0,USD
2026-01-01,Auvik,Sharp Business Systems,COANM-0 Additional Billable Devices,CMS,4.0,10.5,42.0,USD
2026-01-01,Auvik,Sharp Business Systems,COANM-3 Committed Billable Devices,CMS,20.0,10.5,210.0,USD
2026-01-01,Auvik,Sharp Business Systems Midwest,COANM-0 Additional Billable Devices,CMS,0.0,10.5,0.0,USD
2026-01-01,Auvik,Sharp Business Systems Midwest,COANM-0 Additional Performance Add-Ons,CMS,1.0,6.83,6.83,USD
2026-01-01,Auvik,Sharp Business Systems Midwest,COANM-3 Committed Billable Devices,CMS,10.0,10.5,105.0,USD
2026-01-01,Auvik,Sharp Business Systems of South Carolina,COANM-3 Additional Billable Devices,CMS,0.0,6.62,0.0,USD
2026-01-01,Auvik,Sharp Business Systems of South Carolina,COANM-3 Additional Performance Add-Ons,CMS,1.0,4.48,4.48,USD
2026-01-01,Auvik,Sharp Business Systems of South Carolina,COANM-3 Committed Billable Devices,CMS,175.0,6.62,1158.5,USD
2026-01-01,Auvik,Shield Watch IT Services,CWANM-3 Additional Billable Devices,CW,0.0,6.62,0.0,USD
2026-01-01,Auvik,Shield Watch IT Services,CWANM-3 Committed Billable Devices,CW,237.0,6.62,1568.94,USD
2026-01-01,Auvik,Silverbug Ltd,EPRM-ANM-100 Auvik Essentials -- Committed,CW,167.0,7.35,1227.45,USD
2026-01-01,Auvik,Silverbug Ltd,EPRM-ANM-100 Auvik Essentials -- Overage,CW,100.0,7.35,735.0,USD
2026-01-01,Auvik,Silverbug Ltd,PARM-ANM-100 Auvik Performance Add On,CW,70.0,4.76,333.2,USD
2026-01-01,Auvik,Silverbug Ltd,PARM-ANM-100 Auvik Performance Add On -- Overage,CW,0.0,4.76,0.0,USD
2026-01-01,Auvik,SimpleWorks IT,Auvik Flow Devices,CW,0.0,0.0,0.0,USD
2026-01-01,Auvik,SimpleWorks IT,Billable Devices,CW,299.0,5.6,1674.4,USD
2026-01-01,Auvik,SimpleWorks IT,Billable Devices - Additional,CW,0.0,0.0,0.0,USD
2026-01-01,Auvik,SimpleWorks IT,Usage - Billable Devices,CW,0.0,5.6,0.0,USD
2026-01-01,Auvik,"SkyTerra Technologies, LLC",ERM-ANM-100 Auvik Essentials -- Committed,CW,100.0,7.35,735.0,USD
2026-01-01,Auvik,"SkyTerra Technologies, LLC",ERM-ANM-100 Auvik Essentials -- Overage,CW,21.0,7.35,154.35,USD
2026-01-01,Auvik,"Solutions Granted, Inc.",CWANM-0 Additional Billable Devices,CW,0.0,10.5,0.0,USD
2026-01-01,Auvik,"Solutions Granted, Inc.",CWANM-0 Committed Billable Devices,CW,11.0,10.5,115.5,USD
2026-01-01,Auvik,Soteria Technology Solutions,ERM-ANM-40 Auvik Essentials -- Committed,CW,40.0,9.19,367.6,USD
2026-01-01,Auvik,Soteria Technology Solutions,ERM-ANM-40 Auvik Essentials -- Overage,CW,0.0,9.19,0.0,USD
2026-01-01,Auvik,Spectrum Technologies,Licenses,CMS,10.0,10.5,105.0,USD
2026-01-01,Auvik,Speros,PRM-ANM-250 Auvik Performance -- Committed,CW,250.0,8.45,2112.5,USD
2026-01-01,Auvik,Speros,PRM-ANM-250 Auvik Performance -- Overage,CW,0.0,8.45,0.0,USD
2026-01-01,Auvik,Splice,COANM-3 Committed Billable Devices,CMS,10.0,10.5,105.0,USD
2026-01-01,Auvik,Stone Pigman Walther Wittman LLC,ERM-ANM-10 Auvik Essentials -- Committed,CW,18.0,10.5,189.0,USD
2026-01-01,Auvik,Stone Pigman Walther Wittman LLC,ERM-ANM-10 Auvik Essentials -- Overage,CW,0.0,10.5,0.0,USD
2026-01-01,Auvik,Stone Pigman Walther Wittman LLC,RM - ASM - 100 - Committed,CW,120.0,1.57,189.0,USD
2026-01-01,Auvik,Stone Pigman Walther Wittman LLC,RM - ASM - 100 - Overage,CW,0.0,1.58,0.0,USD
2026-01-01,Auvik,"Summit Advisors, LLC",EPRM-ANM-100 Auvik Essentials -- Committed,CMS,100.0,8.4,840.0,USD
2026-01-01,Auvik,"Summit Advisors, LLC",EPRM-ANM-100 Auvik Essentials -- Overage,CMS,46.0,8.4,386.4,USD
2026-01-01,Auvik,"Summit Advisors, LLC",PARM-ANM-100 Auvik Performance Add On -- Overage,CMS,36.0,5.46,196.56,USD
2026-01-01,Auvik,Supra ITS,EPRM-ANM-500 Auvik Essentials -- Committed,CW,500.0,4.9,2450.0,USD
2026-01-01,Auvik,Supra ITS,EPRM-ANM-500 Auvik Essentials -- Overage,CW,20.0,4.9,98.0,USD
2026-01-01,Auvik,Supra ITS,PARM-ANM-500 Auvik Performance Add On,CW,200.0,2.8,560.0,USD
2026-01-01,Auvik,Supra ITS,PARM-ANM-500 Auvik Performance Add On -- Overage,CW,0.0,2.8,0.0,USD
2026-01-01,Auvik,Sweetwater Technology,CWANM-1 Additional Billable Devices,CW,32.0,9.19,294.08,USD
2026-01-01,Auvik,Sweetwater Technology,CWANM-1 Committed Billable Devices,CW,95.0,9.19,873.05,USD
2026-01-01,Auvik,"Symphona Technology, LLC",EPRM-ANM-250 Auvik Essentials -- Committed,CW,250.0,6.4,1600.0,USD
2026-01-01,Auvik,"Symphona Technology, LLC",EPRM-ANM-250 Auvik Essentials -- Overage,CW,0.0,6.4,0.0,USD
2026-01-01,Auvik,"Symphona Technology, LLC",PARM-ANM-250 Auvik Performance Add On,CW,195.0,3.8,741.0,USD
2026-01-01,Auvik,"Symphona Technology, LLC",PARM-ANM-250 Auvik Performance Add On -- Overage,CW,0.0,3.8,0.0,USD
2026-01-01,Auvik,"Synergy IT Solutions, Inc.",CWANM-5 Additional Billable Devices,CW,0.0,5.15,0.0,USD
2026-01-01,Auvik,"Synergy IT Solutions, Inc.",CWANM-5 Committed Billable Devices,CW,600.0,5.15,3090.0,USD
2026-01-01,Auvik,Synergy Technical,Licenses,CMS,10.0,10.5,105.0,USD
2026-01-01,Auvik,Synergy Technical,Usage - Licenses,CMS,0.0,10.5,0.0,USD
2026-01-01,Auvik,Syrex,EPRM-ANM-250 Auvik Essentials -- Committed,CW,250.0,5.23,1307.5,USD
2026-01-01,Auvik,Syrex,EPRM-ANM-250 Auvik Essentials -- Overage,CW,0.0,5.23,0.0,USD
2026-01-01,Auvik,Syrex,PARM-ANM-250 Auvik Performance Add On,CW,250.0,2.82,705.0,USD
2026-01-01,Auvik,Syrex,PARM-ANM-250 Auvik Performance Add On -- Overage,CW,0.0,2.82,0.0,USD
2026-01-01,Auvik,SysGen Solutions Group,ERM-ANM-10 Auvik Essentials -- Committed,CW,23.0,10.5,241.5,USD
2026-01-01,Auvik,SysGen Solutions Group,ERM-ANM-10 Auvik Essentials -- Overage,CW,3.0,10.5,31.5,USD
2026-01-01,Auvik,Systems Support Corp,RM - ASM - 500 - Committed,CMS,615.0,0.91,559.65,USD
2026-01-01,Auvik,Systems Support Corp,RM - ASM - 500 - Overage,CMS,0.0,0.91,0.0,USD
2026-01-01,Auvik,TDI Vertical,EPRM-ANM-10 Auvik Essentials -- Committed,CMS,10.0,10.5,105.0,USD
2026-01-01,Auvik,TESYS Networks,ANM Essentials,CW,25.0,10.5,262.5,USD
2026-01-01,Auvik,TOTLCOM INC,Licenses,CMS,46.0,9.19,422.74,USD
2026-01-01,Auvik,TOTLCOM INC,Usage - Licenses,CMS,0.0,9.19,0.0,USD
2026-01-01,Auvik,TVGconsulting,COANM-1 Committed Billable Devices,CMS,40.0,9.19,367.6,USD
2026-01-01,Auvik,TVGconsulting,COANM-2 Additional Billable Devices,CMS,0.0,9.19,0.0,USD
2026-01-01,Auvik,Tech Mesa,ERM-ANM-10 Auvik Essentials -- Committed,CW,10.0,10.5,105.0,USD
2026-01-01,Auvik,Tech Source,EPRM-ANM-10 Auvik Essentials -- Committed,CW,10.0,10.5,105.0,USD
2026-01-01,Auvik,Tech Source,EPRM-ANM-10 Auvik Essentials -- Overage,CW,0.0,10.5,0.0,USD
2026-01-01,Auvik,Tech Source,PARM-ANM-10 Auvik Performance Add On,CW,4.0,7.0,28.0,USD
2026-01-01,Auvik,Tech Source,PARM-ANM-10 Auvik Performance Add On -- Overage,CW,3.0,7.0,21.0,USD
2026-01-01,Auvik,Techmedics,ANM Essentials,CW,52.0,9.17,476.84,USD
2026-01-01,Auvik,Technikel Solutions,ANM Essentials,CW,220.0,6.62,1455.3,USD
2026-01-01,Auvik,Technology Group Solutions,EPRM-ANM-175 Auvik Essentials -- Committed,CMS,175.0,6.3,1102.5,USD
2026-01-01,Auvik,Technology Group Solutions,EPRM-ANM-175 Auvik Essentials -- Overage,CMS,0.0,6.3,0.0,USD
2026-01-01,Auvik,Technology Group Solutions,PARM-ANM-175 Auvik Performance Add On -- Overage,CMS,10.0,3.85,38.5,USD
2026-01-01,Auvik,TekScape,ANM Essentials - Evergreen,CMS,250.0,6.72,1680.0,USD
2026-01-01,Auvik,TekScape,ANM Essentials Evergreen,CMS,175.0,6.72,1176.0,USD
2026-01-01,Auvik,TekScape,ANM Performance Add-On Evergreen,CMS,425.0,4.0,1700.0,USD
2026-01-01,Auvik,"TeleComp, Inc.",CWANM-2 Additional Billable Devices,CW,0.0,7.35,0.0,USD
2026-01-01,Auvik,Terminal B,ANM Essentials,CMS,75.0,8.64,648.38,USD
2026-01-01,Auvik,Terminal B,ANM Essentials,CMS,0.0,8.65,0.0,USD
2026-01-01,Auvik,Terminal B,PRM-ANM-10 Auvik Performance -- Overage,CW,35.0,17.5,612.5,USD
2026-01-01,Auvik,The Apex Technology Group,ERM-ANM-250 Auvik Essentials -- Committed,CW,256.0,5.88,1505.28,USD
2026-01-01,Auvik,The Apex Technology Group,ERM-ANM-250 Auvik Essentials -- Overage,CW,0.0,5.88,0.0,USD
2026-01-01,Auvik,The Data Pros,Licenses,CMS,10.0,10.5,105.0,USD
2026-01-01,Auvik,The Data Pros,Usage - Licenses,CMS,0.0,10.5,0.0,USD
2026-01-01,Auvik,The Instillery Group Limited,CWANM-4 Additional Billable Devices,CW,437.0,5.6,2447.2,USD
2026-01-01,Auvik,The Instillery Group Limited,CWANM-4 Additional Performance Add-Ons,CW,28.0,3.85,107.8,USD
2026-01-01,Auvik,The Instillery Group Limited,CWANM-4 Committed Billable Devices,CW,496.0,5.6,2777.6,USD
2026-01-01,Auvik,The Nine Minds Group LLC,ANM Essentials,CW,500.0,5.14,2572.5,USD
2026-01-01,Auvik,The Nine Minds Group LLC,ANM Essentials,CW,0.0,5.15,0.0,USD
2026-01-01,Auvik,The Nine Minds Group LLC,ANM Performance Add-Ons,CW,1.0,2.94,2.94,USD
2026-01-01,Auvik,The Walker Group,EPRM-ANM-250 Auvik Essentials -- Committed,CW,250.0,5.6,1400.0,USD
2026-01-01,Auvik,The Walker Group,EPRM-ANM-250 Auvik Essentials -- Overage,CW,344.0,5.6,1926.4,USD
2026-01-01,Auvik,Torix Managed Services,COANM-0 Additional Billable Devices,CMS,44.0,10.5,462.0,USD
2026-01-01,Auvik,Torix Managed Services,COANM-0 Additional Performance Add-Ons,CMS,9.0,6.83,61.47,USD
2026-01-01,Auvik,Torix Managed Services,COANM-3 Committed Billable Devices,CMS,10.0,10.5,105.0,USD
2026-01-01,Auvik,Total Computing Technology,EPRM-ANM-40 Auvik Essentials -- Committed,CMS,40.0,8.75,350.0,USD
2026-01-01,Auvik,Total Computing Technology,EPRM-ANM-40 Auvik Essentials -- Overage,CMS,0.0,8.75,0.0,USD
2026-01-01,Auvik,Total Computing Technology,PARM-ANM-40 Auvik Performance Add On -- Overage,CMS,29.0,5.95,172.55,USD
2026-01-01,Auvik,Town of Parker,CWANM-2 Additional Billable Devices,CW,0.0,8.4,0.0,USD
2026-01-01,Auvik,Town of Parker,CWANM-2 Committed Billable Devices,CW,100.0,8.4,840.0,USD
2026-01-01,Auvik,TrueITPros,EPRM-ANM-10 Auvik Essentials -- Committed,CMS,10.0,10.5,105.0,USD
2026-01-01,Auvik,TrueITPros,EPRM-ANM-10 Auvik Essentials -- Overage,CMS,26.0,10.5,273.0,USD
2026-01-01,Auvik,Truewater,CWANM-1 Additional Billable Devices,CW,40.0,8.75,350.0,USD
2026-01-01,Auvik,Truewater,CWANM-1 Committed Billable Devices,CW,47.0,8.75,411.25,USD
2026-01-01,Auvik,Turrito,EPRM-ANM-10 Auvik Essentials -- Committed,CW,15.0,10.5,157.5,USD
2026-01-01,Auvik,Turrito,EPRM-ANM-10 Auvik Essentials -- Overage,CW,0.0,10.5,0.0,USD
2026-01-01,Auvik,Turrito,PARM-ANM-10 Auvik Performance Add On,CW,15.0,7.0,105.0,USD
2026-01-01,Auvik,Turrito,PARM-ANM-10 Auvik Performance Add On -- Overage,CW,0.0,7.0,0.0,USD
2026-01-01,Auvik,"TwinHats, LLC",Auvik SaaS Management,CW,198.0,1.57,311.85,USD
2026-01-01,Auvik,"TwinHats, LLC",Auvik SaaS Management,CW,0.0,1.58,0.0,USD
2026-01-01,Auvik,United Country Real Estate,CWANM-0 Committed Billable Devices,CW,20.0,10.5,210.0,USD
2026-01-01,Auvik,United Datacom Networks,Licenses,CMS,40.0,8.75,350.0,USD
2026-01-01,Auvik,United Datacom Networks,Usage - Licenses,CMS,3.0,8.75,26.25,USD
2026-01-01,Auvik,V2 technology,EPRM-ANM-75 Auvik Essentials -- Committed,CW,75.0,8.23,616.88,USD
2026-01-01,Auvik,V2 technology,EPRM-ANM-75 Auvik Essentials -- Overage,CW,39.0,8.23,320.97,USD
2026-01-01,Auvik,VIRTUS DATA CENTRES (Oryx Align Ltd),ANM Essentials,CW,527.0,5.14,2711.42,USD
2026-01-01,Auvik,VIRTUS DATA CENTRES (Oryx Align Ltd),ANM Essentials,CW,208.0,5.15,1071.2,USD
2026-01-01,Auvik,VIRTUS DATA CENTRES (Oryx Align Ltd),ANM Performance Add-Ons,CW,527.0,2.94,1549.38,USD
2026-01-01,Auvik,VIRTUS DATA CENTRES (Oryx Align Ltd),ANM Performance Add-on,CW,208.0,2.94,611.52,USD
2026-01-01,Auvik,Vann Data Services Inc.,Licenses,CMS,10.0,10.5,105.0,USD
2026-01-01,Auvik,Veerman ICT,ANM Performance Add-On Evergreen,CW,216.0,7.0,1512.0,USD
2026-01-01,Auvik,Veerman ICT,ERM-ANM-100 Auvik Essentials -- Committed,CW,100.0,7.35,1470.0,USD
2026-01-01,Auvik,Veerman ICT,ERM-ANM-100 Auvik Essentials -- Overage,CW,443.0,7.35,3256.05,USD
2026-01-01,Auvik,Velocity Network,EPRM-ANM-1000 Auvik Essentials -- Committed,CMS,1000.0,5.04,5040.0,USD
2026-01-01,Auvik,Velocity Network,EPRM-ANM-1000 Auvik Essentials -- Overage,CMS,241.0,5.04,1214.64,USD
2026-01-01,Auvik,Velonex Technologies,ANM Essentials,CW,103.0,7.35,757.05,USD
2026-01-01,Auvik,VentureNet Inc.,CWANM-2 Additional Billable Devices,CW,0.0,7.0,0.0,USD
2026-01-01,Auvik,VentureNet Inc.,CWANM-2 Committed Billable Devices,CW,119.0,7.0,833.0,USD
2026-01-01,Auvik,Vermeer Southeast,EPRM-ANM-75 Auvik Essentials -- Committed,CMS,75.0,8.65,648.75,USD
2026-01-01,Auvik,Vermeer Southeast,EPRM-ANM-75 Auvik Essentials -- Overage,CMS,0.0,8.65,0.0,USD
2026-01-01,Auvik,Vertical IT,CWANM-0 Committed Billable Devices,CW,10.0,10.5,105.0,USD
2026-01-01,Auvik,VeryPC Ltd,CWANM-1 Additional Billable Devices,CW,39.0,8.75,341.25,USD
2026-01-01,Auvik,VeryPC Ltd,CWANM-1 Committed Billable Devices,CW,40.0,8.75,350.0,USD
2026-01-01,Auvik,Viatek,ERM-ANM-250 Auvik Essentials -- Committed,CW,403.0,5.88,2369.64,USD
2026-01-01,Auvik,Viatek,ERM-ANM-250 Auvik Essentials -- Overage,CW,97.0,5.88,570.36,USD
2026-01-01,Auvik,Viperspace,CWANM-1 Committed Billable Devices,CW,40.0,9.19,367.6,USD
2026-01-01,Auvik,Visual Edge,COANM-3 Additional Billable Devices,CMS,956.0,6.62,6328.72,USD
2026-01-01,Auvik,Visual Edge,COANM-3 Additional Performance Add-Ons,CMS,16.0,4.48,71.68,USD
2026-01-01,Auvik,Visual Edge,COANM-3 Committed Billable Devices,CMS,175.0,6.62,1158.5,USD
2026-01-01,Auvik,WBM Office Systems,ANM Essentials,CW,1027.0,4.41,4529.07,USD
2026-01-01,Auvik,WBM Office Systems,ANM Performance Add-Ons,CW,1.0,2.38,2.38,USD
2026-01-01,Auvik,"WPG Consulting, LLC",EPRM-ANM-175 Auvik Essentials -- Committed,CMS,175.0,7.56,1323.0,USD
2026-01-01,Auvik,"WPG Consulting, LLC",EPRM-ANM-175 Auvik Essentials -- Overage,CMS,19.0,7.56,143.64,USD
2026-01-01,Auvik,WTA Consulting,ERM-ANM-10 Auvik Essentials -- Committed,CW,20.0,10.5,210.0,USD
2026-01-01,Auvik,WTA Consulting,ERM-ANM-10 Auvik Essentials -- Overage,CW,17.0,10.5,178.5,USD
2026-01-01,Auvik,Wavenet UK,EPRM-ANM-1000 Auvik Essentials -- Committed,CMS,1000.0,3.27,3270.0,USD
2026-01-01,Auvik,Wavenet UK,EPRM-ANM-1000 Auvik Essentials -- Overage,CMS,882.0,3.27,2884.14,USD
2026-01-01,Auvik,Wavenet UK,PARM-ANM-1000 Auvik Performance Add On,CMS,1000.0,1.76,1760.0,USD
2026-01-01,Auvik,Wavenet UK,PARM-ANM-1000 Auvik Performance Add On -- Overage,CMS,847.0,1.76,1490.72,USD
2026-01-01,Auvik,"Weaver Technologies, LLC",ANM Essentials,CMS,500.0,5.88,2940.0,USD
2026-01-01,Auvik,"Weaver Technologies, LLC",ANM Performance Add-Ons,CMS,500.0,3.36,1680.0,USD
2026-01-01,Auvik,"Weaver Technologies, LLC",ANM Performance Add-on,CMS,0.0,3.36,0.0,USD
2026-01-01,Auvik,Wipfli LLP,ANM Essentials,CMS,500.0,5.14,2572.5,USD
2026-01-01,Auvik,Wipfli LLP,ANM Essentials,CMS,0.0,5.15,0.0,USD
2026-01-01,Auvik,Wipfli LLP,ANM Performance Add-Ons,CMS,1.0,2.94,2.94,USD
2026-01-01,Auvik,Z-TECH Associates,ANM Essentials,CMS,113.0,8.4,949.2,USD
2026-01-01,Auvik,Z-TECH Associates,ANM Performance Add-Ons,CMS,1.0,5.44,5.44,USD
2026-01-01,Auvik,Z-TECH Associates,ANM Performance Add-on,CMS,112.0,5.44,609.28,USD
2026-01-01,Auvik,ZINC LLC,EPRM-ANM-10 Auvik Essentials -- Committed,CMS,10.0,10.5,105.0,USD
2026-01-01,Auvik,ZINC LLC,EPRM-ANM-10 Auvik Essentials -- Overage,CMS,1.0,10.5,10.5,USD
2026-01-01,Auvik,ZINC LLC,PARM-ANM-10 Auvik Performance Add On,CMS,5.0,7.0,35.0,USD
2026-01-01,Auvik,ZINC LLC,PARM-ANM-10 Auvik Performance Add On -- Overage,CMS,6.0,7.0,42.0,USD
2026-01-01,Auvik,Zbrella,COANM-1 Committed Billable Devices,CMS,40.0,9.19,367.6,USD
2026-01-01,Auvik,Zephyr Networks,COANM-2 Additional Billable Devices,CMS,0.0,7.35,0.0,USD
2026-01-01,Auvik,Zephyr Networks,COANM-2 Committed Billable Devices,CMS,100.0,7.35,735.0,USD
2026-01-01,Auvik,Zephyr Networks,COANM-4 Additional Performance Add-Ons,CMS,99.0,4.89,484.11,USD
2026-01-01,Auvik,eMazzanti Technologies,COANM-1 Committed Billable Devices,CMS,40.0,9.19,367.6,USD
2026-01-01,Auvik,eMazzanti Technologies,COANM-2 Additional Billable Devices,CMS,55.0,9.19,505.45,USD
2026-01-01,Auvik,eMazzanti Technologies,COANM-4 Additional Performance Add-Ons,CMS,5.0,6.0,30.0,USD
2026-01-01,Auvik,ePossible,ERM-ANM-10 Auvik Essentials -- Committed,CW,10.0,10.5,105.0,USD
2026-01-01,Auvik,ePossible,ERM-ANM-10 Auvik Essentials -- Overage,CW,0.0,10.5,0.0,USD
2026-01-01,Auvik,i2m,CWANM-1 Additional Billable Devices,CW,87.0,9.19,799.53,USD
2026-01-01,Auvik,i2m,CWANM-1 Committed Billable Devices,CW,40.0,9.19,367.6,USD
2026-01-01,Auvik,iNetwork Management Inct,CWANM-1 Additional Billable Devices,CW,0.0,9.19,0.0,USD
2026-01-01,Auvik,iNetwork Management Inct,CWANM-1 Committed Billable Devices,CW,40.0,9.19,367.6,USD
2026-01-01,Auvik,"iTEAM Consulting, LLC",Billable Devices,CW,100.0,7.35,735.0,USD
2026-01-01,Auvik,"iTEAM Consulting, LLC",Billable Devices - Additional,CW,0.0,0.0,0.0,USD
2026-01-01,Auvik,integraONE,COANM-4 Additional Billable Devices,CMS,154.0,5.88,905.52,USD
2026-01-01,Auvik,integraONE,COANM-4 Additional Performance Add-Ons,CMS,3.0,4.04,12.12,USD
2026-01-01,Auvik,integraONE,COANM-4 Committed Billable Devices,CMS,250.0,5.88,1470.0,USD
2026-02-01,Auvik,2W Technologies inc,ANM Essentials - Evergreen,CW,129.0,7.49,966.66,USD
2026-02-01,Auvik,2W Technologies inc,ANM Essentials Evergreen,CW,89.0,7.49,666.61,USD
2026-02-01,Auvik,2W Technologies inc,ANM Performance Add-On Evergreen,CW,57.0,4.87,277.59,USD
2026-02-01,Auvik,2W Technologies inc,ANM Performance Add-Ons - Evergreen,CW,129.0,4.87,628.39,USD
2026-02-01,Auvik,4Wall Entertainment,ANM Essentials - Evergreen,CW,40.0,9.36,374.58,USD
2026-02-01,Auvik,4Wall Entertainment,ANM Essentials Evergreen,CW,23.0,9.36,215.28,USD
2026-02-01,Auvik,4Wall Entertainment,Auvik SaaS Management - Evergreen,CW,1000.0,0.57,570.01,USD
2026-02-01,Auvik,4Wall Entertainment,Auvik SaaS Management Evergreen,CW,61.0,0.57,34.77,USD
2026-02-01,Auvik,ABS Information Systems Inc,ANM Essentials - Evergreen,CMS,40.0,9.84,393.42,USD
2026-02-01,Auvik,ABS Information Systems Inc,ANM Essentials Evergreen,CMS,42.0,9.84,413.28,USD
2026-02-01,Auvik,ACP CreativeIT,ANM Essentials,CW,600.0,5.14,3087.0,USD
2026-02-01,Auvik,ACP CreativeIT,ANM Essentials,CW,0.0,5.15,0.0,USD
2026-02-01,Auvik,ADNET Technologies,EPRM-ANM-250 Auvik Essentials -- Committed,CMS,250.0,5.88,1470.0,USD
2026-02-01,Auvik,ADNET Technologies,EPRM-ANM-250 Auvik Essentials -- Overage,CMS,107.0,5.88,629.16,USD
2026-02-01,Auvik,ADNET Technologies,PARM-ANM-250 Auvik Performance Add On -- Overage,CMS,15.0,3.5,52.5,USD
2026-02-01,Auvik,ALLSTAR Partners LLC,EPRM-ANM-100 Auvik Essentials -- Committed,CMS,100.0,7.35,735.0,USD
2026-02-01,Auvik,ALLSTAR Partners LLC,EPRM-ANM-100 Auvik Essentials -- Overage,CMS,0.0,7.35,0.0,USD
2026-02-01,Auvik,ALLSTAR Partners LLC,PARM-ANM-100 Auvik Performance Add On -- Overage,CMS,91.0,4.78,434.98,USD
2026-02-01,Auvik,AMSYS,ANM Essentials - Evergreen,CW,353.0,6.85,2417.8,USD
2026-02-01,Auvik,AMSYS,ANM Essentials Evergreen,CW,165.0,6.85,1130.25,USD
2026-02-01,Auvik,ATG,ANM Essentials - Evergreen,CMS,10.0,11.23,112.35,USD
2026-02-01,Auvik,Abadata Computer Corporation,ANM Essentials - Evergreen,CMS,40.0,9.84,393.42,USD
2026-02-01,Auvik,Abadata Computer Corporation,ANM Essentials Evergreen,CMS,0.0,9.84,0.0,USD
2026-02-01,Auvik,Accessium Group,EPRM-ANM-750 Auvik Essentials -- Committed,CW,826.0,4.76,3931.76,USD
2026-02-01,Auvik,Accessium Group,EPRM-ANM-750 Auvik Essentials -- Overage,CW,344.0,4.76,1637.44,USD
2026-02-01,Auvik,Accessium Group,PARM-ANM-750 Auvik Performance Add On,CW,670.0,2.77,1855.9,USD
2026-02-01,Auvik,Accessium Group,PARM-ANM-750 Auvik Performance Add On -- Overage,CW,500.0,2.77,1385.0,USD
2026-02-01,Auvik,"Advanced Office Systems, Inc.",ANM Essentials - Evergreen,CW,105.0,7.87,826.14,USD
2026-02-01,Auvik,"Advanced Office Systems, Inc.",ANM Essentials Evergreen,CW,0.0,7.87,0.0,USD
2026-02-01,Auvik,AdventOne,ANM Essentials,CW,172.0,7.35,1264.2,USD
2026-02-01,Auvik,AdventOne,ANM Performance Add-Ons,CW,100.0,4.76,476.0,USD
2026-02-01,Auvik,AdventOne,ANM Performance Add-on,CW,61.0,4.76,290.36,USD
2026-02-01,Auvik,Affinity IT Group,ANM Essentials - Evergreen,CMS,40.0,9.84,393.42,USD
2026-02-01,Auvik,Affinity IT Group,ANM Essentials Evergreen,CMS,3.0,9.84,29.52,USD
2026-02-01,Auvik,AiroSpark,ANM Essentials - Evergreen,CW,50.0,8.36,417.93,USD
2026-02-01,Auvik,AiroSpark,ANM Performance Add-Ons - Evergreen,CW,50.0,3.21,160.44,USD
2026-02-01,Auvik,All Lines Technology,ANM Essentials - Evergreen,CW,300.0,5.99,1798.04,USD
2026-02-01,Auvik,All Lines Technology,ANM Essentials Evergreen,CW,0.0,5.99,0.0,USD
2026-02-01,Auvik,All Net Connections,ANM Essentials - Evergreen,CW,164.0,7.49,1228.93,USD
2026-02-01,Auvik,All Net Connections,ANM Essentials Evergreen,CW,0.0,7.49,0.0,USD
2026-02-01,Auvik,Allegiant Networks,ANM Essentials - Evergreen,CW,100.0,7.87,786.8,USD
2026-02-01,Auvik,Allegiant Networks,ANM Essentials Evergreen,CW,160.0,7.87,1259.2,USD
2026-02-01,Auvik,Alliance IT,EPRM-ANM-10 Auvik Essentials -- Committed,CW,16.0,12.0,191.98,USD
2026-02-01,Auvik,Alliance IT,EPRM-ANM-10 Auvik Essentials -- Overage,CW,0.0,12.0,0.0,USD
2026-02-01,Auvik,Alliance IT,PARM-ANM-10 Auvik Performance Add On,CW,16.0,8.0,128.02,USD
2026-02-01,Auvik,Alliance IT,PARM-ANM-10 Auvik Performance Add On -- Overage,CW,0.0,8.0,0.0,USD
2026-02-01,Auvik,Alliance Tech Partners,ANM Essentials - Evergreen,CW,44.0,9.84,432.77,USD
2026-02-01,Auvik,Alliance Tech Partners,ANM Essentials Evergreen,CW,0.0,9.84,0.0,USD
2026-02-01,Auvik,Alliance Tech Partners,ANM Performance Add-Ons - Evergreen,CW,20.0,6.69,133.71,USD
2026-02-01,Auvik,Allied Business Solutions,EPRM-ANM-100 Auvik Essentials -- Committed,CMS,118.0,8.4,991.2,USD
2026-02-01,Auvik,Allied Business Solutions,EPRM-ANM-100 Auvik Essentials -- Overage,CMS,0.0,8.4,0.0,USD
2026-02-01,Auvik,Allied Business Solutions,PARM-ANM-100 Auvik Performance Add On,CMS,10.0,5.46,54.6,USD
2026-02-01,Auvik,Allied Business Solutions,PARM-ANM-100 Auvik Performance Add On -- Overage,CMS,60.0,5.46,327.6,USD
2026-02-01,Auvik,American First National Bank,ANM Essentials - Evergreen,CW,27.0,11.24,303.35,USD
2026-02-01,Auvik,American First National Bank,ANM Essentials Evergreen,CW,1.0,11.24,11.24,USD
2026-02-01,Auvik,Apex Infinite Solutions,EPRM-ANM-250 Auvik Essentials -- Committed,CW,316.0,5.6,1769.6,USD
2026-02-01,Auvik,Apex Infinite Solutions,EPRM-ANM-250 Auvik Essentials -- Overage,CW,0.0,5.6,0.0,USD
2026-02-01,Auvik,Apex Technology Corporation,ANM Essentials - Evergreen,CW,361.0,5.99,2163.64,USD
2026-02-01,Auvik,Apex Technology Corporation,ANM Essentials Evergreen,CW,87.0,5.99,521.13,USD
2026-02-01,Auvik,Apex Technology Corporation,Free of Charge,CW,0.0,0.0,0.0,USD
2026-02-01,Auvik,Associated Computer Systems,ANM Essentials - Evergreen,CMS,1700.0,4.72,8020.6,USD
2026-02-01,Auvik,Associated Computer Systems,ANM Essentials Evergreen,CMS,0.0,4.72,0.0,USD
2026-02-01,Auvik,Associated Computer Systems,ANM Performance Add-On Evergreen,CMS,45.0,3.48,156.6,USD
2026-02-01,Auvik,Associated Computer Systems,Auvik SaaS Management - Evergreen,CMS,500.0,0.91,455.0,USD
2026-02-01,Auvik,Associated Computer Systems,Auvik SaaS Management Evergreen,CMS,0.0,0.91,0.0,USD
2026-02-01,Auvik,Atlantic-IT.net,ANM Essentials - Evergreen,CMS,69.0,9.36,646.15,USD
2026-02-01,Auvik,Atlantic-IT.net,ANM Essentials - Evergreen,CMS,10.0,12.84,128.4,USD
2026-02-01,Auvik,Atlantic-IT.net,ANM Essentials Evergreen,CMS,36.0,9.36,336.96,USD
2026-02-01,Auvik,Atlantic-IT.net,ANM Essentials Evergreen,CMS,0.0,12.84,0.0,USD
2026-02-01,Auvik,Atruent,ANM Essentials - Evergreen,CW,101.0,7.87,794.67,USD
2026-02-01,Auvik,Atruent,ANM Essentials Evergreen,CW,68.0,7.87,535.16,USD
2026-02-01,Auvik,Attache Group,Auvik SaaS Management,CW,150.0,1.57,236.25,USD
2026-02-01,Auvik,Attache Group,Auvik SaaS Management,CW,0.0,1.58,0.0,USD
2026-02-01,Auvik,Avaria Networks,ANM Essentials - Evergreen,CMS,65.0,10.7,695.64,USD
2026-02-01,Auvik,Avaria Networks,ANM Essentials Evergreen,CMS,0.0,10.7,0.0,USD
2026-02-01,Auvik,Avitus Technology Services,EPRM-ANM-250 Auvik Essentials -- Committed,CMS,250.0,6.72,1680.0,USD
2026-02-01,Auvik,Avitus Technology Services,EPRM-ANM-250 Auvik Essentials -- Overage,CMS,0.0,6.72,0.0,USD
2026-02-01,Auvik,BetterWorld Telecom,ANM Essentials - Evergreen,CW,100.0,7.49,749.35,USD
2026-02-01,Auvik,BetterWorld Telecom,ANM Essentials Evergreen,CW,156.0,7.49,1168.44,USD
2026-02-01,Auvik,BetterWorld Telecom,ANM Performance Add-On Evergreen,CW,36.0,4.87,175.32,USD
2026-02-01,Auvik,BetterWorld Telecom,ANM Performance Add-Ons - Evergreen,CW,100.0,4.87,487.13,USD
2026-02-01,Auvik,Bevcomm,EPRM-ANM-100 Auvik Essentials -- Committed,CMS,100.0,7.35,735.0,USD
2026-02-01,Auvik,Bevcomm,EPRM-ANM-100 Auvik Essentials -- Overage,CMS,0.0,7.35,0.0,USD
2026-02-01,Auvik,Beyon Solutions,ANM Essentials - Evergreen,CW,150.0,7.35,1102.5,USD
2026-02-01,Auvik,Beyon Solutions,ANM Essentials Evergreen,CW,0.0,7.35,0.0,USD
2026-02-01,Auvik,Bizitss,ANM Essentials - Evergreen,CW,44.0,9.36,412.04,USD
2026-02-01,Auvik,Bizitss,ANM Essentials Evergreen,CW,12.0,9.36,112.32,USD
2026-02-01,Auvik,"Blade Technologies, Inc.",ANM Essentials - Evergreen,CW,225.0,6.74,1516.53,USD
2026-02-01,Auvik,"Blade Technologies, Inc.",ANM Essentials Evergreen,CW,49.0,6.74,330.26,USD
2026-02-01,Auvik,Blue Angle,EPRM-ANM-100 Auvik Essentials -- Committed,CMS,150.0,7.0,1050.0,USD
2026-02-01,Auvik,Blue Angle,EPRM-ANM-100 Auvik Essentials -- Overage,CMS,100.0,7.0,700.0,USD
2026-02-01,Auvik,Blue Angle,PARM-ANM-100 Auvik Performance Add On,CMS,75.0,4.55,341.25,USD
2026-02-01,Auvik,Bramatt Computing,ANM Essentials - Evergreen,CW,25.0,11.24,280.88,USD
2026-02-01,Auvik,Bramatt Computing,ANM Essentials Evergreen,CW,31.0,11.24,348.44,USD
2026-02-01,Auvik,Brewer Dental Center,ANM Essentials - Evergreen,CW,12.0,11.23,134.82,USD
2026-02-01,Auvik,Brewer Dental Center,ANM Essentials Evergreen,CW,0.0,11.24,0.0,USD
2026-02-01,Auvik,Bridge Healthcare Partners,ANM Essentials - Evergreen,CW,205.0,6.74,1381.73,USD
2026-02-01,Auvik,Bridge Healthcare Partners,ANM Essentials Evergreen,CW,0.0,6.74,0.0,USD
2026-02-01,Auvik,Bridge Healthcare Partners,ANM Performance Add-On Evergreen,CW,0.0,4.12,0.0,USD
2026-02-01,Auvik,Bridge Healthcare Partners,ANM Performance Add-Ons - Evergreen,CW,205.0,4.12,844.14,USD
2026-02-01,Auvik,Buchanan Technologies,ANM Essentials,CW,465.0,5.88,2734.2,USD
2026-02-01,Auvik,"Business Communications, Inc.",ANM Essentials - Evergreen,CW,772.0,5.25,4049.77,USD
2026-02-01,Auvik,"Business Communications, Inc.",ANM Essentials Evergreen,CW,261.0,5.25,1370.25,USD
2026-02-01,Auvik,"Business Communications, Inc.",ANM Performance Add-Ons - Evergreen,CW,31.0,3.67,113.87,USD
2026-02-01,Auvik,Business Information Group,EPRM-ANM-40 Auvik Essentials -- Committed,CW,40.0,8.75,350.0,USD
2026-02-01,Auvik,Business Information Group,EPRM-ANM-40 Auvik Essentials -- Overage,CW,109.0,8.75,953.75,USD
2026-02-01,Auvik,Business Information Group,ERM-ANM-250 Auvik Essentials -- Committed,CW,250.0,5.88,1470.0,USD
2026-02-01,Auvik,Business Information Group,ERM-ANM-250 Auvik Essentials -- Overage,CW,0.0,5.88,0.0,USD
2026-02-01,Auvik,C&K Systems,ERM-ANM-40 Auvik Essentials -- Overage,CW,0.0,9.19,0.0,USD
2026-02-01,Auvik,CAIU,EPRM-ANM-500 Auvik Essentials -- Committed,CMS,500.0,5.88,2940.0,USD
2026-02-01,Auvik,CAIU,EPRM-ANM-500 Auvik Essentials -- Overage,CMS,17.0,5.88,99.96,USD
2026-02-01,Auvik,CATS Technology Solutions Group,ANM Essentials - Evergreen,CW,10.0,12.84,128.4,USD
2026-02-01,Auvik,CATS Technology Solutions Group,ANM Essentials Evergreen,CW,0.0,12.84,0.0,USD
2026-02-01,Auvik,CATS Technology Solutions Group,ANM Performance Add-On Evergreen,CW,8.0,8.56,68.48,USD
2026-02-01,Auvik,CCTS IT Solutions,ANM Essentials - Evergreen,CMS,10.0,11.23,112.35,USD
2026-02-01,Auvik,CCTS IT Solutions,ANM Essentials Evergreen,CMS,0.0,11.24,0.0,USD
2026-02-01,Auvik,"CJS Associates, LLC",ANM Essentials - Evergreen,CMS,40.0,9.36,374.58,USD
2026-02-01,Auvik,"CJS Associates, LLC",Auvik SaaS Management - Evergreen,CMS,50.0,2.1,105.0,USD
2026-02-01,Auvik,CMIT Solutions,ANM Essentials - Evergreen,CMS,500.0,5.24,2620.05,USD
2026-02-01,Auvik,CMIT Solutions,ANM Essentials Evergreen,CMS,0.0,5.24,0.0,USD
2026-02-01,Auvik,CMIT Solutions,ANM Performance Add-On Evergreen,CMS,16.0,3.67,58.72,USD
2026-02-01,Auvik,CNE IT Solutions,ANM Essentials - Evergreen,CMS,10.0,11.23,112.35,USD
2026-02-01,Auvik,CNE IT Solutions,ANM Essentials Evergreen,CMS,39.0,11.24,438.36,USD
2026-02-01,Auvik,CNE IT Solutions,Auvik SaaS Management - Evergreen,CMS,100.0,1.05,105.01,USD
2026-02-01,Auvik,CNE IT Solutions,Auvik SaaS Management Evergreen,CMS,0.0,1.05,0.0,USD
2026-02-01,Auvik,CSI,ANM Essentials - Evergreen,CMS,10.0,11.23,112.35,USD
2026-02-01,Auvik,CSI,ANM Essentials Evergreen,CMS,49.0,11.24,550.76,USD
2026-02-01,Auvik,CTMS LLC,ANM Essentials - Evergreen,CMS,250.0,7.19,1798.07,USD
2026-02-01,Auvik,CTMS LLC,ANM Essentials Evergreen,CMS,214.0,7.19,1538.66,USD
2026-02-01,Auvik,CWL Systems,COANM-1 Committed Billable Devices,CMS,40.0,9.19,367.6,USD
2026-02-01,Auvik,CWL Systems,COANM-2 Additional Billable Devices,CMS,0.0,9.19,0.0,USD
2026-02-01,Auvik,Calculated Research & Technology,EPRM-ANM-75 Auvik Essentials -- Committed,CMS,75.0,8.64,648.0,USD
2026-02-01,Auvik,Calculated Research & Technology,EPRM-ANM-75 Auvik Essentials -- Overage,CMS,79.0,8.64,682.56,USD
2026-02-01,Auvik,Cambridge Networks,ANM Essentials - Evergreen,CW,175.0,7.08,1239.47,USD
2026-02-01,Auvik,Cambridge Networks,ANM Essentials Evergreen,CW,0.0,7.08,0.0,USD
2026-02-01,Auvik,Cambridge Networks,ANM Performance Add-On Evergreen,CW,0.0,4.32,0.0,USD
2026-02-01,Auvik,Cambridge Networks,ANM Performance Add-Ons - Evergreen,CW,6.0,4.32,25.93,USD
2026-02-01,Auvik,Centre Technologies,ANM Essentials - Evergreen,CMS,1000.0,5.16,5156.77,USD
2026-02-01,Auvik,Centre Technologies,ANM Essentials Evergreen,CMS,1129.0,5.16,5825.64,USD
2026-02-01,Auvik,Centre Technologies,ANM Performance Add-On Evergreen,CMS,0.0,2.78,0.0,USD
2026-02-01,Auvik,Centre Technologies,ANM Performance Add-Ons - Evergreen,CMS,138.0,2.78,384.11,USD
2026-02-01,Auvik,Christenberry Sales,ANM Full Performance - Evergreen,CW,10.0,18.73,187.25,USD
2026-02-01,Auvik,Christenberry Sales,ANM Full Performance Evergreen,CW,0.0,18.73,0.0,USD
2026-02-01,Auvik,Cinos,ANM Essentials - Evergreen,CW,60.0,9.36,561.87,USD
2026-02-01,Auvik,Cinos,ANM Performance Add-Ons - Evergreen,CW,22.0,6.37,140.03,USD
2026-02-01,Auvik,City of Newport News,EPRM-ANM-750 Auvik Essentials -- Committed,CW,800.0,4.76,3808.0,USD
2026-02-01,Auvik,City of Newport News,EPRM-ANM-750 Auvik Essentials -- Overage,CW,0.0,4.76,0.0,USD
2026-02-01,Auvik,City of Newport News,PARM-ANM-750 Auvik Performance Add On,CW,500.0,2.77,1385.0,USD
2026-02-01,Auvik,City of Newport News,PARM-ANM-750 Auvik Performance Add On -- Overage,CW,0.0,2.77,0.0,USD
2026-02-01,Auvik,City of Tavares,ANM Essentials - Evergreen,CW,50.0,9.84,491.78,USD
2026-02-01,Auvik,City of Tavares,ANM Performance Add-Ons - Evergreen,CW,50.0,6.69,334.27,USD
2026-02-01,Auvik,Clare Computer Solutions,ANM Essentials - Evergreen,CMS,175.0,7.08,1239.47,USD
2026-02-01,Auvik,Clare Computer Solutions,ANM Essentials Evergreen,CMS,215.0,7.08,1522.2,USD
2026-02-01,Auvik,Clare Computer Solutions,ANM Performance Add-On Evergreen,CMS,4.0,4.79,19.16,USD
2026-02-01,Auvik,"Coffer Group, LLC",ANM Essentials - Evergreen,CMS,120.0,7.87,944.16,USD
2026-02-01,Auvik,"Coffer Group, LLC",ANM Essentials Evergreen,CMS,0.0,7.87,0.0,USD
2026-02-01,Auvik,CommTech Industries,ANM Essentials - Evergreen,CMS,100.0,7.49,749.35,USD
2026-02-01,Auvik,CommTech Industries,ANM Essentials Evergreen,CMS,350.0,7.49,2621.5,USD
2026-02-01,Auvik,CommTech Industries,ANM Performance Add-On Evergreen,CMS,23.0,4.99,114.77,USD
2026-02-01,Auvik,Commuserv,ANM Essentials - Evergreen,CW,56.0,10.7,599.32,USD
2026-02-01,Auvik,Commuserv,ANM Essentials Evergreen,CW,0.0,10.7,0.0,USD
2026-02-01,Auvik,"Computex, Inc.",ANM Essentials - Evergreen,CW,901.0,4.87,4389.01,USD
2026-02-01,Auvik,"Computex, Inc.",ANM Essentials Evergreen,CW,0.0,4.87,0.0,USD
2026-02-01,Auvik,"Computex, Inc.",ANM Performance Add-On Evergreen,CW,33.0,2.82,93.06,USD
2026-02-01,Auvik,"Computex, Inc.",ANM Performance Add-Ons - Evergreen,CW,2.0,2.81,5.63,USD
2026-02-01,Auvik,Comstar Technologies,ANM Essentials - Evergreen,CW,500.0,5.51,2753.75,USD
2026-02-01,Auvik,Comstar Technologies,ANM Essentials Evergreen,CW,0.0,5.51,0.0,USD
2026-02-01,Auvik,ConXioN,ERM-ANM-250 Auvik Essentials -- Committed,CW,463.0,5.88,2722.44,USD
2026-02-01,Auvik,ConXioN,ERM-ANM-250 Auvik Essentials -- Overage,CW,44.0,5.88,258.72,USD
2026-02-01,Auvik,ConnectWise - APAC,Usage - Billable Devices,CW,52.0,10.5,546.0,USD
2026-02-01,Auvik,ConnectWise - EMEA,Usage - Billable Devices,CW,20.0,10.5,210.0,USD
2026-02-01,Auvik,ConnectWise Inc,ANM Performance Add-On Evergreen,CW,0.0,0.0,0.0,USD
2026-02-01,Auvik,"ConnectWise, LLC",Continuum Monthly Plan,CMS,252.0,0.0,1465.0,USD
2026-02-01,Auvik,Consilien LLC,ANM Essentials - Evergreen,CMS,40.0,9.36,374.58,USD
2026-02-01,Auvik,Consilien LLC,ANM Essentials Evergreen,CMS,49.0,9.36,458.64,USD
2026-02-01,Auvik,Convergent Technologies Group,COANM-2 Additional Billable Devices,CMS,20.0,7.35,147.0,USD
2026-02-01,Auvik,Convergent Technologies Group,COANM-2 Committed Billable Devices,CMS,100.0,7.35,735.0,USD
2026-02-01,Auvik,"CorCystems, Inc",ANM Essentials - Evergreen,CW,500.0,6.29,3144.12,USD
2026-02-01,Auvik,"CorCystems, Inc",ANM Essentials Evergreen,CW,0.0,6.29,0.0,USD
2026-02-01,Auvik,"Corporate Technical Services, Inc.",Billable Devices,CW,40.0,9.19,367.6,USD
2026-02-01,Auvik,"Corporate Technical Services, Inc.",Billable Devices - Additional,CW,0.0,0.0,0.0,USD
2026-02-01,Auvik,"Corporate Technical Services, Inc.",Usage - Billable Devices,CW,0.0,9.19,0.0,USD
2026-02-01,Auvik,CoventBridge Group,ANM Essentials - Evergreen,CW,25.0,11.24,280.88,USD
2026-02-01,Auvik,Crimson It Services,ERM-ANM-40 Auvik Essentials -- Committed,CW,40.0,9.19,367.6,USD
2026-02-01,Auvik,Crimson It Services,ERM-ANM-40 Auvik Essentials -- Overage,CW,0.0,9.19,0.0,USD
2026-02-01,Auvik,Cross Sound Ferry,ANM Essentials,CW,50.0,9.81,490.65999999999997,USD
2026-02-01,Auvik,Cyber Advisors Inc,ANM Essentials,CMS,777.0,4.76,3698.52,USD
2026-02-01,Auvik,Cyber Advisors Inc,ANM Performance Add-Ons,CMS,1.0,2.77,2.77,USD
2026-02-01,Auvik,Cyber Advisors Inc,ANM Performance Add-on,CMS,27.0,2.77,74.79,USD
2026-02-01,Auvik,CyberSheath,ANM Essentials - Evergreen,CW,10.0,11.23,112.35,USD
2026-02-01,Auvik,CyberSheath,ANM Essentials Evergreen,CW,412.0,11.24,4630.88,USD
2026-02-01,Auvik,Cyberstreams,ANM Essentials - Evergreen,CMS,40.0,9.84,393.42,USD
2026-02-01,Auvik,Cyberstreams,ANM Essentials Evergreen,CMS,20.0,9.84,196.8,USD
2026-02-01,Auvik,DP Solutions,EPRM-ANM-500 Auvik Essentials -- Committed,CMS,500.0,5.15,2575.0,USD
2026-02-01,Auvik,DP Solutions,EPRM-ANM-500 Auvik Essentials -- Overage,CMS,63.0,5.15,324.45,USD
2026-02-01,Auvik,DP Solutions,PARM-ANM-500 Auvik Performance Add On -- Overage,CMS,141.0,2.94,414.54,USD
2026-02-01,Auvik,"DSM Technology Consultants, LLC",ANM Essentials - Evergreen,CW,225.0,6.74,1516.53,USD
2026-02-01,Auvik,"DSM Technology Consultants, LLC",ANM Essentials Evergreen,CW,0.0,6.74,0.0,USD
2026-02-01,Auvik,"DSM Technology Consultants, LLC",ANM Performance Add-On Evergreen,CW,0.0,4.57,0.0,USD
2026-02-01,Auvik,"DSM Technology Consultants, LLC",ANM Performance Add-Ons - Evergreen,CW,225.0,4.57,1027.61,USD
2026-02-01,Auvik,DTC,ANM Essentials - Evergreen,CMS,10.0,12.84,128.4,USD
2026-02-01,Auvik,DTC,ANM Essentials Evergreen,CMS,0.0,12.84,0.0,USD
2026-02-01,Auvik,Daemen ICT,ANM Essentials - Evergreen,CMS,40.0,9.36,374.58,USD
2026-02-01,Auvik,Daemen ICT,ANM Essentials Evergreen,CMS,0.0,9.36,0.0,USD
2026-02-01,Auvik,Datec (Fiji) Pte Limited,ANM Essentials - Evergreen,CW,10.0,11.23,112.35,USD
2026-02-01,Auvik,"Decian, Inc.",EPRM-ANM-175 Auvik Essentials -- Committed,CMS,175.0,7.56,1323.0,USD
2026-02-01,Auvik,"Decian, Inc.",EPRM-ANM-175 Auvik Essentials -- Overage,CMS,0.0,7.56,0.0,USD
2026-02-01,Auvik,"Decian, Inc.",PARM-ANM-175 Auvik Performance Add On -- Overage,CMS,4.0,4.62,18.48,USD
2026-02-01,Auvik,Dental Health Associates of Madison,ANM Full Performance - Evergreen,CW,53.0,16.52,875.6,USD
2026-02-01,Auvik,Descent IT,ANM Essentials,CW,61.0,9.17,559.37,USD
2026-02-01,Auvik,"Direct Companies, LLC",ANM Essentials - Evergreen,CW,206.0,7.08,1457.86,USD
2026-02-01,Auvik,"Direct Companies, LLC",ANM Essentials Evergreen,CW,835.0,7.08,5911.8,USD
2026-02-01,Auvik,"Direct Companies, LLC",ANM Performance Add-On Evergreen,CW,88.0,4.31,379.28,USD
2026-02-01,Auvik,EAG 1Source,ANM Essentials - Evergreen,CMS,40.0,10.7,428.09,USD
2026-02-01,Auvik,EAG 1Source,ANM Essentials Evergreen,CMS,43.0,10.7,460.1,USD
2026-02-01,Auvik,EC Managed IT,ANM Essentials - Evergreen,CW,127.0,7.35,933.45,USD
2026-02-01,Auvik,EC Managed IT,ANM Essentials Evergreen,CW,0.0,7.35,0.0,USD
2026-02-01,Auvik,ENT Networks,ANM Essentials - Evergreen,CW,75.0,9.25,693.53,USD
2026-02-01,Auvik,ENT Networks,ANM Essentials Evergreen,CW,0.0,9.25,0.0,USD
2026-02-01,Auvik,ENT of Georgia,ANM Essentials - Evergreen,CW,30.0,11.23,337.05,USD
2026-02-01,Auvik,ENT of Georgia,ANM Essentials Evergreen,CW,0.0,11.24,0.0,USD
2026-02-01,Auvik,ES Consulting,ANM Essentials - Evergreen,CW,455.0,5.88,2675.4,USD
2026-02-01,Auvik,ES Consulting,ANM Essentials Evergreen,CW,28.0,5.88,164.64,USD
2026-02-01,Auvik,Eagle Consulting Group LLC,ANM Essentials - Evergreen,CW,10.0,11.23,112.35,USD
2026-02-01,Auvik,Eagle Consulting Group LLC,ANM Essentials Evergreen,CW,0.0,11.24,0.0,USD
2026-02-01,Auvik,Eanyware,ANM Essentials - Evergreen,CMS,10.0,11.23,112.35,USD
2026-02-01,Auvik,Eanyware,ANM Essentials Evergreen,CMS,0.0,11.24,0.0,USD
2026-02-01,Auvik,Easyitguys,ANM Essentials - Evergreen,CW,40.0,9.81,392.56,USD
2026-02-01,Auvik,Easyitguys,ANM Essentials Evergreen,CW,0.0,9.81,0.0,USD
2026-02-01,Auvik,"Eclipse Networks, Inc",EPRM-ANM-250 Auvik Essentials -- Committed,CW,250.0,5.88,1470.0,USD
2026-02-01,Auvik,"Eclipse Networks, Inc",EPRM-ANM-250 Auvik Essentials -- Overage,CW,15.0,5.88,88.2,USD
2026-02-01,Auvik,"Eclipse Networks, Inc",PARM-ANM-250 Auvik Performance Add On -- Overage,CW,4.0,3.49,13.96,USD
2026-02-01,Auvik,"Edit Technology Solutions, Inc.",ANM Essentials - Evergreen,CMS,343.0,5.88,2016.84,USD
2026-02-01,Auvik,"Edit Technology Solutions, Inc.",ANM Essentials Evergreen,CMS,0.0,5.88,0.0,USD
2026-02-01,Auvik,Ekaru,ANM Essentials - Evergreen,CMS,10.0,11.23,112.35,USD
2026-02-01,Auvik,Ekaru,ANM Essentials Evergreen,CMS,5.0,11.24,56.2,USD
2026-02-01,Auvik,Ekaru,Auvik SaaS Management - Evergreen,CMS,100.0,1.05,105.01,USD
2026-02-01,Auvik,Ekaru,Auvik SaaS Management Evergreen,CMS,0.0,1.05,0.0,USD
2026-02-01,Auvik,"Electronic Strategies, Inc.",ANM Essentials - Evergreen,CMS,175.0,9.1,1593.3,USD
2026-02-01,Auvik,"Electronic Strategies, Inc.",ANM Essentials Evergreen,CMS,60.0,9.1,546.0,USD
2026-02-01,Auvik,"Electronic Strategies, Inc.",ANM Performance Add-On Evergreen,CMS,137.0,4.79,656.23,USD
2026-02-01,Auvik,Empire Consultants,ANM Essentials,CW,175.0,6.62,1157.63,USD
2026-02-01,Auvik,Empire Consultants,ANM Performance Add-Ons,CW,50.0,4.03,201.25,USD
2026-02-01,Auvik,Empire Consultants,ANM Performance Add-on,CW,72.0,4.03,290.16,USD
2026-02-01,Auvik,Empower Information Systems,ANM Essentials - Evergreen,CMS,10.0,11.23,112.35,USD
2026-02-01,Auvik,Empower Information Systems,ANM Essentials Evergreen,CMS,11.0,11.24,123.64,USD
2026-02-01,Auvik,Enso Solutions,COANM-1 Committed Billable Devices,CMS,40.0,9.19,367.6,USD
2026-02-01,Auvik,Enso Solutions,COANM-2 Additional Billable Devices,CMS,74.0,9.19,680.06,USD
2026-02-01,Auvik,Espire IT,ANM Essentials - Evergreen,CMS,10.0,11.23,112.35,USD
2026-02-01,Auvik,Espire IT,ANM Essentials Evergreen,CMS,0.0,11.24,0.0,USD
2026-02-01,Auvik,EuGenius Solutions,ANM Essentials - Evergreen,CW,10.0,12.84,128.4,USD
2026-02-01,Auvik,EuGenius Solutions,ANM Essentials Evergreen,CW,0.0,12.84,0.0,USD
2026-02-01,Auvik,Excite Consulting,ANM Essentials - Evergreen,CW,10.0,11.23,112.35,USD
2026-02-01,Auvik,Excite Consulting,ANM Essentials Evergreen,CW,0.0,11.24,0.0,USD
2026-02-01,Auvik,Excite Consulting,ANM Performance Add-On Evergreen,CW,7.0,7.49,52.43,USD
2026-02-01,Auvik,Excite Consulting,ANM Performance Add-Ons - Evergreen,CW,1.0,7.49,7.49,USD
2026-02-01,Auvik,"Exigent Technologies, LLC",ANM Essentials - Evergreen,CW,316.0,5.99,1893.93,USD
2026-02-01,Auvik,"Exigent Technologies, LLC",ANM Essentials Evergreen,CW,66.0,5.99,395.34,USD
2026-02-01,Auvik,Expedient Technology,ANM Essentials - Evergreen,CMS,750.0,5.85,4384.22,USD
2026-02-01,Auvik,Expedient Technology,ANM Essentials Evergreen,CMS,406.0,5.85,2375.1,USD
2026-02-01,Auvik,FIT Network,ANM Essentials,CMS,65.0,9.17,596.05,USD
2026-02-01,Auvik,FIT Network,ANM Performance Add-Ons,CMS,1.0,6.23,6.23,USD
2026-02-01,Auvik,FIT Solutions,ANM Essentials,CW,80.0,8.64,691.6,USD
2026-02-01,Auvik,FIT Solutions,ANM Essentials,CW,0.0,8.65,0.0,USD
2026-02-01,Auvik,FIT Solutions,ANM Performance Add-Ons,CW,60.0,5.88,352.8,USD
2026-02-01,Auvik,FIT Solutions,ANM Performance Add-on,CW,9.0,5.88,52.92,USD
2026-02-01,Auvik,"FPA Technology Services, Inc.",ANM Essentials - Evergreen,CW,154.0,7.49,1154.0,USD
2026-02-01,Auvik,"FPA Technology Services, Inc.",ANM Essentials Evergreen,CW,0.0,7.49,0.0,USD
2026-02-01,Auvik,Fenix 24 Inc,ANM Essentials,CW,454.0,6.62,3004.3,USD
2026-02-01,Auvik,FeraDyne Outdoors,ANM Essentials - Evergreen,CW,16.0,11.23,179.76,USD
2026-02-01,Auvik,FeraDyne Outdoors,ANM Essentials Evergreen,CW,0.0,11.24,0.0,USD
2026-02-01,Auvik,Fernco Inc,ANM Essentials - Evergreen,CW,37.0,11.24,415.7,USD
2026-02-01,Auvik,Fernco Inc,ANM Essentials Evergreen,CW,10.0,11.24,112.4,USD
2026-02-01,Auvik,Ferrara IT Services LLC,ANM Essentials - Evergreen,CMS,10.0,11.23,112.35,USD
2026-02-01,Auvik,Ferrara IT Services LLC,ANM Essentials Evergreen,CMS,1.0,11.24,11.24,USD
2026-02-01,Auvik,Fireblade-IT,ANM Essentials - Evergreen,CW,50.0,9.84,491.78,USD
2026-02-01,Auvik,Fireblade-IT,ANM Essentials Evergreen,CW,65.0,9.84,639.6,USD
2026-02-01,Auvik,First Equipment Company,ANM Essentials - Evergreen,CMS,75.0,8.8,660.24,USD
2026-02-01,Auvik,First Equipment Company,ANM Essentials Evergreen,CMS,0.0,8.8,0.0,USD
2026-02-01,Auvik,Fitzrovia I.T. Limited,EPRM-ANM-40 Auvik Essentials -- Committed,CMS,40.0,9.19,367.6,USD
2026-02-01,Auvik,Fitzrovia I.T. Limited,EPRM-ANM-40 Auvik Essentials -- Overage,CMS,31.0,9.19,284.89,USD
2026-02-01,Auvik,Five Rivers IT,ANM Essentials - Evergreen,CW,115.0,8.56,984.81,USD
2026-02-01,Auvik,Five Rivers IT,ANM Essentials Evergreen,CW,235.0,8.56,2011.6,USD
2026-02-01,Auvik,Flagship Lab Services LLC,ERM-ANM-40 Auvik Essentials -- Committed,CW,51.0,8.75,446.25,USD
2026-02-01,Auvik,Flagship Lab Services LLC,ERM-ANM-40 Auvik Essentials -- Overage,CW,17.0,8.75,148.75,USD
2026-02-01,Auvik,Fluid IT Ltd,ANM Essentials - Evergreen,CMS,175.0,7.08,1239.47,USD
2026-02-01,Auvik,Fluid IT Ltd,ANM Essentials Evergreen,CMS,0.0,7.08,0.0,USD
2026-02-01,Auvik,Fluid IT Ltd,ANM Performance Add-Ons - Evergreen,CMS,1.0,5.88,5.88,USD
2026-02-01,Auvik,"Forthright Technology Partners, Inc.",ANM Essentials - Evergreen,CMS,10.0,11.23,112.35,USD
2026-02-01,Auvik,"Forthright Technology Partners, Inc.",ANM Essentials Evergreen,CMS,98.0,11.24,1101.52,USD
2026-02-01,Auvik,FoxNet Solutions,ANM Essentials - Evergreen,CW,100.0,6.74,674.37,USD
2026-02-01,Auvik,FoxNet Solutions,ANM Essentials Evergreen,CW,0.0,6.74,0.0,USD
2026-02-01,Auvik,FoxNet Solutions,ANM Performance Add-On Evergreen,CW,0.0,4.99,0.0,USD
2026-02-01,Auvik,FoxNet Solutions,ANM Performance Add-Ons - Evergreen,CW,33.0,4.99,164.64,USD
2026-02-01,Auvik,"Framework IT, LLC",ANM Essentials - Evergreen,CW,450.0,5.99,2697.05,USD
2026-02-01,Auvik,"Framework IT, LLC",ANM Essentials Evergreen,CW,9.0,5.99,53.91,USD
2026-02-01,Auvik,Frank Miller Lumber Company,ANM Essentials - Evergreen,CW,16.0,11.23,179.76,USD
2026-02-01,Auvik,Frank Miller Lumber Company,ANM Essentials Evergreen,CW,2.0,11.24,22.48,USD
2026-02-01,Auvik,Function 4,COANM-1 Committed Billable Devices,CMS,40.0,9.19,367.6,USD
2026-02-01,Auvik,Function 4,COANM-2 Additional Billable Devices,CMS,0.0,9.19,0.0,USD
2026-02-01,Auvik,GFI Digital,ANM Essentials - Evergreen,CW,125.0,7.49,936.69,USD
2026-02-01,Auvik,GFI Digital,ANM Essentials Evergreen,CW,0.0,7.49,0.0,USD
2026-02-01,Auvik,Galaxie Business Equipment Inc.,ANM Essentials - Evergreen,CW,28.0,11.23,314.58,USD
2026-02-01,Auvik,Galaxie Business Equipment Inc.,ANM Essentials Evergreen,CW,11.0,11.24,123.64,USD
2026-02-01,Auvik,Galaxie Business Equipment Inc.,ANM Performance Add-On Evergreen,CW,0.0,7.31,0.0,USD
2026-02-01,Auvik,Galaxie Business Equipment Inc.,ANM Performance Add-Ons - Evergreen,CW,10.0,7.31,73.08,USD
2026-02-01,Auvik,Genesis BCS,ANM Essentials - Evergreen,CMS,10.0,11.23,112.35,USD
2026-02-01,Auvik,Gershow Recycling,ANM Full Performance - Evergreen,CW,45.0,16.52,743.44,USD
2026-02-01,Auvik,Gershow Recycling,ANM Full Performance Evergreen,CW,0.0,16.52,0.0,USD
2026-02-01,Auvik,GiaSpace Inc,ANM Essentials - Evergreen,CMS,42.0,9.36,393.31,USD
2026-02-01,Auvik,GiaSpace Inc,ANM Essentials Evergreen,CMS,0.0,9.36,0.0,USD
2026-02-01,Auvik,Glenbrook Automotive,ANM Essentials - Evergreen,CW,114.0,7.35,837.9,USD
2026-02-01,Auvik,Glenbrook Automotive,ANM Essentials Evergreen,CW,0.0,7.35,0.0,USD
2026-02-01,Auvik,Glenbrook Automotive,ANM Performance Add-On Evergreen,CW,0.0,4.76,0.0,USD
2026-02-01,Auvik,Glenbrook Automotive,ANM Performance Add-Ons - Evergreen,CW,100.0,4.76,476.0,USD
2026-02-01,Auvik,"Global Market Innovators, Inc.",ANM Essentials - Evergreen,CW,1030.0,4.49,4628.23,USD
2026-02-01,Auvik,"Global Market Innovators, Inc.",ANM Essentials Evergreen,CW,0.0,4.49,0.0,USD
2026-02-01,Auvik,"Global Market Innovators, Inc.",ANM Performance Add-On Evergreen,CW,3.0,2.44,7.32,USD
2026-02-01,Auvik,Golden West Technologies,ANM Essentials,CW,187.0,7.56,1413.72,USD
2026-02-01,Auvik,Goliad County,ANM Essentials - Evergreen,CW,14.0,11.23,157.29,USD
2026-02-01,Auvik,Goliad County,ANM Essentials Evergreen,CW,0.0,11.24,0.0,USD
2026-02-01,Auvik,Gordon Flesch Company,ANM Essentials - Evergreen,CMS,10.0,11.23,112.35,USD
2026-02-01,Auvik,Greystone Technology,Licenses,CMS,40.0,10.5,420.0,USD
2026-02-01,Auvik,Greystone Technology,Usage - Licenses,CMS,8.0,10.5,84.0,USD
2026-02-01,Auvik,Grid4 Communications,ANM Essentials - Evergreen,CW,60.0,8.62,516.94,USD
2026-02-01,Auvik,Grid4 Communications,ANM Essentials Evergreen,CW,57.0,8.62,491.34,USD
2026-02-01,Auvik,Grid4 Communications,ANM Performance Add-On Evergreen,CW,13.0,6.11,79.43,USD
2026-02-01,Auvik,Grid4 Communications,Free of Charge,CW,0.0,0.0,0.0,USD
2026-02-01,Auvik,H5 Networks,ANM Essentials - Evergreen,CW,20.0,11.23,224.7,USD
2026-02-01,Auvik,H5 Networks,ANM Essentials Evergreen,CW,17.0,11.24,191.08,USD
2026-02-01,Auvik,H5 Networks,ANM Performance Add-On Evergreen,CW,13.0,7.49,97.37,USD
2026-02-01,Auvik,H5 Networks,ANM Performance Add-Ons - Evergreen,CW,20.0,7.49,149.8,USD
2026-02-01,Auvik,HUB Tech,ANM Essentials - Evergreen,CMS,500.0,5.51,2753.75,USD
2026-02-01,Auvik,HUB Tech,ANM Essentials Evergreen,CMS,231.0,5.51,1272.81,USD
2026-02-01,Auvik,HUB Tech,ANM Performance Add-On Evergreen,CMS,731.0,3.85,2814.35,USD
2026-02-01,Auvik,Harbor IT,EPRM-ANM-1000 Auvik Essentials -- Committed,CW,1000.0,4.41,4410.0,USD
2026-02-01,Auvik,Harbor IT,EPRM-ANM-1000 Auvik Essentials -- Overage,CW,235.0,4.41,1036.35,USD
2026-02-01,Auvik,Harbor IT,PARM-ANM-1000 Auvik Performance Add On -- Overage,CW,9.0,2.38,21.42,USD
2026-02-01,Auvik,"HarborTech Mobility, Inc.",ANM Essentials - Evergreen,CW,10.0,11.23,112.35,USD
2026-02-01,Auvik,Harris Technology Services,ANM Essentials - Evergreen,CW,40.0,9.84,393.42,USD
2026-02-01,Auvik,Harris Technology Services,ANM Essentials Evergreen,CW,43.0,9.84,423.12,USD
2026-02-01,Auvik,Hashtech Managed IT Services,ANM Essentials - Evergreen,CMS,10.0,11.23,112.35,USD
2026-02-01,Auvik,HighPoint Technology Group,ANM Essentials - Evergreen,CMS,150.0,8.56,1284.53,USD
2026-02-01,Auvik,HighPoint Technology Group,ANM Essentials Evergreen,CMS,0.0,8.56,0.0,USD
2026-02-01,Auvik,HighPoint Technology Group,ANM Performance Add-On Evergreen,CMS,80.0,6.96,556.8,USD
2026-02-01,Auvik,HillSouth,ANM Essentials - Evergreen,CMS,175.0,7.7,1347.96,USD
2026-02-01,Auvik,HillSouth,ANM Essentials Evergreen,CMS,73.0,7.7,562.1,USD
2026-02-01,Auvik,HillSouth,ANM Performance Add-Ons - Evergreen,CMS,1.0,5.88,5.88,USD
2026-02-01,Auvik,"Home Legend, LLC",ANM Essentials - Evergreen,CW,13.0,11.24,146.06,USD
2026-02-01,Auvik,"Home Legend, LLC",ANM Essentials Evergreen,CW,0.0,11.24,0.0,USD
2026-02-01,Auvik,"Home Legend, LLC",ANM Performance Add-On Evergreen,CW,0.0,7.49,0.0,USD
2026-02-01,Auvik,"Home Legend, LLC",ANM Performance Add-Ons - Evergreen,CW,13.0,7.49,97.37,USD
2026-02-01,Auvik,Huber & Associates MSP,ANM Essentials - Evergreen,CW,250.0,5.99,1498.36,USD
2026-02-01,Auvik,Huber & Associates MSP,ANM Essentials Evergreen,CW,577.0,5.99,3456.23,USD
2026-02-01,Auvik,Huber & Associates MSP,ANM Performance Add-On Evergreen,CW,62.0,3.56,220.72,USD
2026-02-01,Auvik,IMC Technologies,ANM Essentials - Evergreen,CW,10.0,11.23,112.35,USD
2026-02-01,Auvik,IMC Technologies,ANM Essentials Evergreen,CW,0.0,11.24,0.0,USD
2026-02-01,Auvik,IPro Media,ANM Essentials - Evergreen,CW,500.0,5.51,2753.75,USD
2026-02-01,Auvik,IPro Media,ANM Essentials Evergreen,CW,0.0,5.51,0.0,USD
2026-02-01,Auvik,ISG,ANM Essentials - Evergreen,CW,790.0,5.12,4042.75,USD
2026-02-01,Auvik,ISG,ANM Essentials Evergreen,CW,159.0,5.12,814.08,USD
2026-02-01,Auvik,ISG,ANM Performance Add-On Evergreen,CW,26.0,2.96,76.96,USD
2026-02-01,Auvik,ISG,ANM Performance Add-Ons - Evergreen,CW,49.0,2.96,144.83,USD
2026-02-01,Auvik,ISI,Licenses,CMS,100.0,7.35,735.0,USD
2026-02-01,Auvik,ISI,Usage - Licenses,CMS,0.0,7.35,0.0,USD
2026-02-01,Auvik,ISOutsource,ANM Essentials,CW,100.0,7.35,810.71,USD
2026-02-01,Auvik,ISOutsource,Auvik SaaS Management,CW,500.0,0.91,501.87,USD
2026-02-01,Auvik,ITData Inc.,ANM Essentials,CW,10.0,10.5,105.0,USD
2026-02-01,Auvik,In-Telecom Consulting,ANM Essentials - Evergreen,CMS,500.0,5.99,2994.19,USD
2026-02-01,Auvik,In-Telecom Consulting,ANM Essentials Evergreen,CMS,48.0,5.99,287.52,USD
2026-02-01,Auvik,In-Telecom Consulting,ANM Performance Add-On Evergreen,CMS,22.0,4.28,94.16,USD
2026-02-01,Auvik,In-Telecom Consulting,ANM Performance Add-Ons - Evergreen,CMS,1.0,4.28,4.28,USD
2026-02-01,Auvik,Indian River Networks,ANM Essentials - Evergreen,CW,40.0,9.36,374.58,USD
2026-02-01,Auvik,Indian River Networks,ANM Essentials Evergreen,CW,24.0,9.36,224.64,USD
2026-02-01,Auvik,Indian River Networks,ANM Performance Add-Ons - Evergreen,CW,7.0,6.11,42.75,USD
2026-02-01,Auvik,Indian River Networks,Free of Charge,CW,0.0,0.0,0.0,USD
2026-02-01,Auvik,Infinit Technology Solutions,EPRM-ANM-100 Auvik Essentials -- Committed,CW,125.0,8.4,1050.0,USD
2026-02-01,Auvik,Infinit Technology Solutions,EPRM-ANM-100 Auvik Essentials -- Overage,CW,36.0,8.4,302.4,USD
2026-02-01,Auvik,Infinity Technology Consulting Inc,ANM Essentials - Evergreen,CMS,10.0,11.23,112.35,USD
2026-02-01,Auvik,Infinity Technology Consulting Inc,ANM Essentials Evergreen,CMS,30.0,11.24,337.2,USD
2026-02-01,Auvik,"Infotec I, Inc.",ANM Essentials,CMS,250.0,6.72,1680.0,USD
2026-02-01,Auvik,"Infotec I, Inc.",ANM Performance Add-on,CMS,108.0,4.0,432.0,USD
2026-02-01,Auvik,Insight Technical Advisors,ANM Essentials,CW,20.0,10.5,210.0,USD
2026-02-01,Auvik,Insight Technical Advisors,ANM Performance Add-Ons,CW,1.0,7.0,7.0,USD
2026-02-01,Auvik,Intalect Ltd,ANM Essentials - Evergreen,CMS,20.0,11.23,224.7,USD
2026-02-01,Auvik,Intalect Ltd,ANM Essentials Evergreen,CMS,1.0,11.24,11.24,USD
2026-02-01,Auvik,IntegraTek Consulting,ANM Essentials - Evergreen,CMS,10.0,12.84,128.4,USD
2026-02-01,Auvik,IntegraTek Consulting,ANM Essentials Evergreen,CMS,0.0,12.84,0.0,USD
2026-02-01,Auvik,"Intelligent Protection, LLC dba IPM Corp",EPRM-ANM-175 Auvik Essentials -- Committed,CW,200.0,6.62,1324.0,USD
2026-02-01,Auvik,"Intelligent Protection, LLC dba IPM Corp",EPRM-ANM-175 Auvik Essentials -- Overage,CW,13.0,6.62,86.06,USD
2026-02-01,Auvik,"Intelligent Protection, LLC dba IPM Corp",PARM-ANM-175 Auvik Performance Add On,CW,45.0,4.04,181.8,USD
2026-02-01,Auvik,"Intelligent Protection, LLC dba IPM Corp",PARM-ANM-175 Auvik Performance Add On -- Overage,CW,2.0,4.04,8.08,USD
2026-02-01,Auvik,"International Computer Services, Inc. (ICSI)",ANM Essentials - Evergreen,CW,1000.0,4.49,4493.42,USD
2026-02-01,Auvik,"International Computer Services, Inc. (ICSI)",ANM Essentials Evergreen,CW,0.0,4.49,0.0,USD
2026-02-01,Auvik,Intrasystems,ANM Essentials - Evergreen,CMS,250.0,7.19,1798.07,USD
2026-02-01,Auvik,Intrasystems,ANM Essentials Evergreen,CMS,389.0,7.19,2796.91,USD
2026-02-01,Auvik,Intrasystems,ANM Performance Add-On Evergreen,CMS,58.0,4.27,247.66,USD
2026-02-01,Auvik,"Intrinsic Technology Group, Inc.",ANM Essentials - Evergreen,CMS,500.0,5.24,2620.05,USD
2026-02-01,Auvik,"Intrinsic Technology Group, Inc.",ANM Essentials Evergreen,CMS,0.0,5.24,0.0,USD
2026-02-01,Auvik,"Intrinsic Technology Group, Inc.",ANM Performance Add-On Evergreen,CMS,33.0,4.28,141.24,USD
2026-02-01,Auvik,Itek Systems Management Ltd,ANM Essentials - Evergreen,CMS,10.0,11.23,112.35,USD
2026-02-01,Auvik,Itek Systems Management Ltd,ANM Essentials Evergreen,CMS,12.0,11.24,134.88,USD
2026-02-01,Auvik,Jungle IT,ANM Essentials,CW,365.0,5.88,2146.2,USD
2026-02-01,Auvik,Jungle IT,ANM Performance Add-Ons,CW,325.0,3.5,1137.5,USD
2026-02-01,Auvik,Jungle IT,ANM Performance Add-on,CW,20.0,3.5,70.0,USD
2026-02-01,Auvik,Kalmer Solutions,ANM Essentials - Evergreen,CW,108.0,7.87,849.74,USD
2026-02-01,Auvik,Kalmer Solutions,ANM Essentials Evergreen,CW,0.0,7.87,0.0,USD
2026-02-01,Auvik,Kalmer Solutions,ANM Performance Add-On Evergreen,CW,0.0,5.24,0.0,USD
2026-02-01,Auvik,Kalmer Solutions,ANM Performance Add-Ons - Evergreen,CW,45.0,5.24,235.58,USD
2026-02-01,Auvik,Keen IT Services,ANM Essentials - Evergreen,CW,40.0,9.36,374.58,USD
2026-02-01,Auvik,Keen IT Services,ANM Essentials Evergreen,CW,16.0,9.36,149.76,USD
2026-02-01,Auvik,Kelley Create,ANM Essentials - Evergreen,CMS,40.0,9.84,393.42,USD
2026-02-01,Auvik,Kelser Corporation,ANM Essentials - Evergreen,CMS,250.0,7.19,1798.07,USD
2026-02-01,Auvik,Kelser Corporation,ANM Essentials Evergreen,CMS,0.0,7.19,0.0,USD
2026-02-01,Auvik,Kelser Corporation,ANM Performance Add-On Evergreen,CMS,18.0,5.08,91.44,USD
2026-02-01,Auvik,Kelser Corporation,ANM Performance Add-Ons - Evergreen,CMS,1.0,5.08,5.08,USD
2026-02-01,Auvik,Kent School District in WA state,ANM Essentials,CW,700.0,4.35,3043.27,USD
2026-02-01,Auvik,Kent School District in WA state,ANM Performance Add-Ons,CW,700.0,2.35,1646.4,USD
2026-02-01,Auvik,Kent School District in WA state,ANM Performance Add-on,CW,0.0,2.35,0.0,USD
2026-02-01,Auvik,Kilobytes Data Solutions Inc,ANM Essentials - Evergreen,CMS,75.0,8.65,648.45,USD
2026-02-01,Auvik,Kilobytes Data Solutions Inc,ANM Essentials Evergreen,CMS,0.0,8.65,0.0,USD
2026-02-01,Auvik,"Kraft & Kennedy, Inc.",ANM Essentials - Evergreen,CW,500.0,5.6,2800.0,USD
2026-02-01,Auvik,"Kraft & Kennedy, Inc.",ANM Essentials Evergreen,CW,117.0,5.6,655.2,USD
2026-02-01,Auvik,"Kraft & Kennedy, Inc.",Auvik SaaS Management - Evergreen,CW,2000.0,0.63,1260.0,USD
2026-02-01,Auvik,"Kraft & Kennedy, Inc.",Auvik SaaS Management Evergreen,CW,153.0,0.63,96.39,USD
2026-02-01,Auvik,Krueger Communications,ANM Essentials - Evergreen,CW,100.0,7.49,749.35,USD
2026-02-01,Auvik,Krueger Communications,ANM Essentials Evergreen,CW,229.0,7.49,1715.21,USD
2026-02-01,Auvik,Krueger Communications,Free of Charge,CW,0.0,0.0,0.0,USD
2026-02-01,Auvik,Lake Business Products,ANM Essentials - Evergreen,CMS,10.0,11.23,112.35,USD
2026-02-01,Auvik,Lake Business Products,ANM Essentials Evergreen,CMS,0.0,11.24,0.0,USD
2026-02-01,Auvik,"Lead-In Technologies, Inc.",ANM Essentials - Evergreen,CMS,10.0,11.23,112.35,USD
2026-02-01,Auvik,"Lead-In Technologies, Inc.",ANM Essentials Evergreen,CMS,0.0,11.24,0.0,USD
2026-02-01,Auvik,"Leading Edge Solutions, Inc.",CWANM-1 Committed Billable Devices,CW,40.0,9.19,367.6,USD
2026-02-01,Auvik,LeadingIT,EPRM-ANM-250 Auvik Essentials -- Committed,CMS,250.0,6.72,1680.0,USD
2026-02-01,Auvik,LeadingIT,EPRM-ANM-250 Auvik Essentials -- Overage,CMS,0.0,6.72,0.0,USD
2026-02-01,Auvik,Liberty Maritime,ANM Essentials - Evergreen,CW,20.0,11.23,224.7,USD
2026-02-01,Auvik,Liberty Maritime,ANM Essentials Evergreen,CW,13.0,11.24,146.12,USD
2026-02-01,Auvik,"Lieberman Technologies, LLC",ERM-ANM-75 Auvik Essentials -- Committed,CW,75.0,8.65,648.38,USD
2026-02-01,Auvik,"Lieberman Technologies, LLC",ERM-ANM-75 Auvik Essentials -- Overage,CW,0.0,8.65,0.0,USD
2026-02-01,Auvik,Lincoln Computer Services,EPRM-ANM-500 Auvik Essentials -- Committed,CW,500.0,5.15,2575.0,USD
2026-02-01,Auvik,Lincoln Computer Services,EPRM-ANM-500 Auvik Essentials -- Overage,CW,0.0,5.15,0.0,USD
2026-02-01,Auvik,Lincoln Computer Services,PARM-ANM-500 Auvik Performance Add On,CW,374.0,2.94,1099.56,USD
2026-02-01,Auvik,Lincoln Computer Services,PARM-ANM-500 Auvik Performance Add On -- Overage,CW,5.0,2.94,14.7,USD
2026-02-01,Auvik,Liquid Pear Technologies,ANM Essentials - Evergreen,CW,12.0,13.97,167.7,USD
2026-02-01,Auvik,Liquid Pear Technologies,ANM Essentials Evergreen,CW,0.0,13.98,0.0,USD
2026-02-01,Auvik,Louisville Geek,ANM Essentials,CW,250.0,5.88,1470.0,USD
2026-02-01,Auvik,Louisville Geek,ANM Performance Add-Ons,CW,250.0,3.5,875.0,USD
2026-02-01,Auvik,Louisville Geek,ANM Performance Add-on,CW,0.0,3.5,0.0,USD
2026-02-01,Auvik,Louisville Geek,Auvik SaaS Management,CW,108.0,1.57,170.1,USD
2026-02-01,Auvik,Louisville Geek,Auvik SaaS Management,CW,45.0,1.58,71.1,USD
2026-02-01,Auvik,MKMX Computer Solutions,ANM Essentials - Evergreen,CW,10.0,11.23,112.35,USD
2026-02-01,Auvik,MKMX Computer Solutions,ANM Essentials Evergreen,CW,0.0,11.24,0.0,USD
2026-02-01,Auvik,Madison Commercial Real Estate Services,ANM Essentials,CW,30.0,11.23,337.05,USD
2026-02-01,Auvik,Madison Commercial Real Estate Services,ANM Essentials,CW,33.0,11.24,370.92,USD
2026-02-01,Auvik,Mainframe IT LLC,ANM Essentials - Evergreen,CMS,20.0,11.23,224.7,USD
2026-02-01,Auvik,Mainframe IT LLC,ANM Essentials Evergreen,CMS,0.0,11.24,0.0,USD
2026-02-01,Auvik,Marcum Technology MSP,ANM Essentials - Evergreen,CW,250.0,6.29,1573.25,USD
2026-02-01,Auvik,Marcum Technology MSP,ANM Essentials Evergreen,CW,293.0,6.29,1842.97,USD
2026-02-01,Auvik,Matrix Integration,ANM Essentials - Evergreen,CW,100.0,7.49,749.35,USD
2026-02-01,Auvik,Matrix Integration,ANM Essentials Evergreen,CW,0.0,7.49,0.0,USD
2026-02-01,Auvik,Matrix Integration,ANM Performance Add-On Evergreen,CW,0.0,4.99,0.0,USD
2026-02-01,Auvik,Matrix Integration,ANM Performance Add-Ons - Evergreen,CW,18.0,4.99,89.8,USD
2026-02-01,Auvik,"Maureen Data Systems, Inc.",ANM Essentials - Evergreen,CMS,40.0,9.84,393.42,USD
2026-02-01,Auvik,"Maureen Data Systems, Inc.",ANM Essentials Evergreen,CMS,0.0,9.84,0.0,USD
2026-02-01,Auvik,Max Communications Inc.,ANM Essentials - Evergreen,CW,40.0,9.36,374.58,USD
2026-02-01,Auvik,Max Communications Inc.,ANM Essentials Evergreen,CW,0.0,9.36,0.0,USD
2026-02-01,Auvik,Maxsum Consulting,ANM Essentials - Evergreen,CW,46.0,9.36,430.77,USD
2026-02-01,Auvik,Maxsum Consulting,ANM Essentials Evergreen,CW,14.0,9.36,131.04,USD
2026-02-01,Auvik,McLane Intelligent Solutions,EPRM-ANM-250 Auvik Essentials -- Committed,CMS,250.0,6.4,1600.0,USD
2026-02-01,Auvik,McLane Intelligent Solutions,EPRM-ANM-250 Auvik Essentials -- Overage,CMS,0.0,6.4,0.0,USD
2026-02-01,Auvik,McLane Intelligent Solutions,PARM-ANM-250 Auvik Performance Add On -- Overage,CMS,38.0,3.8,144.4,USD
2026-02-01,Auvik,"Meritech, Inc.",ANM Essentials - Evergreen,CMS,40.0,9.84,393.42,USD
2026-02-01,Auvik,"Meritech, Inc.",ANM Essentials Evergreen,CMS,10.0,9.84,98.4,USD
2026-02-01,Auvik,Milner Technologies,ANM Essentials - Evergreen,CW,250.0,6.29,1573.25,USD
2026-02-01,Auvik,Milner Technologies,ANM Essentials Evergreen,CW,0.0,6.29,0.0,USD
2026-02-01,Auvik,Modtech,ANM Essentials - Evergreen,CW,15.0,11.24,168.53,USD
2026-02-01,Auvik,Modtech,ANM Essentials Evergreen,CW,0.0,11.24,0.0,USD
2026-02-01,Auvik,MyConnectSolutions,ANM Essentials,CW,12.0,10.5,126.0,USD
2026-02-01,Auvik,MyConnectSolutions,Auvik SaaS Management,CW,50.0,2.1,105.0,USD
2026-02-01,Auvik,Nauticon,Billable Devices,CW,150.0,6.62,993.0,USD
2026-02-01,Auvik,Nauticon,Billable Devices - Additional,CW,0.0,0.0,0.0,USD
2026-02-01,Auvik,Nauticon,Usage - Billable Devices,CW,0.0,6.62,0.0,USD
2026-02-01,Auvik,Net@Work,ANM Essentials - Evergreen,CW,550.0,5.24,2882.06,USD
2026-02-01,Auvik,Net@Work,ANM Essentials Evergreen,CW,43.0,5.24,225.32,USD
2026-02-01,Auvik,NetOps Consulting,ANM Full Performance - Evergreen,CW,720.0,7.78,5603.21,USD
2026-02-01,Auvik,NetOps Consulting,ANM Full Performance Evergreen,CW,0.0,7.78,0.0,USD
2026-02-01,Auvik,"NetSource One, Inc.",EPRM-ANM-500 Auvik Essentials -- Committed,CMS,500.0,5.88,2940.0,USD
2026-02-01,Auvik,"NetSource One, Inc.",EPRM-ANM-500 Auvik Essentials -- Overage,CMS,0.0,5.88,0.0,USD
2026-02-01,Auvik,Netcetera Consulting,ANM Essentials - Evergreen,CW,140.0,7.87,1101.52,USD
2026-02-01,Auvik,Netcetera Consulting,ANM Essentials Evergreen,CW,66.0,7.87,519.42,USD
2026-02-01,Auvik,Netropole Inc.,ANM Essentials - Evergreen,CMS,17.0,11.24,191.0,USD
2026-02-01,Auvik,Network Bridge Solutions Ltd,ANM Essentials - Evergreen,CW,40.0,9.36,374.58,USD
2026-02-01,Auvik,Network Bridge Solutions Ltd,ANM Essentials Evergreen,CW,2.0,9.36,18.72,USD
2026-02-01,Auvik,Network Bridge Solutions Ltd,ANM Performance Add-Ons - Evergreen,CW,2.0,6.11,12.22,USD
2026-02-01,Auvik,New England Network Solutions,ANM Essentials - Evergreen,CMS,250.0,5.99,1498.36,USD
2026-02-01,Auvik,New England Network Solutions,ANM Essentials Evergreen,CMS,0.0,5.99,0.0,USD
2026-02-01,Auvik,NewGen Administrative Services,ANM Essentials,CW,268.0,5.38,1441.89,USD
2026-02-01,Auvik,NewGen Administrative Services,ANM Performance Add-Ons,CW,268.0,3.2,857.61,USD
2026-02-01,Auvik,NewGen Administrative Services,ANM Performance Add-on,CW,0.0,3.2,0.0,USD
2026-02-01,Auvik,North State Bank,PRM-ANM-40 Auvik Performance -- Committed,CW,42.0,15.44,648.48,USD
2026-02-01,Auvik,North State Bank,PRM-ANM-40 Auvik Performance -- Overage,CW,6.0,15.44,92.64,USD
2026-02-01,Auvik,North State Bank,RM - ASM - 250 - Committed,CW,270.0,1.05,283.5,USD
2026-02-01,Auvik,North State Bank,RM - ASM - 250 - Overage,CW,0.0,1.05,0.0,USD
2026-02-01,Auvik,Ockers,EPRM-ANM-175 Auvik Essentials -- Committed,CMS,175.0,7.56,1323.0,USD
2026-02-01,Auvik,Ockers,EPRM-ANM-175 Auvik Essentials -- Overage,CMS,0.0,7.56,0.0,USD
2026-02-01,Auvik,"Omni Data, LLC",ANM Full Performance - Evergreen,CMS,500.0,7.41,3703.86,USD
2026-02-01,Auvik,"Omni Data, LLC",ANM Full Performance Evergreen,CMS,112.0,7.41,829.92,USD
2026-02-01,Auvik,"On Line Support, Inc.",ANM Essentials - Evergreen,CW,59.0,9.36,552.51,USD
2026-02-01,Auvik,"On Line Support, Inc.",ANM Essentials Evergreen,CW,58.0,9.36,542.88,USD
2026-02-01,Auvik,OnPar Technologies,EPRM-ANM-100 Auvik Essentials -- Committed,CW,120.0,7.35,882.0,USD
2026-02-01,Auvik,OnPar Technologies,EPRM-ANM-100 Auvik Essentials -- Overage,CW,0.0,7.35,0.0,USD
2026-02-01,Auvik,Ontech Systems,ANM Essentials - Evergreen,CMS,100.0,7.87,786.8,USD
2026-02-01,Auvik,Ontech Systems,ANM Essentials Evergreen,CMS,66.0,7.87,519.42,USD
2026-02-01,Auvik,Original Consultants Ltd,ANM Essentials,CW,172.0,7.35,1264.2,USD
2026-02-01,Auvik,Oryx Align Limited,ANM Essentials - Evergreen,CW,2000.0,3.65,7297.36,USD
2026-02-01,Auvik,Oryx Align Limited,ANM Essentials Evergreen,CW,0.0,3.65,0.0,USD
2026-02-01,Auvik,PCnet (Syntrio),ANM Essentials - Evergreen,CMS,500.0,6.29,3144.12,USD
2026-02-01,Auvik,PCnet (Syntrio),ANM Essentials Evergreen,CMS,218.0,6.29,1371.22,USD
2026-02-01,Auvik,PEI,ANM Essentials - Evergreen,CMS,175.0,7.7,1347.96,USD
2026-02-01,Auvik,PEI,ANM Essentials Evergreen,CMS,0.0,7.7,0.0,USD
2026-02-01,Auvik,PTS Datacenter Solutions,EPRM-ANM-40 Auvik Essentials -- Committed,CMS,40.0,9.19,367.6,USD
2026-02-01,Auvik,PTS Datacenter Solutions,EPRM-ANM-40 Auvik Essentials -- Overage,CMS,45.0,9.19,413.55,USD
2026-02-01,Auvik,PTS Datacenter Solutions,PARM-ANM-40 Auvik Performance Add On -- Overage,CMS,14.0,6.25,87.5,USD
2026-02-01,Auvik,Pacific Office Automation,ANM Essentials - Evergreen,CW,165.0,7.49,1236.42,USD
2026-02-01,Auvik,Pacific Office Automation,ANM Essentials Evergreen,CW,148.0,7.49,1108.52,USD
2026-02-01,Auvik,Panurgy,ANM Essentials - Evergreen,CMS,10.0,11.23,112.35,USD
2026-02-01,Auvik,Panurgy,ANM Essentials Evergreen,CMS,35.0,11.24,393.4,USD
2026-02-01,Auvik,Paradyn,ANM Essentials - Evergreen,CMS,40.0,9.36,374.58,USD
2026-02-01,Auvik,Paradyn,ANM Essentials Evergreen,CMS,0.0,9.36,0.0,USD
2026-02-01,Auvik,Paronubi,ANM Essentials - Evergreen,CMS,10.0,11.23,112.35,USD
2026-02-01,Auvik,Pearson Kelly Technology,ANM Essentials - Evergreen,CMS,100.0,7.49,749.35,USD
2026-02-01,Auvik,Pearson Kelly Technology,ANM Essentials Evergreen,CMS,0.0,7.49,0.0,USD
2026-02-01,Auvik,Pine Cove Consulting,ANM Essentials - Evergreen,CW,635.0,5.51,3497.26,USD
2026-02-01,Auvik,Pine Cove Consulting,ANM Essentials Evergreen,CW,202.0,5.51,1113.02,USD
2026-02-01,Auvik,Pine Cove Consulting,ANM Performance Add-On Evergreen,CW,141.0,3.14,442.74,USD
2026-02-01,Auvik,Pine Cove Consulting,ANM Performance Add-Ons - Evergreen,CW,408.0,3.14,1282.34,USD
2026-02-01,Auvik,Pine Cove Consulting,Auvik SaaS Management - Evergreen,CW,100.0,1.57,157.5,USD
2026-02-01,Auvik,Pine Cove Consulting,Auvik SaaS Management Evergreen,CW,0.0,1.58,0.0,USD
2026-02-01,Auvik,Plains Internet DBA CPU Onsite,ANM Essentials - Evergreen,CMS,40.0,9.84,393.42,USD
2026-02-01,Auvik,Plains Internet DBA CPU Onsite,ANM Essentials Evergreen,CMS,0.0,9.84,0.0,USD
2026-02-01,Auvik,Platinum Technology,EPRM-ANM-10 Auvik Essentials -- Committed,CW,15.0,10.5,157.5,USD
2026-02-01,Auvik,Platinum Technology,EPRM-ANM-10 Auvik Essentials -- Overage,CW,9.0,10.5,94.5,USD
2026-02-01,Auvik,Platinum Technology,PARM-ANM-10 Auvik Performance Add On,CW,15.0,7.0,105.0,USD
2026-02-01,Auvik,Powernet (formerly Maxis360),ANM Essentials,CW,1011.0,4.41,4458.51,USD
2026-02-01,Auvik,Powernet (formerly Maxis360),ANM Performance Add-Ons,CW,2.0,2.38,4.76,USD
2026-02-01,Auvik,Powernet (formerly Maxis360),ANM Performance Add-on,CW,4.0,2.38,9.52,USD
2026-02-01,Auvik,"Praxis Computing, Inc.",ANM Essentials - Evergreen,CW,45.0,9.36,421.4,USD
2026-02-01,Auvik,"Praxis Computing, Inc.",ANM Essentials Evergreen,CW,0.0,9.36,0.0,USD
2026-02-01,Auvik,Premier Technologies,ANM Essentials - Evergreen,CMS,175.0,7.08,1239.47,USD
2026-02-01,Auvik,Premier Technologies,ANM Essentials Evergreen,CMS,29.0,7.08,205.32,USD
2026-02-01,Auvik,ProServeIT,ANM Essentials - Evergreen,CMS,250.0,5.99,1498.36,USD
2026-02-01,Auvik,ProServeIT,ANM Essentials Evergreen,CMS,0.0,5.99,0.0,USD
2026-02-01,Auvik,ProTech Systems Group Inc.,ANM Essentials - Evergreen,CW,116.0,7.49,869.24,USD
2026-02-01,Auvik,Propio Language Services,CWANM-0 Additional Billable Devices,CW,0.0,10.5,0.0,USD
2026-02-01,Auvik,Propio Language Services,CWANM-0 Additional Performance Add-Ons,CW,0.0,6.83,0.0,USD
2026-02-01,Auvik,Propio Language Services,CWANM-0 Committed Billable Devices,CW,30.0,10.5,315.0,USD
2026-02-01,Auvik,Propio Language Services,CWANM-0 Committed Performance Add-Ons,CW,30.0,6.83,204.9,USD
2026-02-01,Auvik,Propio Language Services,RM - ASM - 100 - Committed,CW,175.0,1.58,275.63,USD
2026-02-01,Auvik,Propio Language Services,RM - ASM - 100 - Overage,CW,774.0,1.58,1222.92,USD
2026-02-01,Auvik,Prosper IT,ANM Essentials - Evergreen,CMS,30.0,11.23,337.05,USD
2026-02-01,Auvik,Prosper IT,ANM Essentials Evergreen,CMS,0.0,11.24,0.0,USD
2026-02-01,Auvik,Proven IT,ANM Essentials - Evergreen,CW,1364.0,4.49,6129.03,USD
2026-02-01,Auvik,Proven IT,ANM Essentials Evergreen,CW,0.0,4.49,0.0,USD
2026-02-01,Auvik,"Pyramid Consulting, Inc.",ANM Essentials - Evergreen,CW,50.0,9.84,491.78,USD
2026-02-01,Auvik,"Pyramid Consulting, Inc.",ANM Essentials Evergreen,CW,0.0,9.84,0.0,USD
2026-02-01,Auvik,"Pyramid Consulting, Inc.",ANM Performance Add-On Evergreen,CW,0.0,6.69,0.0,USD
2026-02-01,Auvik,"Pyramid Consulting, Inc.",ANM Performance Add-Ons - Evergreen,CW,50.0,6.69,334.27,USD
2026-02-01,Auvik,Quantified IT,ANM Essentials - Evergreen,CW,250.0,6.85,1712.33,USD
2026-02-01,Auvik,Quantified IT,ANM Essentials Evergreen,CW,0.0,6.85,0.0,USD
2026-02-01,Auvik,Quantified IT,Auvik SaaS Management - Evergreen,CW,250.0,1.44,360.01,USD
2026-02-01,Auvik,Quantified IT,Auvik SaaS Management Evergreen,CW,199.0,1.44,286.56,USD
2026-02-01,Auvik,R-Computer,ANM Essentials - Evergreen,CW,22.0,11.23,247.17,USD
2026-02-01,Auvik,R-Computer,ANM Essentials Evergreen,CW,0.0,11.24,0.0,USD
2026-02-01,Auvik,R-Computer,Free of Charge,CW,0.0,0.0,0.0,USD
2026-02-01,Auvik,RAM Contracting,ANM Essentials - Evergreen,CW,24.0,11.23,269.64,USD
2026-02-01,Auvik,RAM Contracting,ANM Essentials Evergreen,CW,7.0,11.24,78.68,USD
2026-02-01,Auvik,"RMON Networks, Inc",ANM Essentials - Evergreen,CMS,250.0,7.19,1798.07,USD
2026-02-01,Auvik,"RMON Networks, Inc",ANM Essentials Evergreen,CMS,0.0,7.19,0.0,USD
2026-02-01,Auvik,Ratcliff IT,COANM-1 Additional Billable Devices,CMS,2.0,9.19,18.38,USD
2026-02-01,Auvik,Ratcliff IT,COANM-1 Committed Billable Devices,CMS,40.0,9.19,367.6,USD
2026-02-01,Auvik,Ravitron,ANM Essentials - Evergreen,CW,10.0,11.23,112.35,USD
2026-02-01,Auvik,Ravitron,ANM Essentials Evergreen,CW,5.0,11.24,56.2,USD
2026-02-01,Auvik,Ray Morgan Company,COANM-0 Committed Billable Devices,CMS,250.0,5.88,1470.0,USD
2026-02-01,Auvik,Ray Morgan Company,COANM-4 Additional Billable Devices,CMS,106.0,5.88,623.28,USD
2026-02-01,Auvik,Reinert Consulting Group,ANM Essentials - Evergreen,CW,10.0,11.23,112.35,USD
2026-02-01,Auvik,Reinert Consulting Group,ANM Essentials Evergreen,CW,16.0,11.24,179.84,USD
2026-02-01,Auvik,Reinert Consulting Group,Auvik SaaS Management - Evergreen,CW,250.0,1.26,315.0,USD
2026-02-01,Auvik,Reinert Consulting Group,Auvik SaaS Management Evergreen,CW,21.0,1.26,26.46,USD
2026-02-01,Auvik,Reinert Consulting Group,Free of Charge,CW,0.0,0.0,0.0,USD
2026-02-01,Auvik,Renaissance Systems Inc.,ANM Essentials - Evergreen,CW,14.0,11.23,157.29,USD
2026-02-01,Auvik,Renaissance Systems Inc.,ANM Essentials Evergreen,CW,11.0,11.24,123.64,USD
2026-02-01,Auvik,Renaissance Systems Inc.,ANM Performance Add-On Evergreen,CW,0.0,7.49,0.0,USD
2026-02-01,Auvik,Renaissance Systems Inc.,ANM Performance Add-Ons - Evergreen,CW,14.0,7.49,104.86,USD
2026-02-01,Auvik,Resolution IT,ANM Essentials - Evergreen,CMS,10.0,11.23,112.35,USD
2026-02-01,Auvik,Ridgewall Ltd,ANM Essentials - Evergreen,CW,100.0,6.37,636.91,USD
2026-02-01,Auvik,Ridgewall Ltd,ANM Essentials Evergreen,CW,0.0,6.37,0.0,USD
2026-02-01,Auvik,Ridgewall Ltd,ANM Performance Add-Ons - Evergreen,CW,100.0,4.25,425.01,USD
2026-02-01,Auvik,RockIT Consulting LLC,ANM Essentials,CMS,20.0,10.5,210.0,USD
2026-02-01,Auvik,RockIT Consulting LLC,ANM Performance Add-Ons,CMS,1.0,7.0,7.0,USD
2026-02-01,Auvik,RockIT Consulting LLC,ANM Performance Add-on,CMS,0.0,7.0,0.0,USD
2026-02-01,Auvik,Roebuck Technologies,ANM Essentials - Evergreen,CMS,40.0,9.36,374.58,USD
2026-02-01,Auvik,Roebuck Technologies,ANM Essentials Evergreen,CMS,25.0,9.36,234.0,USD
2026-02-01,Auvik,Roebuck Technologies,Auvik SaaS Management - Evergreen,CMS,250.0,1.35,337.05,USD
2026-02-01,Auvik,Roebuck Technologies,Auvik SaaS Management Evergreen,CMS,20.0,1.35,27.0,USD
2026-02-01,Auvik,"Ronin Consulting Services, LLC",ANM Essentials - Evergreen,CMS,10.0,11.23,112.35,USD
2026-02-01,Auvik,"Ronin Consulting Services, LLC",ANM Essentials Evergreen,CMS,3.0,11.24,33.72,USD
2026-02-01,Auvik,Rosebud Mining Company,ANM Essentials - Evergreen,CW,130.0,7.49,974.15,USD
2026-02-01,Auvik,Rosebud Mining Company,ANM Essentials Evergreen,CW,37.0,7.49,277.13,USD
2026-02-01,Auvik,Rosebud Mining Company,ANM Performance Add-On Evergreen,CW,37.0,4.87,180.19,USD
2026-02-01,Auvik,Rosebud Mining Company,ANM Performance Add-Ons - Evergreen,CW,130.0,4.87,633.26,USD
2026-02-01,Auvik,Rutter Networking Technologies,EPRM-ANM-100 Auvik Essentials -- Committed,CW,144.0,6.62,953.28,USD
2026-02-01,Auvik,Rutter Networking Technologies,EPRM-ANM-100 Auvik Essentials -- Overage,CW,0.0,6.62,0.0,USD
2026-02-01,Auvik,Rutter Networking Technologies,PARM-ANM-100 Auvik Performance Add On,CW,22.0,4.78,105.16,USD
2026-02-01,Auvik,Rutter Networking Technologies,PARM-ANM-100 Auvik Performance Add On -- Overage,CW,0.0,4.78,0.0,USD
2026-02-01,Auvik,SECUR-SERV INC.,ANM Essentials,CMS,610.0,5.88,3586.8,USD
2026-02-01,Auvik,SECUR-SERV INC.,ANM Performance Add-Ons,CMS,500.0,3.36,1680.0,USD
2026-02-01,Auvik,SECUR-SERV INC.,ANM Performance Add-on,CMS,0.0,3.36,0.0,USD
2026-02-01,Auvik,SSE Holding LLC,ANM Full Performance - Evergreen,CW,100.0,11.4,1140.36,USD
2026-02-01,Auvik,SSE Holding LLC,ANM Full Performance Evergreen,CW,0.0,11.4,0.0,USD
2026-02-01,Auvik,Salco Solutions Group,ANM Essentials - Evergreen,CMS,40.0,10.7,428.09,USD
2026-02-01,Auvik,Salco Solutions Group,ANM Essentials Evergreen,CMS,12.0,10.7,128.4,USD
2026-02-01,Auvik,Salco Solutions Group,ANM Performance Add-Ons - Evergreen,CMS,10.0,7.27,72.74,USD
2026-02-01,Auvik,Saratoga Technologies,ANM Essentials - Evergreen,CMS,10.0,11.23,112.35,USD
2026-02-01,Auvik,Sedona Technologies,ANM Essentials - Evergreen,CMS,250.0,7.19,1798.07,USD
2026-02-01,Auvik,Sedona Technologies,ANM Essentials Evergreen,CMS,322.0,7.19,2315.18,USD
2026-02-01,Auvik,Sedona Technologies,ANM Performance Add-On Evergreen,CMS,105.0,4.32,453.6,USD
2026-02-01,Auvik,Servall Canada Incorporated,ANM Essentials - Evergreen,CMS,10.0,11.23,112.35,USD
2026-02-01,Auvik,Servcom USA,ANM Essentials - Evergreen,CMS,100.0,7.87,786.8,USD
2026-02-01,Auvik,Servcom USA,ANM Essentials Evergreen,CMS,25.0,7.87,196.75,USD
2026-02-01,Auvik,Serverli Inc,ANM Essentials,CMS,37.0,10.5,388.5,USD
2026-02-01,Auvik,Serverli Inc,ANM Performance Add-Ons,CMS,10.0,7.0,70.0,USD
2026-02-01,Auvik,Serverli Inc,ANM Performance Add-on,CMS,23.0,7.0,161.0,USD
2026-02-01,Auvik,Sharp Business Solutions - New Jersey,ANM Essentials - Evergreen,CMS,10.0,11.23,112.35,USD
2026-02-01,Auvik,Sharp Business Solutions - New Jersey,ANM Essentials Evergreen,CMS,18.0,11.24,202.32,USD
2026-02-01,Auvik,Sharp Business Solutions - New Jersey,ANM Performance Add-On Evergreen,CMS,4.0,7.31,29.24,USD
2026-02-01,Auvik,Sharp Business Solutions - North Carolina,ANM Essentials - Evergreen,CMS,10.0,11.23,112.35,USD
2026-02-01,Auvik,Sharp Business Systems,ANM Essentials - Evergreen,CMS,10.0,11.23,112.35,USD
2026-02-01,Auvik,Sharp Business Systems,ANM Essentials Evergreen,CMS,4.0,11.24,44.96,USD
2026-02-01,Auvik,Sharp Business Systems,ANM Performance Add-On Evergreen,CMS,2.0,7.31,14.62,USD
2026-02-01,Auvik,Sharp Business Systems - DC,ANM Essentials - Evergreen,CMS,10.0,11.23,112.35,USD
2026-02-01,Auvik,Sharp Business Systems Midwest,ANM Essentials - Evergreen,CMS,10.0,11.23,112.35,USD
2026-02-01,Auvik,Sharp Business Systems Midwest,ANM Essentials Evergreen,CMS,0.0,11.24,0.0,USD
2026-02-01,Auvik,Sharp Business Systems Midwest,ANM Performance Add-On Evergreen,CMS,6.0,7.31,43.86,USD
2026-02-01,Auvik,Sharp Business Systems of South Carolina,COANM-3 Additional Billable Devices,CMS,0.0,6.62,0.0,USD
2026-02-01,Auvik,Sharp Business Systems of South Carolina,COANM-3 Additional Performance Add-Ons,CMS,16.0,4.48,71.68,USD
2026-02-01,Auvik,Sharp Business Systems of South Carolina,COANM-3 Committed Billable Devices,CMS,175.0,6.62,1158.5,USD
2026-02-01,Auvik,Shield Watch IT Services,CWANM-3 Additional Billable Devices,CW,0.0,6.62,0.0,USD
2026-02-01,Auvik,Shield Watch IT Services,CWANM-3 Committed Billable Devices,CW,237.0,6.62,1568.94,USD
2026-02-01,Auvik,Silverbug Ltd,EPRM-ANM-100 Auvik Essentials -- Committed,CW,167.0,7.35,1227.45,USD
2026-02-01,Auvik,Silverbug Ltd,EPRM-ANM-100 Auvik Essentials -- Overage,CW,100.0,7.35,735.0,USD
2026-02-01,Auvik,Silverbug Ltd,PARM-ANM-100 Auvik Performance Add On,CW,70.0,4.76,333.2,USD
2026-02-01,Auvik,Silverbug Ltd,PARM-ANM-100 Auvik Performance Add On -- Overage,CW,0.0,4.76,0.0,USD
2026-02-01,Auvik,SimpleWorks IT,ANM Essentials - Evergreen,CW,300.0,6.29,1887.9,USD
2026-02-01,Auvik,SimpleWorks IT,ANM Essentials Evergreen,CW,0.0,6.29,0.0,USD
2026-02-01,Auvik,"SkyTerra Technologies, LLC",ANM Essentials - Evergreen,CW,100.0,7.87,786.8,USD
2026-02-01,Auvik,"SkyTerra Technologies, LLC",ANM Essentials Evergreen,CW,22.0,7.87,173.14,USD
2026-02-01,Auvik,"Solutions Granted, Inc.",ANM Essentials - Evergreen,CW,11.0,11.24,123.59,USD
2026-02-01,Auvik,"Solutions Granted, Inc.",ANM Essentials Evergreen,CW,0.0,11.24,0.0,USD
2026-02-01,Auvik,Soteria Technology Solutions,ERM-ANM-40 Auvik Essentials -- Committed,CW,40.0,9.19,367.6,USD
2026-02-01,Auvik,Soteria Technology Solutions,ERM-ANM-40 Auvik Essentials -- Overage,CW,0.0,9.19,0.0,USD
2026-02-01,Auvik,Spectrum Technologies,ANM Essentials - Evergreen,CMS,10.0,11.23,112.35,USD
2026-02-01,Auvik,Speros,PRM-ANM-250 Auvik Performance -- Committed,CW,250.0,8.45,2112.5,USD
2026-02-01,Auvik,Speros,PRM-ANM-250 Auvik Performance -- Overage,CW,17.0,8.45,143.65,USD
2026-02-01,Auvik,Splice,ANM Essentials - Evergreen,CMS,10.0,11.23,112.35,USD
2026-02-01,Auvik,Stone Pigman Walther Wittman LLC,ANM Essentials - Evergreen,CW,18.0,11.23,202.23,USD
2026-02-01,Auvik,Stone Pigman Walther Wittman LLC,ANM Essentials Evergreen,CW,0.0,11.24,0.0,USD
2026-02-01,Auvik,Stone Pigman Walther Wittman LLC,Auvik SaaS Management - Evergreen,CW,120.0,1.58,189.6,USD
2026-02-01,Auvik,Stone Pigman Walther Wittman LLC,Auvik SaaS Management Evergreen,CW,0.0,1.58,0.0,USD
2026-02-01,Auvik,"Summit Advisors, LLC",ANM Essentials - Evergreen,CMS,100.0,8.99,899.23,USD
2026-02-01,Auvik,"Summit Advisors, LLC",ANM Essentials Evergreen,CMS,40.0,8.99,359.6,USD
2026-02-01,Auvik,"Summit Advisors, LLC",ANM Performance Add-On Evergreen,CMS,35.0,6.96,243.6,USD
2026-02-01,Auvik,"Summit Advisors, LLC",ANM Performance Add-Ons - Evergreen,CMS,1.0,6.96,6.96,USD
2026-02-01,Auvik,Supra ITS,ANM Essentials - Evergreen,CW,500.0,5.24,2620.05,USD
2026-02-01,Auvik,Supra ITS,ANM Essentials Evergreen,CW,15.0,5.24,78.6,USD
2026-02-01,Auvik,Supra ITS,ANM Performance Add-On Evergreen,CW,0.0,2.99,0.0,USD
2026-02-01,Auvik,Supra ITS,ANM Performance Add-Ons - Evergreen,CW,200.0,2.99,598.68,USD
2026-02-01,Auvik,Sweetwater Technology,ANM Essentials - Evergreen,CW,95.0,9.83,933.81,USD
2026-02-01,Auvik,Sweetwater Technology,ANM Essentials Evergreen,CW,24.0,9.83,235.92,USD
2026-02-01,Auvik,"Synergy IT Solutions, Inc.",ANM Essentials - Evergreen,CW,600.0,5.51,3304.5,USD
2026-02-01,Auvik,"Synergy IT Solutions, Inc.",ANM Essentials Evergreen,CW,158.0,5.51,870.58,USD
2026-02-01,Auvik,Synergy Technical,ANM Essentials - Evergreen,CMS,10.0,11.23,112.35,USD
2026-02-01,Auvik,Synergy Technical,ANM Essentials Evergreen,CMS,0.0,11.24,0.0,USD
2026-02-01,Auvik,Syrex,ANM Essentials - Evergreen,CW,250.0,5.6,1399.41,USD
2026-02-01,Auvik,Syrex,ANM Essentials Evergreen,CW,0.0,5.6,0.0,USD
2026-02-01,Auvik,Syrex,ANM Performance Add-Ons - Evergreen,CW,250.0,3.02,754.34,USD
2026-02-01,Auvik,SysGen Solutions Group,ERM-ANM-10 Auvik Essentials -- Committed,CW,23.0,10.5,241.5,USD
2026-02-01,Auvik,SysGen Solutions Group,ERM-ANM-10 Auvik Essentials -- Overage,CW,0.0,10.5,0.0,USD
2026-02-01,Auvik,Systems Support Corp,RM - ASM - 500 - Committed,CMS,615.0,0.91,559.65,USD
2026-02-01,Auvik,Systems Support Corp,RM - ASM - 500 - Overage,CMS,0.0,0.91,0.0,USD
2026-02-01,Auvik,TDI Vertical,ANM Essentials - Evergreen,CMS,10.0,11.23,112.35,USD
2026-02-01,Auvik,TESYS Networks,ANM Essentials,CW,25.0,10.5,262.5,USD
2026-02-01,Auvik,TOTLCOM INC,ANM Essentials - Evergreen,CMS,46.0,9.84,452.44,USD
2026-02-01,Auvik,TOTLCOM INC,ANM Essentials Evergreen,CMS,0.0,9.84,0.0,USD
2026-02-01,Auvik,TVGconsulting,ANM Essentials - Evergreen,CMS,40.0,9.84,393.42,USD
2026-02-01,Auvik,TVGconsulting,ANM Essentials Evergreen,CMS,0.0,9.84,0.0,USD
2026-02-01,Auvik,Tech Mesa,ANM Essentials - Evergreen,CW,10.0,11.23,112.35,USD
2026-02-01,Auvik,Tech Source,ANM Essentials - Evergreen,CW,10.0,11.23,112.35,USD
2026-02-01,Auvik,Tech Source,ANM Essentials Evergreen,CW,0.0,11.24,0.0,USD
2026-02-01,Auvik,Tech Source,ANM Performance Add-On Evergreen,CW,2.0,7.49,14.98,USD
2026-02-01,Auvik,Tech Source,ANM Performance Add-Ons - Evergreen,CW,4.0,7.49,29.96,USD
2026-02-01,Auvik,Techmedics,ANM Essentials,CW,53.0,9.17,486.01,USD
2026-02-01,Auvik,Technikel Solutions,ANM Essentials,CW,220.0,6.62,1455.3,USD
2026-02-01,Auvik,Technology Group Solutions,ANM Essentials - Evergreen,CMS,175.0,6.74,1179.52,USD
2026-02-01,Auvik,Technology Group Solutions,ANM Essentials Evergreen,CMS,1.0,6.74,6.74,USD
2026-02-01,Auvik,Technology Group Solutions,ANM Performance Add-On Evergreen,CMS,10.0,5.88,58.8,USD
2026-02-01,Auvik,TekScape,ANM Essentials - Evergreen,CMS,250.0,6.72,1680.0,USD
2026-02-01,Auvik,TekScape,ANM Essentials Evergreen,CMS,171.0,6.72,1149.12,USD
2026-02-01,Auvik,TekScape,ANM Performance Add-On Evergreen,CMS,421.0,4.0,1684.0,USD
2026-02-01,Auvik,"TeleComp, Inc.",CWANM-2 Additional Billable Devices,CW,0.0,7.35,0.0,USD
2026-02-01,Auvik,Terminal B,ANM Essentials,CMS,75.0,8.64,648.38,USD
2026-02-01,Auvik,Terminal B,ANM Essentials,CMS,0.0,8.65,0.0,USD
2026-02-01,Auvik,The Apex Technology Group,ANM Essentials - Evergreen,CW,256.0,6.29,1611.01,USD
2026-02-01,Auvik,The Apex Technology Group,ANM Essentials Evergreen,CW,0.0,6.29,0.0,USD
2026-02-01,Auvik,The Data Pros,ANM Essentials - Evergreen,CMS,10.0,11.23,112.35,USD
2026-02-01,Auvik,The Data Pros,ANM Essentials Evergreen,CMS,1.0,11.24,11.24,USD
2026-02-01,Auvik,The Nine Minds Group LLC,ANM Essentials,CW,500.0,5.14,2572.5,USD
2026-02-01,Auvik,The Nine Minds Group LLC,ANM Essentials,CW,0.0,5.15,0.0,USD
2026-02-01,Auvik,The Nine Minds Group LLC,ANM Performance Add-Ons,CW,1.0,2.94,2.94,USD
2026-02-01,Auvik,The Walker Group,ANM Essentials - Evergreen,CW,250.0,5.99,1498.36,USD
2026-02-01,Auvik,The Walker Group,ANM Essentials Evergreen,CW,329.0,5.99,1970.71,USD
2026-02-01,Auvik,The Walker Group,Free of Charge,CW,0.0,0.0,0.0,USD
2026-02-01,Auvik,Torix Managed Services,ANM Essentials - Evergreen,CMS,10.0,11.23,112.35,USD
2026-02-01,Auvik,Torix Managed Services,ANM Essentials Evergreen,CMS,43.0,11.24,483.32,USD
2026-02-01,Auvik,Torix Managed Services,ANM Performance Add-On Evergreen,CMS,9.0,7.31,65.79,USD
2026-02-01,Auvik,Total Computing Technology,ANM Essentials - Evergreen,CMS,40.0,9.36,374.58,USD
2026-02-01,Auvik,Total Computing Technology,ANM Essentials Evergreen,CMS,0.0,9.36,0.0,USD
2026-02-01,Auvik,Total Computing Technology,ANM Performance Add-On Evergreen,CMS,29.0,9.09,263.61,USD
2026-02-01,Auvik,Town of Parker,ANM Essentials - Evergreen,CW,100.0,8.99,899.23,USD
2026-02-01,Auvik,Town of Parker,ANM Essentials Evergreen,CW,0.0,8.99,0.0,USD
2026-02-01,Auvik,TrueITPros,ANM Essentials - Evergreen,CMS,10.0,11.23,112.35,USD
2026-02-01,Auvik,TrueITPros,ANM Essentials Evergreen,CMS,25.0,11.24,281.0,USD
2026-02-01,Auvik,Truewater,ANM Essentials - Evergreen,CW,47.0,9.36,440.13,USD
2026-02-01,Auvik,Truewater,ANM Essentials Evergreen,CW,41.0,9.36,383.76,USD
2026-02-01,Auvik,Turrito,ANM Essentials - Evergreen,CW,15.0,11.24,168.53,USD
2026-02-01,Auvik,Turrito,ANM Essentials Evergreen,CW,0.0,11.24,0.0,USD
2026-02-01,Auvik,Turrito,ANM Performance Add-Ons - Evergreen,CW,15.0,7.49,112.35,USD
2026-02-01,Auvik,"TwinHats, LLC",Auvik SaaS Management,CW,198.0,1.57,311.85,USD
2026-02-01,Auvik,"TwinHats, LLC",Auvik SaaS Management,CW,0.0,1.58,0.0,USD
2026-02-01,Auvik,United Country Real Estate,ANM Essentials - Evergreen,CW,20.0,11.23,224.7,USD
2026-02-01,Auvik,United Datacom Networks,ANM Essentials - Evergreen,CMS,40.0,9.36,374.58,USD
2026-02-01,Auvik,United Datacom Networks,ANM Essentials Evergreen,CMS,4.0,9.36,37.44,USD
2026-02-01,Auvik,V2 technology,ANM Essentials - Evergreen,CW,75.0,8.8,660.24,USD
2026-02-01,Auvik,V2 technology,ANM Essentials Evergreen,CW,36.0,8.8,316.8,USD
2026-02-01,Auvik,VIRTUS DATA CENTRES (Oryx Align Ltd),ANM Essentials,CW,527.0,5.14,2711.42,USD
2026-02-01,Auvik,VIRTUS DATA CENTRES (Oryx Align Ltd),ANM Essentials,CW,207.0,5.15,1066.05,USD
2026-02-01,Auvik,VIRTUS DATA CENTRES (Oryx Align Ltd),ANM Performance Add-Ons,CW,527.0,2.94,1549.38,USD
2026-02-01,Auvik,VIRTUS DATA CENTRES (Oryx Align Ltd),ANM Performance Add-on,CW,207.0,2.94,608.58,USD
2026-02-01,Auvik,Vann Data Services Inc.,ANM Essentials - Evergreen,CMS,10.0,11.23,112.35,USD
2026-02-01,Auvik,Veerman ICT,ANM Essentials - Evergreen,CW,100.0,7.87,786.8,USD
2026-02-01,Auvik,Veerman ICT,ANM Essentials Evergreen,CW,444.0,7.87,3494.28,USD
2026-02-01,Auvik,Veerman ICT,ERM-ANM-100 Auvik Essentials -- Committed,CW,100.0,7.35,-474.19,USD
2026-02-01,Auvik,Velocity Network,ANM Essentials - Evergreen,CMS,1000.0,5.39,5392.2,USD
2026-02-01,Auvik,Velocity Network,ANM Essentials Evergreen,CMS,252.0,5.39,1358.28,USD
2026-02-01,Auvik,Velonex Technologies,ANM Essentials,CW,100.0,7.35,735.0,USD
2026-02-01,Auvik,VentureNet Inc.,ANM Essentials - Evergreen,CW,119.0,7.49,891.72,USD
2026-02-01,Auvik,VentureNet Inc.,ANM Essentials Evergreen,CW,0.0,7.49,0.0,USD
2026-02-01,Auvik,Vermeer Southeast,EPRM-ANM-75 Auvik Essentials -- Committed,CMS,75.0,8.65,648.75,USD
2026-02-01,Auvik,Vermeer Southeast,EPRM-ANM-75 Auvik Essentials -- Overage,CMS,0.0,8.65,0.0,USD
2026-02-01,Auvik,Vertical IT,ANM Essentials - Evergreen,CW,10.0,11.23,112.35,USD
2026-02-01,Auvik,VeryPC Ltd,ANM Essentials - Evergreen,CW,40.0,9.36,374.58,USD
2026-02-01,Auvik,VeryPC Ltd,ANM Essentials Evergreen,CW,39.0,9.36,365.04,USD
2026-02-01,Auvik,Viatek,ANM Essentials - Evergreen,CW,403.0,6.29,2536.08,USD
2026-02-01,Auvik,Viatek,ANM Essentials Evergreen,CW,110.0,6.29,691.9,USD
2026-02-01,Auvik,Viperspace,CWANM-1 Committed Billable Devices,CW,40.0,9.19,367.6,USD
2026-02-01,Auvik,Visual Edge,ANM Essentials - Evergreen,CMS,175.0,7.08,1239.47,USD
2026-02-01,Auvik,Visual Edge,ANM Essentials Evergreen,CMS,982.0,7.08,6952.56,USD
2026-02-01,Auvik,Visual Edge,ANM Performance Add-On Evergreen,CMS,16.0,4.79,76.64,USD
2026-02-01,Auvik,WBM Office Systems,ANM Essentials - Evergreen,CW,1000.0,4.72,4718.0,USD
2026-02-01,Auvik,WBM Office Systems,ANM Essentials Evergreen,CW,56.0,4.72,264.32,USD
2026-02-01,Auvik,"WPG Consulting, LLC",EPRM-ANM-175 Auvik Essentials -- Committed,CMS,175.0,7.56,1323.0,USD
2026-02-01,Auvik,"WPG Consulting, LLC",EPRM-ANM-175 Auvik Essentials -- Overage,CMS,85.0,7.56,642.6,USD
2026-02-01,Auvik,WTA Consulting,ANM Essentials - Evergreen,CW,20.0,11.23,224.7,USD
2026-02-01,Auvik,WTA Consulting,ANM Essentials Evergreen,CW,18.0,11.24,202.32,USD
2026-02-01,Auvik,Wavenet UK,EPRM-ANM-1000 Auvik Essentials -- Committed,CMS,1000.0,3.27,3270.0,USD
2026-02-01,Auvik,Wavenet UK,EPRM-ANM-1000 Auvik Essentials -- Overage,CMS,973.0,3.27,3181.71,USD
2026-02-01,Auvik,Wavenet UK,PARM-ANM-1000 Auvik Performance Add On,CMS,1000.0,1.76,1760.0,USD
2026-02-01,Auvik,Wavenet UK,PARM-ANM-1000 Auvik Performance Add On -- Overage,CMS,937.0,1.76,1649.12,USD
2026-02-01,Auvik,"Weaver Technologies, LLC",ANM Essentials,CMS,500.0,5.88,2940.0,USD
2026-02-01,Auvik,"Weaver Technologies, LLC",ANM Performance Add-Ons,CMS,500.0,3.36,1680.0,USD
2026-02-01,Auvik,"Weaver Technologies, LLC",ANM Performance Add-on,CMS,0.0,3.36,0.0,USD
2026-02-01,Auvik,Wipfli LLP,ANM Essentials,CMS,500.0,5.14,2572.5,USD
2026-02-01,Auvik,Wipfli LLP,ANM Essentials,CMS,0.0,5.15,0.0,USD
2026-02-01,Auvik,Wipfli LLP,ANM Performance Add-Ons,CMS,1.0,2.94,2.94,USD
2026-02-01,Auvik,Z-TECH Associates,ANM Essentials,CMS,111.0,8.4,932.4,USD
2026-02-01,Auvik,Z-TECH Associates,ANM Performance Add-Ons,CMS,1.0,5.44,5.44,USD
2026-02-01,Auvik,Z-TECH Associates,ANM Performance Add-on,CMS,110.0,5.44,598.4,USD
2026-02-01,Auvik,ZINC LLC,ANM Essentials - Evergreen,CMS,10.0,11.23,112.35,USD
2026-02-01,Auvik,ZINC LLC,ANM Essentials Evergreen,CMS,0.0,11.24,0.0,USD
2026-02-01,Auvik,ZINC LLC,ANM Performance Add-On Evergreen,CMS,5.0,7.49,37.45,USD
2026-02-01,Auvik,ZINC LLC,ANM Performance Add-Ons - Evergreen,CMS,5.0,7.49,37.45,USD
2026-02-01,Auvik,Zbrella,ANM Essentials - Evergreen,CMS,40.0,9.84,393.42,USD
2026-02-01,Auvik,Zephyr Networks,ANM Essentials - Evergreen,CMS,100.0,7.87,786.8,USD
2026-02-01,Auvik,Zephyr Networks,ANM Essentials Evergreen,CMS,0.0,7.87,0.0,USD
2026-02-01,Auvik,Zephyr Networks,ANM Performance Add-On Evergreen,CMS,100.0,5.24,524.0,USD
2026-02-01,Auvik,eMazzanti Technologies,COANM-1 Committed Billable Devices,CMS,40.0,9.19,367.6,USD
2026-02-01,Auvik,eMazzanti Technologies,COANM-2 Additional Billable Devices,CMS,57.0,9.19,523.83,USD
2026-02-01,Auvik,eMazzanti Technologies,COANM-4 Additional Performance Add-Ons,CMS,5.0,6.0,30.0,USD
2026-02-01,Auvik,ePossible,ANM Essentials - Evergreen,CW,10.0,11.23,112.35,USD
2026-02-01,Auvik,ePossible,ANM Essentials Evergreen,CW,0.0,11.24,0.0,USD
2026-02-01,Auvik,i2m,CWANM-1 Additional Billable Devices,CW,90.0,9.19,827.1,USD
2026-02-01,Auvik,i2m,CWANM-1 Committed Billable Devices,CW,40.0,9.19,367.6,USD
2026-02-01,Auvik,iNetwork Management Inct,ANM Essentials - Evergreen,CW,40.0,9.84,393.42,USD
2026-02-01,Auvik,iNetwork Management Inct,ANM Essentials Evergreen,CW,0.0,9.84,0.0,USD
2026-02-01,Auvik,"iTEAM Consulting, LLC",ANM Essentials - Evergreen,CW,115.0,7.0,805.29,USD
2026-02-01,Auvik,integraONE,ANM Essentials - Evergreen,CMS,250.0,6.29,1573.25,USD
2026-02-01,Auvik,integraONE,ANM Essentials Evergreen,CMS,163.0,6.29,1025.27,USD
2026-02-01,Auvik,integraONE,ANM Performance Add-On Evergreen,CMS,3.0,4.32,12.96,USD
2026-03-01,Auvik,2W Technologies inc,ANM Essentials - Evergreen,CW,129.0,7.49,966.66,USD
2026-03-01,Auvik,2W Technologies inc,ANM Essentials Evergreen,CW,92.0,7.49,689.08,USD
2026-03-01,Auvik,2W Technologies inc,ANM Performance Add-On Evergreen,CW,61.0,4.87,297.07,USD
2026-03-01,Auvik,2W Technologies inc,ANM Performance Add-Ons - Evergreen,CW,129.0,4.87,628.39,USD
2026-03-01,Auvik,4Wall Entertainment,ANM Essentials - Evergreen,CW,40.0,9.36,374.58,USD
2026-03-01,Auvik,4Wall Entertainment,ANM Essentials Evergreen,CW,18.0,9.36,168.48,USD
2026-03-01,Auvik,4Wall Entertainment,Auvik SaaS Management - Evergreen,CW,1000.0,0.57,570.01,USD
2026-03-01,Auvik,4Wall Entertainment,Auvik SaaS Management Evergreen,CW,246.0,0.57,140.22,USD
2026-03-01,Auvik,ABS Information Systems Inc,ANM Essentials - Evergreen,CMS,40.0,9.84,393.42,USD
2026-03-01,Auvik,ABS Information Systems Inc,ANM Essentials Evergreen,CMS,41.0,9.84,403.44,USD
2026-03-01,Auvik,ACP CreativeIT,ANM Essentials,CW,600.0,5.14,3087.0,USD
2026-03-01,Auvik,ACP CreativeIT,ANM Essentials,CW,0.0,5.15,0.0,USD
2026-03-01,Auvik,ADNET Technologies,EPRM-ANM-250 Auvik Essentials -- Committed,CMS,250.0,5.88,1470.0,USD
2026-03-01,Auvik,ADNET Technologies,EPRM-ANM-250 Auvik Essentials -- Overage,CMS,87.0,5.88,511.56,USD
2026-03-01,Auvik,ADNET Technologies,PARM-ANM-250 Auvik Performance Add On -- Overage,CMS,12.0,3.5,42.0,USD
2026-03-01,Auvik,ALLSTAR Partners LLC,EPRM-ANM-100 Auvik Essentials -- Committed,CMS,100.0,7.35,735.0,USD
2026-03-01,Auvik,ALLSTAR Partners LLC,EPRM-ANM-100 Auvik Essentials -- Overage,CMS,0.0,7.35,0.0,USD
2026-03-01,Auvik,ALLSTAR Partners LLC,PARM-ANM-100 Auvik Performance Add On -- Overage,CMS,58.0,4.78,277.24,USD
2026-03-01,Auvik,AMSYS,ANM Essentials - Evergreen,CW,353.0,6.85,2417.8,USD
2026-03-01,Auvik,AMSYS,ANM Essentials Evergreen,CW,134.0,6.85,917.9,USD
2026-03-01,Auvik,ATG,ANM Essentials - Evergreen,CMS,10.0,11.23,112.35,USD
2026-03-01,Auvik,Abadata Computer Corporation,ANM Essentials - Evergreen,CMS,40.0,9.84,393.42,USD
2026-03-01,Auvik,Abadata Computer Corporation,ANM Essentials Evergreen,CMS,0.0,9.84,0.0,USD
2026-03-01,Auvik,Accessium Group,EPRM-ANM-750 Auvik Essentials -- Committed,CW,826.0,4.76,3931.76,USD
2026-03-01,Auvik,Accessium Group,EPRM-ANM-750 Auvik Essentials -- Overage,CW,393.0,4.76,1870.68,USD
2026-03-01,Auvik,Accessium Group,PARM-ANM-750 Auvik Performance Add On,CW,670.0,2.77,1855.9,USD
2026-03-01,Auvik,Accessium Group,PARM-ANM-750 Auvik Performance Add On -- Overage,CW,549.0,2.77,1520.73,USD
2026-03-01,Auvik,"Advanced Office Systems, Inc.",ANM Essentials - Evergreen,CW,105.0,7.87,826.14,USD
2026-03-01,Auvik,"Advanced Office Systems, Inc.",ANM Essentials Evergreen,CW,0.0,7.87,0.0,USD
2026-03-01,Auvik,AdventOne,ANM Essentials,CW,172.0,7.35,1264.2,USD
2026-03-01,Auvik,AdventOne,ANM Performance Add-Ons,CW,100.0,4.76,476.0,USD
2026-03-01,Auvik,AdventOne,ANM Performance Add-on,CW,61.0,4.76,290.36,USD
2026-03-01,Auvik,Affinity IT Group,ANM Essentials - Evergreen,CMS,40.0,9.84,393.42,USD
2026-03-01,Auvik,Affinity IT Group,ANM Essentials Evergreen,CMS,5.0,9.84,49.2,USD
2026-03-01,Auvik,AiroSpark,ANM Essentials - Evergreen,CW,50.0,8.36,417.93,USD
2026-03-01,Auvik,AiroSpark,ANM Performance Add-Ons - Evergreen,CW,50.0,3.21,160.44,USD
2026-03-01,Auvik,All Lines Technology,ANM Essentials - Evergreen,CW,300.0,5.99,1798.04,USD
2026-03-01,Auvik,All Lines Technology,ANM Essentials Evergreen,CW,0.0,5.99,0.0,USD
2026-03-01,Auvik,All Net Connections,ANM Essentials - Evergreen,CW,164.0,7.49,1228.93,USD
2026-03-01,Auvik,All Net Connections,ANM Essentials Evergreen,CW,0.0,7.49,0.0,USD
2026-03-01,Auvik,Allegiant Networks,ANM Essentials - Evergreen,CW,100.0,7.87,786.8,USD
2026-03-01,Auvik,Allegiant Networks,ANM Essentials Evergreen,CW,137.0,7.87,1078.19,USD
2026-03-01,Auvik,Alliance IT,EPRM-ANM-10 Auvik Essentials -- Committed,CW,16.0,12.0,191.98,USD
2026-03-01,Auvik,Alliance IT,EPRM-ANM-10 Auvik Essentials -- Overage,CW,0.0,12.0,0.0,USD
2026-03-01,Auvik,Alliance IT,PARM-ANM-10 Auvik Performance Add On,CW,16.0,8.0,128.02,USD
2026-03-01,Auvik,Alliance IT,PARM-ANM-10 Auvik Performance Add On -- Overage,CW,0.0,8.0,0.0,USD
2026-03-01,Auvik,Alliance Tech Partners,ANM Essentials - Evergreen,CW,44.0,9.84,432.77,USD
2026-03-01,Auvik,Alliance Tech Partners,ANM Essentials Evergreen,CW,0.0,9.84,0.0,USD
2026-03-01,Auvik,Alliance Tech Partners,ANM Performance Add-Ons - Evergreen,CW,20.0,6.69,133.71,USD
2026-03-01,Auvik,Allied Business Solutions,EPRM-ANM-100 Auvik Essentials -- Committed,CMS,118.0,8.4,991.2,USD
2026-03-01,Auvik,Allied Business Solutions,EPRM-ANM-100 Auvik Essentials -- Overage,CMS,0.0,8.4,0.0,USD
2026-03-01,Auvik,Allied Business Solutions,PARM-ANM-100 Auvik Performance Add On,CMS,10.0,5.46,54.6,USD
2026-03-01,Auvik,Allied Business Solutions,PARM-ANM-100 Auvik Performance Add On -- Overage,CMS,65.0,5.46,354.9,USD
2026-03-01,Auvik,American First National Bank,ANM Essentials - Evergreen,CW,27.0,11.24,303.35,USD
2026-03-01,Auvik,American First National Bank,ANM Essentials Evergreen,CW,0.0,11.24,0.0,USD
2026-03-01,Auvik,Apex Infinite Solutions,EPRM-ANM-250 Auvik Essentials -- Committed,CW,316.0,5.6,1769.6,USD
2026-03-01,Auvik,Apex Infinite Solutions,EPRM-ANM-250 Auvik Essentials -- Overage,CW,0.0,5.6,0.0,USD
2026-03-01,Auvik,Apex Technology Corporation,ANM Essentials - Evergreen,CW,361.0,5.99,2163.64,USD
2026-03-01,Auvik,Apex Technology Corporation,ANM Essentials Evergreen,CW,87.0,5.99,521.13,USD
2026-03-01,Auvik,Apex Technology Corporation,Free of Charge,CW,0.0,0.0,0.0,USD
2026-03-01,Auvik,Associated Computer Systems,ANM Essentials - Evergreen,CMS,1700.0,4.72,8020.6,USD
2026-03-01,Auvik,Associated Computer Systems,ANM Essentials Evergreen,CMS,0.0,4.72,0.0,USD
2026-03-01,Auvik,Associated Computer Systems,ANM Performance Add-On Evergreen,CMS,48.0,3.48,167.04,USD
2026-03-01,Auvik,Associated Computer Systems,Auvik SaaS Management - Evergreen,CMS,500.0,0.91,455.0,USD
2026-03-01,Auvik,Associated Computer Systems,Auvik SaaS Management Evergreen,CMS,0.0,0.91,0.0,USD
2026-03-01,Auvik,Atlantic-IT.net,ANM Essentials - Evergreen,CMS,69.0,9.36,646.15,USD
2026-03-01,Auvik,Atlantic-IT.net,ANM Essentials - Evergreen,CMS,10.0,12.84,128.4,USD
2026-03-01,Auvik,Atlantic-IT.net,ANM Essentials Evergreen,CMS,36.0,9.36,336.96,USD
2026-03-01,Auvik,Atlantic-IT.net,ANM Essentials Evergreen,CMS,0.0,12.84,0.0,USD
2026-03-01,Auvik,Atruent,ANM Essentials - Evergreen,CW,101.0,7.87,794.67,USD
2026-03-01,Auvik,Atruent,ANM Essentials Evergreen,CW,74.0,7.87,582.38,USD
2026-03-01,Auvik,Attache Group,Auvik SaaS Management,CW,150.0,1.57,236.25,USD
2026-03-01,Auvik,Attache Group,Auvik SaaS Management,CW,0.0,1.58,0.0,USD
2026-03-01,Auvik,Avaria Networks,ANM Essentials - Evergreen,CMS,65.0,10.7,695.64,USD
2026-03-01,Auvik,Avaria Networks,ANM Essentials Evergreen,CMS,0.0,10.7,0.0,USD
2026-03-01,Auvik,Avitus Technology Services,EPRM-ANM-250 Auvik Essentials -- Committed,CMS,250.0,6.72,1680.0,USD
2026-03-01,Auvik,Avitus Technology Services,EPRM-ANM-250 Auvik Essentials -- Overage,CMS,0.0,6.72,0.0,USD
2026-03-01,Auvik,AzteQ Group Ltd,ANM Essentials - Evergreen,CMS,10.0,11.23,112.35,USD
2026-03-01,Auvik,AzteQ Group Ltd,ANM Essentials Evergreen,CMS,36.0,11.24,404.64,USD
2026-03-01,Auvik,AzteQ Group Ltd,ANM Performance Add-On Evergreen,CMS,9.0,7.31,65.79,USD
2026-03-01,Auvik,BetterWorld Telecom,ANM Essentials - Evergreen,CW,100.0,7.49,749.35,USD
2026-03-01,Auvik,BetterWorld Telecom,ANM Essentials Evergreen,CW,167.0,7.49,1250.83,USD
2026-03-01,Auvik,BetterWorld Telecom,ANM Performance Add-On Evergreen,CW,56.0,4.87,272.72,USD
2026-03-01,Auvik,BetterWorld Telecom,ANM Performance Add-Ons - Evergreen,CW,100.0,4.87,487.13,USD
2026-03-01,Auvik,Bevcomm,EPRM-ANM-100 Auvik Essentials -- Committed,CMS,100.0,7.35,735.0,USD
2026-03-01,Auvik,Bevcomm,EPRM-ANM-100 Auvik Essentials -- Overage,CMS,0.0,7.35,0.0,USD
2026-03-01,Auvik,Beyon Solutions,ANM Essentials,CW,300.0,6.29,1887.9,USD
2026-03-01,Auvik,"Blade Technologies, Inc.",ANM Essentials - Evergreen,CW,225.0,6.74,1516.53,USD
2026-03-01,Auvik,"Blade Technologies, Inc.",ANM Essentials Evergreen,CW,64.0,6.74,431.36,USD
2026-03-01,Auvik,Blue Angle,EPRM-ANM-100 Auvik Essentials -- Committed,CMS,150.0,7.0,1050.0,USD
2026-03-01,Auvik,Blue Angle,EPRM-ANM-100 Auvik Essentials -- Overage,CMS,128.0,7.0,896.0,USD
2026-03-01,Auvik,Blue Angle,PARM-ANM-100 Auvik Performance Add On,CMS,75.0,4.55,341.25,USD
2026-03-01,Auvik,Bramatt Computing,ANM Essentials - Evergreen,CW,25.0,11.24,280.88,USD
2026-03-01,Auvik,Bramatt Computing,ANM Essentials Evergreen,CW,33.0,11.24,370.92,USD
2026-03-01,Auvik,Brewer Dental Center,ANM Essentials - Evergreen,CW,12.0,11.23,134.82,USD
2026-03-01,Auvik,Brewer Dental Center,ANM Essentials Evergreen,CW,0.0,11.24,0.0,USD
2026-03-01,Auvik,Bridge Healthcare Partners,ANM Essentials - Evergreen,CW,205.0,6.74,1381.73,USD
2026-03-01,Auvik,Bridge Healthcare Partners,ANM Essentials Evergreen,CW,0.0,6.74,0.0,USD
2026-03-01,Auvik,Bridge Healthcare Partners,ANM Performance Add-On Evergreen,CW,0.0,4.12,0.0,USD
2026-03-01,Auvik,Bridge Healthcare Partners,ANM Performance Add-Ons - Evergreen,CW,205.0,4.12,844.14,USD
2026-03-01,Auvik,Buchanan Technologies,ANM Essentials,CW,465.0,5.88,2734.2,USD
2026-03-01,Auvik,"Business Communications, Inc.",ANM Essentials - Evergreen,CW,772.0,5.25,4049.77,USD
2026-03-01,Auvik,"Business Communications, Inc.",ANM Essentials Evergreen,CW,242.0,5.25,1270.5,USD
2026-03-01,Auvik,"Business Communications, Inc.",ANM Performance Add-Ons - Evergreen,CW,31.0,3.67,113.87,USD
2026-03-01,Auvik,Business Information Group,EPRM-ANM-40 Auvik Essentials -- Committed,CW,40.0,8.75,350.0,USD
2026-03-01,Auvik,Business Information Group,EPRM-ANM-40 Auvik Essentials -- Overage,CW,108.0,8.75,945.0,USD
2026-03-01,Auvik,C&K Systems,ERM-ANM-40 Auvik Essentials -- Overage,CW,0.0,9.19,0.0,USD
2026-03-01,Auvik,CAIU,EPRM-ANM-500 Auvik Essentials -- Committed,CMS,500.0,5.88,2940.0,USD
2026-03-01,Auvik,CAIU,EPRM-ANM-500 Auvik Essentials -- Overage,CMS,16.0,5.88,94.08,USD
2026-03-01,Auvik,CAIU,PARM-ANM-500 Auvik Performance Add On -- Overage,CMS,6.0,3.36,20.16,USD
2026-03-01,Auvik,CATS Technology Solutions Group,ANM Essentials - Evergreen,CW,10.0,12.84,128.4,USD
2026-03-01,Auvik,CATS Technology Solutions Group,ANM Essentials Evergreen,CW,0.0,12.84,0.0,USD
2026-03-01,Auvik,CATS Technology Solutions Group,ANM Performance Add-On Evergreen,CW,8.0,8.56,68.48,USD
2026-03-01,Auvik,"CJS Associates, LLC",ANM Essentials - Evergreen,CMS,40.0,9.36,374.58,USD
2026-03-01,Auvik,"CJS Associates, LLC",Auvik SaaS Management - Evergreen,CMS,50.0,2.1,105.0,USD
2026-03-01,Auvik,CMIT Solutions,ANM Essentials - Evergreen,CMS,500.0,5.24,2620.05,USD
2026-03-01,Auvik,CMIT Solutions,ANM Essentials Evergreen,CMS,0.0,5.24,0.0,USD
2026-03-01,Auvik,CMIT Solutions,ANM Performance Add-On Evergreen,CMS,19.0,3.67,69.73,USD
2026-03-01,Auvik,CNE IT Solutions,ANM Essentials - Evergreen,CMS,10.0,11.23,112.35,USD
2026-03-01,Auvik,CNE IT Solutions,ANM Essentials Evergreen,CMS,34.0,11.24,382.16,USD
2026-03-01,Auvik,CNE IT Solutions,Auvik SaaS Management - Evergreen,CMS,100.0,1.05,105.01,USD
2026-03-01,Auvik,CNE IT Solutions,Auvik SaaS Management Evergreen,CMS,0.0,1.05,0.0,USD
2026-03-01,Auvik,CSI,ANM Essentials - Evergreen,CMS,10.0,11.23,112.35,USD
2026-03-01,Auvik,CSI,ANM Essentials Evergreen,CMS,49.0,11.24,550.76,USD
2026-03-01,Auvik,CTMS LLC,ANM Essentials - Evergreen,CMS,250.0,7.19,1798.07,USD
2026-03-01,Auvik,CTMS LLC,ANM Essentials Evergreen,CMS,269.0,7.19,1934.11,USD
2026-03-01,Auvik,CWL Systems,COANM-1 Committed Billable Devices,CMS,40.0,9.19,367.6,USD
2026-03-01,Auvik,CWL Systems,COANM-2 Additional Billable Devices,CMS,0.0,9.19,0.0,USD
2026-03-01,Auvik,Calculated Research & Technology,EPRM-ANM-75 Auvik Essentials -- Committed,CMS,75.0,8.64,648.0,USD
2026-03-01,Auvik,Calculated Research & Technology,EPRM-ANM-75 Auvik Essentials -- Overage,CMS,79.0,8.64,682.56,USD
2026-03-01,Auvik,Cambridge Networks,ANM Essentials - Evergreen,CW,175.0,7.08,1239.47,USD
2026-03-01,Auvik,Cambridge Networks,ANM Essentials Evergreen,CW,0.0,7.08,0.0,USD
2026-03-01,Auvik,Cambridge Networks,ANM Performance Add-On Evergreen,CW,0.0,4.32,0.0,USD
2026-03-01,Auvik,Cambridge Networks,ANM Performance Add-Ons - Evergreen,CW,6.0,4.32,25.93,USD
2026-03-01,Auvik,Centre Technologies,ANM Essentials - Evergreen,CMS,1000.0,5.16,5156.77,USD
2026-03-01,Auvik,Centre Technologies,ANM Essentials Evergreen,CMS,1318.0,5.16,6800.88,USD
2026-03-01,Auvik,Centre Technologies,ANM Performance Add-On Evergreen,CMS,0.0,2.78,0.0,USD
2026-03-01,Auvik,Centre Technologies,ANM Performance Add-Ons - Evergreen,CMS,138.0,2.78,384.11,USD
2026-03-01,Auvik,Christenberry Sales,ANM Full Performance - Evergreen,CW,10.0,18.73,187.25,USD
2026-03-01,Auvik,Christenberry Sales,ANM Full Performance Evergreen,CW,0.0,18.73,0.0,USD
2026-03-01,Auvik,Cinos,ANM Essentials - Evergreen,CW,60.0,9.36,561.87,USD
2026-03-01,Auvik,Cinos,ANM Performance Add-Ons - Evergreen,CW,22.0,6.37,140.03,USD
2026-03-01,Auvik,City of Newport News,EPRM-ANM-750 Auvik Essentials -- Committed,CW,800.0,4.76,3808.0,USD
2026-03-01,Auvik,City of Newport News,EPRM-ANM-750 Auvik Essentials -- Overage,CW,0.0,4.76,0.0,USD
2026-03-01,Auvik,City of Newport News,PARM-ANM-750 Auvik Performance Add On,CW,500.0,2.77,1385.0,USD
2026-03-01,Auvik,City of Newport News,PARM-ANM-750 Auvik Performance Add On -- Overage,CW,0.0,2.77,0.0,USD
2026-03-01,Auvik,City of Tavares,ANM Essentials - Evergreen,CW,50.0,9.84,491.78,USD
2026-03-01,Auvik,City of Tavares,ANM Performance Add-Ons - Evergreen,CW,50.0,6.69,334.27,USD
2026-03-01,Auvik,Clare Computer Solutions,ANM Essentials - Evergreen,CMS,175.0,7.08,1239.47,USD
2026-03-01,Auvik,Clare Computer Solutions,ANM Essentials Evergreen,CMS,219.0,7.08,1550.52,USD
2026-03-01,Auvik,Clare Computer Solutions,ANM Performance Add-On Evergreen,CMS,4.0,4.79,19.16,USD
2026-03-01,Auvik,"Coffer Group, LLC",ANM Essentials - Evergreen,CMS,120.0,7.87,944.16,USD
2026-03-01,Auvik,"Coffer Group, LLC",ANM Essentials Evergreen,CMS,0.0,7.87,0.0,USD
2026-03-01,Auvik,CommTech Industries,ANM Essentials - Evergreen,CMS,100.0,7.49,749.35,USD
2026-03-01,Auvik,CommTech Industries,ANM Essentials Evergreen,CMS,360.0,7.49,2696.4,USD
2026-03-01,Auvik,CommTech Industries,ANM Performance Add-On Evergreen,CMS,29.0,4.99,144.71,USD
2026-03-01,Auvik,Commuserv,ANM Essentials - Evergreen,CW,56.0,10.7,599.32,USD
2026-03-01,Auvik,Commuserv,ANM Essentials Evergreen,CW,0.0,10.7,0.0,USD
2026-03-01,Auvik,"Computex, Inc.",ANM Essentials - Evergreen,CW,901.0,5.1,4591.5,USD
2026-03-01,Auvik,"Computex, Inc.",ANM Essentials Evergreen,CW,0.0,5.1,0.0,USD
2026-03-01,Auvik,"Computex, Inc.",ANM Performance Add-On Evergreen,CW,0.0,2.96,0.0,USD
2026-03-01,Auvik,"Computex, Inc.",ANM Performance Add-Ons - Evergreen,CW,52.0,2.96,153.97,USD
2026-03-01,Auvik,ConXioN,ERM-ANM-250 Auvik Essentials -- Committed,CW,463.0,5.88,2722.44,USD
2026-03-01,Auvik,ConXioN,ERM-ANM-250 Auvik Essentials -- Overage,CW,49.0,5.88,288.12,USD
2026-03-01,Auvik,ConnectWise - APAC,Usage - Billable Devices,CW,50.0,10.5,525.0,USD
2026-03-01,Auvik,ConnectWise Inc,ANM Performance Add-On Evergreen,CW,0.0,0.0,0.0,USD
2026-03-01,Auvik,"ConnectWise, LLC",Continuum Monthly Plan,CMS,173.0,0.0,1034.0,USD
2026-03-01,Auvik,Consilien LLC,ANM Essentials - Evergreen,CMS,40.0,9.36,374.58,USD
2026-03-01,Auvik,Consilien LLC,ANM Essentials Evergreen,CMS,33.0,9.36,308.88,USD
2026-03-01,Auvik,Convergent Technologies Group,COANM-2 Additional Billable Devices,CMS,16.0,7.35,117.6,USD
2026-03-01,Auvik,Convergent Technologies Group,COANM-2 Committed Billable Devices,CMS,100.0,7.35,735.0,USD
2026-03-01,Auvik,"CorCystems, Inc",ANM Essentials - Evergreen,CW,500.0,6.29,3144.12,USD
2026-03-01,Auvik,"CorCystems, Inc",ANM Essentials Evergreen,CW,0.0,6.29,0.0,USD
2026-03-01,Auvik,"Corporate Technical Services, Inc.",Billable Devices,CW,40.0,9.19,367.6,USD
2026-03-01,Auvik,"Corporate Technical Services, Inc.",Billable Devices - Additional,CW,0.0,0.0,0.0,USD
2026-03-01,Auvik,"Corporate Technical Services, Inc.",Usage - Billable Devices,CW,0.0,9.19,0.0,USD
2026-03-01,Auvik,CoventBridge Group,ANM Essentials - Evergreen,CW,25.0,11.24,280.88,USD
2026-03-01,Auvik,Crimson It Services,ERM-ANM-40 Auvik Essentials -- Committed,CW,40.0,9.19,367.6,USD
2026-03-01,Auvik,Crimson It Services,ERM-ANM-40 Auvik Essentials -- Overage,CW,0.0,9.19,0.0,USD
2026-03-01,Auvik,Cross Sound Ferry,ANM Essentials,CW,53.0,9.81,520.09,USD
2026-03-01,Auvik,Cyber Advisors Inc,ANM Essentials,CMS,854.0,4.76,4065.04,USD
2026-03-01,Auvik,Cyber Advisors Inc,ANM Performance Add-Ons,CMS,1.0,2.77,2.77,USD
2026-03-01,Auvik,Cyber Advisors Inc,ANM Performance Add-on,CMS,24.0,2.77,66.48,USD
2026-03-01,Auvik,CyberSheath,ANM Essentials - Evergreen,CW,10.0,11.23,112.35,USD
2026-03-01,Auvik,CyberSheath,ANM Essentials Evergreen,CW,413.0,11.24,4642.12,USD
2026-03-01,Auvik,Cyberstreams,ANM Essentials - Evergreen,CMS,40.0,9.84,393.42,USD
2026-03-01,Auvik,Cyberstreams,ANM Essentials Evergreen,CMS,23.0,9.84,226.32,USD
2026-03-01,Auvik,DP Solutions,EPRM-ANM-500 Auvik Essentials -- Committed,CMS,500.0,5.15,2575.0,USD
2026-03-01,Auvik,DP Solutions,EPRM-ANM-500 Auvik Essentials -- Overage,CMS,43.0,5.15,221.45,USD
2026-03-01,Auvik,DP Solutions,PARM-ANM-500 Auvik Performance Add On -- Overage,CMS,142.0,2.94,417.48,USD
2026-03-01,Auvik,"DSM Technology Consultants, LLC",ANM Essentials - Evergreen,CW,225.0,6.74,1516.53,USD
2026-03-01,Auvik,"DSM Technology Consultants, LLC",ANM Essentials Evergreen,CW,0.0,6.74,0.0,USD
2026-03-01,Auvik,"DSM Technology Consultants, LLC",ANM Performance Add-On Evergreen,CW,0.0,4.57,0.0,USD
2026-03-01,Auvik,"DSM Technology Consultants, LLC",ANM Performance Add-Ons - Evergreen,CW,225.0,4.57,1027.61,USD
2026-03-01,Auvik,DTC,ANM Essentials - Evergreen,CMS,10.0,12.84,128.4,USD
2026-03-01,Auvik,DTC,ANM Essentials Evergreen,CMS,0.0,12.84,0.0,USD
2026-03-01,Auvik,Daemen ICT,ANM Essentials - Evergreen,CMS,40.0,9.36,374.58,USD
2026-03-01,Auvik,Daemen ICT,ANM Essentials Evergreen,CMS,0.0,9.36,0.0,USD
2026-03-01,Auvik,Datec (Fiji) Pte Limited,ANM Essentials - Evergreen,CW,10.0,11.23,112.35,USD
2026-03-01,Auvik,Datec (Fiji) Pte Limited,ANM Essentials Evergreen,CW,0.0,11.24,0.0,USD
2026-03-01,Auvik,"Decian, Inc.",EPRM-ANM-175 Auvik Essentials -- Committed,CMS,175.0,7.56,1323.0,USD
2026-03-01,Auvik,"Decian, Inc.",EPRM-ANM-175 Auvik Essentials -- Overage,CMS,0.0,7.56,0.0,USD
2026-03-01,Auvik,Dental Health Associates of Madison,ANM Full Performance - Evergreen,CW,53.0,16.52,875.6,USD
2026-03-01,Auvik,Descent IT,ANM Essentials,CW,76.0,9.17,696.9200000000001,USD
2026-03-01,Auvik,"Direct Companies, LLC",ANM Essentials - Evergreen,CW,206.0,7.08,1457.86,USD
2026-03-01,Auvik,"Direct Companies, LLC",ANM Essentials Evergreen,CW,884.0,7.08,6258.72,USD
2026-03-01,Auvik,"Direct Companies, LLC",ANM Performance Add-On Evergreen,CW,90.0,4.31,387.9,USD
2026-03-01,Auvik,EAG 1Source,ANM Essentials - Evergreen,CMS,40.0,10.7,428.09,USD
2026-03-01,Auvik,EAG 1Source,ANM Essentials Evergreen,CMS,43.0,10.7,460.1,USD
2026-03-01,Auvik,EC Managed IT,ANM Essentials - Evergreen,CW,127.0,7.35,933.45,USD
2026-03-01,Auvik,EC Managed IT,ANM Essentials Evergreen,CW,0.0,7.35,0.0,USD
2026-03-01,Auvik,ENT Networks,ANM Essentials - Evergreen,CW,75.0,9.25,693.53,USD
2026-03-01,Auvik,ENT Networks,ANM Essentials Evergreen,CW,0.0,9.25,0.0,USD
2026-03-01,Auvik,ENT of Georgia,ANM Essentials - Evergreen,CW,30.0,11.23,337.05,USD
2026-03-01,Auvik,ENT of Georgia,ANM Essentials Evergreen,CW,0.0,11.24,0.0,USD
2026-03-01,Auvik,ES Consulting,ANM Essentials - Evergreen,CW,455.0,5.88,2675.4,USD
2026-03-01,Auvik,ES Consulting,ANM Essentials Evergreen,CW,34.0,5.88,199.92,USD
2026-03-01,Auvik,Eagle Consulting Group LLC,ANM Essentials - Evergreen,CW,10.0,11.23,112.35,USD
2026-03-01,Auvik,Eagle Consulting Group LLC,ANM Essentials Evergreen,CW,0.0,11.24,0.0,USD
2026-03-01,Auvik,Eanyware,ANM Essentials - Evergreen,CMS,10.0,11.23,112.35,USD
2026-03-01,Auvik,Eanyware,ANM Essentials Evergreen,CMS,0.0,11.24,0.0,USD
2026-03-01,Auvik,Easyitguys,ANM Essentials - Evergreen,CW,40.0,9.81,392.56,USD
2026-03-01,Auvik,Easyitguys,ANM Essentials Evergreen,CW,0.0,9.81,0.0,USD
2026-03-01,Auvik,"Eclipse Networks, Inc",EPRM-ANM-250 Auvik Essentials -- Committed,CW,250.0,5.88,1470.0,USD
2026-03-01,Auvik,"Eclipse Networks, Inc",EPRM-ANM-250 Auvik Essentials -- Overage,CW,16.0,5.88,94.08,USD
2026-03-01,Auvik,"Eclipse Networks, Inc",PARM-ANM-250 Auvik Performance Add On -- Overage,CW,4.0,3.49,13.96,USD
2026-03-01,Auvik,"Edit Technology Solutions, Inc.",ANM Essentials - Evergreen,CMS,343.0,5.88,2016.84,USD
2026-03-01,Auvik,"Edit Technology Solutions, Inc.",ANM Essentials Evergreen,CMS,0.0,5.88,0.0,USD
2026-03-01,Auvik,Ekaru,ANM Essentials - Evergreen,CMS,10.0,11.23,112.35,USD
2026-03-01,Auvik,Ekaru,ANM Essentials Evergreen,CMS,5.0,11.24,56.2,USD
2026-03-01,Auvik,Ekaru,Auvik SaaS Management - Evergreen,CMS,100.0,1.05,105.01,USD
2026-03-01,Auvik,Ekaru,Auvik SaaS Management Evergreen,CMS,0.0,1.05,0.0,USD
2026-03-01,Auvik,"Electronic Strategies, Inc.",ANM Essentials - Evergreen,CMS,175.0,9.1,1593.3,USD
2026-03-01,Auvik,"Electronic Strategies, Inc.",ANM Essentials Evergreen,CMS,81.0,9.1,737.1,USD
2026-03-01,Auvik,"Electronic Strategies, Inc.",ANM Performance Add-On Evergreen,CMS,190.0,4.79,910.1,USD
2026-03-01,Auvik,Empire Consultants,ANM Essentials,CW,175.0,6.62,1157.63,USD
2026-03-01,Auvik,Empire Consultants,ANM Performance Add-Ons,CW,50.0,4.03,201.25,USD
2026-03-01,Auvik,Empire Consultants,ANM Performance Add-on,CW,31.0,4.03,124.93,USD
2026-03-01,Auvik,Empower Information Systems,ANM Essentials - Evergreen,CMS,10.0,11.23,112.35,USD
2026-03-01,Auvik,Empower Information Systems,ANM Essentials Evergreen,CMS,11.0,11.24,123.64,USD
2026-03-01,Auvik,Enso Solutions,COANM-1 Committed Billable Devices,CMS,40.0,9.19,367.6,USD
2026-03-01,Auvik,Enso Solutions,COANM-2 Additional Billable Devices,CMS,75.0,9.19,689.25,USD
2026-03-01,Auvik,Espire IT,ANM Essentials - Evergreen,CMS,10.0,11.23,112.35,USD
2026-03-01,Auvik,Espire IT,ANM Essentials Evergreen,CMS,0.0,11.24,0.0,USD
2026-03-01,Auvik,EuGenius Solutions,ANM Essentials - Evergreen,CW,10.0,12.84,128.4,USD
2026-03-01,Auvik,EuGenius Solutions,ANM Essentials Evergreen,CW,0.0,12.84,0.0,USD
2026-03-01,Auvik,Excite Consulting,ANM Essentials - Evergreen,CW,10.0,11.23,112.35,USD
2026-03-01,Auvik,Excite Consulting,ANM Essentials Evergreen,CW,0.0,11.24,0.0,USD
2026-03-01,Auvik,Excite Consulting,ANM Performance Add-On Evergreen,CW,7.0,7.49,52.43,USD
2026-03-01,Auvik,Excite Consulting,ANM Performance Add-Ons - Evergreen,CW,1.0,7.49,7.49,USD
2026-03-01,Auvik,"Exigent Technologies, LLC",ANM Essentials - Evergreen,CW,316.0,5.99,1893.93,USD
2026-03-01,Auvik,"Exigent Technologies, LLC",ANM Essentials Evergreen,CW,60.0,5.99,359.4,USD
2026-03-01,Auvik,Expedient Technology,ANM Essentials - Evergreen,CMS,750.0,5.85,4384.22,USD
2026-03-01,Auvik,Expedient Technology,ANM Essentials Evergreen,CMS,432.0,5.85,2527.2,USD
2026-03-01,Auvik,FIT Network,ANM Essentials,CMS,65.0,9.17,596.05,USD
2026-03-01,Auvik,FIT Network,ANM Performance Add-Ons,CMS,1.0,6.23,6.23,USD
2026-03-01,Auvik,FIT Solutions,ANM Essentials,CW,80.0,8.64,691.6,USD
2026-03-01,Auvik,FIT Solutions,ANM Essentials,CW,0.0,8.65,0.0,USD
2026-03-01,Auvik,FIT Solutions,ANM Performance Add-Ons,CW,60.0,5.88,352.8,USD
2026-03-01,Auvik,FIT Solutions,ANM Performance Add-on,CW,9.0,5.88,52.92,USD
2026-03-01,Auvik,"FPA Technology Services, Inc.",ANM Essentials - Evergreen,CW,154.0,7.49,1154.0,USD
2026-03-01,Auvik,"FPA Technology Services, Inc.",ANM Essentials Evergreen,CW,0.0,7.49,0.0,USD
2026-03-01,Auvik,Fenix 24 Inc,ANM Essentials,CW,510.0,6.62,3375.0200000000004,USD
2026-03-01,Auvik,FeraDyne Outdoors,ANM Essentials - Evergreen,CW,16.0,11.23,179.76,USD
2026-03-01,Auvik,FeraDyne Outdoors,ANM Essentials Evergreen,CW,0.0,11.24,0.0,USD
2026-03-01,Auvik,Fernco Inc,ANM Essentials - Evergreen,CW,37.0,11.24,415.7,USD
2026-03-01,Auvik,Fernco Inc,ANM Essentials Evergreen,CW,16.0,11.24,179.84,USD
2026-03-01,Auvik,Ferrara IT Services LLC,ANM Essentials - Evergreen,CMS,10.0,11.23,112.35,USD
2026-03-01,Auvik,Ferrara IT Services LLC,ANM Essentials Evergreen,CMS,1.0,11.24,11.24,USD
2026-03-01,Auvik,Fireblade-IT,ANM Essentials - Evergreen,CW,50.0,9.84,491.78,USD
2026-03-01,Auvik,Fireblade-IT,ANM Essentials Evergreen,CW,79.0,9.84,777.36,USD
2026-03-01,Auvik,First Equipment Company,ANM Essentials - Evergreen,CMS,75.0,8.8,660.24,USD
2026-03-01,Auvik,First Equipment Company,ANM Essentials Evergreen,CMS,0.0,8.8,0.0,USD
2026-03-01,Auvik,Fitzrovia I.T. Limited,EPRM-ANM-40 Auvik Essentials -- Committed,CMS,40.0,9.19,367.6,USD
2026-03-01,Auvik,Fitzrovia I.T. Limited,EPRM-ANM-40 Auvik Essentials -- Overage,CMS,45.0,9.19,413.55,USD
2026-03-01,Auvik,Five Rivers IT,ANM Essentials - Evergreen,CW,115.0,8.56,984.81,USD
2026-03-01,Auvik,Five Rivers IT,ANM Essentials Evergreen,CW,284.0,8.56,2431.04,USD
2026-03-01,Auvik,Flagship Lab Services LLC,ERM-ANM-40 Auvik Essentials -- Committed,CW,51.0,8.75,446.25,USD
2026-03-01,Auvik,Flagship Lab Services LLC,ERM-ANM-40 Auvik Essentials -- Overage,CW,11.0,8.75,96.25,USD
2026-03-01,Auvik,Fluid IT Ltd,ANM Essentials - Evergreen,CMS,175.0,7.08,1239.47,USD
2026-03-01,Auvik,Fluid IT Ltd,ANM Essentials Evergreen,CMS,0.0,7.08,0.0,USD
2026-03-01,Auvik,Fluid IT Ltd,ANM Performance Add-Ons - Evergreen,CMS,1.0,5.88,5.88,USD
2026-03-01,Auvik,"Forthright Technology Partners, Inc.",ANM Essentials - Evergreen,CMS,10.0,11.23,112.35,USD
2026-03-01,Auvik,"Forthright Technology Partners, Inc.",ANM Essentials Evergreen,CMS,115.0,11.24,1292.6,USD
2026-03-01,Auvik,FoxNet Solutions,ANM Essentials - Evergreen,CW,100.0,6.74,674.37,USD
2026-03-01,Auvik,FoxNet Solutions,ANM Essentials Evergreen,CW,0.0,6.74,0.0,USD
2026-03-01,Auvik,FoxNet Solutions,ANM Performance Add-On Evergreen,CW,0.0,4.99,0.0,USD
2026-03-01,Auvik,FoxNet Solutions,ANM Performance Add-Ons - Evergreen,CW,33.0,4.99,164.64,USD
2026-03-01,Auvik,"Framework IT, LLC",ANM Essentials - Evergreen,CW,450.0,5.99,2697.05,USD
2026-03-01,Auvik,"Framework IT, LLC",ANM Essentials Evergreen,CW,10.0,5.99,59.9,USD
2026-03-01,Auvik,Frank Miller Lumber Company,ANM Essentials - Evergreen,CW,16.0,11.23,179.76,USD
2026-03-01,Auvik,Frank Miller Lumber Company,ANM Essentials Evergreen,CW,1.0,11.24,11.24,USD
2026-03-01,Auvik,GFI Digital,ANM Essentials - Evergreen,CW,125.0,7.49,936.69,USD
2026-03-01,Auvik,GFI Digital,ANM Essentials Evergreen,CW,0.0,7.49,0.0,USD
2026-03-01,Auvik,Galaxie Business Equipment Inc.,ANM Essentials - Evergreen,CW,28.0,11.23,314.58,USD
2026-03-01,Auvik,Galaxie Business Equipment Inc.,ANM Essentials Evergreen,CW,0.0,11.24,0.0,USD
2026-03-01,Auvik,Galaxie Business Equipment Inc.,ANM Performance Add-On Evergreen,CW,0.0,7.31,0.0,USD
2026-03-01,Auvik,Galaxie Business Equipment Inc.,ANM Performance Add-Ons - Evergreen,CW,10.0,7.31,73.08,USD
2026-03-01,Auvik,Genesis BCS,ANM Essentials - Evergreen,CMS,10.0,11.23,112.35,USD
2026-03-01,Auvik,Gershow Recycling,ANM Full Performance - Evergreen,CW,45.0,16.52,743.44,USD
2026-03-01,Auvik,Gershow Recycling,ANM Full Performance Evergreen,CW,0.0,16.52,0.0,USD
2026-03-01,Auvik,GiaSpace Inc,ANM Essentials - Evergreen,CMS,42.0,9.36,393.31,USD
2026-03-01,Auvik,GiaSpace Inc,ANM Essentials Evergreen,CMS,0.0,9.36,0.0,USD
2026-03-01,Auvik,Glenbrook Automotive,ANM Essentials - Evergreen,CW,114.0,7.35,837.9,USD
2026-03-01,Auvik,Glenbrook Automotive,ANM Essentials Evergreen,CW,0.0,7.35,0.0,USD
2026-03-01,Auvik,Glenbrook Automotive,ANM Performance Add-On Evergreen,CW,0.0,4.76,0.0,USD
2026-03-01,Auvik,Glenbrook Automotive,ANM Performance Add-Ons - Evergreen,CW,100.0,4.76,476.0,USD
2026-03-01,Auvik,Golden West Technologies,ANM Essentials,CW,175.0,7.56,1323.0,USD
2026-03-01,Auvik,Goliad County,ANM Essentials - Evergreen,CW,14.0,11.23,157.29,USD
2026-03-01,Auvik,Goliad County,ANM Essentials Evergreen,CW,0.0,11.24,0.0,USD
2026-03-01,Auvik,Gordon Flesch Company,ANM Essentials - Evergreen,CMS,10.0,11.23,112.35,USD
2026-03-01,Auvik,Greystone Technology,Licenses,CMS,40.0,10.5,420.0,USD
2026-03-01,Auvik,Greystone Technology,Usage - Licenses,CMS,8.0,10.5,84.0,USD
2026-03-01,Auvik,Grid4 Communications,ANM Essentials - Evergreen,CW,60.0,8.62,516.94,USD
2026-03-01,Auvik,Grid4 Communications,ANM Essentials Evergreen,CW,59.0,8.62,508.58,USD
2026-03-01,Auvik,Grid4 Communications,ANM Performance Add-On Evergreen,CW,13.0,6.11,79.43,USD
2026-03-01,Auvik,Grid4 Communications,Free of Charge,CW,0.0,0.0,0.0,USD
2026-03-01,Auvik,H5 Networks,ANM Essentials - Evergreen,CW,20.0,11.23,224.7,USD
2026-03-01,Auvik,H5 Networks,ANM Essentials Evergreen,CW,13.0,11.24,146.12,USD
2026-03-01,Auvik,H5 Networks,ANM Performance Add-On Evergreen,CW,13.0,7.49,97.37,USD
2026-03-01,Auvik,H5 Networks,ANM Performance Add-Ons - Evergreen,CW,20.0,7.49,149.8,USD
2026-03-01,Auvik,HUB Tech,ANM Essentials - Evergreen,CMS,500.0,5.51,2753.75,USD
2026-03-01,Auvik,HUB Tech,ANM Essentials Evergreen,CMS,242.0,5.51,1333.42,USD
2026-03-01,Auvik,HUB Tech,ANM Performance Add-On Evergreen,CMS,742.0,3.85,2856.7,USD
2026-03-01,Auvik,Harbor IT,EPRM-ANM-1000 Auvik Essentials -- Committed,CW,1000.0,4.41,4410.0,USD
2026-03-01,Auvik,Harbor IT,EPRM-ANM-1000 Auvik Essentials -- Overage,CW,444.0,4.41,1958.04,USD
2026-03-01,Auvik,Harbor IT,PARM-ANM-1000 Auvik Performance Add On -- Overage,CW,9.0,2.38,21.42,USD
2026-03-01,Auvik,Harris Technology Services,ANM Essentials - Evergreen,CW,40.0,9.84,393.42,USD
2026-03-01,Auvik,Harris Technology Services,ANM Essentials Evergreen,CW,37.0,9.84,364.08,USD
2026-03-01,Auvik,Hashtech Managed IT Services,ANM Essentials - Evergreen,CMS,10.0,11.23,112.35,USD
2026-03-01,Auvik,HighPoint Technology Group,ANM Essentials - Evergreen,CMS,150.0,8.56,1284.53,USD
2026-03-01,Auvik,HighPoint Technology Group,ANM Essentials Evergreen,CMS,0.0,8.56,0.0,USD
2026-03-01,Auvik,HighPoint Technology Group,ANM Performance Add-On Evergreen,CMS,73.0,6.96,508.08,USD
2026-03-01,Auvik,HillSouth,ANM Essentials - Evergreen,CMS,175.0,7.7,1347.96,USD
2026-03-01,Auvik,HillSouth,ANM Essentials Evergreen,CMS,69.0,7.7,531.3,USD
2026-03-01,Auvik,HillSouth,ANM Performance Add-Ons - Evergreen,CMS,1.0,5.88,5.88,USD
2026-03-01,Auvik,"Home Legend, LLC",ANM Essentials - Evergreen,CW,13.0,11.24,146.06,USD
2026-03-01,Auvik,"Home Legend, LLC",ANM Essentials Evergreen,CW,0.0,11.24,0.0,USD
2026-03-01,Auvik,"Home Legend, LLC",ANM Performance Add-On Evergreen,CW,0.0,7.49,0.0,USD
2026-03-01,Auvik,"Home Legend, LLC",ANM Performance Add-Ons - Evergreen,CW,13.0,7.49,97.37,USD
2026-03-01,Auvik,Huber & Associates MSP,ANM Essentials - Evergreen,CW,250.0,5.99,1498.36,USD
2026-03-01,Auvik,Huber & Associates MSP,ANM Essentials Evergreen,CW,573.0,5.99,3432.27,USD
2026-03-01,Auvik,Huber & Associates MSP,ANM Performance Add-On Evergreen,CW,62.0,3.56,220.72,USD
2026-03-01,Auvik,IMC Technologies,ANM Essentials - Evergreen,CW,10.0,11.23,112.35,USD
2026-03-01,Auvik,IMC Technologies,ANM Essentials Evergreen,CW,0.0,11.24,0.0,USD
2026-03-01,Auvik,IPro Media,ANM Essentials - Evergreen,CW,500.0,5.51,2753.75,USD
2026-03-01,Auvik,IPro Media,ANM Essentials Evergreen,CW,0.0,5.51,0.0,USD
2026-03-01,Auvik,ISG,ANM Essentials - Evergreen,CW,790.0,5.12,4042.75,USD
2026-03-01,Auvik,ISG,ANM Essentials Evergreen,CW,176.0,5.12,901.12,USD
2026-03-01,Auvik,ISG,ANM Performance Add-On Evergreen,CW,31.0,2.96,91.76,USD
2026-03-01,Auvik,ISG,ANM Performance Add-Ons - Evergreen,CW,49.0,2.96,144.83,USD
2026-03-01,Auvik,ISI,Licenses,CMS,100.0,7.35,735.0,USD
2026-03-01,Auvik,ISI,Usage - Licenses,CMS,0.0,7.35,0.0,USD
2026-03-01,Auvik,ISOutsource,ANM Essentials,CW,100.0,7.35,735.0,USD
2026-03-01,Auvik,ISOutsource,Auvik SaaS Management,CW,500.0,0.91,455.0,USD
2026-03-01,Auvik,In-Telecom Consulting,ANM Essentials - Evergreen,CMS,500.0,5.99,2994.19,USD
2026-03-01,Auvik,In-Telecom Consulting,ANM Essentials Evergreen,CMS,79.0,5.99,473.21,USD
2026-03-01,Auvik,In-Telecom Consulting,ANM Performance Add-On Evergreen,CMS,23.0,4.28,98.44,USD
2026-03-01,Auvik,In-Telecom Consulting,ANM Performance Add-Ons - Evergreen,CMS,1.0,4.28,4.28,USD
2026-03-01,Auvik,Indian River Networks,ANM Essentials - Evergreen,CW,40.0,9.36,374.58,USD
2026-03-01,Auvik,Indian River Networks,ANM Essentials Evergreen,CW,24.0,9.36,224.64,USD
2026-03-01,Auvik,Indian River Networks,ANM Performance Add-Ons - Evergreen,CW,7.0,6.11,42.75,USD
2026-03-01,Auvik,Indian River Networks,Free of Charge,CW,0.0,0.0,0.0,USD
2026-03-01,Auvik,Infinit Technology Solutions,EPRM-ANM-100 Auvik Essentials -- Committed,CW,125.0,8.4,1050.0,USD
2026-03-01,Auvik,Infinit Technology Solutions,EPRM-ANM-100 Auvik Essentials -- Overage,CW,35.0,8.4,294.0,USD
2026-03-01,Auvik,Infinity Technology Consulting Inc,ANM Essentials - Evergreen,CMS,10.0,11.23,112.35,USD
2026-03-01,Auvik,Infinity Technology Consulting Inc,ANM Essentials Evergreen,CMS,29.0,11.24,325.96,USD
2026-03-01,Auvik,"Infotec I, Inc.",ANM Essentials,CMS,250.0,6.72,1680.0,USD
2026-03-01,Auvik,"Infotec I, Inc.",ANM Performance Add-on,CMS,111.0,4.0,444.0,USD
2026-03-01,Auvik,Insight Technical Advisors,ANM Essentials,CW,20.0,10.5,210.0,USD
2026-03-01,Auvik,Insight Technical Advisors,ANM Performance Add-Ons,CW,1.0,7.0,7.0,USD
2026-03-01,Auvik,Intalect Ltd,ANM Essentials - Evergreen,CMS,20.0,11.23,224.7,USD
2026-03-01,Auvik,Intalect Ltd,ANM Essentials Evergreen,CMS,1.0,11.24,11.24,USD
2026-03-01,Auvik,IntegraTek Consulting,ANM Essentials - Evergreen,CMS,10.0,12.84,128.4,USD
2026-03-01,Auvik,IntegraTek Consulting,ANM Essentials Evergreen,CMS,0.0,12.84,0.0,USD
2026-03-01,Auvik,"Intelligent Protection, LLC dba IPM Corp",EPRM-ANM-175 Auvik Essentials -- Committed,CW,200.0,6.62,1324.0,USD
2026-03-01,Auvik,"Intelligent Protection, LLC dba IPM Corp",EPRM-ANM-175 Auvik Essentials -- Overage,CW,21.0,6.62,139.02,USD
2026-03-01,Auvik,"Intelligent Protection, LLC dba IPM Corp",PARM-ANM-175 Auvik Performance Add On,CW,45.0,4.04,181.8,USD
2026-03-01,Auvik,"Intelligent Protection, LLC dba IPM Corp",PARM-ANM-175 Auvik Performance Add On -- Overage,CW,5.0,4.04,20.2,USD
2026-03-01,Auvik,"International Computer Services, Inc. (ICSI)",ANM Essentials - Evergreen,CW,1000.0,4.49,4493.42,USD
2026-03-01,Auvik,Intrasystems,ANM Essentials - Evergreen,CMS,250.0,7.19,1798.07,USD
2026-03-01,Auvik,Intrasystems,ANM Essentials Evergreen,CMS,405.0,7.19,2911.95,USD
2026-03-01,Auvik,Intrasystems,ANM Performance Add-On Evergreen,CMS,59.0,4.27,251.93,USD
2026-03-01,Auvik,"Intrinsic Technology Group, Inc.",ANM Essentials - Evergreen,CMS,500.0,5.24,2620.05,USD
2026-03-01,Auvik,"Intrinsic Technology Group, Inc.",ANM Essentials Evergreen,CMS,0.0,5.24,0.0,USD
2026-03-01,Auvik,"Intrinsic Technology Group, Inc.",ANM Performance Add-On Evergreen,CMS,25.0,4.28,107.0,USD
2026-03-01,Auvik,Itek Systems Management Ltd,ANM Essentials - Evergreen,CMS,10.0,11.23,112.35,USD
2026-03-01,Auvik,Itek Systems Management Ltd,ANM Essentials Evergreen,CMS,11.0,11.24,123.64,USD
2026-03-01,Auvik,Jungle IT,ANM Essentials - Evergreen,CW,389.0,6.29,2447.98,USD
2026-03-01,Auvik,Jungle IT,ANM Essentials Evergreen,CW,0.0,6.29,0.0,USD
2026-03-01,Auvik,Jungle IT,ANM Performance Add-On Evergreen,CW,0.0,3.75,0.0,USD
2026-03-01,Auvik,Jungle IT,ANM Performance Add-Ons - Evergreen,CW,389.0,3.75,1456.81,USD
2026-03-01,Auvik,Kalmer Solutions,ANM Essentials - Evergreen,CW,108.0,7.87,849.74,USD
2026-03-01,Auvik,Kalmer Solutions,ANM Essentials Evergreen,CW,0.0,7.87,0.0,USD
2026-03-01,Auvik,Kalmer Solutions,ANM Performance Add-On Evergreen,CW,0.0,5.24,0.0,USD
2026-03-01,Auvik,Kalmer Solutions,ANM Performance Add-Ons - Evergreen,CW,45.0,5.24,235.58,USD
2026-03-01,Auvik,Keen IT Services,ANM Essentials - Evergreen,CW,40.0,9.36,374.58,USD
2026-03-01,Auvik,Keen IT Services,ANM Essentials Evergreen,CW,16.0,9.36,149.76,USD
2026-03-01,Auvik,Kelley Create,ANM Essentials - Evergreen,CMS,40.0,9.84,393.42,USD
2026-03-01,Auvik,Kelser Corporation,ANM Essentials - Evergreen,CMS,250.0,7.19,1798.07,USD
2026-03-01,Auvik,Kelser Corporation,ANM Essentials Evergreen,CMS,0.0,7.19,0.0,USD
2026-03-01,Auvik,Kelser Corporation,ANM Performance Add-On Evergreen,CMS,18.0,5.08,91.44,USD
2026-03-01,Auvik,Kelser Corporation,ANM Performance Add-Ons - Evergreen,CMS,1.0,5.08,5.08,USD
2026-03-01,Auvik,Kent School District in WA state,ANM Essentials,CW,700.0,4.35,3043.27,USD
2026-03-01,Auvik,Kent School District in WA state,ANM Performance Add-Ons,CW,700.0,2.35,1646.4,USD
2026-03-01,Auvik,Kent School District in WA state,ANM Performance Add-on,CW,0.0,2.35,0.0,USD
2026-03-01,Auvik,Kilobytes Data Solutions Inc,ANM Essentials - Evergreen,CMS,75.0,8.65,648.45,USD
2026-03-01,Auvik,Kilobytes Data Solutions Inc,ANM Essentials Evergreen,CMS,0.0,8.65,0.0,USD
2026-03-01,Auvik,"Kraft & Kennedy, Inc.",ANM Essentials - Evergreen,CW,500.0,5.6,2800.0,USD
2026-03-01,Auvik,"Kraft & Kennedy, Inc.",ANM Essentials Evergreen,CW,126.0,5.6,705.6,USD
2026-03-01,Auvik,"Kraft & Kennedy, Inc.",Auvik SaaS Management - Evergreen,CW,2000.0,0.63,1260.0,USD
2026-03-01,Auvik,"Kraft & Kennedy, Inc.",Auvik SaaS Management Evergreen,CW,298.0,0.63,187.74,USD
2026-03-01,Auvik,Krueger Communications,ANM Essentials - Evergreen,CW,100.0,7.49,749.35,USD
2026-03-01,Auvik,Krueger Communications,ANM Essentials Evergreen,CW,257.0,7.49,1924.93,USD
2026-03-01,Auvik,Krueger Communications,Free of Charge,CW,0.0,0.0,0.0,USD
2026-03-01,Auvik,Lake Business Products,ANM Essentials - Evergreen,CMS,10.0,11.23,112.35,USD
2026-03-01,Auvik,Lake Business Products,ANM Essentials Evergreen,CMS,0.0,11.24,0.0,USD
2026-03-01,Auvik,"Lead-In Technologies, Inc.",ANM Essentials - Evergreen,CMS,10.0,11.23,112.35,USD
2026-03-01,Auvik,"Lead-In Technologies, Inc.",ANM Essentials Evergreen,CMS,0.0,11.24,0.0,USD
2026-03-01,Auvik,"Leading Edge Solutions, Inc.",ANM Essentials - Evergreen,CW,40.0,9.81,392.56,USD
2026-03-01,Auvik,LeadingIT,EPRM-ANM-250 Auvik Essentials -- Committed,CMS,250.0,6.72,1680.0,USD
2026-03-01,Auvik,LeadingIT,EPRM-ANM-250 Auvik Essentials -- Overage,CMS,0.0,6.72,0.0,USD
2026-03-01,Auvik,Liberty Maritime,ANM Essentials - Evergreen,CW,20.0,11.23,224.7,USD
2026-03-01,Auvik,Liberty Maritime,ANM Essentials Evergreen,CW,16.0,11.24,179.84,USD
2026-03-01,Auvik,"Lieberman Technologies, LLC",ERM-ANM-75 Auvik Essentials -- Committed,CW,75.0,8.65,648.38,USD
2026-03-01,Auvik,"Lieberman Technologies, LLC",ERM-ANM-75 Auvik Essentials -- Overage,CW,0.0,8.65,0.0,USD
2026-03-01,Auvik,Lincoln Computer Services,ANM Essentials - Evergreen,CW,500.0,5.5,2751.0,USD
2026-03-01,Auvik,Lincoln Computer Services,ANM Essentials Evergreen,CW,0.0,5.5,0.0,USD
2026-03-01,Auvik,Lincoln Computer Services,ANM Performance Add-On Evergreen,CW,0.0,3.14,0.0,USD
2026-03-01,Auvik,Lincoln Computer Services,ANM Performance Add-Ons - Evergreen,CW,374.0,3.14,1175.48,USD
2026-03-01,Auvik,Liquid Pear Technologies,ANM Essentials - Evergreen,CW,12.0,13.97,167.7,USD
2026-03-01,Auvik,Liquid Pear Technologies,ANM Essentials Evergreen,CW,0.0,13.98,0.0,USD
2026-03-01,Auvik,Louisville Geek,ANM Essentials,CW,250.0,5.88,1470.0,USD
2026-03-01,Auvik,Louisville Geek,ANM Performance Add-Ons,CW,250.0,3.5,875.0,USD
2026-03-01,Auvik,Louisville Geek,ANM Performance Add-on,CW,0.0,3.5,0.0,USD
2026-03-01,Auvik,Louisville Geek,Auvik SaaS Management,CW,108.0,1.57,170.1,USD
2026-03-01,Auvik,Louisville Geek,Auvik SaaS Management,CW,48.0,1.58,75.84,USD
2026-03-01,Auvik,MKMX Computer Solutions,ANM Essentials - Evergreen,CW,10.0,11.23,112.35,USD
2026-03-01,Auvik,MKMX Computer Solutions,ANM Essentials Evergreen,CW,0.0,11.24,0.0,USD
2026-03-01,Auvik,Madison Commercial Real Estate Services,ANM Essentials - Evergreen,CW,30.0,11.23,337.05,USD
2026-03-01,Auvik,Madison Commercial Real Estate Services,ANM Essentials Evergreen,CW,33.0,11.24,370.92,USD
2026-03-01,Auvik,Mainframe IT LLC,ANM Essentials - Evergreen,CMS,20.0,11.23,224.7,USD
2026-03-01,Auvik,Mainframe IT LLC,ANM Essentials Evergreen,CMS,0.0,11.24,0.0,USD
2026-03-01,Auvik,Marcum Technology MSP,ANM Essentials - Evergreen,CW,250.0,6.29,1573.25,USD
2026-03-01,Auvik,Marcum Technology MSP,ANM Essentials Evergreen,CW,272.0,6.29,1710.88,USD
2026-03-01,Auvik,Matrix Integration,ANM Essentials - Evergreen,CW,100.0,7.49,749.35,USD
2026-03-01,Auvik,Matrix Integration,ANM Essentials Evergreen,CW,0.0,7.49,0.0,USD
2026-03-01,Auvik,Matrix Integration,ANM Performance Add-On Evergreen,CW,0.0,4.99,0.0,USD
2026-03-01,Auvik,Matrix Integration,ANM Performance Add-Ons - Evergreen,CW,18.0,4.99,89.8,USD
2026-03-01,Auvik,"Maureen Data Systems, Inc.",ANM Essentials - Evergreen,CMS,40.0,9.84,393.42,USD
2026-03-01,Auvik,"Maureen Data Systems, Inc.",ANM Essentials Evergreen,CMS,0.0,9.84,0.0,USD
2026-03-01,Auvik,Max Communications Inc.,ANM Essentials - Evergreen,CW,40.0,9.36,374.58,USD
2026-03-01,Auvik,Max Communications Inc.,ANM Essentials Evergreen,CW,0.0,9.36,0.0,USD
2026-03-01,Auvik,Maxsum Consulting,ANM Essentials - Evergreen,CW,46.0,9.36,430.77,USD
2026-03-01,Auvik,Maxsum Consulting,ANM Essentials Evergreen,CW,37.0,9.36,346.32,USD
2026-03-01,Auvik,McLane Intelligent Solutions,EPRM-ANM-250 Auvik Essentials -- Committed,CMS,250.0,6.4,1600.0,USD
2026-03-01,Auvik,McLane Intelligent Solutions,EPRM-ANM-250 Auvik Essentials -- Overage,CMS,0.0,6.4,0.0,USD
2026-03-01,Auvik,McLane Intelligent Solutions,PARM-ANM-250 Auvik Performance Add On -- Overage,CMS,37.0,3.8,140.6,USD
2026-03-01,Auvik,"Meritech, Inc.",ANM Essentials - Evergreen,CMS,40.0,9.84,393.42,USD
2026-03-01,Auvik,"Meritech, Inc.",ANM Essentials Evergreen,CMS,12.0,9.84,118.08,USD
2026-03-01,Auvik,Milner Technologies,ANM Essentials - Evergreen,CW,250.0,6.29,1573.25,USD
2026-03-01,Auvik,Milner Technologies,ANM Essentials Evergreen,CW,0.0,6.29,0.0,USD
2026-03-01,Auvik,Modtech,ANM Essentials - Evergreen,CW,15.0,11.24,168.53,USD
2026-03-01,Auvik,Modtech,ANM Essentials Evergreen,CW,0.0,11.24,0.0,USD
2026-03-01,Auvik,MyConnectSolutions,ANM Essentials,CW,12.0,10.5,126.0,USD
2026-03-01,Auvik,MyConnectSolutions,Auvik SaaS Management,CW,50.0,2.1,105.0,USD
2026-03-01,Auvik,Nauticon,Billable Devices,CW,150.0,6.62,993.0,USD
2026-03-01,Auvik,Nauticon,Billable Devices - Additional,CW,0.0,0.0,0.0,USD
2026-03-01,Auvik,Nauticon,Usage - Billable Devices,CW,0.0,6.62,0.0,USD
2026-03-01,Auvik,Net@Work,ANM Essentials - Evergreen,CW,550.0,5.24,2882.06,USD
2026-03-01,Auvik,Net@Work,ANM Essentials Evergreen,CW,36.0,5.24,188.64,USD
2026-03-01,Auvik,NetOps Consulting,ANM Full Performance - Evergreen,CW,720.0,7.78,5603.21,USD
2026-03-01,Auvik,NetOps Consulting,ANM Full Performance Evergreen,CW,0.0,7.78,0.0,USD
2026-03-01,Auvik,"NetSource One, Inc.",EPRM-ANM-500 Auvik Essentials -- Committed,CMS,500.0,5.88,2940.0,USD
2026-03-01,Auvik,"NetSource One, Inc.",EPRM-ANM-500 Auvik Essentials -- Overage,CMS,0.0,5.88,0.0,USD
2026-03-01,Auvik,Netcetera Consulting,ANM Essentials - Evergreen,CW,140.0,7.87,1101.52,USD
2026-03-01,Auvik,Netcetera Consulting,ANM Essentials Evergreen,CW,56.0,7.87,440.72,USD
2026-03-01,Auvik,Netropole Inc.,ANM Essentials - Evergreen,CMS,17.0,11.24,191.0,USD
2026-03-01,Auvik,Network Bridge Solutions Ltd,ANM Essentials - Evergreen,CW,40.0,9.36,374.58,USD
2026-03-01,Auvik,Network Bridge Solutions Ltd,ANM Essentials Evergreen,CW,2.0,9.36,18.72,USD
2026-03-01,Auvik,Network Bridge Solutions Ltd,ANM Performance Add-Ons - Evergreen,CW,2.0,6.11,12.22,USD
2026-03-01,Auvik,New England Network Solutions,ANM Essentials - Evergreen,CMS,250.0,5.99,1498.36,USD
2026-03-01,Auvik,New England Network Solutions,ANM Essentials Evergreen,CMS,0.0,5.99,0.0,USD
2026-03-01,Auvik,NewGen Administrative Services,ANM Essentials,CW,269.0,5.38,1447.2700000000002,USD
2026-03-01,Auvik,NewGen Administrative Services,ANM Performance Add-Ons,CW,268.0,3.2,857.61,USD
2026-03-01,Auvik,North State Bank,PRM-ANM-40 Auvik Performance -- Committed,CW,42.0,15.44,648.48,USD
2026-03-01,Auvik,North State Bank,PRM-ANM-40 Auvik Performance -- Overage,CW,7.0,15.44,108.08,USD
2026-03-01,Auvik,North State Bank,RM - ASM - 250 - Committed,CW,270.0,1.05,283.5,USD
2026-03-01,Auvik,North State Bank,RM - ASM - 250 - Overage,CW,0.0,1.05,0.0,USD
2026-03-01,Auvik,Ockers,EPRM-ANM-175 Auvik Essentials -- Committed,CMS,175.0,7.56,1323.0,USD
2026-03-01,Auvik,Ockers,EPRM-ANM-175 Auvik Essentials -- Overage,CMS,0.0,7.56,0.0,USD
2026-03-01,Auvik,"Omni Data, LLC",ANM Full Performance - Evergreen,CMS,500.0,7.41,3703.86,USD
2026-03-01,Auvik,"Omni Data, LLC",ANM Full Performance Evergreen,CMS,112.0,7.41,829.92,USD
2026-03-01,Auvik,"On Line Support, Inc.",ANM Essentials - Evergreen,CW,59.0,9.36,552.51,USD
2026-03-01,Auvik,"On Line Support, Inc.",ANM Essentials Evergreen,CW,54.0,9.36,505.44,USD
2026-03-01,Auvik,OnPar Technologies,ANM Essentials - Evergreen,CW,120.0,7.87,944.16,USD
2026-03-01,Auvik,OnPar Technologies,ANM Essentials Evergreen,CW,0.0,7.87,0.0,USD
2026-03-01,Auvik,Ontech Systems,ANM Essentials - Evergreen,CMS,100.0,7.87,786.8,USD
2026-03-01,Auvik,Ontech Systems,ANM Essentials Evergreen,CMS,40.0,7.87,314.8,USD
2026-03-01,Auvik,Original Consultants Ltd,ANM Essentials,CW,172.0,7.35,1264.2,USD
2026-03-01,Auvik,Oryx Align Limited,ANM Essentials - Evergreen,CW,2000.0,3.65,7297.36,USD
2026-03-01,Auvik,Oryx Align Limited,ANM Essentials Evergreen,CW,7.0,3.65,25.55,USD
2026-03-01,Auvik,PCnet (Syntrio),ANM Essentials - Evergreen,CMS,500.0,6.29,3144.12,USD
2026-03-01,Auvik,PCnet (Syntrio),ANM Essentials Evergreen,CMS,216.0,6.29,1358.64,USD
2026-03-01,Auvik,PEI,ANM Essentials - Evergreen,CMS,175.0,7.7,1347.96,USD
2026-03-01,Auvik,PEI,ANM Essentials Evergreen,CMS,26.0,7.7,200.2,USD
2026-03-01,Auvik,PTS Datacenter Solutions,EPRM-ANM-40 Auvik Essentials -- Committed,CMS,40.0,9.19,367.6,USD
2026-03-01,Auvik,PTS Datacenter Solutions,EPRM-ANM-40 Auvik Essentials -- Overage,CMS,46.0,9.19,422.74,USD
2026-03-01,Auvik,PTS Datacenter Solutions,PARM-ANM-40 Auvik Performance Add On -- Overage,CMS,15.0,6.25,93.75,USD
2026-03-01,Auvik,Pacific Office Automation,ANM Essentials - Evergreen,CW,165.0,7.49,1236.42,USD
2026-03-01,Auvik,Pacific Office Automation,ANM Essentials Evergreen,CW,146.0,7.49,1093.54,USD
2026-03-01,Auvik,Panurgy,ANM Essentials - Evergreen,CMS,10.0,11.23,112.35,USD
2026-03-01,Auvik,Panurgy,ANM Essentials Evergreen,CMS,35.0,11.24,393.4,USD
2026-03-01,Auvik,Paradyn,ANM Essentials - Evergreen,CMS,40.0,9.36,374.58,USD
2026-03-01,Auvik,Paradyn,ANM Essentials Evergreen,CMS,0.0,9.36,0.0,USD
2026-03-01,Auvik,Paronubi,ANM Essentials - Evergreen,CMS,10.0,11.23,112.35,USD
2026-03-01,Auvik,Pearson Kelly Technology,ANM Essentials - Evergreen,CMS,100.0,7.49,749.35,USD
2026-03-01,Auvik,Pearson Kelly Technology,ANM Essentials Evergreen,CMS,0.0,7.49,0.0,USD
2026-03-01,Auvik,Pine Cove Consulting,ANM Essentials - Evergreen,CW,635.0,5.51,3497.26,USD
2026-03-01,Auvik,Pine Cove Consulting,ANM Essentials Evergreen,CW,162.0,5.51,892.62,USD
2026-03-01,Auvik,Pine Cove Consulting,ANM Performance Add-On Evergreen,CW,109.0,3.14,342.26,USD
2026-03-01,Auvik,Pine Cove Consulting,ANM Performance Add-Ons - Evergreen,CW,408.0,3.14,1282.34,USD
2026-03-01,Auvik,Pine Cove Consulting,Auvik SaaS Management - Evergreen,CW,100.0,1.57,157.5,USD
2026-03-01,Auvik,Pine Cove Consulting,Auvik SaaS Management Evergreen,CW,0.0,1.58,0.0,USD
2026-03-01,Auvik,Plains Internet DBA CPU Onsite,ANM Essentials - Evergreen,CMS,40.0,9.84,393.42,USD
2026-03-01,Auvik,Plains Internet DBA CPU Onsite,ANM Essentials Evergreen,CMS,0.0,9.84,0.0,USD
2026-03-01,Auvik,Platinum Technology,EPRM-ANM-10 Auvik Essentials -- Committed,CW,15.0,10.5,157.5,USD
2026-03-01,Auvik,Platinum Technology,EPRM-ANM-10 Auvik Essentials -- Overage,CW,9.0,10.5,94.5,USD
2026-03-01,Auvik,Platinum Technology,PARM-ANM-10 Auvik Performance Add On,CW,15.0,7.0,105.0,USD
2026-03-01,Auvik,Powernet (formerly Maxis360),ANM Essentials,CW,1011.0,4.41,4458.51,USD
2026-03-01,Auvik,Powernet (formerly Maxis360),ANM Performance Add-Ons,CW,2.0,2.38,4.76,USD
2026-03-01,Auvik,Powernet (formerly Maxis360),ANM Performance Add-on,CW,4.0,2.38,9.52,USD
2026-03-01,Auvik,"Praxis Computing, Inc.",ANM Essentials - Evergreen,CW,45.0,9.36,421.4,USD
2026-03-01,Auvik,"Praxis Computing, Inc.",ANM Essentials Evergreen,CW,0.0,9.36,0.0,USD
2026-03-01,Auvik,Premier Technologies,ANM Essentials - Evergreen,CMS,175.0,7.08,1239.47,USD
2026-03-01,Auvik,Premier Technologies,ANM Essentials Evergreen,CMS,29.0,7.08,205.32,USD
2026-03-01,Auvik,ProServeIT,ANM Essentials - Evergreen,CMS,250.0,5.99,1498.36,USD
2026-03-01,Auvik,ProServeIT,ANM Essentials Evergreen,CMS,0.0,5.99,0.0,USD
2026-03-01,Auvik,ProTech Systems Group Inc.,ANM Essentials - Evergreen,CW,116.0,7.49,869.24,USD
2026-03-01,Auvik,Prosper IT,ANM Essentials - Evergreen,CMS,30.0,11.23,337.05,USD
2026-03-01,Auvik,Prosper IT,ANM Essentials Evergreen,CMS,0.0,11.24,0.0,USD
2026-03-01,Auvik,Proven IT,ANM Essentials - Evergreen,CW,1364.0,4.49,6129.03,USD
2026-03-01,Auvik,Proven IT,ANM Essentials Evergreen,CW,0.0,4.49,0.0,USD
2026-03-01,Auvik,"Pyramid Consulting, Inc.",ANM Essentials - Evergreen,CW,50.0,9.84,491.78,USD
2026-03-01,Auvik,"Pyramid Consulting, Inc.",ANM Essentials Evergreen,CW,0.0,9.84,0.0,USD
2026-03-01,Auvik,"Pyramid Consulting, Inc.",ANM Performance Add-On Evergreen,CW,0.0,6.69,0.0,USD
2026-03-01,Auvik,"Pyramid Consulting, Inc.",ANM Performance Add-Ons - Evergreen,CW,50.0,6.69,334.27,USD
2026-03-01,Auvik,Quantified IT,ANM Essentials - Evergreen,CW,250.0,6.85,1712.33,USD
2026-03-01,Auvik,Quantified IT,ANM Essentials Evergreen,CW,0.0,6.85,0.0,USD
2026-03-01,Auvik,Quantified IT,Auvik SaaS Management - Evergreen,CW,250.0,1.44,360.01,USD
2026-03-01,Auvik,R-Computer,ANM Essentials - Evergreen,CW,22.0,11.23,247.17,USD
2026-03-01,Auvik,R-Computer,ANM Essentials Evergreen,CW,0.0,11.24,0.0,USD
2026-03-01,Auvik,R-Computer,Free of Charge,CW,0.0,0.0,0.0,USD
2026-03-01,Auvik,RAM Contracting,ANM Essentials - Evergreen,CW,24.0,11.23,269.64,USD
2026-03-01,Auvik,RAM Contracting,ANM Essentials Evergreen,CW,7.0,11.24,78.68,USD
2026-03-01,Auvik,"RMON Networks, Inc",ANM Essentials - Evergreen,CMS,250.0,7.19,1798.07,USD
2026-03-01,Auvik,"RMON Networks, Inc",ANM Essentials Evergreen,CMS,0.0,7.19,0.0,USD
2026-03-01,Auvik,Ratcliff IT,COANM-1 Additional Billable Devices,CMS,0.0,9.19,0.0,USD
2026-03-01,Auvik,Ratcliff IT,COANM-1 Committed Billable Devices,CMS,40.0,9.19,367.6,USD
2026-03-01,Auvik,Ravitron,ANM Essentials - Evergreen,CW,10.0,11.23,112.35,USD
2026-03-01,Auvik,Ravitron,ANM Essentials Evergreen,CW,5.0,11.24,56.2,USD
2026-03-01,Auvik,Ray Morgan Company,COANM-0 Committed Billable Devices,CMS,250.0,5.88,1470.0,USD
2026-03-01,Auvik,Ray Morgan Company,COANM-4 Additional Billable Devices,CMS,98.0,5.88,576.24,USD
2026-03-01,Auvik,Reinert Consulting Group,ANM Essentials - Evergreen,CW,10.0,11.23,112.35,USD
2026-03-01,Auvik,Reinert Consulting Group,ANM Essentials Evergreen,CW,17.0,11.24,191.08,USD
2026-03-01,Auvik,Reinert Consulting Group,Auvik SaaS Management - Evergreen,CW,250.0,1.26,315.0,USD
2026-03-01,Auvik,Reinert Consulting Group,Auvik SaaS Management Evergreen,CW,19.0,1.26,23.94,USD
2026-03-01,Auvik,Reinert Consulting Group,Free of Charge,CW,0.0,0.0,0.0,USD
2026-03-01,Auvik,Renaissance Systems Inc.,ANM Essentials - Evergreen,CW,14.0,11.23,157.29,USD
2026-03-01,Auvik,Renaissance Systems Inc.,ANM Essentials Evergreen,CW,17.0,11.24,191.08,USD
2026-03-01,Auvik,Renaissance Systems Inc.,ANM Performance Add-On Evergreen,CW,0.0,7.49,0.0,USD
2026-03-01,Auvik,Renaissance Systems Inc.,ANM Performance Add-Ons - Evergreen,CW,14.0,7.49,104.86,USD
2026-03-01,Auvik,Resolution IT,ANM Essentials - Evergreen,CMS,10.0,11.23,112.35,USD
2026-03-01,Auvik,Ridgewall Ltd,ANM Essentials - Evergreen,CW,100.0,6.37,636.91,USD
2026-03-01,Auvik,Ridgewall Ltd,ANM Essentials Evergreen,CW,0.0,6.37,0.0,USD
2026-03-01,Auvik,Ridgewall Ltd,ANM Performance Add-Ons - Evergreen,CW,100.0,4.25,425.01,USD
2026-03-01,Auvik,RockIT Consulting LLC,ANM Essentials,CMS,20.0,10.5,210.0,USD
2026-03-01,Auvik,RockIT Consulting LLC,ANM Performance Add-Ons,CMS,1.0,7.0,7.0,USD
2026-03-01,Auvik,RockIT Consulting LLC,ANM Performance Add-on,CMS,0.0,7.0,0.0,USD
2026-03-01,Auvik,Roebuck Technologies,ANM Essentials - Evergreen,CMS,40.0,9.36,374.58,USD
2026-03-01,Auvik,Roebuck Technologies,ANM Essentials Evergreen,CMS,23.0,9.36,215.28,USD
2026-03-01,Auvik,Roebuck Technologies,Auvik SaaS Management - Evergreen,CMS,250.0,1.35,337.05,USD
2026-03-01,Auvik,Roebuck Technologies,Auvik SaaS Management Evergreen,CMS,36.0,1.35,48.6,USD
2026-03-01,Auvik,"Ronin Consulting Services, LLC",ANM Essentials - Evergreen,CMS,10.0,11.23,112.35,USD
2026-03-01,Auvik,"Ronin Consulting Services, LLC",ANM Essentials Evergreen,CMS,3.0,11.24,33.72,USD
2026-03-01,Auvik,Rosebud Mining Company,ANM Essentials - Evergreen,CW,130.0,7.49,974.15,USD
2026-03-01,Auvik,Rosebud Mining Company,ANM Essentials Evergreen,CW,39.0,7.49,292.11,USD
2026-03-01,Auvik,Rosebud Mining Company,ANM Performance Add-On Evergreen,CW,39.0,4.87,189.93,USD
2026-03-01,Auvik,Rosebud Mining Company,ANM Performance Add-Ons - Evergreen,CW,130.0,4.87,633.26,USD
2026-03-01,Auvik,Rutter Networking Technologies,EPRM-ANM-100 Auvik Essentials -- Committed,CW,144.0,6.62,953.28,USD
2026-03-01,Auvik,Rutter Networking Technologies,EPRM-ANM-100 Auvik Essentials -- Overage,CW,0.0,6.62,0.0,USD
2026-03-01,Auvik,Rutter Networking Technologies,PARM-ANM-100 Auvik Performance Add On,CW,22.0,4.78,105.16,USD
2026-03-01,Auvik,Rutter Networking Technologies,PARM-ANM-100 Auvik Performance Add On -- Overage,CW,0.0,4.78,0.0,USD
2026-03-01,Auvik,SECUR-SERV INC.,ANM Essentials,CMS,614.0,5.88,3610.32,USD
2026-03-01,Auvik,SECUR-SERV INC.,ANM Performance Add-Ons,CMS,500.0,3.36,1680.0,USD
2026-03-01,Auvik,SECUR-SERV INC.,ANM Performance Add-on,CMS,0.0,3.36,0.0,USD
2026-03-01,Auvik,SSE Holding LLC,ANM Full Performance - Evergreen,CW,100.0,11.4,1140.36,USD
2026-03-01,Auvik,SSE Holding LLC,ANM Full Performance Evergreen,CW,0.0,11.4,0.0,USD
2026-03-01,Auvik,Salco Solutions Group,ANM Essentials - Evergreen,CMS,40.0,10.7,428.09,USD
2026-03-01,Auvik,Salco Solutions Group,ANM Essentials Evergreen,CMS,11.0,10.7,117.7,USD
2026-03-01,Auvik,Salco Solutions Group,ANM Performance Add-Ons - Evergreen,CMS,10.0,7.27,72.74,USD
2026-03-01,Auvik,Saratoga Technologies,ANM Essentials - Evergreen,CMS,10.0,11.23,112.35,USD
2026-03-01,Auvik,Sedona Technologies,ANM Essentials - Evergreen,CMS,250.0,7.19,1798.07,USD
2026-03-01,Auvik,Sedona Technologies,ANM Essentials Evergreen,CMS,358.0,7.19,2574.02,USD
2026-03-01,Auvik,Sedona Technologies,ANM Performance Add-On Evergreen,CMS,108.0,4.32,466.56,USD
2026-03-01,Auvik,Servall Canada Incorporated,ANM Essentials - Evergreen,CMS,10.0,11.23,112.35,USD
2026-03-01,Auvik,Servcom USA,ANM Essentials - Evergreen,CMS,100.0,7.87,786.8,USD
2026-03-01,Auvik,Servcom USA,ANM Essentials Evergreen,CMS,29.0,7.87,228.23,USD
2026-03-01,Auvik,Serverli Inc,ANM Essentials,CMS,37.0,10.5,388.5,USD
2026-03-01,Auvik,Serverli Inc,ANM Performance Add-Ons,CMS,10.0,7.0,70.0,USD
2026-03-01,Auvik,Serverli Inc,ANM Performance Add-on,CMS,23.0,7.0,161.0,USD
2026-03-01,Auvik,Shield Watch IT Services,CWANM-3 Additional Billable Devices,CW,0.0,6.62,0.0,USD
2026-03-01,Auvik,Shield Watch IT Services,CWANM-3 Committed Billable Devices,CW,237.0,6.62,1568.94,USD
2026-03-01,Auvik,Silverbug Ltd,EPRM-ANM-100 Auvik Essentials -- Committed,CW,167.0,7.35,1227.45,USD
2026-03-01,Auvik,Silverbug Ltd,EPRM-ANM-100 Auvik Essentials -- Overage,CW,154.0,7.35,1131.9,USD
2026-03-01,Auvik,Silverbug Ltd,PARM-ANM-100 Auvik Performance Add On,CW,70.0,4.76,333.2,USD
2026-03-01,Auvik,Silverbug Ltd,PARM-ANM-100 Auvik Performance Add On -- Overage,CW,0.0,4.76,0.0,USD
2026-03-01,Auvik,SimpleWorks IT,ANM Essentials - Evergreen,CW,300.0,6.29,1887.9,USD
2026-03-01,Auvik,SimpleWorks IT,ANM Essentials Evergreen,CW,0.0,6.29,0.0,USD
2026-03-01,Auvik,"SkyTerra Technologies, LLC",ANM Essentials - Evergreen,CW,100.0,7.87,786.8,USD
2026-03-01,Auvik,"SkyTerra Technologies, LLC",ANM Essentials Evergreen,CW,23.0,7.87,181.01,USD
2026-03-01,Auvik,"Solutions Granted, Inc.",ANM Essentials - Evergreen,CW,11.0,11.24,123.59,USD
2026-03-01,Auvik,"Solutions Granted, Inc.",ANM Essentials Evergreen,CW,0.0,11.24,0.0,USD
2026-03-01,Auvik,Soteria Technology Solutions,ERM-ANM-40 Auvik Essentials -- Committed,CW,40.0,9.19,367.6,USD
2026-03-01,Auvik,Soteria Technology Solutions,ERM-ANM-40 Auvik Essentials -- Overage,CW,0.0,9.19,0.0,USD
2026-03-01,Auvik,Spectrum Technologies,ANM Essentials - Evergreen,CMS,10.0,11.23,112.35,USD
2026-03-01,Auvik,Speros,PRM-ANM-250 Auvik Performance -- Committed,CW,250.0,8.45,2112.5,USD
2026-03-01,Auvik,Speros,PRM-ANM-250 Auvik Performance -- Overage,CW,22.0,8.45,185.9,USD
2026-03-01,Auvik,Splice,ANM Essentials - Evergreen,CMS,10.0,11.23,112.35,USD
2026-03-01,Auvik,Stone Pigman Walther Wittman LLC,ANM Essentials - Evergreen,CW,18.0,11.23,202.23,USD
2026-03-01,Auvik,Stone Pigman Walther Wittman LLC,ANM Essentials Evergreen,CW,0.0,11.24,0.0,USD
2026-03-01,Auvik,Stone Pigman Walther Wittman LLC,Auvik SaaS Management - Evergreen,CW,120.0,1.58,189.6,USD
2026-03-01,Auvik,Stone Pigman Walther Wittman LLC,Auvik SaaS Management Evergreen,CW,0.0,1.58,0.0,USD
2026-03-01,Auvik,"Summit Advisors, LLC",ANM Essentials - Evergreen,CMS,100.0,8.99,899.23,USD
2026-03-01,Auvik,"Summit Advisors, LLC",ANM Essentials Evergreen,CMS,31.0,8.99,278.69,USD
2026-03-01,Auvik,"Summit Advisors, LLC",ANM Performance Add-On Evergreen,CMS,32.0,6.96,222.72,USD
2026-03-01,Auvik,"Summit Advisors, LLC",ANM Performance Add-Ons - Evergreen,CMS,1.0,6.96,6.96,USD
2026-03-01,Auvik,Supra ITS,ANM Essentials - Evergreen,CW,500.0,5.24,2620.05,USD
2026-03-01,Auvik,Supra ITS,ANM Essentials Evergreen,CW,8.0,5.24,41.92,USD
2026-03-01,Auvik,Supra ITS,ANM Performance Add-On Evergreen,CW,0.0,2.99,0.0,USD
2026-03-01,Auvik,Supra ITS,ANM Performance Add-Ons - Evergreen,CW,200.0,2.99,598.68,USD
2026-03-01,Auvik,Sweetwater Technology,ANM Essentials - Evergreen,CW,95.0,9.83,933.81,USD
2026-03-01,Auvik,Sweetwater Technology,ANM Essentials Evergreen,CW,27.0,9.83,265.41,USD
2026-03-01,Auvik,"Synergy IT Solutions, Inc.",ANM Essentials - Evergreen,CW,600.0,5.51,3304.5,USD
2026-03-01,Auvik,"Synergy IT Solutions, Inc.",ANM Essentials Evergreen,CW,176.0,5.51,969.76,USD
2026-03-01,Auvik,Synergy Technical,ANM Essentials - Evergreen,CMS,10.0,11.23,112.35,USD
2026-03-01,Auvik,Synergy Technical,ANM Essentials Evergreen,CMS,0.0,11.24,0.0,USD
2026-03-01,Auvik,Syrex,ANM Essentials - Evergreen,CW,250.0,5.6,1399.41,USD
2026-03-01,Auvik,Syrex,ANM Essentials Evergreen,CW,0.0,5.6,0.0,USD
2026-03-01,Auvik,Syrex,ANM Performance Add-Ons - Evergreen,CW,250.0,3.02,754.34,USD
2026-03-01,Auvik,SysGen Solutions Group,ERM-ANM-10 Auvik Essentials -- Committed,CW,23.0,10.5,241.5,USD
2026-03-01,Auvik,SysGen Solutions Group,ERM-ANM-10 Auvik Essentials -- Overage,CW,0.0,10.5,0.0,USD
2026-03-01,Auvik,Systems Support Corp,RM - ASM - 500 - Committed,CMS,615.0,0.91,559.65,USD
2026-03-01,Auvik,Systems Support Corp,RM - ASM - 500 - Overage,CMS,0.0,0.91,0.0,USD
2026-03-01,Auvik,TESYS Networks,ANM Essentials,CW,25.0,10.5,262.5,USD
2026-03-01,Auvik,TOTLCOM INC,ANM Essentials - Evergreen,CMS,46.0,9.84,452.44,USD
2026-03-01,Auvik,TOTLCOM INC,ANM Essentials Evergreen,CMS,0.0,9.84,0.0,USD
2026-03-01,Auvik,TVGconsulting,ANM Essentials - Evergreen,CMS,40.0,9.84,393.42,USD
2026-03-01,Auvik,TVGconsulting,ANM Essentials Evergreen,CMS,0.0,9.84,0.0,USD
2026-03-01,Auvik,Tech Mesa,ANM Essentials - Evergreen,CW,10.0,11.23,112.35,USD
2026-03-01,Auvik,Tech Source,ANM Essentials - Evergreen,CW,10.0,11.23,112.35,USD
2026-03-01,Auvik,Tech Source,ANM Essentials Evergreen,CW,0.0,11.24,0.0,USD
2026-03-01,Auvik,Tech Source,ANM Performance Add-On Evergreen,CW,3.0,7.49,22.47,USD
2026-03-01,Auvik,Tech Source,ANM Performance Add-Ons - Evergreen,CW,4.0,7.49,29.96,USD
2026-03-01,Auvik,Techmedics,ANM Essentials,CW,53.0,9.17,486.01,USD
2026-03-01,Auvik,Technikel Solutions,ANM Essentials,CW,220.0,6.62,1455.3,USD
2026-03-01,Auvik,Technology Group Solutions,ANM Essentials - Evergreen,CMS,175.0,6.74,1179.52,USD
2026-03-01,Auvik,Technology Group Solutions,ANM Essentials Evergreen,CMS,2.0,6.74,13.48,USD
2026-03-01,Auvik,Technology Group Solutions,ANM Performance Add-On Evergreen,CMS,10.0,5.88,58.8,USD
2026-03-01,Auvik,TekScape,ANM Essentials - Evergreen,CMS,250.0,6.72,1680.0,USD
2026-03-01,Auvik,TekScape,ANM Essentials Evergreen,CMS,155.0,6.72,1041.6,USD
2026-03-01,Auvik,TekScape,ANM Performance Add-On Evergreen,CMS,404.0,4.0,1616.0,USD
2026-03-01,Auvik,"TeleComp, Inc.",CWANM-2 Additional Billable Devices,CW,0.0,7.35,0.0,USD
2026-03-01,Auvik,Terminal B,ANM Essentials,CMS,75.0,8.64,648.38,USD
2026-03-01,Auvik,Terminal B,ANM Essentials,CMS,0.0,8.65,0.0,USD
2026-03-01,Auvik,The Apex Technology Group,ANM Essentials - Evergreen,CW,256.0,6.29,1611.01,USD
2026-03-01,Auvik,The Data Pros,ANM Essentials - Evergreen,CMS,10.0,11.23,112.35,USD
2026-03-01,Auvik,The Data Pros,ANM Essentials Evergreen,CMS,3.0,11.24,33.72,USD
2026-03-01,Auvik,The Nine Minds Group LLC,ANM Essentials,CW,500.0,5.14,2572.5,USD
2026-03-01,Auvik,The Nine Minds Group LLC,ANM Essentials,CW,0.0,5.15,0.0,USD
2026-03-01,Auvik,The Nine Minds Group LLC,ANM Performance Add-Ons,CW,1.0,2.94,2.94,USD
2026-03-01,Auvik,The Walker Group,ANM Essentials - Evergreen,CW,250.0,5.99,1498.36,USD
2026-03-01,Auvik,The Walker Group,ANM Essentials Evergreen,CW,323.0,5.99,1934.77,USD
2026-03-01,Auvik,The Walker Group,Free of Charge,CW,0.0,0.0,0.0,USD
2026-03-01,Auvik,Total Computing Technology,ANM Essentials - Evergreen,CMS,40.0,9.36,374.58,USD
2026-03-01,Auvik,Total Computing Technology,ANM Essentials Evergreen,CMS,0.0,9.36,0.0,USD
2026-03-01,Auvik,Total Computing Technology,ANM Performance Add-On Evergreen,CMS,28.0,9.09,254.52,USD
2026-03-01,Auvik,Town of Parker,ANM Essentials - Evergreen,CW,100.0,8.99,899.23,USD
2026-03-01,Auvik,Town of Parker,ANM Essentials Evergreen,CW,0.0,8.99,0.0,USD
2026-03-01,Auvik,TrueITPros,ANM Essentials - Evergreen,CMS,10.0,11.23,112.35,USD
2026-03-01,Auvik,TrueITPros,ANM Essentials Evergreen,CMS,26.0,11.24,292.24,USD
2026-03-01,Auvik,Truewater,ANM Essentials - Evergreen,CW,47.0,9.36,440.13,USD
2026-03-01,Auvik,Truewater,ANM Essentials Evergreen,CW,41.0,9.36,383.76,USD
2026-03-01,Auvik,Turrito,ANM Essentials - Evergreen,CW,15.0,11.24,168.53,USD
2026-03-01,Auvik,Turrito,ANM Essentials Evergreen,CW,0.0,11.24,0.0,USD
2026-03-01,Auvik,Turrito,ANM Performance Add-Ons - Evergreen,CW,15.0,7.49,112.35,USD
2026-03-01,Auvik,"TwinHats, LLC",Auvik SaaS Management,CW,198.0,1.57,311.85,USD
2026-03-01,Auvik,"TwinHats, LLC",Auvik SaaS Management,CW,187.0,1.58,295.46,USD
2026-03-01,Auvik,United Country Real Estate,ANM Essentials - Evergreen,CW,20.0,11.23,224.7,USD
2026-03-01,Auvik,United Datacom Networks,ANM Essentials - Evergreen,CMS,40.0,9.36,374.58,USD
2026-03-01,Auvik,United Datacom Networks,ANM Essentials Evergreen,CMS,2.0,9.36,18.72,USD
2026-03-01,Auvik,V2 technology,ANM Essentials - Evergreen,CW,75.0,8.8,660.24,USD
2026-03-01,Auvik,V2 technology,ANM Essentials Evergreen,CW,34.0,8.8,299.2,USD
2026-03-01,Auvik,VIRTUS DATA CENTRES (Oryx Align Ltd),ANM Essentials,CW,527.0,5.14,2711.42,USD
2026-03-01,Auvik,VIRTUS DATA CENTRES (Oryx Align Ltd),ANM Essentials,CW,206.0,5.15,1060.9,USD
2026-03-01,Auvik,VIRTUS DATA CENTRES (Oryx Align Ltd),ANM Performance Add-Ons,CW,527.0,2.94,1549.38,USD
2026-03-01,Auvik,VIRTUS DATA CENTRES (Oryx Align Ltd),ANM Performance Add-on,CW,206.0,2.94,605.64,USD
2026-03-01,Auvik,Vann Data Services Inc.,ANM Essentials - Evergreen,CMS,10.0,11.23,112.35,USD
2026-03-01,Auvik,Veerman ICT,ANM Essentials - Evergreen,CW,100.0,7.87,786.8,USD
2026-03-01,Auvik,Veerman ICT,ANM Essentials Evergreen,CW,447.0,7.87,3517.89,USD
2026-03-01,Auvik,Velocity Network,ANM Essentials - Evergreen,CMS,1000.0,5.39,5392.2,USD
2026-03-01,Auvik,Velocity Network,ANM Essentials Evergreen,CMS,261.0,5.39,1406.79,USD
2026-03-01,Auvik,Velonex Technologies,ANM Essentials,CW,100.0,7.35,735.0,USD
2026-03-01,Auvik,VentureNet Inc.,ANM Essentials - Evergreen,CW,119.0,7.49,891.72,USD
2026-03-01,Auvik,Vermeer Southeast,EPRM-ANM-75 Auvik Essentials -- Committed,CMS,75.0,8.65,648.75,USD
2026-03-01,Auvik,Vermeer Southeast,EPRM-ANM-75 Auvik Essentials -- Overage,CMS,3.0,8.65,25.95,USD
2026-03-01,Auvik,Vertical IT,ANM Essentials - Evergreen,CW,10.0,11.23,112.35,USD
2026-03-01,Auvik,VeryPC Ltd,ANM Essentials - Evergreen,CW,40.0,9.36,374.58,USD
2026-03-01,Auvik,VeryPC Ltd,ANM Essentials Evergreen,CW,40.0,9.36,374.4,USD
2026-03-01,Auvik,Viatek,ANM Essentials - Evergreen,CW,403.0,6.29,2536.08,USD
2026-03-01,Auvik,Viatek,ANM Essentials Evergreen,CW,109.0,6.29,685.61,USD
2026-03-01,Auvik,Viperspace,CWANM-1 Committed Billable Devices,CW,40.0,9.19,367.6,USD
2026-03-01,Auvik,Visual Edge,ANM Essentials - Evergreen,CMS,175.0,7.08,1239.47,USD
2026-03-01,Auvik,Visual Edge,ANM Essentials Evergreen,CMS,889.0,7.08,6294.12,USD
2026-03-01,Auvik,Visual Edge,ANM Performance Add-On Evergreen,CMS,16.0,4.79,76.64,USD
2026-03-01,Auvik,WBM Office Systems,ANM Essentials - Evergreen,CW,1000.0,4.72,4718.0,USD
2026-03-01,Auvik,WBM Office Systems,ANM Essentials Evergreen,CW,66.0,4.72,311.52,USD
2026-03-01,Auvik,"WPG Consulting, LLC",EPRM-ANM-175 Auvik Essentials -- Committed,CMS,175.0,7.56,1323.0,USD
2026-03-01,Auvik,"WPG Consulting, LLC",EPRM-ANM-175 Auvik Essentials -- Overage,CMS,112.0,7.56,846.72,USD
2026-03-01,Auvik,WTA Consulting,ANM Essentials - Evergreen,CW,20.0,11.23,224.7,USD
2026-03-01,Auvik,WTA Consulting,ANM Essentials Evergreen,CW,12.0,11.24,134.88,USD
2026-03-01,Auvik,Wavenet UK,EPRM-ANM-1000 Auvik Essentials -- Committed,CMS,1000.0,3.27,3270.0,USD
2026-03-01,Auvik,Wavenet UK,EPRM-ANM-1000 Auvik Essentials -- Overage,CMS,1068.0,3.27,3492.36,USD
2026-03-01,Auvik,Wavenet UK,PARM-ANM-1000 Auvik Performance Add On,CMS,1000.0,1.76,1760.0,USD
2026-03-01,Auvik,Wavenet UK,PARM-ANM-1000 Auvik Performance Add On -- Overage,CMS,1026.0,1.76,1805.76,USD
2026-03-01,Auvik,"Weaver Technologies, LLC",ANM Essentials,CMS,500.0,5.88,2940.0,USD
2026-03-01,Auvik,"Weaver Technologies, LLC",ANM Performance Add-Ons,CMS,500.0,3.36,1680.0,USD
2026-03-01,Auvik,"Weaver Technologies, LLC",ANM Performance Add-on,CMS,0.0,3.36,0.0,USD
2026-03-01,Auvik,Wifinium,ERM-ANM-250 Auvik Essentials -- Committed,CW,250.0,5.88,1470.0,USD
2026-03-01,Auvik,Wifinium,ERM-ANM-250 Auvik Essentials -- Overage,CW,0.0,5.88,0.0,USD
2026-03-01,Auvik,Wipfli LLP,ANM Essentials,CMS,500.0,5.14,2572.5,USD
2026-03-01,Auvik,Wipfli LLP,ANM Essentials,CMS,0.0,5.15,0.0,USD
2026-03-01,Auvik,Wipfli LLP,ANM Performance Add-Ons,CMS,1.0,2.94,2.94,USD
2026-03-01,Auvik,Z-TECH Associates,ANM Essentials,CMS,112.0,8.4,940.8,USD
2026-03-01,Auvik,Z-TECH Associates,ANM Performance Add-Ons,CMS,1.0,5.44,5.44,USD
2026-03-01,Auvik,Z-TECH Associates,ANM Performance Add-on,CMS,111.0,5.44,603.84,USD
2026-03-01,Auvik,ZINC LLC,ANM Essentials - Evergreen,CMS,10.0,11.23,112.35,USD
2026-03-01,Auvik,ZINC LLC,ANM Essentials Evergreen,CMS,0.0,11.24,0.0,USD
2026-03-01,Auvik,ZINC LLC,ANM Performance Add-On Evergreen,CMS,5.0,7.49,37.45,USD
2026-03-01,Auvik,ZINC LLC,ANM Performance Add-Ons - Evergreen,CMS,5.0,7.49,37.45,USD
2026-03-01,Auvik,Zbrella,ANM Essentials - Evergreen,CMS,40.0,9.84,393.42,USD
2026-03-01,Auvik,Zephyr Networks,ANM Essentials - Evergreen,CMS,100.0,7.87,786.8,USD
2026-03-01,Auvik,Zephyr Networks,ANM Essentials Evergreen,CMS,1.0,7.87,7.87,USD
2026-03-01,Auvik,Zephyr Networks,ANM Performance Add-On Evergreen,CMS,101.0,5.24,529.24,USD
2026-03-01,Auvik,eMazzanti Technologies,COANM-1 Committed Billable Devices,CMS,40.0,9.19,367.6,USD
2026-03-01,Auvik,eMazzanti Technologies,COANM-2 Additional Billable Devices,CMS,52.0,9.19,477.88,USD
2026-03-01,Auvik,eMazzanti Technologies,COANM-4 Additional Performance Add-Ons,CMS,5.0,6.0,30.0,USD
2026-03-01,Auvik,ePossible,ANM Essentials - Evergreen,CW,10.0,11.23,112.35,USD
2026-03-01,Auvik,ePossible,ANM Essentials Evergreen,CW,4.0,11.24,44.96,USD
2026-03-01,Auvik,i2m,CWANM-1 Additional Billable Devices,CW,98.0,9.19,900.62,USD
2026-03-01,Auvik,i2m,CWANM-1 Committed Billable Devices,CW,40.0,9.19,367.6,USD
2026-03-01,Auvik,iNetwork Management Inct,ANM Essentials - Evergreen,CW,40.0,9.84,393.42,USD
2026-03-01,Auvik,iNetwork Management Inct,ANM Essentials Evergreen,CW,0.0,9.84,0.0,USD
2026-03-01,Auvik,"iTEAM Consulting, LLC",ANM Essentials - Evergreen,CW,115.0,7.0,805.29,USD
2026-03-01,Auvik,integraONE,ANM Essentials - Evergreen,CMS,250.0,6.29,1573.25,USD
2026-03-01,Auvik,integraONE,ANM Essentials Evergreen,CMS,172.0,6.29,1081.88,USD
2026-03-01,Auvik,integraONE,ANM Performance Add-On Evergreen,CMS,3.0,4.32,12.96,USD
2026-04-01,Auvik,2W Technologies inc,ANM Essentials - Evergreen,CW,129.0,7.49,966.66,USD
2026-04-01,Auvik,2W Technologies inc,ANM Essentials Evergreen,CW,91.0,7.49,681.59,USD
2026-04-01,Auvik,2W Technologies inc,ANM Performance Add-On Evergreen,CW,61.0,4.87,297.07,USD
2026-04-01,Auvik,2W Technologies inc,ANM Performance Add-Ons - Evergreen,CW,129.0,4.87,628.39,USD
2026-04-01,Auvik,4Wall Entertainment,ANM Essentials - Evergreen,CW,40.0,9.36,374.58,USD
2026-04-01,Auvik,4Wall Entertainment,ANM Essentials Evergreen,CW,0.0,9.36,0.0,USD
2026-04-01,Auvik,4Wall Entertainment,Auvik SaaS Management - Evergreen,CW,1000.0,0.57,570.01,USD
2026-04-01,Auvik,4Wall Entertainment,Auvik SaaS Management Evergreen,CW,278.0,0.57,158.46,USD
2026-04-01,Auvik,ABS Information Systems Inc,ANM Essentials - Evergreen,CMS,40.0,9.84,393.42,USD
2026-04-01,Auvik,ABS Information Systems Inc,ANM Essentials Evergreen,CMS,45.0,9.84,442.8,USD
2026-04-01,Auvik,ACP CreativeIT,ANM Essentials,CW,600.0,5.14,3087.0,USD
2026-04-01,Auvik,ACP CreativeIT,ANM Essentials,CW,0.0,5.15,0.0,USD
2026-04-01,Auvik,ADNET Technologies,ANM Essentials - Evergreen,CMS,250.0,6.29,1573.25,USD
2026-04-01,Auvik,ADNET Technologies,ANM Essentials Evergreen,CMS,49.0,6.29,308.21,USD
2026-04-01,Auvik,ALLSTAR Partners LLC,EPRM-ANM-100 Auvik Essentials -- Committed,CMS,100.0,7.35,735.0,USD
2026-04-01,Auvik,ALLSTAR Partners LLC,EPRM-ANM-100 Auvik Essentials -- Overage,CMS,0.0,7.35,0.0,USD
2026-04-01,Auvik,ALLSTAR Partners LLC,PARM-ANM-100 Auvik Performance Add On -- Overage,CMS,58.0,4.78,277.24,USD
2026-04-01,Auvik,AMSYS,ANM Essentials - Evergreen,CW,353.0,6.85,2417.8,USD
2026-04-01,Auvik,AMSYS,ANM Essentials Evergreen,CW,169.0,6.85,1157.65,USD
2026-04-01,Auvik,ATG,ANM Essentials - Evergreen,CMS,10.0,11.23,112.35,USD
2026-04-01,Auvik,Abadata Computer Corporation,ANM Essentials - Evergreen,CMS,40.0,9.84,393.42,USD
2026-04-01,Auvik,Abadata Computer Corporation,ANM Essentials Evergreen,CMS,0.0,9.84,0.0,USD
2026-04-01,Auvik,Accessium Group,EPRM-ANM-750 Auvik Essentials -- Committed,CW,826.0,4.76,3931.76,USD
2026-04-01,Auvik,Accessium Group,EPRM-ANM-750 Auvik Essentials -- Overage,CW,265.0,4.76,1261.4,USD
2026-04-01,Auvik,Accessium Group,PARM-ANM-750 Auvik Performance Add On,CW,670.0,2.77,1855.9,USD
2026-04-01,Auvik,Accessium Group,PARM-ANM-750 Auvik Performance Add On -- Overage,CW,421.0,2.77,1166.17,USD
2026-04-01,Auvik,"Advanced Office Systems, Inc.",ANM Essentials - Evergreen,CW,105.0,7.87,826.14,USD
2026-04-01,Auvik,"Advanced Office Systems, Inc.",ANM Essentials Evergreen,CW,0.0,7.87,0.0,USD
2026-04-01,Auvik,AdventOne,ANM Essentials,CW,172.0,7.35,1264.2,USD
2026-04-01,Auvik,AdventOne,ANM Performance Add-Ons,CW,100.0,4.76,476.0,USD
2026-04-01,Auvik,AdventOne,ANM Performance Add-on,CW,61.0,4.76,290.36,USD
2026-04-01,Auvik,AiroSpark,ANM Essentials - Evergreen,CW,50.0,8.36,417.93,USD
2026-04-01,Auvik,AiroSpark,ANM Performance Add-Ons - Evergreen,CW,50.0,3.21,160.44,USD
2026-04-01,Auvik,All Lines Technology,ANM Essentials - Evergreen,CW,300.0,5.99,1798.04,USD
2026-04-01,Auvik,All Lines Technology,ANM Essentials Evergreen,CW,0.0,5.99,0.0,USD
2026-04-01,Auvik,All Net Connections,ANM Essentials - Evergreen,CW,164.0,7.49,1228.93,USD
2026-04-01,Auvik,All Net Connections,ANM Essentials Evergreen,CW,0.0,7.49,0.0,USD
2026-04-01,Auvik,Allegiant Networks,ANM Essentials - Evergreen,CW,100.0,7.87,786.8,USD
2026-04-01,Auvik,Allegiant Networks,ANM Essentials Evergreen,CW,127.0,7.87,999.49,USD
2026-04-01,Auvik,Alliance IT,EPRM-ANM-10 Auvik Essentials -- Committed,CW,16.0,12.0,191.98,USD
2026-04-01,Auvik,Alliance IT,EPRM-ANM-10 Auvik Essentials -- Overage,CW,1.0,12.0,12.0,USD
2026-04-01,Auvik,Alliance IT,PARM-ANM-10 Auvik Performance Add On,CW,16.0,8.0,128.02,USD
2026-04-01,Auvik,Alliance IT,PARM-ANM-10 Auvik Performance Add On -- Overage,CW,1.0,8.0,8.0,USD
2026-04-01,Auvik,Alliance Tech Partners,ANM Essentials - Evergreen,CW,44.0,9.84,432.77,USD
2026-04-01,Auvik,Alliance Tech Partners,ANM Essentials Evergreen,CW,0.0,9.84,0.0,USD
2026-04-01,Auvik,Alliance Tech Partners,ANM Performance Add-Ons - Evergreen,CW,20.0,6.69,133.71,USD
2026-04-01,Auvik,Allied Business Solutions,EPRM-ANM-100 Auvik Essentials -- Committed,CMS,118.0,8.4,991.2,USD
2026-04-01,Auvik,Allied Business Solutions,EPRM-ANM-100 Auvik Essentials -- Overage,CMS,12.0,8.4,100.8,USD
2026-04-01,Auvik,Allied Business Solutions,PARM-ANM-100 Auvik Performance Add On,CMS,10.0,5.46,54.6,USD
2026-04-01,Auvik,Allied Business Solutions,PARM-ANM-100 Auvik Performance Add On -- Overage,CMS,109.0,5.46,595.14,USD
2026-04-01,Auvik,American First National Bank,ANM Essentials - Evergreen,CW,27.0,11.24,303.35,USD
2026-04-01,Auvik,American First National Bank,ANM Essentials Evergreen,CW,8.0,11.24,89.92,USD
2026-04-01,Auvik,Apex Infinite Solutions,EPRM-ANM-250 Auvik Essentials -- Committed,CW,316.0,5.6,1769.6,USD
2026-04-01,Auvik,Apex Infinite Solutions,EPRM-ANM-250 Auvik Essentials -- Overage,CW,0.0,5.6,0.0,USD
2026-04-01,Auvik,Apex Technology Corporation,ANM Essentials - Evergreen,CW,361.0,5.99,2163.64,USD
2026-04-01,Auvik,Apex Technology Corporation,ANM Essentials Evergreen,CW,76.0,5.99,455.24,USD
2026-04-01,Auvik,Apex Technology Corporation,Free of Charge,CW,0.0,0.0,0.0,USD
2026-04-01,Auvik,Associated Computer Systems,ANM Essentials - Evergreen,CMS,1700.0,4.72,8020.6,USD
2026-04-01,Auvik,Associated Computer Systems,ANM Essentials Evergreen,CMS,0.0,4.72,0.0,USD
2026-04-01,Auvik,Associated Computer Systems,ANM Performance Add-On Evergreen,CMS,48.0,3.48,167.04,USD
2026-04-01,Auvik,Associated Computer Systems,Auvik SaaS Management - Evergreen,CMS,500.0,0.91,455.0,USD
2026-04-01,Auvik,Associated Computer Systems,Auvik SaaS Management Evergreen,CMS,0.0,0.91,0.0,USD
2026-04-01,Auvik,Atlantic-IT.net,ANM Essentials - Evergreen,CMS,69.0,9.36,646.15,USD
2026-04-01,Auvik,Atlantic-IT.net,ANM Essentials - Evergreen,CMS,10.0,12.84,128.4,USD
2026-04-01,Auvik,Atlantic-IT.net,ANM Essentials Evergreen,CMS,40.0,9.36,374.4,USD
2026-04-01,Auvik,Atlantic-IT.net,ANM Essentials Evergreen,CMS,0.0,12.84,0.0,USD
2026-04-01,Auvik,Atruent,ANM Essentials - Evergreen,CW,101.0,7.87,794.67,USD
2026-04-01,Auvik,Atruent,ANM Essentials Evergreen,CW,76.0,7.87,598.12,USD
2026-04-01,Auvik,Attache Group,Auvik SaaS Management,CW,150.0,1.57,236.25,USD
2026-04-01,Auvik,Attache Group,Auvik SaaS Management,CW,0.0,1.58,0.0,USD
2026-04-01,Auvik,Avaria Networks,ANM Essentials - Evergreen,CMS,65.0,10.7,695.64,USD
2026-04-01,Auvik,Avaria Networks,ANM Essentials Evergreen,CMS,0.0,10.7,0.0,USD
2026-04-01,Auvik,Avitus Technology Services,EPRM-ANM-250 Auvik Essentials -- Committed,CMS,250.0,6.72,1680.0,USD
2026-04-01,Auvik,Avitus Technology Services,EPRM-ANM-250 Auvik Essentials -- Overage,CMS,0.0,6.72,0.0,USD
2026-04-01,Auvik,AzteQ Group Ltd,ANM Essentials - Evergreen,CMS,10.0,11.23,112.35,USD
2026-04-01,Auvik,AzteQ Group Ltd,ANM Essentials Evergreen,CMS,28.0,11.24,314.72,USD
2026-04-01,Auvik,AzteQ Group Ltd,ANM Performance Add-On Evergreen,CMS,9.0,7.31,65.79,USD
2026-04-01,Auvik,BetterWorld Telecom,ANM Essentials - Evergreen,CW,100.0,7.49,749.35,USD
2026-04-01,Auvik,BetterWorld Telecom,ANM Essentials Evergreen,CW,174.0,7.49,1303.26,USD
2026-04-01,Auvik,BetterWorld Telecom,ANM Performance Add-On Evergreen,CW,56.0,4.87,272.72,USD
2026-04-01,Auvik,BetterWorld Telecom,ANM Performance Add-Ons - Evergreen,CW,100.0,4.87,487.13,USD
2026-04-01,Auvik,Bevcomm,ANM Essentials - Evergreen,CMS,100.0,7.87,786.8,USD
2026-04-01,Auvik,Bevcomm,ANM Essentials Evergreen,CMS,0.0,7.87,0.0,USD
2026-04-01,Auvik,Beyon Solutions,ANM Essentials,CW,300.0,6.29,1887.9,USD
2026-04-01,Auvik,"Blade Technologies, Inc.",ANM Essentials - Evergreen,CW,225.0,6.74,1516.53,USD
2026-04-01,Auvik,"Blade Technologies, Inc.",ANM Essentials Evergreen,CW,54.0,6.74,363.96,USD
2026-04-01,Auvik,Blue Angle,EPRM-ANM-100 Auvik Essentials -- Committed,CMS,150.0,7.0,1050.0,USD
2026-04-01,Auvik,Blue Angle,EPRM-ANM-100 Auvik Essentials -- Overage,CMS,128.0,7.0,896.0,USD
2026-04-01,Auvik,Blue Angle,PARM-ANM-100 Auvik Performance Add On,CMS,75.0,4.55,341.25,USD
2026-04-01,Auvik,Bramatt Computing,ANM Essentials - Evergreen,CW,25.0,11.24,280.88,USD
2026-04-01,Auvik,Bramatt Computing,ANM Essentials Evergreen,CW,31.0,11.24,348.44,USD
2026-04-01,Auvik,Brewer Dental Center,ANM Essentials - Evergreen,CW,12.0,11.23,134.82,USD
2026-04-01,Auvik,Brewer Dental Center,ANM Essentials Evergreen,CW,0.0,11.24,0.0,USD
2026-04-01,Auvik,Bridge Healthcare Partners,ANM Essentials - Evergreen,CW,205.0,6.74,1381.73,USD
2026-04-01,Auvik,Bridge Healthcare Partners,ANM Essentials Evergreen,CW,0.0,6.74,0.0,USD
2026-04-01,Auvik,Bridge Healthcare Partners,ANM Performance Add-On Evergreen,CW,0.0,4.12,0.0,USD
2026-04-01,Auvik,Bridge Healthcare Partners,ANM Performance Add-Ons - Evergreen,CW,205.0,4.12,844.14,USD
2026-04-01,Auvik,Buchanan Technologies,ANM Essentials,CW,459.0,5.88,2698.92,USD
2026-04-01,Auvik,"Business Communications, Inc.",ANM Essentials - Evergreen,CW,772.0,5.25,4049.77,USD
2026-04-01,Auvik,"Business Communications, Inc.",ANM Essentials Evergreen,CW,171.0,5.25,897.75,USD
2026-04-01,Auvik,"Business Communications, Inc.",ANM Performance Add-Ons - Evergreen,CW,31.0,3.67,113.87,USD
2026-04-01,Auvik,CAIU,EPRM-ANM-500 Auvik Essentials -- Committed,CMS,500.0,5.88,2940.0,USD
2026-04-01,Auvik,CAIU,EPRM-ANM-500 Auvik Essentials -- Overage,CMS,17.0,5.88,99.96,USD
2026-04-01,Auvik,CAIU,PARM-ANM-500 Auvik Performance Add On -- Overage,CMS,25.0,3.36,84.0,USD
2026-04-01,Auvik,CATS Technology Solutions Group,ANM Essentials - Evergreen,CW,10.0,12.84,128.4,USD
2026-04-01,Auvik,CATS Technology Solutions Group,ANM Essentials Evergreen,CW,0.0,12.84,0.0,USD
2026-04-01,Auvik,CATS Technology Solutions Group,ANM Performance Add-On Evergreen,CW,8.0,8.56,68.48,USD
2026-04-01,Auvik,CMIT Solutions,ANM Essentials - Evergreen,CMS,500.0,5.24,2620.05,USD
2026-04-01,Auvik,CMIT Solutions,ANM Essentials Evergreen,CMS,0.0,5.24,0.0,USD
2026-04-01,Auvik,CMIT Solutions,ANM Performance Add-On Evergreen,CMS,15.0,3.67,55.05,USD
2026-04-01,Auvik,CNE IT Solutions,ANM Essentials - Evergreen,CMS,10.0,11.23,112.35,USD
2026-04-01,Auvik,CNE IT Solutions,ANM Essentials Evergreen,CMS,34.0,11.24,382.16,USD
2026-04-01,Auvik,CNE IT Solutions,Auvik SaaS Management - Evergreen,CMS,100.0,1.05,105.01,USD
2026-04-01,Auvik,CNE IT Solutions,Auvik SaaS Management Evergreen,CMS,0.0,1.05,0.0,USD
2026-04-01,Auvik,CSI,ANM Essentials - Evergreen,CMS,10.0,11.23,112.35,USD
2026-04-01,Auvik,CSI,ANM Essentials Evergreen,CMS,49.0,11.24,550.76,USD
2026-04-01,Auvik,CTMS LLC,ANM Essentials - Evergreen,CMS,250.0,7.19,1798.07,USD
2026-04-01,Auvik,CTMS LLC,ANM Essentials Evergreen,CMS,267.0,7.19,1919.73,USD
2026-04-01,Auvik,CWL Systems,ANM Essentials - Evergreen,CMS,40.0,9.81,392.56,USD
2026-04-01,Auvik,CWL Systems,ANM Essentials Evergreen,CMS,0.0,9.81,0.0,USD
2026-04-01,Auvik,Calculated Research & Technology,EPRM-ANM-75 Auvik Essentials -- Committed,CMS,75.0,8.64,648.0,USD
2026-04-01,Auvik,Calculated Research & Technology,EPRM-ANM-75 Auvik Essentials -- Overage,CMS,102.0,8.64,881.28,USD
2026-04-01,Auvik,Calculated Research & Technology,PARM-ANM-75 Auvik Performance Add On -- Overage,CMS,20.0,5.88,117.6,USD
2026-04-01,Auvik,Cambridge Networks,ANM Essentials - Evergreen,CW,175.0,7.08,1239.47,USD
2026-04-01,Auvik,Cambridge Networks,ANM Essentials Evergreen,CW,0.0,7.08,0.0,USD
2026-04-01,Auvik,Cambridge Networks,ANM Performance Add-On Evergreen,CW,0.0,4.32,0.0,USD
2026-04-01,Auvik,Cambridge Networks,ANM Performance Add-Ons - Evergreen,CW,6.0,4.32,25.93,USD
2026-04-01,Auvik,Centre Technologies,ANM Essentials - Evergreen,CMS,1000.0,5.16,5156.77,USD
2026-04-01,Auvik,Centre Technologies,ANM Essentials Evergreen,CMS,1378.0,5.16,7110.48,USD
2026-04-01,Auvik,Centre Technologies,ANM Performance Add-On Evergreen,CMS,0.0,2.78,0.0,USD
2026-04-01,Auvik,Centre Technologies,ANM Performance Add-Ons - Evergreen,CMS,138.0,2.78,384.11,USD
2026-04-01,Auvik,Christenberry Sales,ANM Full Performance - Evergreen,CW,10.0,18.73,187.25,USD
2026-04-01,Auvik,Christenberry Sales,ANM Full Performance Evergreen,CW,0.0,18.73,0.0,USD
2026-04-01,Auvik,Cinos,ANM Essentials - Evergreen,CW,60.0,9.36,561.87,USD
2026-04-01,Auvik,Cinos,ANM Performance Add-Ons - Evergreen,CW,22.0,6.37,140.03,USD
2026-04-01,Auvik,City of Newport News,EPRM-ANM-750 Auvik Essentials -- Committed,CW,800.0,4.76,3808.0,USD
2026-04-01,Auvik,City of Newport News,EPRM-ANM-750 Auvik Essentials -- Overage,CW,0.0,4.76,0.0,USD
2026-04-01,Auvik,City of Newport News,PARM-ANM-750 Auvik Performance Add On,CW,500.0,2.77,1385.0,USD
2026-04-01,Auvik,City of Newport News,PARM-ANM-750 Auvik Performance Add On -- Overage,CW,0.0,2.77,0.0,USD
2026-04-01,Auvik,City of Tavares,ANM Essentials - Evergreen,CW,50.0,9.84,491.78,USD
2026-04-01,Auvik,City of Tavares,ANM Performance Add-Ons - Evergreen,CW,50.0,6.69,334.27,USD
2026-04-01,Auvik,Clare Computer Solutions,ANM Essentials - Evergreen,CMS,175.0,7.08,1239.47,USD
2026-04-01,Auvik,Clare Computer Solutions,ANM Essentials Evergreen,CMS,224.0,7.08,1585.92,USD
2026-04-01,Auvik,Clare Computer Solutions,ANM Performance Add-On Evergreen,CMS,4.0,4.79,19.16,USD
2026-04-01,Auvik,"Coffer Group, LLC",ANM Essentials - Evergreen,CMS,120.0,7.87,944.16,USD
2026-04-01,Auvik,"Coffer Group, LLC",ANM Essentials Evergreen,CMS,7.0,7.87,55.09,USD
2026-04-01,Auvik,CommTech Industries,ANM Essentials - Evergreen,CMS,100.0,7.49,749.35,USD
2026-04-01,Auvik,CommTech Industries,ANM Essentials Evergreen,CMS,356.0,7.49,2666.44,USD
2026-04-01,Auvik,CommTech Industries,ANM Performance Add-On Evergreen,CMS,25.0,4.99,124.75,USD
2026-04-01,Auvik,Commuserv,ANM Essentials - Evergreen,CW,56.0,10.7,599.32,USD
2026-04-01,Auvik,Commuserv,ANM Essentials Evergreen,CW,0.0,10.7,0.0,USD
2026-04-01,Auvik,"Computex, Inc.",ANM Essentials - Evergreen,CW,901.0,5.1,4591.5,USD
2026-04-01,Auvik,"Computex, Inc.",ANM Essentials Evergreen,CW,0.0,5.1,0.0,USD
2026-04-01,Auvik,"Computex, Inc.",ANM Performance Add-On Evergreen,CW,0.0,2.96,0.0,USD
2026-04-01,Auvik,"Computex, Inc.",ANM Performance Add-Ons - Evergreen,CW,52.0,2.96,153.97,USD
2026-04-01,Auvik,ConXioN,ERM-ANM-250 Auvik Essentials -- Committed,CW,463.0,5.88,2722.44,USD
2026-04-01,Auvik,ConXioN,ERM-ANM-250 Auvik Essentials -- Overage,CW,53.0,5.88,311.64,USD
2026-04-01,Auvik,ConnectWise - APAC,Usage - Billable Devices,CW,49.0,10.5,514.5,USD
2026-04-01,Auvik,ConnectWise Inc,ANM Performance Add-On Evergreen,CW,0.0,0.0,0.0,USD
2026-04-01,Auvik,ConnectWise Inc,ANM Performance Add-Ons - Evergreen,CW,0.0,0.0,0.0,USD
2026-04-01,Auvik,ConnectWise Inc,MSP Monthly Free Trial,CW,0.0,0.0,0.0,USD
2026-04-01,Auvik,ConnectWise Sandbox,Billable Devices - Promo,CW,0.0,0.0,0.0,USD
2026-04-01,Auvik,ConnectWise Sandbox,Performance Add-On - Promo,CW,0.0,0.0,0.0,USD
2026-04-01,Auvik,"ConnectWise, LLC",Continuum Monthly Plan,CMS,260.0,0.0,1505.0,USD
2026-04-01,Auvik,Consilien LLC,ANM Essentials - Evergreen,CMS,40.0,9.36,374.58,USD
2026-04-01,Auvik,Consilien LLC,ANM Essentials Evergreen,CMS,51.0,9.36,477.36,USD
2026-04-01,Auvik,Continuum - APAC,Licenses,CMS,0.0,0.0,0.0,USD
2026-04-01,Auvik,Continuum - EMEA,Licenses,CMS,0.0,0.0,0.0,USD
2026-04-01,Auvik,Convergent Technologies Group,COANM-2 Additional Billable Devices,CMS,14.0,7.35,102.9,USD
2026-04-01,Auvik,Convergent Technologies Group,COANM-2 Committed Billable Devices,CMS,100.0,7.35,735.0,USD
2026-04-01,Auvik,"CorCystems, Inc",ANM Essentials - Evergreen,CW,500.0,6.29,3144.12,USD
2026-04-01,Auvik,"CorCystems, Inc",ANM Essentials Evergreen,CW,0.0,6.29,0.0,USD
2026-04-01,Auvik,"Corporate Technical Services, Inc.",Billable Devices,CW,40.0,9.19,367.6,USD
2026-04-01,Auvik,"Corporate Technical Services, Inc.",Billable Devices - Additional,CW,0.0,0.0,0.0,USD
2026-04-01,Auvik,"Corporate Technical Services, Inc.",Usage - Billable Devices,CW,0.0,9.19,0.0,USD
2026-04-01,Auvik,CoventBridge Group,ANM Essentials - Evergreen,CW,25.0,11.24,280.88,USD
2026-04-01,Auvik,Crimson It Services,ERM-ANM-40 Auvik Essentials -- Committed,CW,40.0,9.19,367.6,USD
2026-04-01,Auvik,Crimson It Services,ERM-ANM-40 Auvik Essentials -- Overage,CW,7.0,9.19,64.33,USD
2026-04-01,Auvik,Cross Sound Ferry,ANM Essentials,CW,56.0,9.81,549.52,USD
2026-04-01,Auvik,Cyber Advisors Inc,ANM Essentials,CMS,900.0,4.76,4284.0,USD
2026-04-01,Auvik,Cyber Advisors Inc,ANM Performance Add-Ons,CMS,1.0,2.77,2.77,USD
2026-04-01,Auvik,Cyber Advisors Inc,ANM Performance Add-on,CMS,30.0,2.77,83.1,USD
2026-04-01,Auvik,CyberSheath,ANM Essentials - Evergreen,CW,10.0,11.23,112.35,USD
2026-04-01,Auvik,CyberSheath,ANM Essentials Evergreen,CW,407.0,11.24,4574.68,USD
2026-04-01,Auvik,Cyberstreams,ANM Essentials - Evergreen,CMS,40.0,9.84,393.42,USD
2026-04-01,Auvik,Cyberstreams,ANM Essentials Evergreen,CMS,0.0,9.84,0.0,USD
2026-04-01,Auvik,DP Solutions,EPRM-ANM-500 Auvik Essentials -- Committed,CMS,500.0,5.15,2575.0,USD
2026-04-01,Auvik,DP Solutions,EPRM-ANM-500 Auvik Essentials -- Overage,CMS,50.0,5.15,257.5,USD
2026-04-01,Auvik,DP Solutions,PARM-ANM-500 Auvik Performance Add On -- Overage,CMS,143.0,2.94,420.42,USD
2026-04-01,Auvik,"DSM Technology Consultants, LLC",ANM Essentials - Evergreen,CW,225.0,6.74,1516.53,USD
2026-04-01,Auvik,"DSM Technology Consultants, LLC",ANM Essentials Evergreen,CW,0.0,6.74,0.0,USD
2026-04-01,Auvik,"DSM Technology Consultants, LLC",ANM Performance Add-On Evergreen,CW,0.0,4.57,0.0,USD
2026-04-01,Auvik,"DSM Technology Consultants, LLC",ANM Performance Add-Ons - Evergreen,CW,225.0,4.57,1027.61,USD
2026-04-01,Auvik,DTC,ANM Essentials - Evergreen,CMS,10.0,12.84,128.4,USD
2026-04-01,Auvik,DTC,ANM Essentials Evergreen,CMS,0.0,12.84,0.0,USD
2026-04-01,Auvik,Daemen ICT,ANM Essentials - Evergreen,CMS,40.0,9.36,374.58,USD
2026-04-01,Auvik,Daemen ICT,ANM Essentials Evergreen,CMS,0.0,9.36,0.0,USD
2026-04-01,Auvik,Datec (Fiji) Pte Limited,ANM Essentials - Evergreen,CW,10.0,11.23,112.35,USD
2026-04-01,Auvik,Datec (Fiji) Pte Limited,ANM Essentials Evergreen,CW,0.0,11.24,0.0,USD
2026-04-01,Auvik,"Decian, Inc.",ANM Essentials - Evergreen,CMS,175.0,8.09,1415.58,USD
2026-04-01,Auvik,"Decian, Inc.",ANM Essentials Evergreen,CMS,0.0,8.09,0.0,USD
2026-04-01,Auvik,"Decian, Inc.",ANM Performance Add-On Evergreen,CMS,8.0,4.31,34.48,USD
2026-04-01,Auvik,Descent IT,ANM Essentials,CW,86.0,9.17,788.62,USD
2026-04-01,Auvik,"Direct Companies, LLC",ANM Essentials - Evergreen,CW,206.0,7.08,1457.86,USD
2026-04-01,Auvik,"Direct Companies, LLC",ANM Essentials Evergreen,CW,865.0,7.08,6124.2,USD
2026-04-01,Auvik,"Direct Companies, LLC",ANM Performance Add-On Evergreen,CW,90.0,4.31,387.9,USD
2026-04-01,Auvik,EAG 1Source,ANM Essentials - Evergreen,CMS,40.0,10.7,428.09,USD
2026-04-01,Auvik,EAG 1Source,ANM Essentials Evergreen,CMS,42.0,10.7,449.4,USD
2026-04-01,Auvik,EC Managed IT,ANM Essentials - Evergreen,CW,127.0,7.35,933.45,USD
2026-04-01,Auvik,EC Managed IT,ANM Essentials Evergreen,CW,10.0,7.35,73.5,USD
2026-04-01,Auvik,ENT Networks,ANM Essentials - Evergreen,CW,75.0,9.25,693.53,USD
2026-04-01,Auvik,ENT Networks,ANM Essentials Evergreen,CW,0.0,9.25,0.0,USD
2026-04-01,Auvik,ENT of Georgia,ANM Essentials - Evergreen,CW,30.0,11.23,337.05,USD
2026-04-01,Auvik,ENT of Georgia,ANM Essentials Evergreen,CW,0.0,11.24,0.0,USD
2026-04-01,Auvik,ES Consulting,ANM Essentials - Evergreen,CW,455.0,5.88,2675.4,USD
2026-04-01,Auvik,ES Consulting,ANM Essentials Evergreen,CW,34.0,5.88,199.92,USD
2026-04-01,Auvik,Eagle Consulting Group LLC,ANM Essentials - Evergreen,CW,10.0,11.23,112.35,USD
2026-04-01,Auvik,Eagle Consulting Group LLC,ANM Essentials Evergreen,CW,0.0,11.24,0.0,USD
2026-04-01,Auvik,Eanyware,ANM Essentials - Evergreen,CMS,10.0,11.23,112.35,USD
2026-04-01,Auvik,Eanyware,ANM Essentials Evergreen,CMS,0.0,11.24,0.0,USD
2026-04-01,Auvik,Easyitguys,ANM Essentials - Evergreen,CW,40.0,9.81,392.56,USD
2026-04-01,Auvik,Easyitguys,ANM Essentials Evergreen,CW,0.0,9.81,0.0,USD
2026-04-01,Auvik,"Eclipse Networks, Inc",EPRM-ANM-250 Auvik Essentials -- Committed,CW,250.0,5.88,1470.0,USD
2026-04-01,Auvik,"Eclipse Networks, Inc",EPRM-ANM-250 Auvik Essentials -- Overage,CW,20.0,5.88,117.6,USD
2026-04-01,Auvik,"Eclipse Networks, Inc",PARM-ANM-250 Auvik Performance Add On -- Overage,CW,4.0,3.49,13.96,USD
2026-04-01,Auvik,"Edit Technology Solutions, Inc.",ANM Essentials - Evergreen,CMS,343.0,5.88,2016.84,USD
2026-04-01,Auvik,"Edit Technology Solutions, Inc.",ANM Essentials Evergreen,CMS,0.0,5.88,0.0,USD
2026-04-01,Auvik,Ekaru,ANM Essentials - Evergreen,CMS,10.0,11.23,112.35,USD
2026-04-01,Auvik,Ekaru,ANM Essentials Evergreen,CMS,16.0,11.24,179.84,USD
2026-04-01,Auvik,Ekaru,Auvik SaaS Management - Evergreen,CMS,100.0,1.05,105.01,USD
2026-04-01,Auvik,Ekaru,Auvik SaaS Management Evergreen,CMS,0.0,1.05,0.0,USD
2026-04-01,Auvik,"Electronic Strategies, Inc.",ANM Essentials - Evergreen,CMS,175.0,9.1,1593.3,USD
2026-04-01,Auvik,"Electronic Strategies, Inc.",ANM Essentials Evergreen,CMS,102.0,9.1,928.2,USD
2026-04-01,Auvik,"Electronic Strategies, Inc.",ANM Performance Add-On Evergreen,CMS,193.0,4.79,924.47,USD
2026-04-01,Auvik,Empire Consultants,ANM Essentials,CW,175.0,6.62,1157.63,USD
2026-04-01,Auvik,Empire Consultants,ANM Performance Add-Ons,CW,50.0,4.03,201.25,USD
2026-04-01,Auvik,Empire Consultants,ANM Performance Add-on,CW,46.0,4.03,185.38,USD
2026-04-01,Auvik,Empower Information Systems,ANM Essentials - Evergreen,CMS,10.0,11.23,112.35,USD
2026-04-01,Auvik,Empower Information Systems,ANM Essentials Evergreen,CMS,10.0,11.24,112.4,USD
2026-04-01,Auvik,Enso Solutions,COANM-1 Committed Billable Devices,CMS,40.0,9.19,367.6,USD
2026-04-01,Auvik,Enso Solutions,COANM-2 Additional Billable Devices,CMS,75.0,9.19,689.25,USD
2026-04-01,Auvik,Espire IT,ANM Essentials - Evergreen,CMS,10.0,11.23,112.35,USD
2026-04-01,Auvik,Espire IT,ANM Essentials Evergreen,CMS,0.0,11.24,0.0,USD
2026-04-01,Auvik,EuGenius Solutions,ANM Essentials - Evergreen,CW,10.0,12.84,128.4,USD
2026-04-01,Auvik,EuGenius Solutions,ANM Essentials Evergreen,CW,0.0,12.84,0.0,USD
2026-04-01,Auvik,Excite Consulting,ANM Essentials - Evergreen,CW,10.0,11.23,112.35,USD
2026-04-01,Auvik,Excite Consulting,ANM Essentials Evergreen,CW,0.0,11.24,0.0,USD
2026-04-01,Auvik,Excite Consulting,ANM Performance Add-On Evergreen,CW,7.0,7.49,52.43,USD
2026-04-01,Auvik,Excite Consulting,ANM Performance Add-Ons - Evergreen,CW,1.0,7.49,7.49,USD
2026-04-01,Auvik,"Exigent Technologies, LLC",ANM Essentials - Evergreen,CW,316.0,5.99,1893.93,USD
2026-04-01,Auvik,"Exigent Technologies, LLC",ANM Essentials Evergreen,CW,52.0,5.99,311.48,USD
2026-04-01,Auvik,Expedient Technology,ANM Essentials - Evergreen,CMS,750.0,5.85,4384.22,USD
2026-04-01,Auvik,Expedient Technology,ANM Essentials Evergreen,CMS,446.0,5.85,2609.1,USD
2026-04-01,Auvik,FIT Network,ANM Essentials,CMS,65.0,9.17,596.05,USD
2026-04-01,Auvik,FIT Network,ANM Performance Add-Ons,CMS,1.0,6.23,6.23,USD
2026-04-01,Auvik,FIT Solutions,ANM Essentials,CW,80.0,8.64,691.6,USD
2026-04-01,Auvik,FIT Solutions,ANM Essentials,CW,0.0,8.65,0.0,USD
2026-04-01,Auvik,FIT Solutions,ANM Performance Add-Ons,CW,60.0,5.88,352.8,USD
2026-04-01,Auvik,FIT Solutions,ANM Performance Add-on,CW,9.0,5.88,52.92,USD
2026-04-01,Auvik,"FPA Technology Services, Inc.",ANM Essentials - Evergreen,CW,154.0,7.49,1154.0,USD
2026-04-01,Auvik,"FPA Technology Services, Inc.",ANM Essentials Evergreen,CW,0.0,7.49,0.0,USD
2026-04-01,Auvik,Fenix 24 Inc,ANM Essentials,CW,515.0,6.62,3408.12,USD
2026-04-01,Auvik,Fernco Inc,ANM Essentials - Evergreen,CW,37.0,11.24,415.7,USD
2026-04-01,Auvik,Fernco Inc,ANM Essentials Evergreen,CW,18.0,11.24,202.32,USD
2026-04-01,Auvik,Ferrara IT Services LLC,ANM Essentials - Evergreen,CMS,10.0,11.23,112.35,USD
2026-04-01,Auvik,Ferrara IT Services LLC,ANM Essentials Evergreen,CMS,0.0,11.24,0.0,USD
2026-04-01,Auvik,Fireblade-IT,ANM Essentials - Evergreen,CW,50.0,9.84,491.78,USD
2026-04-01,Auvik,Fireblade-IT,ANM Essentials Evergreen,CW,84.0,9.84,826.56,USD
2026-04-01,Auvik,First Equipment Company,ANM Essentials - Evergreen,CMS,75.0,8.8,660.24,USD
2026-04-01,Auvik,First Equipment Company,ANM Essentials Evergreen,CMS,0.0,8.8,0.0,USD
2026-04-01,Auvik,Fitzrovia I.T. Limited,EPRM-ANM-40 Auvik Essentials -- Committed,CMS,40.0,9.19,367.6,USD
2026-04-01,Auvik,Fitzrovia I.T. Limited,EPRM-ANM-40 Auvik Essentials -- Overage,CMS,46.0,9.19,422.74,USD
2026-04-01,Auvik,Five Rivers IT,ANM Essentials - Evergreen,CW,115.0,8.56,984.81,USD
2026-04-01,Auvik,Five Rivers IT,ANM Essentials Evergreen,CW,154.0,8.56,1318.24,USD
2026-04-01,Auvik,Flagship Lab Services LLC,ANM Essentials - Evergreen,CW,51.0,9.17,467.87,USD
2026-04-01,Auvik,Flagship Lab Services LLC,ANM Essentials Evergreen,CW,11.0,9.17,100.87,USD
2026-04-01,Auvik,Fluid IT Ltd,ANM Essentials - Evergreen,CMS,175.0,7.08,1239.47,USD
2026-04-01,Auvik,Fluid IT Ltd,ANM Essentials Evergreen,CMS,0.0,7.08,0.0,USD
2026-04-01,Auvik,Fluid IT Ltd,ANM Performance Add-Ons - Evergreen,CMS,1.0,5.88,5.88,USD
2026-04-01,Auvik,"Forthright Technology Partners, Inc.",ANM Essentials - Evergreen,CMS,10.0,11.23,112.35,USD
2026-04-01,Auvik,"Forthright Technology Partners, Inc.",ANM Essentials Evergreen,CMS,125.0,11.24,1405.0,USD
2026-04-01,Auvik,FoxNet Solutions,ANM Essentials - Evergreen,CW,100.0,6.74,674.37,USD
2026-04-01,Auvik,FoxNet Solutions,ANM Essentials Evergreen,CW,0.0,6.74,0.0,USD
2026-04-01,Auvik,FoxNet Solutions,ANM Performance Add-On Evergreen,CW,0.0,4.99,0.0,USD
2026-04-01,Auvik,FoxNet Solutions,ANM Performance Add-Ons - Evergreen,CW,33.0,4.99,164.64,USD
2026-04-01,Auvik,"Framework IT, LLC",ANM Essentials - Evergreen,CW,450.0,5.99,2697.05,USD
2026-04-01,Auvik,"Framework IT, LLC",ANM Essentials Evergreen,CW,7.0,5.99,41.93,USD
2026-04-01,Auvik,Frank Miller Lumber Company,ANM Essentials - Evergreen,CW,16.0,11.23,179.76,USD
2026-04-01,Auvik,Frank Miller Lumber Company,ANM Essentials Evergreen,CW,0.0,11.24,0.0,USD
2026-04-01,Auvik,GFI Digital,ANM Essentials - Evergreen,CW,125.0,7.49,936.69,USD
2026-04-01,Auvik,GFI Digital,ANM Essentials Evergreen,CW,0.0,7.49,0.0,USD
2026-04-01,Auvik,Galaxie Business Equipment Inc.,ANM Essentials - Evergreen,CW,28.0,11.23,314.58,USD
2026-04-01,Auvik,Galaxie Business Equipment Inc.,ANM Essentials Evergreen,CW,0.0,11.24,0.0,USD
2026-04-01,Auvik,Galaxie Business Equipment Inc.,ANM Performance Add-On Evergreen,CW,0.0,7.31,0.0,USD
2026-04-01,Auvik,Galaxie Business Equipment Inc.,ANM Performance Add-Ons - Evergreen,CW,10.0,7.31,73.08,USD
2026-04-01,Auvik,Genesis BCS,ANM Essentials - Evergreen,CMS,10.0,11.23,112.35,USD
2026-04-01,Auvik,Gershow Recycling,ANM Full Performance - Evergreen,CW,45.0,16.52,743.44,USD
2026-04-01,Auvik,Gershow Recycling,ANM Full Performance Evergreen,CW,0.0,16.52,0.0,USD
2026-04-01,Auvik,GiaSpace Inc,ANM Essentials - Evergreen,CMS,42.0,9.36,393.31,USD
2026-04-01,Auvik,GiaSpace Inc,ANM Essentials Evergreen,CMS,0.0,9.36,0.0,USD
2026-04-01,Auvik,Glenbrook Automotive,ANM Essentials - Evergreen,CW,114.0,7.35,837.9,USD
2026-04-01,Auvik,Glenbrook Automotive,ANM Essentials Evergreen,CW,0.0,7.35,0.0,USD
2026-04-01,Auvik,Glenbrook Automotive,ANM Performance Add-On Evergreen,CW,0.0,4.76,0.0,USD
2026-04-01,Auvik,Glenbrook Automotive,ANM Performance Add-Ons - Evergreen,CW,100.0,4.76,476.0,USD
2026-04-01,Auvik,Golden West Technologies,ANM Essentials,CW,196.0,7.56,1481.76,USD
2026-04-01,Auvik,Goliad County,ANM Essentials - Evergreen,CW,14.0,11.23,157.29,USD
2026-04-01,Auvik,Gordon Flesch Company,ANM Essentials - Evergreen,CMS,10.0,11.23,112.35,USD
2026-04-01,Auvik,Greystone Technology,Licenses,CMS,40.0,10.5,420.0,USD
2026-04-01,Auvik,Greystone Technology,Usage - Licenses,CMS,8.0,10.5,84.0,USD
2026-04-01,Auvik,Grid4 Communications,ANM Essentials - Evergreen,CW,60.0,8.62,516.94,USD
2026-04-01,Auvik,Grid4 Communications,ANM Essentials Evergreen,CW,54.0,8.62,465.48,USD
2026-04-01,Auvik,Grid4 Communications,ANM Performance Add-On Evergreen,CW,12.0,6.11,73.32,USD
2026-04-01,Auvik,Grid4 Communications,Free of Charge,CW,0.0,0.0,0.0,USD
2026-04-01,Auvik,H5 Networks,ANM Essentials - Evergreen,CW,20.0,11.23,224.7,USD
2026-04-01,Auvik,H5 Networks,ANM Essentials Evergreen,CW,13.0,11.24,146.12,USD
2026-04-01,Auvik,H5 Networks,ANM Performance Add-On Evergreen,CW,13.0,7.49,97.37,USD
2026-04-01,Auvik,H5 Networks,ANM Performance Add-Ons - Evergreen,CW,20.0,7.49,149.8,USD
2026-04-01,Auvik,HUB Tech,ANM Essentials - Evergreen,CMS,500.0,5.51,2753.75,USD
2026-04-01,Auvik,HUB Tech,ANM Essentials Evergreen,CMS,189.0,5.51,1041.39,USD
2026-04-01,Auvik,HUB Tech,ANM Performance Add-On Evergreen,CMS,689.0,3.85,2652.65,USD
2026-04-01,Auvik,Harbor IT,ANM Essentials - Evergreen,CW,1000.0,4.72,4718.0,USD
2026-04-01,Auvik,Harbor IT,ANM Essentials Evergreen,CW,367.0,4.72,1732.24,USD
2026-04-01,Auvik,Harbor IT,ANM Performance Add-On Evergreen,CW,2.0,2.55,5.1,USD
2026-04-01,Auvik,Harris Technology Services,ANM Essentials - Evergreen,CW,40.0,9.84,393.42,USD
2026-04-01,Auvik,Harris Technology Services,ANM Essentials Evergreen,CW,52.0,9.84,511.68,USD
2026-04-01,Auvik,Hashtech Managed IT Services,ANM Essentials - Evergreen,CMS,10.0,11.23,112.35,USD
2026-04-01,Auvik,HighPoint Technology Group,ANM Essentials - Evergreen,CMS,150.0,8.56,1284.53,USD
2026-04-01,Auvik,HighPoint Technology Group,ANM Essentials Evergreen,CMS,0.0,8.56,0.0,USD
2026-04-01,Auvik,HighPoint Technology Group,ANM Performance Add-On Evergreen,CMS,66.0,6.96,459.36,USD
2026-04-01,Auvik,HillSouth,ANM Essentials - Evergreen,CMS,175.0,7.7,1347.96,USD
2026-04-01,Auvik,HillSouth,ANM Essentials Evergreen,CMS,63.0,7.7,485.1,USD
2026-04-01,Auvik,HillSouth,ANM Performance Add-Ons - Evergreen,CMS,1.0,5.88,5.88,USD
2026-04-01,Auvik,"Home Legend, LLC",ANM Essentials - Evergreen,CW,13.0,11.24,146.06,USD
2026-04-01,Auvik,"Home Legend, LLC",ANM Essentials Evergreen,CW,1.0,11.24,11.24,USD
2026-04-01,Auvik,"Home Legend, LLC",ANM Performance Add-On Evergreen,CW,1.0,7.49,7.49,USD
2026-04-01,Auvik,"Home Legend, LLC",ANM Performance Add-Ons - Evergreen,CW,13.0,7.49,97.37,USD
2026-04-01,Auvik,Huber & Associates MSP,ANM Essentials - Evergreen,CW,250.0,5.99,1498.36,USD
2026-04-01,Auvik,Huber & Associates MSP,ANM Essentials Evergreen,CW,544.0,5.99,3258.56,USD
2026-04-01,Auvik,Huber & Associates MSP,ANM Performance Add-On Evergreen,CW,60.0,3.56,213.6,USD
2026-04-01,Auvik,IMC Technologies,ANM Essentials - Evergreen,CW,10.0,11.23,112.35,USD
2026-04-01,Auvik,IMC Technologies,ANM Essentials Evergreen,CW,0.0,11.24,0.0,USD
2026-04-01,Auvik,IPro Media,ANM Essentials - Evergreen,CW,500.0,5.51,2753.75,USD
2026-04-01,Auvik,IPro Media,ANM Essentials Evergreen,CW,0.0,5.51,0.0,USD
2026-04-01,Auvik,ISG,ANM Essentials - Evergreen,CW,790.0,5.12,4042.75,USD
2026-04-01,Auvik,ISG,ANM Essentials Evergreen,CW,155.0,5.12,793.6,USD
2026-04-01,Auvik,ISG,ANM Performance Add-On Evergreen,CW,32.0,2.96,94.72,USD
2026-04-01,Auvik,ISG,ANM Performance Add-Ons - Evergreen,CW,49.0,2.96,144.83,USD
2026-04-01,Auvik,ISI,Licenses,CMS,100.0,7.35,735.0,USD
2026-04-01,Auvik,ISI,Usage - Licenses,CMS,0.0,7.35,0.0,USD
2026-04-01,Auvik,ISOutsource,ANM Essentials,CW,100.0,7.35,810.71,USD
2026-04-01,Auvik,ISOutsource,Auvik SaaS Management,CW,500.0,0.91,501.87,USD
2026-04-01,Auvik,In-Telecom Consulting,ANM Essentials - Evergreen,CMS,500.0,5.99,2994.19,USD
2026-04-01,Auvik,In-Telecom Consulting,ANM Essentials Evergreen,CMS,104.0,5.99,622.96,USD
2026-04-01,Auvik,In-Telecom Consulting,ANM Performance Add-On Evergreen,CMS,28.0,4.28,119.84,USD
2026-04-01,Auvik,In-Telecom Consulting,ANM Performance Add-Ons - Evergreen,CMS,1.0,4.28,4.28,USD
2026-04-01,Auvik,Indian River Networks,ANM Essentials - Evergreen,CW,40.0,9.36,374.58,USD
2026-04-01,Auvik,Indian River Networks,ANM Essentials Evergreen,CW,21.0,9.36,196.56,USD
2026-04-01,Auvik,Indian River Networks,ANM Performance Add-Ons - Evergreen,CW,7.0,6.11,42.75,USD
2026-04-01,Auvik,Indian River Networks,Free of Charge,CW,0.0,0.0,0.0,USD
2026-04-01,Auvik,Infinit Technology Solutions,EPRM-ANM-100 Auvik Essentials -- Committed,CW,125.0,8.4,1050.0,USD
2026-04-01,Auvik,Infinit Technology Solutions,EPRM-ANM-100 Auvik Essentials -- Overage,CW,33.0,8.4,277.2,USD
2026-04-01,Auvik,Infinity Technology Consulting Inc,ANM Essentials - Evergreen,CMS,10.0,11.23,112.35,USD
2026-04-01,Auvik,Infinity Technology Consulting Inc,ANM Essentials Evergreen,CMS,3.0,11.24,33.72,USD
2026-04-01,Auvik,"Infotec I, Inc.",ANM Essentials,CMS,250.0,6.72,1680.0,USD
2026-04-01,Auvik,"Infotec I, Inc.",ANM Performance Add-on,CMS,111.0,4.0,444.0,USD
2026-04-01,Auvik,Insight Technical Advisors,ANM Essentials,CW,20.0,10.5,210.0,USD
2026-04-01,Auvik,Insight Technical Advisors,ANM Performance Add-Ons,CW,1.0,7.0,7.0,USD
2026-04-01,Auvik,Intalect Ltd,ANM Essentials - Evergreen,CMS,20.0,11.23,224.7,USD
2026-04-01,Auvik,Intalect Ltd,ANM Essentials Evergreen,CMS,1.0,11.24,11.24,USD
2026-04-01,Auvik,IntegraTek Consulting,ANM Essentials - Evergreen,CMS,10.0,12.84,128.4,USD
2026-04-01,Auvik,"Intelligent Protection, LLC dba IPM Corp",EPRM-ANM-175 Auvik Essentials -- Committed,CW,200.0,6.62,1324.0,USD
2026-04-01,Auvik,"Intelligent Protection, LLC dba IPM Corp",EPRM-ANM-175 Auvik Essentials -- Overage,CW,31.0,6.62,205.22,USD
2026-04-01,Auvik,"Intelligent Protection, LLC dba IPM Corp",PARM-ANM-175 Auvik Performance Add On,CW,45.0,4.04,181.8,USD
2026-04-01,Auvik,"Intelligent Protection, LLC dba IPM Corp",PARM-ANM-175 Auvik Performance Add On -- Overage,CW,8.0,4.04,32.32,USD
2026-04-01,Auvik,Intrasystems,ANM Essentials - Evergreen,CMS,250.0,7.19,1798.07,USD
2026-04-01,Auvik,Intrasystems,ANM Essentials Evergreen,CMS,407.0,7.19,2926.33,USD
2026-04-01,Auvik,Intrasystems,ANM Performance Add-On Evergreen,CMS,59.0,4.27,251.93,USD
2026-04-01,Auvik,"Intrinsic Technology Group, Inc.",ANM Essentials - Evergreen,CMS,500.0,5.24,2620.05,USD
2026-04-01,Auvik,"Intrinsic Technology Group, Inc.",ANM Essentials Evergreen,CMS,0.0,5.24,0.0,USD
2026-04-01,Auvik,"Intrinsic Technology Group, Inc.",ANM Performance Add-On Evergreen,CMS,24.0,4.28,102.72,USD
2026-04-01,Auvik,Itek Systems Management Ltd,ANM Essentials - Evergreen,CMS,10.0,11.23,112.35,USD
2026-04-01,Auvik,Itek Systems Management Ltd,ANM Essentials Evergreen,CMS,11.0,11.24,123.64,USD
2026-04-01,Auvik,Jungle IT,ANM Essentials - Evergreen,CW,389.0,6.29,2447.98,USD
2026-04-01,Auvik,Jungle IT,ANM Essentials Evergreen,CW,10.0,6.29,62.9,USD
2026-04-01,Auvik,Jungle IT,ANM Performance Add-On Evergreen,CW,0.0,3.75,0.0,USD
2026-04-01,Auvik,Jungle IT,ANM Performance Add-Ons - Evergreen,CW,389.0,3.75,1456.81,USD
2026-04-01,Auvik,Kalmer Solutions,ANM Essentials - Evergreen,CW,108.0,7.87,849.74,USD
2026-04-01,Auvik,Kalmer Solutions,ANM Essentials Evergreen,CW,0.0,7.87,0.0,USD
2026-04-01,Auvik,Kalmer Solutions,ANM Performance Add-On Evergreen,CW,0.0,5.24,0.0,USD
2026-04-01,Auvik,Kalmer Solutions,ANM Performance Add-Ons - Evergreen,CW,45.0,5.24,235.58,USD
2026-04-01,Auvik,Keen IT Services,ANM Essentials - Evergreen,CW,40.0,9.36,374.58,USD
2026-04-01,Auvik,Keen IT Services,ANM Essentials Evergreen,CW,12.0,9.36,112.32,USD
2026-04-01,Auvik,Kelley Create,ANM Essentials - Evergreen,CMS,40.0,9.84,393.42,USD
2026-04-01,Auvik,Kelser Corporation,ANM Essentials - Evergreen,CMS,250.0,7.19,1798.07,USD
2026-04-01,Auvik,Kelser Corporation,ANM Essentials Evergreen,CMS,0.0,7.19,0.0,USD
2026-04-01,Auvik,Kelser Corporation,ANM Performance Add-On Evergreen,CMS,20.0,5.08,101.6,USD
2026-04-01,Auvik,Kelser Corporation,ANM Performance Add-Ons - Evergreen,CMS,1.0,5.08,5.08,USD
2026-04-01,Auvik,Kent School District in WA state,ANM Essentials,CW,700.0,4.35,3043.27,USD
2026-04-01,Auvik,Kent School District in WA state,ANM Performance Add-Ons,CW,700.0,2.35,1646.4,USD
2026-04-01,Auvik,Kent School District in WA state,ANM Performance Add-on,CW,0.0,2.35,0.0,USD
2026-04-01,Auvik,Kilobytes Data Solutions Inc,ANM Essentials - Evergreen,CMS,75.0,8.65,648.45,USD
2026-04-01,Auvik,Kilobytes Data Solutions Inc,ANM Essentials Evergreen,CMS,0.0,8.65,0.0,USD
2026-04-01,Auvik,"Kraft & Kennedy, Inc.",ANM Essentials - Evergreen,CW,500.0,5.6,2800.0,USD
2026-04-01,Auvik,"Kraft & Kennedy, Inc.",ANM Essentials Evergreen,CW,123.0,5.6,688.8,USD
2026-04-01,Auvik,"Kraft & Kennedy, Inc.",Auvik SaaS Management - Evergreen,CW,2000.0,0.63,1260.0,USD
2026-04-01,Auvik,"Kraft & Kennedy, Inc.",Auvik SaaS Management Evergreen,CW,413.0,0.63,260.19,USD
2026-04-01,Auvik,Krueger Communications,ANM Essentials - Evergreen,CW,100.0,7.49,749.35,USD
2026-04-01,Auvik,Krueger Communications,ANM Essentials Evergreen,CW,231.0,7.49,1730.19,USD
2026-04-01,Auvik,Krueger Communications,Free of Charge,CW,0.0,0.0,0.0,USD
2026-04-01,Auvik,Lake Business Products,ANM Essentials - Evergreen,CMS,10.0,11.23,112.35,USD
2026-04-01,Auvik,Lake Business Products,ANM Essentials Evergreen,CMS,0.0,11.24,0.0,USD
2026-04-01,Auvik,"Lead-In Technologies, Inc.",ANM Essentials - Evergreen,CMS,10.0,11.23,112.35,USD
2026-04-01,Auvik,"Lead-In Technologies, Inc.",ANM Essentials Evergreen,CMS,0.0,11.24,0.0,USD
2026-04-01,Auvik,"Leading Edge Solutions, Inc.",ANM Essentials - Evergreen,CW,40.0,9.81,392.56,USD
2026-04-01,Auvik,LeadingIT,EPRM-ANM-250 Auvik Essentials -- Committed,CMS,250.0,6.72,1680.0,USD
2026-04-01,Auvik,LeadingIT,EPRM-ANM-250 Auvik Essentials -- Overage,CMS,0.0,6.72,0.0,USD
2026-04-01,Auvik,Liberty Maritime,ANM Essentials - Evergreen,CW,20.0,11.23,224.7,USD
2026-04-01,Auvik,Liberty Maritime,ANM Essentials Evergreen,CW,15.0,11.24,168.6,USD
2026-04-01,Auvik,"Lieberman Technologies, LLC",ERM-ANM-75 Auvik Essentials -- Committed,CW,75.0,8.65,648.38,USD
2026-04-01,Auvik,"Lieberman Technologies, LLC",ERM-ANM-75 Auvik Essentials -- Overage,CW,0.0,8.65,0.0,USD
2026-04-01,Auvik,Lincoln Computer Services,ANM Essentials - Evergreen,CW,500.0,5.5,2751.0,USD
2026-04-01,Auvik,Lincoln Computer Services,ANM Essentials Evergreen,CW,0.0,5.5,0.0,USD
2026-04-01,Auvik,Lincoln Computer Services,ANM Performance Add-On Evergreen,CW,0.0,3.14,0.0,USD
2026-04-01,Auvik,Lincoln Computer Services,ANM Performance Add-Ons - Evergreen,CW,374.0,3.14,1175.48,USD
2026-04-01,Auvik,Liquid Pear Technologies,ANM Essentials - Evergreen,CW,12.0,13.97,167.7,USD
2026-04-01,Auvik,Liquid Pear Technologies,ANM Essentials Evergreen,CW,0.0,13.98,0.0,USD
2026-04-01,Auvik,Louisville Geek,ANM Essentials,CW,250.0,5.88,1470.0,USD
2026-04-01,Auvik,Louisville Geek,ANM Performance Add-Ons,CW,250.0,3.5,875.0,USD
2026-04-01,Auvik,Louisville Geek,ANM Performance Add-on,CW,0.0,3.5,0.0,USD
2026-04-01,Auvik,Louisville Geek,Auvik SaaS Management,CW,108.0,1.57,170.1,USD
2026-04-01,Auvik,Louisville Geek,Auvik SaaS Management,CW,50.0,1.58,79.0,USD
2026-04-01,Auvik,MKMX Computer Solutions,ANM Essentials - Evergreen,CW,10.0,11.23,112.35,USD
2026-04-01,Auvik,MKMX Computer Solutions,ANM Essentials Evergreen,CW,0.0,11.24,0.0,USD
2026-04-01,Auvik,Madison Commercial Real Estate Services,ANM Essentials - Evergreen,CW,30.0,11.23,337.05,USD
2026-04-01,Auvik,Madison Commercial Real Estate Services,ANM Essentials Evergreen,CW,33.0,11.24,370.92,USD
2026-04-01,Auvik,Mainframe IT LLC,ANM Essentials - Evergreen,CMS,20.0,11.23,224.7,USD
2026-04-01,Auvik,Mainframe IT LLC,ANM Essentials Evergreen,CMS,0.0,11.24,0.0,USD
2026-04-01,Auvik,Marcum Technology MSP,ANM Essentials - Evergreen,CW,250.0,6.29,1573.25,USD
2026-04-01,Auvik,Marcum Technology MSP,ANM Essentials Evergreen,CW,277.0,6.29,1742.33,USD
2026-04-01,Auvik,Matrix Integration,ANM Essentials - Evergreen,CW,100.0,7.49,749.35,USD
2026-04-01,Auvik,Matrix Integration,ANM Essentials Evergreen,CW,0.0,7.49,0.0,USD
2026-04-01,Auvik,Matrix Integration,ANM Performance Add-On Evergreen,CW,0.0,4.99,0.0,USD
2026-04-01,Auvik,Matrix Integration,ANM Performance Add-Ons - Evergreen,CW,18.0,4.99,89.8,USD
2026-04-01,Auvik,"Maureen Data Systems, Inc.",ANM Essentials - Evergreen,CMS,40.0,9.84,393.42,USD
2026-04-01,Auvik,"Maureen Data Systems, Inc.",ANM Essentials Evergreen,CMS,0.0,9.84,0.0,USD
2026-04-01,Auvik,Max Communications Inc.,ANM Essentials - Evergreen,CW,40.0,9.36,374.58,USD
2026-04-01,Auvik,Max Communications Inc.,ANM Essentials Evergreen,CW,0.0,9.36,0.0,USD
2026-04-01,Auvik,Maxsum Consulting,ANM Essentials - Evergreen,CW,46.0,9.36,430.77,USD
2026-04-01,Auvik,Maxsum Consulting,ANM Essentials Evergreen,CW,28.0,9.36,262.08,USD
2026-04-01,Auvik,McLane Intelligent Solutions,ANM Essentials - Evergreen,CMS,250.0,6.85,1713.27,USD
2026-04-01,Auvik,McLane Intelligent Solutions,ANM Essentials Evergreen,CMS,0.0,6.85,0.0,USD
2026-04-01,Auvik,McLane Intelligent Solutions,ANM Performance Add-On Evergreen,CMS,35.0,3.75,131.25,USD
2026-04-01,Auvik,"Meritech, Inc.",ANM Essentials - Evergreen,CMS,40.0,9.84,393.42,USD
2026-04-01,Auvik,"Meritech, Inc.",ANM Essentials Evergreen,CMS,5.0,9.84,49.2,USD
2026-04-01,Auvik,Milner Technologies,ANM Essentials - Evergreen,CW,250.0,6.29,1573.25,USD
2026-04-01,Auvik,Milner Technologies,ANM Essentials Evergreen,CW,0.0,6.29,0.0,USD
2026-04-01,Auvik,Modtech,ANM Essentials - Evergreen,CW,15.0,11.24,168.53,USD
2026-04-01,Auvik,Modtech,ANM Essentials Evergreen,CW,0.0,11.24,0.0,USD
2026-04-01,Auvik,MyConnectSolutions,ANM Essentials,CW,12.0,10.5,126.0,USD
2026-04-01,Auvik,MyConnectSolutions,Auvik SaaS Management,CW,50.0,2.1,105.0,USD
2026-04-01,Auvik,Nauticon,ANM Essentials - Evergreen,CW,151.0,7.03,1060.94,USD
2026-04-01,Auvik,Nauticon,ANM Essentials Evergreen,CW,0.0,7.03,0.0,USD
2026-04-01,Auvik,Net@Work,ANM Essentials - Evergreen,CW,550.0,5.24,2882.06,USD
2026-04-01,Auvik,Net@Work,ANM Essentials Evergreen,CW,27.0,5.24,141.48,USD
2026-04-01,Auvik,NetOps Consulting,ANM Full Performance - Evergreen,CW,720.0,7.78,5603.21,USD
2026-04-01,Auvik,NetOps Consulting,ANM Full Performance Evergreen,CW,0.0,7.78,0.0,USD
2026-04-01,Auvik,"NetSource One, Inc.",ANM Essentials - Evergreen,CMS,500.0,6.29,3147.14,USD
2026-04-01,Auvik,"NetSource One, Inc.",ANM Essentials Evergreen,CMS,0.0,6.29,0.0,USD
2026-04-01,Auvik,Netcetera Consulting,ANM Essentials - Evergreen,CW,140.0,7.87,1101.52,USD
2026-04-01,Auvik,Netcetera Consulting,ANM Essentials Evergreen,CW,54.0,7.87,424.98,USD
2026-04-01,Auvik,Netropole Inc.,ANM Essentials - Evergreen,CMS,17.0,11.24,191.0,USD
2026-04-01,Auvik,Network Bridge Solutions Ltd,ANM Essentials - Evergreen,CW,40.0,9.36,374.58,USD
2026-04-01,Auvik,Network Bridge Solutions Ltd,ANM Essentials Evergreen,CW,1.0,9.36,9.36,USD
2026-04-01,Auvik,Network Bridge Solutions Ltd,ANM Performance Add-Ons - Evergreen,CW,2.0,6.11,12.22,USD
2026-04-01,Auvik,NewGen Administrative Services,ANM Essentials,CW,268.0,5.38,1441.89,USD
2026-04-01,Auvik,NewGen Administrative Services,ANM Performance Add-Ons,CW,268.0,3.2,857.61,USD
2026-04-01,Auvik,North State Bank,PRM-ANM-40 Auvik Performance -- Committed,CW,42.0,15.44,648.48,USD
2026-04-01,Auvik,North State Bank,PRM-ANM-40 Auvik Performance -- Overage,CW,7.0,15.44,108.08,USD
2026-04-01,Auvik,North State Bank,RM - ASM - 250 - Committed,CW,270.0,1.05,283.5,USD
2026-04-01,Auvik,North State Bank,RM - ASM - 250 - Overage,CW,0.0,1.05,0.0,USD
2026-04-01,Auvik,Ockers,ANM Essentials - Evergreen,CMS,175.0,8.09,1415.58,USD
2026-04-01,Auvik,Ockers,ANM Essentials Evergreen,CMS,0.0,8.09,0.0,USD
2026-04-01,Auvik,"Omni Data, LLC",ANM Full Performance - Evergreen,CMS,500.0,7.41,3703.86,USD
2026-04-01,Auvik,"Omni Data, LLC",ANM Full Performance Evergreen,CMS,112.0,7.41,829.92,USD
2026-04-01,Auvik,"On Line Support, Inc.",ANM Essentials - Evergreen,CW,59.0,9.36,552.51,USD
2026-04-01,Auvik,"On Line Support, Inc.",ANM Essentials Evergreen,CW,51.0,9.36,477.36,USD
2026-04-01,Auvik,OnPar Technologies,ANM Essentials - Evergreen,CW,120.0,7.87,944.16,USD
2026-04-01,Auvik,OnPar Technologies,ANM Essentials Evergreen,CW,0.0,7.87,0.0,USD
2026-04-01,Auvik,Ontech Systems,ANM Essentials - Evergreen,CMS,100.0,7.87,786.8,USD
2026-04-01,Auvik,Ontech Systems,ANM Essentials Evergreen,CMS,44.0,7.87,346.28,USD
2026-04-01,Auvik,Original Consultants Ltd,ANM Essentials,CW,155.0,7.35,1139.25,USD
2026-04-01,Auvik,Oryx Align Limited,ANM Essentials - Evergreen,CW,2000.0,3.65,7297.36,USD
2026-04-01,Auvik,Oryx Align Limited,ANM Essentials Evergreen,CW,70.0,3.65,255.5,USD
2026-04-01,Auvik,PCnet (Syntrio),ANM Essentials - Evergreen,CMS,500.0,6.29,3144.12,USD
2026-04-01,Auvik,PCnet (Syntrio),ANM Essentials Evergreen,CMS,201.0,6.29,1264.29,USD
2026-04-01,Auvik,PEI,ANM Essentials - Evergreen,CMS,175.0,7.7,1347.96,USD
2026-04-01,Auvik,PEI,ANM Essentials Evergreen,CMS,31.0,7.7,238.7,USD
2026-04-01,Auvik,PTS Datacenter Solutions,EPRM-ANM-40 Auvik Essentials -- Committed,CMS,40.0,9.19,367.6,USD
2026-04-01,Auvik,PTS Datacenter Solutions,EPRM-ANM-40 Auvik Essentials -- Overage,CMS,46.0,9.19,422.74,USD
2026-04-01,Auvik,PTS Datacenter Solutions,PARM-ANM-40 Auvik Performance Add On -- Overage,CMS,15.0,6.25,93.75,USD
2026-04-01,Auvik,Pacific Office Automation,ANM Essentials - Evergreen,CW,165.0,7.49,1236.42,USD
2026-04-01,Auvik,Pacific Office Automation,ANM Essentials Evergreen,CW,141.0,7.49,1056.09,USD
2026-04-01,Auvik,Panurgy,ANM Essentials - Evergreen,CMS,10.0,11.23,112.35,USD
2026-04-01,Auvik,Panurgy,ANM Essentials Evergreen,CMS,35.0,11.24,393.4,USD
2026-04-01,Auvik,Paradyn,ANM Essentials - Evergreen,CMS,40.0,9.36,374.58,USD
2026-04-01,Auvik,Paradyn,ANM Essentials Evergreen,CMS,0.0,9.36,0.0,USD
2026-04-01,Auvik,Paronubi,ANM Essentials - Evergreen,CMS,10.0,11.23,112.35,USD
2026-04-01,Auvik,Pearson Kelly Technology,ANM Essentials - Evergreen,CMS,100.0,7.49,749.35,USD
2026-04-01,Auvik,Pearson Kelly Technology,ANM Essentials Evergreen,CMS,0.0,7.49,0.0,USD
2026-04-01,Auvik,Pine Cove Consulting,ANM Essentials - Evergreen,CW,635.0,5.51,3497.26,USD
2026-04-01,Auvik,Pine Cove Consulting,ANM Essentials Evergreen,CW,0.0,5.51,0.0,USD
2026-04-01,Auvik,Pine Cove Consulting,ANM Performance Add-On Evergreen,CW,0.0,3.14,0.0,USD
2026-04-01,Auvik,Pine Cove Consulting,ANM Performance Add-Ons - Evergreen,CW,408.0,3.14,1282.34,USD
2026-04-01,Auvik,Pine Cove Consulting,Auvik SaaS Management - Evergreen,CW,100.0,1.57,157.5,USD
2026-04-01,Auvik,Pine Cove Consulting,Auvik SaaS Management Evergreen,CW,0.0,1.58,0.0,USD
2026-04-01,Auvik,Plains Internet DBA CPU Onsite,ANM Essentials - Evergreen,CMS,40.0,9.84,393.42,USD
2026-04-01,Auvik,Plains Internet DBA CPU Onsite,ANM Essentials Evergreen,CMS,0.0,9.84,0.0,USD
2026-04-01,Auvik,Platinum Technology,EPRM-ANM-10 Auvik Essentials -- Committed,CW,15.0,10.5,157.5,USD
2026-04-01,Auvik,Platinum Technology,EPRM-ANM-10 Auvik Essentials -- Overage,CW,9.0,10.5,94.5,USD
2026-04-01,Auvik,Platinum Technology,PARM-ANM-10 Auvik Performance Add On,CW,15.0,7.0,105.0,USD
2026-04-01,Auvik,Powernet (formerly Maxis360),ANM Essentials,CW,1011.0,4.41,4458.51,USD
2026-04-01,Auvik,Powernet (formerly Maxis360),ANM Performance Add-Ons,CW,2.0,2.38,4.76,USD
2026-04-01,Auvik,Powernet (formerly Maxis360),ANM Performance Add-on,CW,4.0,2.38,9.52,USD
2026-04-01,Auvik,"Praxis Computing, Inc.",ANM Essentials - Evergreen,CW,45.0,9.36,421.4,USD
2026-04-01,Auvik,"Praxis Computing, Inc.",ANM Essentials Evergreen,CW,0.0,9.36,0.0,USD
2026-04-01,Auvik,Premier Technologies,ANM Essentials - Evergreen,CMS,175.0,7.08,1239.47,USD
2026-04-01,Auvik,Premier Technologies,ANM Essentials Evergreen,CMS,39.0,7.08,276.12,USD
2026-04-01,Auvik,ProServeIT,ANM Essentials - Evergreen,CMS,250.0,5.99,1498.36,USD
2026-04-01,Auvik,ProServeIT,ANM Essentials Evergreen,CMS,0.0,5.99,0.0,USD
2026-04-01,Auvik,ProTech Systems Group Inc.,ANM Essentials - Evergreen,CW,116.0,7.49,869.24,USD
2026-04-01,Auvik,Prosper IT,ANM Essentials - Evergreen,CMS,30.0,11.23,337.05,USD
2026-04-01,Auvik,Prosper IT,ANM Essentials Evergreen,CMS,0.0,11.24,0.0,USD
2026-04-01,Auvik,"Pyramid Consulting, Inc.",ANM Essentials - Evergreen,CW,50.0,9.84,491.78,USD
2026-04-01,Auvik,"Pyramid Consulting, Inc.",ANM Essentials Evergreen,CW,0.0,9.84,0.0,USD
2026-04-01,Auvik,"Pyramid Consulting, Inc.",ANM Performance Add-On Evergreen,CW,0.0,6.69,0.0,USD
2026-04-01,Auvik,"Pyramid Consulting, Inc.",ANM Performance Add-Ons - Evergreen,CW,50.0,6.69,334.27,USD
2026-04-01,Auvik,Quantified IT,ANM Essentials - Evergreen,CW,250.0,6.85,1712.33,USD
2026-04-01,Auvik,Quantified IT,ANM Essentials Evergreen,CW,0.0,6.85,0.0,USD
2026-04-01,Auvik,Quantified IT,Auvik SaaS Management - Evergreen,CW,250.0,1.44,360.01,USD
2026-04-01,Auvik,R-Computer,ANM Essentials - Evergreen,CW,22.0,11.23,247.17,USD
2026-04-01,Auvik,R-Computer,ANM Essentials Evergreen,CW,0.0,11.24,0.0,USD
2026-04-01,Auvik,R-Computer,Free of Charge,CW,0.0,0.0,0.0,USD
2026-04-01,Auvik,RAM Contracting,ANM Essentials - Evergreen,CW,24.0,11.23,269.64,USD
2026-04-01,Auvik,RAM Contracting,ANM Essentials Evergreen,CW,6.0,11.24,67.44,USD
2026-04-01,Auvik,"RMON Networks, Inc",ANM Essentials - Evergreen,CMS,250.0,7.19,1798.07,USD
2026-04-01,Auvik,"RMON Networks, Inc",ANM Essentials Evergreen,CMS,0.0,7.19,0.0,USD
2026-04-01,Auvik,Ratcliff IT,COANM-1 Additional Billable Devices,CMS,1.0,9.19,9.19,USD
2026-04-01,Auvik,Ratcliff IT,COANM-1 Committed Billable Devices,CMS,40.0,9.19,367.6,USD
2026-04-01,Auvik,Ravitron,ANM Essentials - Evergreen,CW,10.0,11.23,112.35,USD
2026-04-01,Auvik,Ravitron,ANM Essentials Evergreen,CW,5.0,11.24,56.2,USD
2026-04-01,Auvik,Ray Morgan Company,ANM Essentials - Evergreen,CMS,250.0,6.29,1573.25,USD
2026-04-01,Auvik,Ray Morgan Company,ANM Essentials Evergreen,CMS,102.0,6.29,641.58,USD
2026-04-01,Auvik,Reinert Consulting Group,ANM Essentials - Evergreen,CW,10.0,11.23,112.35,USD
2026-04-01,Auvik,Reinert Consulting Group,ANM Essentials Evergreen,CW,16.0,11.24,179.84,USD
2026-04-01,Auvik,Reinert Consulting Group,Auvik SaaS Management - Evergreen,CW,250.0,1.26,315.0,USD
2026-04-01,Auvik,Reinert Consulting Group,Auvik SaaS Management Evergreen,CW,18.0,1.26,22.68,USD
2026-04-01,Auvik,Reinert Consulting Group,Free of Charge,CW,0.0,0.0,0.0,USD
2026-04-01,Auvik,Renaissance Systems Inc.,ANM Essentials - Evergreen,CW,14.0,11.23,157.29,USD
2026-04-01,Auvik,Renaissance Systems Inc.,ANM Essentials Evergreen,CW,11.0,11.24,123.64,USD
2026-04-01,Auvik,Renaissance Systems Inc.,ANM Performance Add-On Evergreen,CW,0.0,7.49,0.0,USD
2026-04-01,Auvik,Renaissance Systems Inc.,ANM Performance Add-Ons - Evergreen,CW,14.0,7.49,104.86,USD
2026-04-01,Auvik,Resolution IT,ANM Essentials - Evergreen,CMS,10.0,11.23,112.35,USD
2026-04-01,Auvik,Ridgewall Ltd,ANM Essentials - Evergreen,CW,100.0,6.37,636.91,USD
2026-04-01,Auvik,Ridgewall Ltd,ANM Essentials Evergreen,CW,0.0,6.37,0.0,USD
2026-04-01,Auvik,Ridgewall Ltd,ANM Performance Add-Ons - Evergreen,CW,100.0,4.25,425.01,USD
2026-04-01,Auvik,RockIT Consulting LLC,ANM Essentials,CMS,20.0,10.5,210.0,USD
2026-04-01,Auvik,RockIT Consulting LLC,ANM Performance Add-Ons,CMS,1.0,7.0,7.0,USD
2026-04-01,Auvik,RockIT Consulting LLC,ANM Performance Add-on,CMS,0.0,7.0,0.0,USD
2026-04-01,Auvik,Roebuck Technologies,ANM Essentials - Evergreen,CMS,40.0,9.36,374.58,USD
2026-04-01,Auvik,Roebuck Technologies,ANM Essentials Evergreen,CMS,75.0,9.36,702.0,USD
2026-04-01,Auvik,Roebuck Technologies,Auvik SaaS Management - Evergreen,CMS,250.0,1.35,337.05,USD
2026-04-01,Auvik,Roebuck Technologies,Auvik SaaS Management Evergreen,CMS,53.0,1.35,71.55,USD
2026-04-01,Auvik,"Ronin Consulting Services, LLC",ANM Essentials - Evergreen,CMS,10.0,11.23,112.35,USD
2026-04-01,Auvik,"Ronin Consulting Services, LLC",ANM Essentials Evergreen,CMS,3.0,11.24,33.72,USD
2026-04-01,Auvik,Rosebud Mining Company,ANM Essentials - Evergreen,CW,130.0,7.49,974.15,USD
2026-04-01,Auvik,Rosebud Mining Company,ANM Essentials Evergreen,CW,41.0,7.49,307.09,USD
2026-04-01,Auvik,Rosebud Mining Company,ANM Performance Add-On Evergreen,CW,41.0,4.87,199.67,USD
2026-04-01,Auvik,Rosebud Mining Company,ANM Performance Add-Ons - Evergreen,CW,130.0,4.87,633.26,USD
2026-04-01,Auvik,Rutter Networking Technologies,EPRM-ANM-100 Auvik Essentials -- Committed,CW,144.0,6.62,953.28,USD
2026-04-01,Auvik,Rutter Networking Technologies,EPRM-ANM-100 Auvik Essentials -- Overage,CW,0.0,6.62,0.0,USD
2026-04-01,Auvik,Rutter Networking Technologies,PARM-ANM-100 Auvik Performance Add On,CW,22.0,4.78,105.16,USD
2026-04-01,Auvik,Rutter Networking Technologies,PARM-ANM-100 Auvik Performance Add On -- Overage,CW,0.0,4.78,0.0,USD
2026-04-01,Auvik,SECUR-SERV INC.,ANM Essentials,CMS,604.0,5.88,3551.52,USD
2026-04-01,Auvik,SECUR-SERV INC.,ANM Performance Add-Ons,CMS,500.0,3.36,1680.0,USD
2026-04-01,Auvik,SECUR-SERV INC.,ANM Performance Add-on,CMS,0.0,3.36,0.0,USD
2026-04-01,Auvik,SSE Holding LLC,ANM Full Performance - Evergreen,CW,100.0,11.4,1140.36,USD
2026-04-01,Auvik,SSE Holding LLC,ANM Full Performance Evergreen,CW,0.0,11.4,0.0,USD
2026-04-01,Auvik,Salco Solutions Group,ANM Essentials - Evergreen,CMS,40.0,10.7,428.09,USD
2026-04-01,Auvik,Salco Solutions Group,ANM Essentials Evergreen,CMS,11.0,10.7,117.7,USD
2026-04-01,Auvik,Salco Solutions Group,ANM Performance Add-Ons - Evergreen,CMS,10.0,7.27,72.74,USD
2026-04-01,Auvik,Saratoga Technologies,ANM Essentials - Evergreen,CMS,10.0,11.23,112.35,USD
2026-04-01,Auvik,Sedona Technologies,ANM Essentials - Evergreen,CMS,250.0,7.19,1798.07,USD
2026-04-01,Auvik,Sedona Technologies,ANM Essentials Evergreen,CMS,446.0,7.19,3206.74,USD
2026-04-01,Auvik,Sedona Technologies,ANM Performance Add-On Evergreen,CMS,113.0,4.32,488.16,USD
2026-04-01,Auvik,Servall Canada Incorporated,ANM Essentials - Evergreen,CMS,10.0,11.23,112.35,USD
2026-04-01,Auvik,Servcom USA,ANM Essentials - Evergreen,CMS,100.0,7.87,786.8,USD
2026-04-01,Auvik,Servcom USA,ANM Essentials Evergreen,CMS,26.0,7.87,204.62,USD
2026-04-01,Auvik,Serverli Inc,ANM Essentials,CMS,21.0,10.5,220.5,USD
2026-04-01,Auvik,Serverli Inc,ANM Performance Add-Ons,CMS,10.0,7.0,70.0,USD
2026-04-01,Auvik,Serverli Inc,ANM Performance Add-on,CMS,9.0,7.0,63.0,USD
2026-04-01,Auvik,Shield Watch IT Services,CWANM-3 Additional Billable Devices,CW,0.0,6.62,0.0,USD
2026-04-01,Auvik,Shield Watch IT Services,CWANM-3 Committed Billable Devices,CW,237.0,6.62,1568.94,USD
2026-04-01,Auvik,Silverbug Ltd,EPRM-ANM-100 Auvik Essentials -- Committed,CW,167.0,7.35,1227.45,USD
2026-04-01,Auvik,Silverbug Ltd,EPRM-ANM-100 Auvik Essentials -- Overage,CW,188.0,7.35,1381.8,USD
2026-04-01,Auvik,Silverbug Ltd,PARM-ANM-100 Auvik Performance Add On,CW,70.0,4.76,333.2,USD
2026-04-01,Auvik,Silverbug Ltd,PARM-ANM-100 Auvik Performance Add On -- Overage,CW,0.0,4.76,0.0,USD
2026-04-01,Auvik,SimpleWorks IT,ANM Essentials - Evergreen,CW,300.0,6.29,1887.9,USD
2026-04-01,Auvik,SimpleWorks IT,ANM Essentials Evergreen,CW,0.0,6.29,0.0,USD
2026-04-01,Auvik,"Solutions Granted, Inc.",ANM Essentials - Evergreen,CW,11.0,11.24,123.59,USD
2026-04-01,Auvik,"Solutions Granted, Inc.",ANM Essentials Evergreen,CW,0.0,11.24,0.0,USD
2026-04-01,Auvik,Soteria Technology Solutions,ANM Essentials - Evergreen,CW,40.0,9.81,392.56,USD
2026-04-01,Auvik,Soteria Technology Solutions,ANM Essentials Evergreen,CW,0.0,9.81,0.0,USD
2026-04-01,Auvik,Spectrum Technologies,ANM Essentials - Evergreen,CMS,10.0,11.23,112.35,USD
2026-04-01,Auvik,Speros,PRM-ANM-250 Auvik Performance -- Committed,CW,250.0,8.45,2112.5,USD
2026-04-01,Auvik,Speros,PRM-ANM-250 Auvik Performance -- Overage,CW,21.0,8.45,177.45,USD
2026-04-01,Auvik,Splice,ANM Essentials - Evergreen,CMS,10.0,11.23,112.35,USD
2026-04-01,Auvik,Stone Pigman Walther Wittman LLC,ANM Essentials - Evergreen,CW,18.0,11.23,202.23,USD
2026-04-01,Auvik,Stone Pigman Walther Wittman LLC,ANM Essentials Evergreen,CW,0.0,11.24,0.0,USD
2026-04-01,Auvik,Stone Pigman Walther Wittman LLC,Auvik SaaS Management - Evergreen,CW,120.0,1.58,189.6,USD
2026-04-01,Auvik,Stone Pigman Walther Wittman LLC,Auvik SaaS Management Evergreen,CW,0.0,1.58,0.0,USD
2026-04-01,Auvik,"Summit Advisors, LLC",ANM Essentials - Evergreen,CMS,100.0,8.99,899.23,USD
2026-04-01,Auvik,"Summit Advisors, LLC",ANM Essentials Evergreen,CMS,32.0,8.99,287.68,USD
2026-04-01,Auvik,"Summit Advisors, LLC",ANM Performance Add-On Evergreen,CMS,32.0,6.96,222.72,USD
2026-04-01,Auvik,"Summit Advisors, LLC",ANM Performance Add-Ons - Evergreen,CMS,1.0,6.96,6.96,USD
2026-04-01,Auvik,Supra ITS,ANM Essentials - Evergreen,CW,500.0,5.24,2620.05,USD
2026-04-01,Auvik,Supra ITS,ANM Essentials Evergreen,CW,21.0,5.24,110.04,USD
2026-04-01,Auvik,Supra ITS,ANM Performance Add-On Evergreen,CW,0.0,2.99,0.0,USD
2026-04-01,Auvik,Supra ITS,ANM Performance Add-Ons - Evergreen,CW,200.0,2.99,598.68,USD
2026-04-01,Auvik,Sweetwater Technology,ANM Essentials - Evergreen,CW,95.0,9.83,933.81,USD
2026-04-01,Auvik,Sweetwater Technology,ANM Essentials Evergreen,CW,26.0,9.83,255.58,USD
2026-04-01,Auvik,"Synergy IT Solutions, Inc.",ANM Essentials - Evergreen,CW,600.0,5.51,3304.5,USD
2026-04-01,Auvik,"Synergy IT Solutions, Inc.",ANM Essentials Evergreen,CW,92.0,5.51,506.92,USD
2026-04-01,Auvik,Synergy Technical,ANM Essentials - Evergreen,CMS,10.0,11.23,112.35,USD
2026-04-01,Auvik,Synergy Technical,ANM Essentials Evergreen,CMS,0.0,11.24,0.0,USD
2026-04-01,Auvik,Syrex,ANM Essentials - Evergreen,CW,250.0,5.6,1399.41,USD
2026-04-01,Auvik,Syrex,ANM Essentials Evergreen,CW,0.0,5.6,0.0,USD
2026-04-01,Auvik,Syrex,ANM Performance Add-Ons - Evergreen,CW,250.0,3.02,754.34,USD
2026-04-01,Auvik,SysGen Solutions Group,ERM-ANM-10 Auvik Essentials -- Committed,CW,23.0,10.5,241.5,USD
2026-04-01,Auvik,SysGen Solutions Group,ERM-ANM-10 Auvik Essentials -- Overage,CW,0.0,10.5,0.0,USD
2026-04-01,Auvik,Systems Support Corp,RM - ASM - 500 - Committed,CMS,615.0,0.91,559.65,USD
2026-04-01,Auvik,Systems Support Corp,RM - ASM - 500 - Overage,CMS,0.0,0.91,0.0,USD
2026-04-01,Auvik,TESYS Networks,ANM Essentials,CW,25.0,10.5,262.5,USD
2026-04-01,Auvik,TOTLCOM INC,ANM Essentials - Evergreen,CMS,46.0,9.84,452.44,USD
2026-04-01,Auvik,TOTLCOM INC,ANM Essentials Evergreen,CMS,0.0,9.84,0.0,USD
2026-04-01,Auvik,TVGconsulting,ANM Essentials - Evergreen,CMS,40.0,9.84,393.42,USD
2026-04-01,Auvik,TVGconsulting,ANM Essentials Evergreen,CMS,0.0,9.84,0.0,USD
2026-04-01,Auvik,Tech Mesa,ANM Essentials - Evergreen,CW,10.0,11.23,112.35,USD
2026-04-01,Auvik,Tech Mesa,ANM Essentials Evergreen,CW,0.0,11.24,0.0,USD
2026-04-01,Auvik,Tech Source,ANM Essentials - Evergreen,CW,10.0,11.23,112.35,USD
2026-04-01,Auvik,Tech Source,ANM Essentials Evergreen,CW,0.0,11.24,0.0,USD
2026-04-01,Auvik,Tech Source,ANM Performance Add-On Evergreen,CW,3.0,7.49,22.47,USD
2026-04-01,Auvik,Tech Source,ANM Performance Add-Ons - Evergreen,CW,4.0,7.49,29.96,USD
2026-04-01,Auvik,Techmedics,ANM Essentials,CW,55.0,9.17,504.34999999999997,USD
2026-04-01,Auvik,Technikel Solutions,ANM Essentials,CW,220.0,6.62,1455.3,USD
2026-04-01,Auvik,Technology Group Solutions,ANM Essentials - Evergreen,CMS,175.0,6.74,1179.52,USD
2026-04-01,Auvik,Technology Group Solutions,ANM Essentials Evergreen,CMS,6.0,6.74,40.44,USD
2026-04-01,Auvik,Technology Group Solutions,ANM Performance Add-On Evergreen,CMS,10.0,5.88,58.8,USD
2026-04-01,Auvik,TekScape,ANM Essentials - Evergreen,CMS,250.0,6.72,1680.0,USD
2026-04-01,Auvik,TekScape,ANM Essentials Evergreen,CMS,162.0,6.72,1088.64,USD
2026-04-01,Auvik,TekScape,ANM Performance Add-On Evergreen,CMS,392.0,4.0,1568.0,USD
2026-04-01,Auvik,Terminal B,ANM Essentials,CMS,75.0,8.64,648.38,USD
2026-04-01,Auvik,Terminal B,ANM Essentials,CMS,0.0,8.65,0.0,USD
2026-04-01,Auvik,The Apex Technology Group,ANM Essentials - Evergreen,CW,256.0,6.29,1611.01,USD
2026-04-01,Auvik,The Data Pros,ANM Essentials - Evergreen,CMS,10.0,11.23,112.35,USD
2026-04-01,Auvik,The Data Pros,ANM Essentials Evergreen,CMS,1.0,11.24,11.24,USD
2026-04-01,Auvik,The Nine Minds Group LLC,ANM Essentials,CW,500.0,5.14,2572.5,USD
2026-04-01,Auvik,The Nine Minds Group LLC,ANM Essentials,CW,0.0,5.15,0.0,USD
2026-04-01,Auvik,The Nine Minds Group LLC,ANM Performance Add-Ons,CW,1.0,2.94,2.94,USD
2026-04-01,Auvik,The Walker Group,ANM Essentials - Evergreen,CW,250.0,5.99,1498.36,USD
2026-04-01,Auvik,The Walker Group,ANM Essentials Evergreen,CW,321.0,5.99,1922.79,USD
2026-04-01,Auvik,The Walker Group,Free of Charge,CW,0.0,0.0,0.0,USD
2026-04-01,Auvik,Total Computing Technology,ANM Essentials - Evergreen,CMS,40.0,9.36,374.58,USD
2026-04-01,Auvik,Total Computing Technology,ANM Essentials Evergreen,CMS,0.0,9.36,0.0,USD
2026-04-01,Auvik,Total Computing Technology,ANM Performance Add-On Evergreen,CMS,29.0,9.09,263.61,USD
2026-04-01,Auvik,Town of Parker,ANM Essentials - Evergreen,CW,100.0,8.99,899.23,USD
2026-04-01,Auvik,Town of Parker,ANM Essentials Evergreen,CW,0.0,8.99,0.0,USD
2026-04-01,Auvik,TrueITPros,ANM Essentials - Evergreen,CMS,10.0,11.23,112.35,USD
2026-04-01,Auvik,TrueITPros,ANM Essentials Evergreen,CMS,26.0,11.24,292.24,USD
2026-04-01,Auvik,Truewater,ANM Essentials - Evergreen,CW,47.0,9.36,440.13,USD
2026-04-01,Auvik,Truewater,ANM Essentials Evergreen,CW,42.0,9.36,393.12,USD
2026-04-01,Auvik,Turrito,ANM Essentials - Evergreen,CW,15.0,11.24,168.53,USD
2026-04-01,Auvik,Turrito,ANM Essentials Evergreen,CW,0.0,11.24,0.0,USD
2026-04-01,Auvik,Turrito,ANM Performance Add-Ons - Evergreen,CW,15.0,7.49,112.35,USD
2026-04-01,Auvik,"TwinHats, LLC",Auvik SaaS Management,CW,198.0,1.57,311.85,USD
2026-04-01,Auvik,"TwinHats, LLC",Auvik SaaS Management,CW,188.0,1.58,297.04,USD
2026-04-01,Auvik,United Country Real Estate,ANM Essentials - Evergreen,CW,20.0,11.23,224.7,USD
2026-04-01,Auvik,United Datacom Networks,ANM Essentials - Evergreen,CMS,40.0,9.36,374.58,USD
2026-04-01,Auvik,United Datacom Networks,ANM Essentials Evergreen,CMS,2.0,9.36,18.72,USD
2026-04-01,Auvik,V2 technology,ANM Essentials - Evergreen,CW,75.0,8.8,660.24,USD
2026-04-01,Auvik,V2 technology,ANM Essentials Evergreen,CW,35.0,8.8,308.0,USD
2026-04-01,Auvik,VIRTUS DATA CENTRES (Oryx Align Ltd),ANM Essentials,CW,527.0,5.14,2711.42,USD
2026-04-01,Auvik,VIRTUS DATA CENTRES (Oryx Align Ltd),ANM Essentials,CW,207.0,5.15,1066.05,USD
2026-04-01,Auvik,VIRTUS DATA CENTRES (Oryx Align Ltd),ANM Performance Add-Ons,CW,527.0,2.94,1549.38,USD
2026-04-01,Auvik,VIRTUS DATA CENTRES (Oryx Align Ltd),ANM Performance Add-on,CW,207.0,2.94,608.58,USD
2026-04-01,Auvik,Vann Data Services Inc.,ANM Essentials - Evergreen,CMS,10.0,11.23,112.35,USD
2026-04-01,Auvik,Veerman ICT,ANM Essentials - Evergreen,CW,100.0,7.87,786.8,USD
2026-04-01,Auvik,Veerman ICT,ANM Essentials Evergreen,CW,445.0,7.87,3502.15,USD
2026-04-01,Auvik,Veerman ICT,ANM Performance Add-On Evergreen,CW,166.0,5.1,846.6,USD
2026-04-01,Auvik,Velocity Network,ANM Essentials - Evergreen,CMS,1000.0,5.39,5392.2,USD
2026-04-01,Auvik,Velocity Network,ANM Essentials Evergreen,CMS,266.0,5.39,1433.74,USD
2026-04-01,Auvik,Velonex Technologies,ANM Essentials,CW,101.0,7.35,742.35,USD
2026-04-01,Auvik,Vermeer Southeast,ANM Essentials - Evergreen,CMS,75.0,9.26,694.15,USD
2026-04-01,Auvik,Vermeer Southeast,ANM Essentials Evergreen,CMS,5.0,9.26,46.3,USD
2026-04-01,Auvik,Vertical IT,ANM Essentials - Evergreen,CW,10.0,11.23,112.35,USD
2026-04-01,Auvik,VeryPC Ltd,ANM Essentials - Evergreen,CW,40.0,9.36,374.58,USD
2026-04-01,Auvik,VeryPC Ltd,ANM Essentials Evergreen,CW,40.0,9.36,374.4,USD
2026-04-01,Auvik,Viatek,ANM Essentials - Evergreen,CW,403.0,6.29,2536.08,USD
2026-04-01,Auvik,Viatek,ANM Essentials Evergreen,CW,114.0,6.29,717.06,USD
2026-04-01,Auvik,Viperspace,CWANM-1 Committed Billable Devices,CW,40.0,9.19,367.6,USD
2026-04-01,Auvik,Visual Edge,ANM Essentials - Evergreen,CMS,175.0,7.08,1239.47,USD
2026-04-01,Auvik,Visual Edge,ANM Essentials Evergreen,CMS,877.0,7.08,6209.16,USD
2026-04-01,Auvik,Visual Edge,ANM Performance Add-On Evergreen,CMS,16.0,4.79,76.64,USD
2026-04-01,Auvik,WBM Office Systems,ANM Essentials - Evergreen,CW,1000.0,4.72,4718.0,USD
2026-04-01,Auvik,WBM Office Systems,ANM Essentials Evergreen,CW,59.0,4.72,278.48,USD
2026-04-01,Auvik,"WPG Consulting, LLC",EPRM-ANM-175 Auvik Essentials -- Committed,CMS,175.0,7.56,1323.0,USD
2026-04-01,Auvik,"WPG Consulting, LLC",EPRM-ANM-175 Auvik Essentials -- Overage,CMS,65.0,7.56,491.4,USD
2026-04-01,Auvik,WTA Consulting,ANM Essentials - Evergreen,CW,20.0,11.23,224.7,USD
2026-04-01,Auvik,WTA Consulting,ANM Essentials Evergreen,CW,5.0,11.24,56.2,USD
2026-04-01,Auvik,Wavenet UK,EPRM-ANM-1000 Auvik Essentials -- Committed,CMS,1000.0,3.27,3270.0,USD
2026-04-01,Auvik,Wavenet UK,EPRM-ANM-1000 Auvik Essentials -- Overage,CMS,1229.0,3.27,4018.83,USD
2026-04-01,Auvik,Wavenet UK,PARM-ANM-1000 Auvik Performance Add On,CMS,1000.0,1.76,1760.0,USD
2026-04-01,Auvik,Wavenet UK,PARM-ANM-1000 Auvik Performance Add On -- Overage,CMS,1186.0,1.76,2087.36,USD
2026-04-01,Auvik,"Weaver Technologies, LLC",ANM Essentials,CMS,500.0,5.88,2940.0,USD
2026-04-01,Auvik,"Weaver Technologies, LLC",ANM Performance Add-Ons,CMS,500.0,3.36,1680.0,USD
2026-04-01,Auvik,"Weaver Technologies, LLC",ANM Performance Add-on,CMS,0.0,3.36,0.0,USD
2026-04-01,Auvik,Wifinium,ERM-ANM-250 Auvik Essentials -- Committed,CW,250.0,5.88,1470.0,USD
2026-04-01,Auvik,Wifinium,ERM-ANM-250 Auvik Essentials -- Overage,CW,0.0,5.88,0.0,USD
2026-04-01,Auvik,Wipfli LLP,ANM Essentials,CMS,500.0,5.14,2572.5,USD
2026-04-01,Auvik,Wipfli LLP,ANM Essentials,CMS,0.0,5.15,0.0,USD
2026-04-01,Auvik,Wipfli LLP,ANM Performance Add-Ons,CMS,1.0,2.94,2.94,USD
2026-04-01,Auvik,Z-TECH Associates,ANM Essentials,CMS,114.0,8.4,957.6,USD
2026-04-01,Auvik,Z-TECH Associates,ANM Performance Add-Ons,CMS,1.0,5.44,5.44,USD
2026-04-01,Auvik,Z-TECH Associates,ANM Performance Add-on,CMS,113.0,5.44,614.72,USD
2026-04-01,Auvik,ZINC LLC,ANM Essentials - Evergreen,CMS,10.0,11.23,112.35,USD
2026-04-01,Auvik,ZINC LLC,ANM Essentials Evergreen,CMS,0.0,11.24,0.0,USD
2026-04-01,Auvik,ZINC LLC,ANM Performance Add-On Evergreen,CMS,5.0,7.49,37.45,USD
2026-04-01,Auvik,ZINC LLC,ANM Performance Add-Ons - Evergreen,CMS,5.0,7.49,37.45,USD
2026-04-01,Auvik,Zbrella,ANM Essentials - Evergreen,CMS,40.0,9.84,393.42,USD
2026-04-01,Auvik,Zephyr Networks,ANM Essentials - Evergreen,CMS,100.0,7.87,786.8,USD
2026-04-01,Auvik,Zephyr Networks,ANM Essentials Evergreen,CMS,1.0,7.87,7.87,USD
2026-04-01,Auvik,Zephyr Networks,ANM Performance Add-On Evergreen,CMS,101.0,5.24,529.24,USD
2026-04-01,Auvik,eMazzanti Technologies,COANM-1 Committed Billable Devices,CMS,40.0,9.19,367.6,USD
2026-04-01,Auvik,eMazzanti Technologies,COANM-2 Additional Billable Devices,CMS,51.0,9.19,468.69,USD
2026-04-01,Auvik,eMazzanti Technologies,COANM-4 Additional Performance Add-Ons,CMS,5.0,6.0,30.0,USD
2026-04-01,Auvik,ePossible,ANM Essentials - Evergreen,CW,10.0,11.23,112.35,USD
2026-04-01,Auvik,ePossible,ANM Essentials Evergreen,CW,0.0,11.24,0.0,USD
2026-04-01,Auvik,i2m,CWANM-1 Additional Billable Devices,CW,94.0,9.19,863.86,USD
2026-04-01,Auvik,i2m,CWANM-1 Committed Billable Devices,CW,40.0,9.19,367.6,USD
2026-04-01,Auvik,iNetwork Management Inct,ANM Essentials - Evergreen,CW,40.0,9.84,393.42,USD
2026-04-01,Auvik,iNetwork Management Inct,ANM Essentials Evergreen,CW,0.0,9.84,0.0,USD
2026-04-01,Auvik,integraONE,ANM Essentials - Evergreen,CMS,250.0,6.29,1573.25,USD
2026-04-01,Auvik,integraONE,ANM Essentials Evergreen,CMS,135.0,6.29,849.15,USD
2026-04-01,Auvik,integraONE,ANM Performance Add-On Evergreen,CMS,3.0,4.32,12.96,USD
2026-05-01,Auvik,2W Technologies inc,ANM Essentials - Evergreen,CW,129.0,7.49,966.66,USD
2026-05-01,Auvik,2W Technologies inc,ANM Essentials Evergreen,CW,89.0,7.49,666.61,USD
2026-05-01,Auvik,2W Technologies inc,ANM Performance Add-On Evergreen,CW,60.0,4.87,292.2,USD
2026-05-01,Auvik,2W Technologies inc,ANM Performance Add-Ons - Evergreen,CW,129.0,4.87,628.39,USD
2026-05-01,Auvik,4Wall Entertainment,ANM Essentials - Evergreen,CW,40.0,9.36,374.58,USD
2026-05-01,Auvik,4Wall Entertainment,ANM Essentials Evergreen,CW,31.0,9.36,290.16,USD
2026-05-01,Auvik,4Wall Entertainment,Auvik SaaS Management - Evergreen,CW,1000.0,0.57,570.01,USD
2026-05-01,Auvik,4Wall Entertainment,Auvik SaaS Management Evergreen,CW,236.0,0.57,134.52,USD
2026-05-01,Auvik,ABS Information Systems Inc,ANM Essentials - Evergreen,CMS,40.0,9.84,393.42,USD
2026-05-01,Auvik,ABS Information Systems Inc,ANM Essentials Evergreen,CMS,49.0,9.84,482.16,USD
2026-05-01,Auvik,ACP CreativeIT,ANM Essentials,CW,600.0,5.14,3087.0,USD
2026-05-01,Auvik,ACP CreativeIT,ANM Essentials,CW,0.0,5.15,0.0,USD
2026-05-01,Auvik,ADNET Technologies,ANM Essentials - Evergreen,CMS,250.0,6.29,1573.25,USD
2026-05-01,Auvik,ADNET Technologies,ANM Essentials Evergreen,CMS,51.0,6.29,320.79,USD
2026-05-01,Auvik,ALLSTAR Partners LLC,EPRM-ANM-100 Auvik Essentials -- Committed,CMS,100.0,7.35,735.0,USD
2026-05-01,Auvik,ALLSTAR Partners LLC,EPRM-ANM-100 Auvik Essentials -- Overage,CMS,0.0,7.35,0.0,USD
2026-05-01,Auvik,ALLSTAR Partners LLC,PARM-ANM-100 Auvik Performance Add On -- Overage,CMS,55.0,4.78,262.9,USD
2026-05-01,Auvik,AMSYS,ANM Essentials - Evergreen,CW,353.0,6.85,2417.8,USD
2026-05-01,Auvik,AMSYS,ANM Essentials Evergreen,CW,206.0,6.85,1411.1,USD
2026-05-01,Auvik,ATG,ANM Essentials - Evergreen,CMS,10.0,11.23,112.35,USD
2026-05-01,Auvik,Abadata Computer Corporation,ANM Essentials - Evergreen,CMS,40.0,9.84,393.42,USD
2026-05-01,Auvik,Abadata Computer Corporation,ANM Essentials Evergreen,CMS,0.0,9.84,0.0,USD
2026-05-01,Auvik,"Advanced Office Systems, Inc.",ANM Essentials - Evergreen,CW,105.0,7.87,826.14,USD
2026-05-01,Auvik,"Advanced Office Systems, Inc.",ANM Essentials Evergreen,CW,0.0,7.87,0.0,USD
2026-05-01,Auvik,AdventOne,ANM Essentials,CW,172.0,7.35,1264.2,USD
2026-05-01,Auvik,AdventOne,ANM Performance Add-Ons,CW,100.0,4.76,476.0,USD
2026-05-01,Auvik,AdventOne,ANM Performance Add-on,CW,62.0,4.76,295.12,USD
2026-05-01,Auvik,AiroSpark,ANM Essentials - Evergreen,CW,50.0,8.36,417.93,USD
2026-05-01,Auvik,AiroSpark,ANM Performance Add-Ons - Evergreen,CW,50.0,3.21,160.44,USD
2026-05-01,Auvik,All Lines Technology,ANM Essentials - Evergreen,CW,300.0,5.99,1798.04,USD
2026-05-01,Auvik,All Lines Technology,ANM Essentials Evergreen,CW,0.0,5.99,0.0,USD
2026-05-01,Auvik,All Net Connections,ANM Essentials - Evergreen,CW,164.0,7.49,1228.93,USD
2026-05-01,Auvik,All Net Connections,ANM Essentials Evergreen,CW,0.0,7.49,0.0,USD
2026-05-01,Auvik,Allegiant Networks,ANM Essentials - Evergreen,CW,100.0,7.87,786.8,USD
2026-05-01,Auvik,Allegiant Networks,ANM Essentials Evergreen,CW,127.0,7.87,999.49,USD
2026-05-01,Auvik,Alliance IT,EPRM-ANM-10 Auvik Essentials -- Committed,CW,16.0,12.0,191.98,USD
2026-05-01,Auvik,Alliance IT,EPRM-ANM-10 Auvik Essentials -- Overage,CW,0.0,12.0,0.0,USD
2026-05-01,Auvik,Alliance IT,PARM-ANM-10 Auvik Performance Add On,CW,16.0,8.0,128.02,USD
2026-05-01,Auvik,Alliance IT,PARM-ANM-10 Auvik Performance Add On -- Overage,CW,0.0,8.0,0.0,USD
2026-05-01,Auvik,Alliance Tech Partners,ANM Essentials - Evergreen,CW,44.0,9.84,432.77,USD
2026-05-01,Auvik,Alliance Tech Partners,ANM Essentials Evergreen,CW,0.0,9.84,0.0,USD
2026-05-01,Auvik,Alliance Tech Partners,ANM Performance Add-Ons - Evergreen,CW,20.0,6.69,133.71,USD
2026-05-01,Auvik,Allied Business Solutions,EPRM-ANM-100 Auvik Essentials -- Committed,CMS,118.0,8.4,991.2,USD
2026-05-01,Auvik,Allied Business Solutions,EPRM-ANM-100 Auvik Essentials -- Overage,CMS,12.0,8.4,100.8,USD
2026-05-01,Auvik,Allied Business Solutions,PARM-ANM-100 Auvik Performance Add On,CMS,10.0,5.46,54.6,USD
2026-05-01,Auvik,Allied Business Solutions,PARM-ANM-100 Auvik Performance Add On -- Overage,CMS,120.0,5.46,655.2,USD
2026-05-01,Auvik,American First National Bank,ANM Essentials - Evergreen,CW,27.0,11.24,303.35,USD
2026-05-01,Auvik,American First National Bank,ANM Essentials Evergreen,CW,10.0,11.24,112.4,USD
2026-05-01,Auvik,Apex Infinite Solutions,EPRM-ANM-250 Auvik Essentials -- Committed,CW,316.0,5.6,1769.6,USD
2026-05-01,Auvik,Apex Infinite Solutions,EPRM-ANM-250 Auvik Essentials -- Overage,CW,0.0,5.6,0.0,USD
2026-05-01,Auvik,Apex Technology Corporation,ANM Essentials - Evergreen,CW,361.0,5.99,2163.64,USD
2026-05-01,Auvik,Apex Technology Corporation,ANM Essentials Evergreen,CW,78.0,5.99,467.22,USD
2026-05-01,Auvik,Apex Technology Corporation,Free of Charge,CW,0.0,0.0,0.0,USD
2026-05-01,Auvik,Associated Computer Systems,ANM Essentials - Evergreen,CMS,1700.0,4.72,8020.6,USD
2026-05-01,Auvik,Associated Computer Systems,ANM Essentials Evergreen,CMS,0.0,4.72,0.0,USD
2026-05-01,Auvik,Associated Computer Systems,ANM Performance Add-On Evergreen,CMS,48.0,3.48,167.04,USD
2026-05-01,Auvik,Associated Computer Systems,Auvik SaaS Management - Evergreen,CMS,500.0,0.91,455.0,USD
2026-05-01,Auvik,Associated Computer Systems,Auvik SaaS Management Evergreen,CMS,0.0,0.91,0.0,USD
2026-05-01,Auvik,Atlantic-IT.net,ANM Essentials - Evergreen,CMS,69.0,9.36,646.15,USD
2026-05-01,Auvik,Atlantic-IT.net,ANM Essentials - Evergreen,CMS,10.0,12.84,128.4,USD
2026-05-01,Auvik,Atlantic-IT.net,ANM Essentials Evergreen,CMS,46.0,9.36,430.56,USD
2026-05-01,Auvik,Atlantic-IT.net,ANM Essentials Evergreen,CMS,0.0,12.84,0.0,USD
2026-05-01,Auvik,Atruent,ANM Essentials - Evergreen,CW,101.0,7.87,794.67,USD
2026-05-01,Auvik,Atruent,ANM Essentials Evergreen,CW,75.0,7.87,590.25,USD
2026-05-01,Auvik,Attache Group,Auvik SaaS Management,CW,150.0,1.57,236.25,USD
2026-05-01,Auvik,Attache Group,Auvik SaaS Management,CW,0.0,1.58,0.0,USD
2026-05-01,Auvik,Avaria Networks,ANM Essentials - Evergreen,CMS,65.0,10.7,695.64,USD
2026-05-01,Auvik,Avaria Networks,ANM Essentials Evergreen,CMS,0.0,10.7,0.0,USD
2026-05-01,Auvik,Avitus Technology Services,EPRM-ANM-250 Auvik Essentials -- Committed,CMS,250.0,6.72,1680.0,USD
2026-05-01,Auvik,Avitus Technology Services,EPRM-ANM-250 Auvik Essentials -- Overage,CMS,0.0,6.72,0.0,USD
2026-05-01,Auvik,AzteQ Group Ltd,ANM Essentials - Evergreen,CMS,10.0,11.23,112.35,USD
2026-05-01,Auvik,AzteQ Group Ltd,ANM Essentials Evergreen,CMS,25.0,11.24,281.0,USD
2026-05-01,Auvik,AzteQ Group Ltd,ANM Performance Add-On Evergreen,CMS,9.0,7.31,65.79,USD
2026-05-01,Auvik,BetterWorld Telecom,ANM Essentials - Evergreen,CW,100.0,7.49,749.35,USD
2026-05-01,Auvik,BetterWorld Telecom,ANM Essentials Evergreen,CW,177.0,7.49,1325.73,USD
2026-05-01,Auvik,BetterWorld Telecom,ANM Performance Add-On Evergreen,CW,58.0,4.87,282.46,USD
2026-05-01,Auvik,BetterWorld Telecom,ANM Performance Add-Ons - Evergreen,CW,100.0,4.87,487.13,USD
2026-05-01,Auvik,Bevcomm,ANM Essentials - Evergreen,CMS,100.0,7.87,786.8,USD
2026-05-01,Auvik,Bevcomm,ANM Essentials Evergreen,CMS,0.0,7.87,0.0,USD
2026-05-01,Auvik,Beyon Solutions,ANM Essentials,CW,300.0,6.29,1887.9,USD
2026-05-01,Auvik,"Blade Technologies, Inc.",ANM Essentials - Evergreen,CW,225.0,6.74,1516.53,USD
2026-05-01,Auvik,"Blade Technologies, Inc.",ANM Essentials Evergreen,CW,47.0,6.74,316.78,USD
2026-05-01,Auvik,Blue Angle,EPRM-ANM-100 Auvik Essentials -- Committed,CMS,150.0,7.0,1050.0,USD
2026-05-01,Auvik,Blue Angle,EPRM-ANM-100 Auvik Essentials -- Overage,CMS,129.0,7.0,903.0,USD
2026-05-01,Auvik,Blue Angle,PARM-ANM-100 Auvik Performance Add On,CMS,75.0,4.55,341.25,USD
2026-05-01,Auvik,Bramatt Computing,ANM Essentials - Evergreen,CW,25.0,11.24,280.88,USD
2026-05-01,Auvik,Bramatt Computing,ANM Essentials Evergreen,CW,28.0,11.24,314.72,USD
2026-05-01,Auvik,Brewer Dental Center,ANM Essentials - Evergreen,CW,12.0,11.23,134.82,USD
2026-05-01,Auvik,Brewer Dental Center,ANM Essentials Evergreen,CW,0.0,11.24,0.0,USD
2026-05-01,Auvik,Bridge Healthcare Partners,ANM Essentials - Evergreen,CW,205.0,6.74,1381.73,USD
2026-05-01,Auvik,Bridge Healthcare Partners,ANM Essentials Evergreen,CW,0.0,6.74,0.0,USD
2026-05-01,Auvik,Bridge Healthcare Partners,ANM Performance Add-On Evergreen,CW,0.0,4.12,0.0,USD
2026-05-01,Auvik,Bridge Healthcare Partners,ANM Performance Add-Ons - Evergreen,CW,205.0,4.12,844.14,USD
2026-05-01,Auvik,Buchanan Technologies,ANM Essentials,CW,463.0,5.88,2722.4399999999996,USD
2026-05-01,Auvik,"Business Communications, Inc.",ANM Essentials - Evergreen,CW,772.0,5.25,4049.77,USD
2026-05-01,Auvik,"Business Communications, Inc.",ANM Essentials Evergreen,CW,0.0,5.25,0.0,USD
2026-05-01,Auvik,"Business Communications, Inc.",ANM Performance Add-Ons - Evergreen,CW,31.0,3.67,113.87,USD
2026-05-01,Auvik,CAIU,EPRM-ANM-500 Auvik Essentials -- Committed,CMS,500.0,5.88,2940.0,USD
2026-05-01,Auvik,CAIU,EPRM-ANM-500 Auvik Essentials -- Overage,CMS,30.0,5.88,176.4,USD
2026-05-01,Auvik,CAIU,PARM-ANM-500 Auvik Performance Add On -- Overage,CMS,26.0,3.36,87.36,USD
2026-05-01,Auvik,CATS Technology Solutions Group,ANM Essentials - Evergreen,CW,10.0,12.84,128.4,USD
2026-05-01,Auvik,CATS Technology Solutions Group,ANM Essentials Evergreen,CW,0.0,12.84,0.0,USD
2026-05-01,Auvik,CATS Technology Solutions Group,ANM Performance Add-On Evergreen,CW,9.0,8.56,77.04,USD
2026-05-01,Auvik,CMIT Solutions,ANM Essentials - Evergreen,CMS,500.0,5.24,2620.05,USD
2026-05-01,Auvik,CMIT Solutions,ANM Essentials Evergreen,CMS,0.0,5.24,0.0,USD
2026-05-01,Auvik,CMIT Solutions,ANM Performance Add-On Evergreen,CMS,17.0,3.67,62.39,USD
2026-05-01,Auvik,CNE IT Solutions,ANM Essentials - Evergreen,CMS,10.0,11.23,112.35,USD
2026-05-01,Auvik,CNE IT Solutions,ANM Essentials Evergreen,CMS,34.0,11.24,382.16,USD
2026-05-01,Auvik,CNE IT Solutions,Auvik SaaS Management - Evergreen,CMS,100.0,1.05,105.01,USD
2026-05-01,Auvik,CNE IT Solutions,Auvik SaaS Management Evergreen,CMS,0.0,1.05,0.0,USD
2026-05-01,Auvik,CSI,ANM Essentials - Evergreen,CMS,10.0,11.23,112.35,USD
2026-05-01,Auvik,CSI,ANM Essentials Evergreen,CMS,49.0,11.24,550.76,USD
2026-05-01,Auvik,CWL Systems,ANM Essentials - Evergreen,CMS,40.0,9.81,392.56,USD
2026-05-01,Auvik,CWL Systems,ANM Essentials Evergreen,CMS,0.0,9.81,0.0,USD
2026-05-01,Auvik,Calculated Research & Technology,EPRM-ANM-75 Auvik Essentials -- Committed,CMS,75.0,8.64,648.0,USD
2026-05-01,Auvik,Calculated Research & Technology,EPRM-ANM-75 Auvik Essentials -- Overage,CMS,115.0,8.64,993.6,USD
2026-05-01,Auvik,Calculated Research & Technology,PARM-ANM-75 Auvik Performance Add On -- Overage,CMS,20.0,5.88,117.6,USD
2026-05-01,Auvik,Cambridge Networks,ANM Essentials - Evergreen,CW,175.0,7.08,1239.47,USD
2026-05-01,Auvik,Cambridge Networks,ANM Essentials Evergreen,CW,0.0,7.08,0.0,USD
2026-05-01,Auvik,Cambridge Networks,ANM Performance Add-On Evergreen,CW,0.0,4.32,0.0,USD
2026-05-01,Auvik,Cambridge Networks,ANM Performance Add-Ons - Evergreen,CW,6.0,4.32,25.93,USD
2026-05-01,Auvik,Canaan Technology,ANM Essentials - Evergreen,CW,40.0,11.22,448.64,USD
2026-05-01,Auvik,Canaan Technology,ANM Essentials Evergreen,CW,0.0,11.22,0.0,USD
2026-05-01,Auvik,Centre Technologies,ANM Essentials - Evergreen,CMS,1000.0,5.16,5156.77,USD
2026-05-01,Auvik,Centre Technologies,ANM Essentials Evergreen,CMS,1353.0,5.16,6981.48,USD
2026-05-01,Auvik,Centre Technologies,ANM Performance Add-On Evergreen,CMS,0.0,2.78,0.0,USD
2026-05-01,Auvik,Centre Technologies,ANM Performance Add-Ons - Evergreen,CMS,138.0,2.78,384.11,USD
2026-05-01,Auvik,Christenberry Sales,ANM Full Performance - Evergreen,CW,10.0,18.73,187.25,USD
2026-05-01,Auvik,Christenberry Sales,ANM Full Performance Evergreen,CW,0.0,18.73,0.0,USD
2026-05-01,Auvik,Cinos,ANM Essentials - Evergreen,CW,60.0,9.36,561.87,USD
2026-05-01,Auvik,Cinos,ANM Performance Add-Ons - Evergreen,CW,22.0,6.37,140.03,USD
2026-05-01,Auvik,City of Newport News,EPRM-ANM-750 Auvik Essentials -- Committed,CW,800.0,4.76,3808.0,USD
2026-05-01,Auvik,City of Newport News,EPRM-ANM-750 Auvik Essentials -- Overage,CW,0.0,4.76,0.0,USD
2026-05-01,Auvik,City of Newport News,PARM-ANM-750 Auvik Performance Add On,CW,500.0,2.77,1385.0,USD
2026-05-01,Auvik,City of Newport News,PARM-ANM-750 Auvik Performance Add On -- Overage,CW,0.0,2.77,0.0,USD
2026-05-01,Auvik,City of Tavares,ANM Essentials - Evergreen,CW,50.0,9.84,491.78,USD
2026-05-01,Auvik,City of Tavares,ANM Performance Add-Ons - Evergreen,CW,50.0,6.69,334.27,USD
2026-05-01,Auvik,Clare Computer Solutions,ANM Essentials - Evergreen,CMS,175.0,7.08,1239.47,USD
2026-05-01,Auvik,Clare Computer Solutions,ANM Essentials Evergreen,CMS,231.0,7.08,1635.48,USD
2026-05-01,Auvik,Clare Computer Solutions,ANM Performance Add-On Evergreen,CMS,4.0,4.79,19.16,USD
2026-05-01,Auvik,"Coffer Group, LLC",ANM Essentials - Evergreen,CMS,120.0,7.87,944.16,USD
2026-05-01,Auvik,"Coffer Group, LLC",ANM Essentials Evergreen,CMS,5.0,7.87,39.35,USD
2026-05-01,Auvik,CommTech Industries,ANM Essentials - Evergreen,CMS,100.0,7.49,749.35,USD
2026-05-01,Auvik,CommTech Industries,ANM Essentials Evergreen,CMS,353.0,7.49,2643.97,USD
2026-05-01,Auvik,CommTech Industries,ANM Performance Add-On Evergreen,CMS,27.0,4.99,134.73,USD
2026-05-01,Auvik,Commuserv,ANM Essentials - Evergreen,CW,56.0,10.7,599.32,USD
2026-05-01,Auvik,Commuserv,ANM Essentials Evergreen,CW,0.0,10.7,0.0,USD
2026-05-01,Auvik,"Computex, Inc.",ANM Essentials - Evergreen,CW,901.0,5.1,4591.5,USD
2026-05-01,Auvik,"Computex, Inc.",ANM Essentials Evergreen,CW,0.0,5.1,0.0,USD
2026-05-01,Auvik,"Computex, Inc.",ANM Performance Add-On Evergreen,CW,0.0,2.96,0.0,USD
2026-05-01,Auvik,"Computex, Inc.",ANM Performance Add-Ons - Evergreen,CW,52.0,2.96,153.97,USD
2026-05-01,Auvik,ConnectWise - APAC,Usage - Billable Devices,CW,47.0,10.5,493.5,USD
2026-05-01,Auvik,ConnectWise Inc,ANM Performance Add-On Evergreen,CW,0.0,0.0,0.0,USD
2026-05-01,Auvik,ConnectWise Inc,ANM Performance Add-Ons - Evergreen,CW,0.0,0.0,0.0,USD
2026-05-01,Auvik,ConnectWise Inc,MSP Monthly Free Trial,CW,0.0,0.0,0.0,USD
2026-05-01,Auvik,ConnectWise Sandbox,Billable Devices - Promo,CW,0.0,0.0,0.0,USD
2026-05-01,Auvik,ConnectWise Sandbox,Performance Add-On - Promo,CW,0.0,0.0,0.0,USD
2026-05-01,Auvik,"ConnectWise, LLC",Continuum Monthly Plan,CMS,384.0,0.0,2125.0,USD
2026-05-01,Auvik,Consilien LLC,ANM Essentials - Evergreen,CMS,40.0,9.36,374.58,USD
2026-05-01,Auvik,Consilien LLC,ANM Essentials Evergreen,CMS,50.0,9.36,468.0,USD
2026-05-01,Auvik,Continuum - APAC,Licenses,CMS,0.0,0.0,0.0,USD
2026-05-01,Auvik,Continuum - EMEA,Licenses,CMS,0.0,0.0,0.0,USD
2026-05-01,Auvik,Convergent Technologies Group,COANM-2 Additional Billable Devices,CMS,15.0,7.35,110.25,USD
2026-05-01,Auvik,Convergent Technologies Group,COANM-2 Committed Billable Devices,CMS,100.0,7.35,735.0,USD
2026-05-01,Auvik,"CorCystems, Inc",ANM Essentials - Evergreen,CW,500.0,6.29,3144.12,USD
2026-05-01,Auvik,"CorCystems, Inc",ANM Essentials Evergreen,CW,0.0,6.29,0.0,USD
2026-05-01,Auvik,"Corporate Technical Services, Inc.",ANM Essentials - Evergreen,CW,44.0,9.81,431.82,USD
2026-05-01,Auvik,"Corporate Technical Services, Inc.",ANM Essentials Evergreen,CW,0.0,9.81,0.0,USD
2026-05-01,Auvik,CoventBridge Group,ANM Essentials - Evergreen,CW,25.0,11.24,280.88,USD
2026-05-01,Auvik,CoventBridge Group,ANM Essentials Evergreen,CW,0.0,11.24,0.0,USD
2026-05-01,Auvik,Crimson It Services,ERM-ANM-40 Auvik Essentials -- Committed,CW,40.0,9.19,367.6,USD
2026-05-01,Auvik,Crimson It Services,ERM-ANM-40 Auvik Essentials -- Overage,CW,0.0,9.19,0.0,USD
2026-05-01,Auvik,Cross Sound Ferry,ANM Essentials,CW,59.0,9.81,578.95,USD
2026-05-01,Auvik,Cyber Advisors Inc,ANM Essentials,CMS,971.0,4.76,4621.96,USD
2026-05-01,Auvik,Cyber Advisors Inc,ANM Performance Add-Ons,CMS,1.0,2.77,2.77,USD
2026-05-01,Auvik,Cyber Advisors Inc,ANM Performance Add-on,CMS,41.0,2.77,113.57,USD
2026-05-01,Auvik,CyberSheath,ANM Essentials - Evergreen,CW,10.0,11.23,112.35,USD
2026-05-01,Auvik,CyberSheath,ANM Essentials Evergreen,CW,384.0,11.24,4316.16,USD
2026-05-01,Auvik,Cyberstreams,ANM Essentials - Evergreen,CMS,40.0,9.84,393.42,USD
2026-05-01,Auvik,DP Solutions,ANM Essentials - Evergreen,CMS,500.0,5.5,2751.0,USD
2026-05-01,Auvik,DP Solutions,ANM Essentials Evergreen,CMS,0.0,5.5,0.0,USD
2026-05-01,Auvik,DP Solutions,ANM Performance Add-On Evergreen,CMS,16.0,3.14,50.24,USD
2026-05-01,Auvik,"DSM Technology Consultants, LLC",ANM Essentials - Evergreen,CW,225.0,6.74,1516.53,USD
2026-05-01,Auvik,"DSM Technology Consultants, LLC",ANM Essentials Evergreen,CW,0.0,6.74,0.0,USD
2026-05-01,Auvik,"DSM Technology Consultants, LLC",ANM Performance Add-On Evergreen,CW,0.0,4.57,0.0,USD
2026-05-01,Auvik,"DSM Technology Consultants, LLC",ANM Performance Add-Ons - Evergreen,CW,225.0,4.57,1027.61,USD
2026-05-01,Auvik,DTC,ANM Essentials - Evergreen,CMS,10.0,12.84,128.4,USD
2026-05-01,Auvik,DTC,ANM Essentials Evergreen,CMS,0.0,12.84,0.0,USD
2026-05-01,Auvik,Daemen ICT,ANM Essentials - Evergreen,CMS,40.0,9.36,374.58,USD
2026-05-01,Auvik,Daemen ICT,ANM Essentials Evergreen,CMS,0.0,9.36,0.0,USD
2026-05-01,Auvik,Datec (Fiji) Pte Limited,ANM Essentials - Evergreen,CW,10.0,11.23,112.35,USD
2026-05-01,Auvik,Datec (Fiji) Pte Limited,ANM Essentials Evergreen,CW,0.0,11.24,0.0,USD
2026-05-01,Auvik,"Decian, Inc.",ANM Essentials - Evergreen,CMS,100.0,7.87,786.8,USD
2026-05-01,Auvik,"Decian, Inc.",ANM Essentials Evergreen,CMS,0.0,7.87,0.0,USD
2026-05-01,Auvik,"Decian, Inc.",ANM Performance Add-On Evergreen,CMS,10.0,5.1,51.0,USD
2026-05-01,Auvik,Descent IT,ANM Essentials,CW,88.0,9.17,806.96,USD
2026-05-01,Auvik,"Direct Companies, LLC",ANM Essentials - Evergreen,CW,206.0,7.08,1457.86,USD
2026-05-01,Auvik,"Direct Companies, LLC",ANM Essentials Evergreen,CW,879.0,7.08,6223.32,USD
2026-05-01,Auvik,"Direct Companies, LLC",ANM Performance Add-On Evergreen,CW,92.0,4.31,396.52,USD
2026-05-01,Auvik,EAG 1Source,ANM Essentials - Evergreen,CMS,40.0,10.7,428.09,USD
2026-05-01,Auvik,EAG 1Source,ANM Essentials Evergreen,CMS,42.0,10.7,449.4,USD
2026-05-01,Auvik,EC Managed IT,ANM Essentials - Evergreen,CW,127.0,7.35,933.45,USD
2026-05-01,Auvik,EC Managed IT,ANM Essentials Evergreen,CW,22.0,7.35,161.7,USD
2026-05-01,Auvik,ENT Networks,ANM Essentials - Evergreen,CW,75.0,9.25,693.53,USD
2026-05-01,Auvik,ENT Networks,ANM Essentials Evergreen,CW,0.0,9.25,0.0,USD
2026-05-01,Auvik,ENT of Georgia,ANM Essentials - Evergreen,CW,30.0,11.23,337.05,USD
2026-05-01,Auvik,ENT of Georgia,ANM Essentials Evergreen,CW,0.0,11.24,0.0,USD
2026-05-01,Auvik,ES Consulting,ANM Essentials - Evergreen,CW,455.0,5.88,2675.4,USD
2026-05-01,Auvik,ES Consulting,ANM Essentials Evergreen,CW,50.0,5.88,294.0,USD
2026-05-01,Auvik,Eagle Consulting Group LLC,ANM Essentials - Evergreen,CW,10.0,11.23,112.35,USD
2026-05-01,Auvik,Eagle Consulting Group LLC,ANM Essentials Evergreen,CW,0.0,11.24,0.0,USD
2026-05-01,Auvik,Eanyware,ANM Essentials - Evergreen,CMS,10.0,11.23,112.35,USD
2026-05-01,Auvik,Eanyware,ANM Essentials Evergreen,CMS,0.0,11.24,0.0,USD
2026-05-01,Auvik,Easyitguys,ANM Essentials - Evergreen,CW,40.0,9.81,392.56,USD
2026-05-01,Auvik,Easyitguys,ANM Essentials Evergreen,CW,0.0,9.81,0.0,USD
2026-05-01,Auvik,"Eclipse Networks, Inc",ANM Essentials - Evergreen,CW,250.0,6.29,1573.25,USD
2026-05-01,Auvik,"Eclipse Networks, Inc",ANM Essentials Evergreen,CW,32.0,6.29,201.28,USD
2026-05-01,Auvik,"Eclipse Networks, Inc",ANM Performance Add-On Evergreen,CW,4.0,3.75,15.0,USD
2026-05-01,Auvik,"Edit Technology Solutions, Inc.",ANM Essentials - Evergreen,CMS,343.0,5.88,2016.84,USD
2026-05-01,Auvik,"Edit Technology Solutions, Inc.",ANM Essentials Evergreen,CMS,0.0,5.88,0.0,USD
2026-05-01,Auvik,Ekaru,ANM Essentials - Evergreen,CMS,10.0,11.23,112.35,USD
2026-05-01,Auvik,Ekaru,ANM Essentials Evergreen,CMS,23.0,11.24,258.52,USD
2026-05-01,Auvik,Ekaru,Auvik SaaS Management - Evergreen,CMS,100.0,1.05,105.01,USD
2026-05-01,Auvik,Ekaru,Auvik SaaS Management Evergreen,CMS,0.0,1.05,0.0,USD
2026-05-01,Auvik,"Electronic Strategies, Inc.",ANM Essentials - Evergreen,CMS,175.0,9.1,1593.3,USD
2026-05-01,Auvik,"Electronic Strategies, Inc.",ANM Essentials Evergreen,CMS,84.0,9.1,764.4,USD
2026-05-01,Auvik,"Electronic Strategies, Inc.",ANM Performance Add-On Evergreen,CMS,180.0,4.79,862.2,USD
2026-05-01,Auvik,Empire Consultants,ANM Essentials,CW,175.0,6.62,1157.63,USD
2026-05-01,Auvik,Empire Consultants,ANM Performance Add-Ons,CW,50.0,4.03,201.25,USD
2026-05-01,Auvik,Empire Consultants,ANM Performance Add-on,CW,50.0,4.03,201.5,USD
2026-05-01,Auvik,Empower Information Systems,ANM Essentials - Evergreen,CMS,10.0,11.23,112.35,USD
2026-05-01,Auvik,Empower Information Systems,ANM Essentials Evergreen,CMS,9.0,11.24,101.16,USD
2026-05-01,Auvik,Enso Solutions,COANM-1 Committed Billable Devices,CMS,40.0,9.19,367.6,USD
2026-05-01,Auvik,Enso Solutions,COANM-2 Additional Billable Devices,CMS,74.0,9.19,680.06,USD
2026-05-01,Auvik,EuGenius Solutions,ANM Essentials - Evergreen,CW,10.0,12.84,128.4,USD
2026-05-01,Auvik,EuGenius Solutions,ANM Essentials Evergreen,CW,0.0,12.84,0.0,USD
2026-05-01,Auvik,Excite Consulting,ANM Essentials - Evergreen,CW,10.0,11.23,112.35,USD
2026-05-01,Auvik,Excite Consulting,ANM Essentials Evergreen,CW,0.0,11.24,0.0,USD
2026-05-01,Auvik,Excite Consulting,ANM Performance Add-On Evergreen,CW,7.0,7.49,52.43,USD
2026-05-01,Auvik,Excite Consulting,ANM Performance Add-Ons - Evergreen,CW,1.0,7.49,7.49,USD
2026-05-01,Auvik,"Exigent Technologies, LLC",ANM Essentials - Evergreen,CW,316.0,5.99,1893.93,USD
2026-05-01,Auvik,"Exigent Technologies, LLC",ANM Essentials Evergreen,CW,51.0,5.99,305.49,USD
2026-05-01,Auvik,Expedient Technology,ANM Essentials - Evergreen,CMS,750.0,5.85,4384.22,USD
2026-05-01,Auvik,Expedient Technology,ANM Essentials Evergreen,CMS,450.0,5.85,2632.5,USD
2026-05-01,Auvik,FIT Network,ANM Essentials,CMS,65.0,9.17,596.05,USD
2026-05-01,Auvik,FIT Network,ANM Performance Add-Ons,CMS,1.0,6.23,6.23,USD
2026-05-01,Auvik,FIT Solutions,ANM Essentials,CW,80.0,8.64,691.6,USD
2026-05-01,Auvik,FIT Solutions,ANM Essentials,CW,0.0,8.65,0.0,USD
2026-05-01,Auvik,FIT Solutions,ANM Performance Add-Ons,CW,60.0,5.88,352.8,USD
2026-05-01,Auvik,FIT Solutions,ANM Performance Add-on,CW,9.0,5.88,52.92,USD
2026-05-01,Auvik,"FPA Technology Services, Inc.",ANM Essentials - Evergreen,CW,154.0,7.49,1154.0,USD
2026-05-01,Auvik,"FPA Technology Services, Inc.",ANM Essentials Evergreen,CW,0.0,7.49,0.0,USD
2026-05-01,Auvik,Fenix 24 Inc,ANM Essentials,CW,509.0,6.62,3368.4,USD
2026-05-01,Auvik,Fernco Inc,ANM Essentials - Evergreen,CW,37.0,11.24,415.7,USD
2026-05-01,Auvik,Fernco Inc,ANM Essentials Evergreen,CW,18.0,11.24,202.32,USD
2026-05-01,Auvik,Ferrara IT Services LLC,ANM Essentials - Evergreen,CMS,10.0,11.23,112.35,USD
2026-05-01,Auvik,Ferrara IT Services LLC,ANM Essentials Evergreen,CMS,0.0,11.24,0.0,USD
2026-05-01,Auvik,Fireblade-IT,ANM Essentials - Evergreen,CW,50.0,9.84,491.78,USD
2026-05-01,Auvik,Fireblade-IT,ANM Essentials Evergreen,CW,85.0,9.84,836.4,USD
2026-05-01,Auvik,First Equipment Company,ANM Essentials - Evergreen,CMS,75.0,8.8,660.24,USD
2026-05-01,Auvik,First Equipment Company,ANM Essentials Evergreen,CMS,0.0,8.8,0.0,USD
2026-05-01,Auvik,Fitzrovia I.T. Limited,EPRM-ANM-40 Auvik Essentials -- Committed,CMS,40.0,9.19,367.6,USD
2026-05-01,Auvik,Fitzrovia I.T. Limited,EPRM-ANM-40 Auvik Essentials -- Overage,CMS,46.0,9.19,422.74,USD
2026-05-01,Auvik,Five Rivers IT,ANM Essentials - Evergreen,CW,115.0,8.56,984.81,USD
2026-05-01,Auvik,Five Rivers IT,ANM Essentials Evergreen,CW,156.0,8.56,1335.36,USD
2026-05-01,Auvik,Flagship Lab Services LLC,ANM Essentials - Evergreen,CW,51.0,9.17,467.87,USD
2026-05-01,Auvik,Flagship Lab Services LLC,ANM Essentials Evergreen,CW,12.0,9.17,110.04,USD
2026-05-01,Auvik,Fluid IT Ltd,ANM Essentials - Evergreen,CMS,175.0,7.08,1239.47,USD
2026-05-01,Auvik,Fluid IT Ltd,ANM Essentials Evergreen,CMS,0.0,7.08,0.0,USD
2026-05-01,Auvik,Fluid IT Ltd,ANM Performance Add-Ons - Evergreen,CMS,1.0,5.88,5.88,USD
2026-05-01,Auvik,"Forthright Technology Partners, Inc.",ANM Essentials - Evergreen,CMS,10.0,11.23,112.35,USD
2026-05-01,Auvik,"Forthright Technology Partners, Inc.",ANM Essentials Evergreen,CMS,127.0,11.24,1427.48,USD
2026-05-01,Auvik,FoxNet Solutions,ANM Essentials - Evergreen,CW,100.0,6.74,674.37,USD
2026-05-01,Auvik,FoxNet Solutions,ANM Essentials Evergreen,CW,0.0,6.74,0.0,USD
2026-05-01,Auvik,FoxNet Solutions,ANM Performance Add-On Evergreen,CW,0.0,4.99,0.0,USD
2026-05-01,Auvik,FoxNet Solutions,ANM Performance Add-Ons - Evergreen,CW,33.0,4.99,164.64,USD
2026-05-01,Auvik,"Framework IT, LLC",ANM Essentials - Evergreen,CW,450.0,5.99,2697.05,USD
2026-05-01,Auvik,"Framework IT, LLC",ANM Essentials Evergreen,CW,10.0,5.99,59.9,USD
2026-05-01,Auvik,Frank Miller Lumber Company,ANM Essentials - Evergreen,CW,16.0,11.23,179.76,USD
2026-05-01,Auvik,Frank Miller Lumber Company,ANM Essentials Evergreen,CW,0.0,11.24,0.0,USD
2026-05-01,Auvik,GFI Digital,ANM Essentials - Evergreen,CW,125.0,7.49,936.69,USD
2026-05-01,Auvik,GFI Digital,ANM Essentials Evergreen,CW,0.0,7.49,0.0,USD
2026-05-01,Auvik,GURU,ANM Essentials - Evergreen,CMS,40.0,10.0,400.18,USD
2026-05-01,Auvik,GURU,ANM Essentials Evergreen,CMS,0.0,10.0,0.0,USD
2026-05-01,Auvik,Galaxie Business Equipment Inc.,ANM Essentials - Evergreen,CW,28.0,11.23,314.58,USD
2026-05-01,Auvik,Galaxie Business Equipment Inc.,ANM Essentials Evergreen,CW,0.0,11.24,0.0,USD
2026-05-01,Auvik,Galaxie Business Equipment Inc.,ANM Performance Add-On Evergreen,CW,0.0,7.31,0.0,USD
2026-05-01,Auvik,Galaxie Business Equipment Inc.,ANM Performance Add-Ons - Evergreen,CW,10.0,7.31,73.08,USD
2026-05-01,Auvik,Genesis BCS,ANM Essentials - Evergreen,CMS,10.0,11.23,112.35,USD
2026-05-01,Auvik,Gershow Recycling,ANM Full Performance - Evergreen,CW,45.0,16.52,743.44,USD
2026-05-01,Auvik,Gershow Recycling,ANM Full Performance Evergreen,CW,0.0,16.52,0.0,USD
2026-05-01,Auvik,GiaSpace Inc,ANM Essentials - Evergreen,CMS,42.0,9.36,393.31,USD
2026-05-01,Auvik,GiaSpace Inc,ANM Essentials Evergreen,CMS,0.0,9.36,0.0,USD
2026-05-01,Auvik,Glenbrook Automotive,ANM Essentials - Evergreen,CW,114.0,7.35,837.9,USD
2026-05-01,Auvik,Glenbrook Automotive,ANM Essentials Evergreen,CW,0.0,7.35,0.0,USD
2026-05-01,Auvik,Glenbrook Automotive,ANM Performance Add-On Evergreen,CW,0.0,4.76,0.0,USD
2026-05-01,Auvik,Glenbrook Automotive,ANM Performance Add-Ons - Evergreen,CW,100.0,4.76,476.0,USD
2026-05-01,Auvik,Golden West Technologies,ANM Essentials,CW,201.0,7.56,1519.56,USD
2026-05-01,Auvik,Gordon Flesch Company,ANM Essentials - Evergreen,CMS,10.0,11.23,112.35,USD
2026-05-01,Auvik,Greystone Technology,Licenses,CMS,40.0,10.5,420.0,USD
2026-05-01,Auvik,Greystone Technology,Usage - Licenses,CMS,7.0,10.5,73.5,USD
2026-05-01,Auvik,Grid4 Communications,ANM Essentials - Evergreen,CW,60.0,8.62,516.94,USD
2026-05-01,Auvik,Grid4 Communications,ANM Essentials Evergreen,CW,43.0,8.62,370.66,USD
2026-05-01,Auvik,Grid4 Communications,ANM Performance Add-On Evergreen,CW,8.0,6.11,48.88,USD
2026-05-01,Auvik,Grid4 Communications,Free of Charge,CW,0.0,0.0,0.0,USD
2026-05-01,Auvik,H5 Networks,ANM Essentials - Evergreen,CW,20.0,11.23,224.7,USD
2026-05-01,Auvik,H5 Networks,ANM Essentials Evergreen,CW,13.0,11.24,146.12,USD
2026-05-01,Auvik,H5 Networks,ANM Performance Add-On Evergreen,CW,13.0,7.49,97.37,USD
2026-05-01,Auvik,H5 Networks,ANM Performance Add-Ons - Evergreen,CW,20.0,7.49,149.8,USD
2026-05-01,Auvik,HUB Tech,ANM Essentials - Evergreen,CMS,500.0,5.51,2753.75,USD
2026-05-01,Auvik,HUB Tech,ANM Essentials Evergreen,CMS,182.0,5.51,1002.82,USD
2026-05-01,Auvik,HUB Tech,ANM Performance Add-On Evergreen,CMS,682.0,3.85,2625.7,USD
2026-05-01,Auvik,Harbor IT,ANM Essentials - Evergreen,CW,1000.0,4.72,4718.0,USD
2026-05-01,Auvik,Harbor IT,ANM Essentials Evergreen,CW,413.0,4.72,1949.36,USD
2026-05-01,Auvik,Harbor IT,ANM Performance Add-On Evergreen,CW,66.0,2.55,168.3,USD
2026-05-01,Auvik,Harris Technology Services,ANM Essentials - Evergreen,CW,40.0,9.84,393.42,USD
2026-05-01,Auvik,Harris Technology Services,ANM Essentials Evergreen,CW,61.0,9.84,600.24,USD
2026-05-01,Auvik,Hashtech Managed IT Services,ANM Essentials - Evergreen,CMS,10.0,11.23,112.35,USD
2026-05-01,Auvik,HillSouth,ANM Essentials - Evergreen,CMS,175.0,7.7,1347.96,USD
2026-05-01,Auvik,HillSouth,ANM Essentials Evergreen,CMS,62.0,7.7,477.4,USD
2026-05-01,Auvik,HillSouth,ANM Performance Add-Ons - Evergreen,CMS,1.0,5.88,5.88,USD
2026-05-01,Auvik,"Home Legend, LLC",ANM Essentials - Evergreen,CW,13.0,11.24,146.06,USD
2026-05-01,Auvik,"Home Legend, LLC",ANM Essentials Evergreen,CW,1.0,11.24,11.24,USD
2026-05-01,Auvik,"Home Legend, LLC",ANM Performance Add-On Evergreen,CW,1.0,7.49,7.49,USD
2026-05-01,Auvik,"Home Legend, LLC",ANM Performance Add-Ons - Evergreen,CW,13.0,7.49,97.37,USD
2026-05-01,Auvik,Huber & Associates MSP,ANM Essentials - Evergreen,CW,832.0,5.1,4239.87,USD
2026-05-01,Auvik,Huber & Associates MSP,ANM Essentials Evergreen,CW,40.0,5.1,204.0,USD
2026-05-01,Auvik,Huber & Associates MSP,ANM Performance Add-On Evergreen,CW,1.0,2.96,2.96,USD
2026-05-01,Auvik,Huber & Associates MSP,ANM Performance Add-Ons - Evergreen,CW,61.0,2.96,180.62,USD
2026-05-01,Auvik,IMC Technologies,ANM Essentials - Evergreen,CW,10.0,11.23,112.35,USD
2026-05-01,Auvik,IMC Technologies,ANM Essentials Evergreen,CW,0.0,11.24,0.0,USD
2026-05-01,Auvik,IPro Media,ANM Essentials - Evergreen,CW,500.0,5.51,2753.75,USD
2026-05-01,Auvik,IPro Media,ANM Essentials Evergreen,CW,0.0,5.51,0.0,USD
2026-05-01,Auvik,ISG,ANM Essentials - Evergreen,CW,790.0,5.12,4042.75,USD
2026-05-01,Auvik,ISG,ANM Essentials Evergreen,CW,185.0,5.12,947.2,USD
2026-05-01,Auvik,ISG,ANM Performance Add-On Evergreen,CW,32.0,2.96,94.72,USD
2026-05-01,Auvik,ISG,ANM Performance Add-Ons - Evergreen,CW,49.0,2.96,144.83,USD
2026-05-01,Auvik,ISI,Licenses,CMS,100.0,7.35,735.0,USD
2026-05-01,Auvik,ISI,Usage - Licenses,CMS,0.0,7.35,0.0,USD
2026-05-01,Auvik,ISOutsource,ANM Essentials,CW,103.0,7.35,835.0300000000001,USD
2026-05-01,Auvik,ISOutsource,Auvik SaaS Management,CW,500.0,0.91,501.87,USD
2026-05-01,Auvik,In-Telecom Consulting,ANM Essentials - Evergreen,CMS,500.0,5.99,2994.19,USD
2026-05-01,Auvik,In-Telecom Consulting,ANM Essentials Evergreen,CMS,105.0,5.99,628.95,USD
2026-05-01,Auvik,In-Telecom Consulting,ANM Performance Add-On Evergreen,CMS,29.0,4.28,124.12,USD
2026-05-01,Auvik,In-Telecom Consulting,ANM Performance Add-Ons - Evergreen,CMS,1.0,4.28,4.28,USD
2026-05-01,Auvik,Indian River Networks,ANM Essentials - Evergreen,CW,40.0,9.36,374.58,USD
2026-05-01,Auvik,Indian River Networks,ANM Essentials Evergreen,CW,23.0,9.36,215.28,USD
2026-05-01,Auvik,Indian River Networks,ANM Performance Add-Ons - Evergreen,CW,7.0,6.11,42.75,USD
2026-05-01,Auvik,Indian River Networks,Free of Charge,CW,0.0,0.0,0.0,USD
2026-05-01,Auvik,Infinit Technology Solutions,ANM Essentials - Evergreen,CW,125.0,8.97,1121.19,USD
2026-05-01,Auvik,Infinit Technology Solutions,ANM Essentials Evergreen,CW,33.0,8.97,296.01,USD
2026-05-01,Auvik,Infinity Technology Consulting Inc,ANM Essentials - Evergreen,CMS,10.0,11.23,112.35,USD
2026-05-01,Auvik,Infinity Technology Consulting Inc,ANM Essentials Evergreen,CMS,2.0,11.24,22.48,USD
2026-05-01,Auvik,"Infotec I, Inc.",ANM Essentials,CMS,250.0,6.72,1680.0,USD
2026-05-01,Auvik,"Infotec I, Inc.",ANM Performance Add-on,CMS,114.0,4.0,456.0,USD
2026-05-01,Auvik,Insight Technical Advisors,ANM Essentials,CW,20.0,10.5,210.0,USD
2026-05-01,Auvik,Insight Technical Advisors,ANM Performance Add-Ons,CW,1.0,7.0,7.0,USD
2026-05-01,Auvik,Intalect Ltd,ANM Essentials - Evergreen,CMS,20.0,11.23,224.7,USD
2026-05-01,Auvik,Intalect Ltd,ANM Essentials Evergreen,CMS,2.0,11.24,22.48,USD
2026-05-01,Auvik,IntegraTek Consulting,ANM Essentials - Evergreen,CMS,10.0,12.84,128.4,USD
2026-05-01,Auvik,"Intelligent Protection, LLC dba IPM Corp",ANM Essentials - Evergreen,CW,200.0,7.08,1415.4,USD
2026-05-01,Auvik,"Intelligent Protection, LLC dba IPM Corp",ANM Essentials Evergreen,CW,39.0,7.08,276.12,USD
2026-05-01,Auvik,"Intelligent Protection, LLC dba IPM Corp",ANM Performance Add-On Evergreen,CW,75.0,4.31,323.25,USD
2026-05-01,Auvik,"Intelligent Protection, LLC dba IPM Corp",ANM Performance Add-Ons - Evergreen,CW,45.0,4.31,193.73,USD
2026-05-01,Auvik,Intrasystems,ANM Essentials - Evergreen,CMS,250.0,7.19,1798.07,USD
2026-05-01,Auvik,Intrasystems,ANM Essentials Evergreen,CMS,475.0,7.19,3415.25,USD
2026-05-01,Auvik,Intrasystems,ANM Performance Add-On Evergreen,CMS,57.0,4.27,243.39,USD
2026-05-01,Auvik,"Intrinsic Technology Group, Inc.",ANM Essentials - Evergreen,CMS,500.0,5.24,2620.05,USD
2026-05-01,Auvik,"Intrinsic Technology Group, Inc.",ANM Essentials Evergreen,CMS,0.0,5.24,0.0,USD
2026-05-01,Auvik,"Intrinsic Technology Group, Inc.",ANM Performance Add-On Evergreen,CMS,25.0,4.28,107.0,USD
2026-05-01,Auvik,Itek Systems Management Ltd,ANM Essentials - Evergreen,CMS,10.0,11.23,112.35,USD
2026-05-01,Auvik,Itek Systems Management Ltd,ANM Essentials Evergreen,CMS,10.0,11.24,112.4,USD
2026-05-01,Auvik,Jungle IT,ANM Essentials - Evergreen,CW,411.0,6.29,2586.42,USD
2026-05-01,Auvik,Jungle IT,ANM Essentials Evergreen,CW,4.0,6.29,25.16,USD
2026-05-01,Auvik,Jungle IT,ANM Performance Add-On Evergreen,CW,0.0,3.75,0.0,USD
2026-05-01,Auvik,Jungle IT,ANM Performance Add-Ons - Evergreen,CW,411.0,3.75,1539.2,USD
2026-05-01,Auvik,Kalmer Solutions,ANM Essentials - Evergreen,CW,108.0,7.87,849.74,USD
2026-05-01,Auvik,Kalmer Solutions,ANM Essentials Evergreen,CW,0.0,7.87,0.0,USD
2026-05-01,Auvik,Kalmer Solutions,ANM Performance Add-On Evergreen,CW,0.0,5.24,0.0,USD
2026-05-01,Auvik,Kalmer Solutions,ANM Performance Add-Ons - Evergreen,CW,45.0,5.24,235.58,USD
2026-05-01,Auvik,Keen IT Services,ANM Essentials - Evergreen,CW,40.0,9.36,374.58,USD
2026-05-01,Auvik,Keen IT Services,ANM Essentials Evergreen,CW,10.0,9.36,93.6,USD
2026-05-01,Auvik,Kelley Create,ANM Essentials - Evergreen,CMS,40.0,9.84,393.42,USD
2026-05-01,Auvik,Kelser Corporation,ANM Essentials - Evergreen,CMS,250.0,7.19,1798.07,USD
2026-05-01,Auvik,Kelser Corporation,ANM Essentials Evergreen,CMS,2.0,7.19,14.38,USD
2026-05-01,Auvik,Kelser Corporation,ANM Performance Add-On Evergreen,CMS,22.0,5.08,111.76,USD
2026-05-01,Auvik,Kelser Corporation,ANM Performance Add-Ons - Evergreen,CMS,1.0,5.08,5.08,USD
2026-05-01,Auvik,Kent School District in WA state,ANM Essentials,CW,700.0,4.35,3043.27,USD
2026-05-01,Auvik,Kent School District in WA state,ANM Performance Add-Ons,CW,700.0,2.35,1646.4,USD
2026-05-01,Auvik,Kent School District in WA state,ANM Performance Add-on,CW,0.0,2.35,0.0,USD
2026-05-01,Auvik,Kilobytes Data Solutions Inc,ANM Essentials - Evergreen,CMS,75.0,8.65,648.45,USD
2026-05-01,Auvik,Kilobytes Data Solutions Inc,ANM Essentials Evergreen,CMS,0.0,8.65,0.0,USD
2026-05-01,Auvik,"Kraft & Kennedy, Inc.",ANM Essentials - Evergreen,CW,500.0,5.6,2800.0,USD
2026-05-01,Auvik,"Kraft & Kennedy, Inc.",ANM Essentials Evergreen,CW,132.0,5.6,739.2,USD
2026-05-01,Auvik,"Kraft & Kennedy, Inc.",Auvik SaaS Management - Evergreen,CW,2000.0,0.63,1260.0,USD
2026-05-01,Auvik,"Kraft & Kennedy, Inc.",Auvik SaaS Management Evergreen,CW,642.0,0.63,404.46,USD
2026-05-01,Auvik,Krueger Communications,ANM Essentials - Evergreen,CW,100.0,7.49,749.35,USD
2026-05-01,Auvik,Krueger Communications,ANM Essentials Evergreen,CW,198.0,7.49,1483.02,USD
2026-05-01,Auvik,Krueger Communications,Free of Charge,CW,0.0,0.0,0.0,USD
2026-05-01,Auvik,Lake Business Products,ANM Essentials - Evergreen,CMS,10.0,11.23,112.35,USD
2026-05-01,Auvik,Lake Business Products,ANM Essentials Evergreen,CMS,0.0,11.24,0.0,USD
2026-05-01,Auvik,"Lead-In Technologies, Inc.",ANM Essentials - Evergreen,CMS,10.0,11.23,112.35,USD
2026-05-01,Auvik,"Lead-In Technologies, Inc.",ANM Essentials Evergreen,CMS,0.0,11.24,0.0,USD
2026-05-01,Auvik,"Leading Edge Solutions, Inc.",ANM Essentials - Evergreen,CW,40.0,9.81,392.56,USD
2026-05-01,Auvik,LeadingIT,ANM Essentials - Evergreen,CMS,250.0,7.19,1798.35,USD
2026-05-01,Auvik,LeadingIT,ANM Essentials Evergreen,CMS,0.0,7.19,0.0,USD
2026-05-01,Auvik,Liberty Maritime,ANM Essentials - Evergreen,CW,20.0,11.23,224.7,USD
2026-05-01,Auvik,Liberty Maritime,ANM Essentials Evergreen,CW,17.0,11.24,191.08,USD
2026-05-01,Auvik,"Lieberman Technologies, LLC",ERM-ANM-75 Auvik Essentials -- Committed,CW,75.0,8.65,648.38,USD
2026-05-01,Auvik,Lincoln Computer Services,ANM Essentials - Evergreen,CW,500.0,5.5,2751.0,USD
2026-05-01,Auvik,Lincoln Computer Services,ANM Essentials Evergreen,CW,84.0,5.5,462.0,USD
2026-05-01,Auvik,Lincoln Computer Services,ANM Performance Add-On Evergreen,CW,85.0,3.14,266.9,USD
2026-05-01,Auvik,Lincoln Computer Services,ANM Performance Add-Ons - Evergreen,CW,374.0,3.14,1175.48,USD
2026-05-01,Auvik,Liquid Pear Technologies,ANM Essentials - Evergreen,CW,12.0,13.97,167.7,USD
2026-05-01,Auvik,Liquid Pear Technologies,ANM Essentials Evergreen,CW,0.0,13.98,0.0,USD
2026-05-01,Auvik,Louisville Geek,ANM Essentials,CW,250.0,5.88,1470.0,USD
2026-05-01,Auvik,Louisville Geek,ANM Performance Add-Ons,CW,250.0,3.5,875.0,USD
2026-05-01,Auvik,Louisville Geek,ANM Performance Add-on,CW,0.0,3.5,0.0,USD
2026-05-01,Auvik,Louisville Geek,Auvik SaaS Management,CW,108.0,1.57,170.1,USD
2026-05-01,Auvik,Louisville Geek,Auvik SaaS Management,CW,42.0,1.58,66.36,USD
2026-05-01,Auvik,MKMX Computer Solutions,ANM Essentials - Evergreen,CW,10.0,11.23,112.35,USD
2026-05-01,Auvik,MKMX Computer Solutions,ANM Essentials Evergreen,CW,0.0,11.24,0.0,USD
2026-05-01,Auvik,Madison Commercial Real Estate Services,ANM Essentials - Evergreen,CW,30.0,11.23,337.05,USD
2026-05-01,Auvik,Madison Commercial Real Estate Services,ANM Essentials Evergreen,CW,33.0,11.24,370.92,USD
2026-05-01,Auvik,Mainframe IT LLC,ANM Essentials - Evergreen,CMS,20.0,11.23,224.7,USD
2026-05-01,Auvik,Mainframe IT LLC,ANM Essentials Evergreen,CMS,0.0,11.24,0.0,USD
2026-05-01,Auvik,Marcum Technology MSP,ANM Essentials - Evergreen,CW,250.0,6.29,1573.25,USD
2026-05-01,Auvik,Marcum Technology MSP,ANM Essentials Evergreen,CW,269.0,6.29,1692.01,USD
2026-05-01,Auvik,Matrix Integration,ANM Essentials - Evergreen,CW,100.0,7.49,749.35,USD
2026-05-01,Auvik,Matrix Integration,ANM Essentials Evergreen,CW,0.0,7.49,0.0,USD
2026-05-01,Auvik,Matrix Integration,ANM Performance Add-On Evergreen,CW,0.0,4.99,0.0,USD
2026-05-01,Auvik,Matrix Integration,ANM Performance Add-Ons - Evergreen,CW,18.0,4.99,89.8,USD
2026-05-01,Auvik,"Maureen Data Systems, Inc.",ANM Essentials - Evergreen,CMS,40.0,9.84,393.42,USD
2026-05-01,Auvik,"Maureen Data Systems, Inc.",ANM Essentials Evergreen,CMS,0.0,9.84,0.0,USD
2026-05-01,Auvik,Max Communications Inc.,ANM Essentials - Evergreen,CW,40.0,9.36,374.58,USD
2026-05-01,Auvik,Max Communications Inc.,ANM Essentials Evergreen,CW,0.0,9.36,0.0,USD
2026-05-01,Auvik,Maxsum Consulting,ANM Essentials - Evergreen,CW,46.0,9.36,430.77,USD
2026-05-01,Auvik,Maxsum Consulting,ANM Essentials Evergreen,CW,33.0,9.36,308.88,USD
2026-05-01,Auvik,McLane Intelligent Solutions,ANM Essentials - Evergreen,CMS,250.0,6.85,1713.27,USD
2026-05-01,Auvik,McLane Intelligent Solutions,ANM Essentials Evergreen,CMS,0.0,6.85,0.0,USD
2026-05-01,Auvik,McLane Intelligent Solutions,ANM Performance Add-On Evergreen,CMS,35.0,3.75,131.25,USD
2026-05-01,Auvik,"Meritech, Inc.",ANM Essentials - Evergreen,CMS,40.0,9.84,393.42,USD
2026-05-01,Auvik,"Meritech, Inc.",ANM Essentials Evergreen,CMS,4.0,9.84,39.36,USD
2026-05-01,Auvik,Milner Technologies,ANM Essentials - Evergreen,CW,250.0,6.29,1573.25,USD
2026-05-01,Auvik,Milner Technologies,ANM Essentials Evergreen,CW,0.0,6.29,0.0,USD
2026-05-01,Auvik,Modtech,ANM Essentials - Evergreen,CW,15.0,11.24,168.53,USD
2026-05-01,Auvik,Modtech,ANM Essentials Evergreen,CW,0.0,11.24,0.0,USD
2026-05-01,Auvik,MyConnectSolutions,ANM Essentials,CW,12.0,10.5,126.0,USD
2026-05-01,Auvik,MyConnectSolutions,Auvik SaaS Management,CW,50.0,2.1,105.0,USD
2026-05-01,Auvik,Nauticon,ANM Essentials - Evergreen,CW,151.0,7.03,1060.94,USD
2026-05-01,Auvik,Nauticon,ANM Essentials Evergreen,CW,0.0,7.03,0.0,USD
2026-05-01,Auvik,Net@Work,ANM Essentials - Evergreen,CW,550.0,5.24,2882.06,USD
2026-05-01,Auvik,Net@Work,ANM Essentials Evergreen,CW,36.0,5.24,188.64,USD
2026-05-01,Auvik,NetOps Consulting,ANM Full Performance - Evergreen,CW,720.0,7.78,5603.21,USD
2026-05-01,Auvik,NetOps Consulting,ANM Full Performance Evergreen,CW,0.0,7.78,0.0,USD
2026-05-01,Auvik,"NetSource One, Inc.",ANM Essentials - Evergreen,CMS,500.0,6.29,3147.14,USD
2026-05-01,Auvik,"NetSource One, Inc.",ANM Essentials Evergreen,CMS,0.0,6.29,0.0,USD
2026-05-01,Auvik,Netcetera Consulting,ANM Essentials - Evergreen,CW,140.0,7.87,1101.52,USD
2026-05-01,Auvik,Netcetera Consulting,ANM Essentials Evergreen,CW,52.0,7.87,409.24,USD
2026-05-01,Auvik,Netropole Inc.,ANM Essentials - Evergreen,CMS,17.0,11.24,191.0,USD
2026-05-01,Auvik,Network Bridge Solutions Ltd,ANM Essentials - Evergreen,CW,40.0,9.36,374.58,USD
2026-05-01,Auvik,Network Bridge Solutions Ltd,ANM Essentials Evergreen,CW,0.0,9.36,0.0,USD
2026-05-01,Auvik,Network Bridge Solutions Ltd,ANM Performance Add-Ons - Evergreen,CW,2.0,6.11,12.22,USD
2026-05-01,Auvik,Networking Technologies,ANM Full Performance - Evergreen,CW,250.0,10.31,2578.0,USD
2026-05-01,Auvik,Networking Technologies,ANM Full Performance Evergreen,CW,69.0,10.31,711.39,USD
2026-05-01,Auvik,NewGen Administrative Services,ANM Essentials,CW,269.0,5.38,1447.2700000000002,USD
2026-05-01,Auvik,NewGen Administrative Services,ANM Performance Add-Ons,CW,268.0,3.2,857.61,USD
2026-05-01,Auvik,North State Bank,PRM-ANM-40 Auvik Performance -- Committed,CW,42.0,15.44,648.48,USD
2026-05-01,Auvik,North State Bank,PRM-ANM-40 Auvik Performance -- Overage,CW,7.0,15.44,108.08,USD
2026-05-01,Auvik,North State Bank,RM - ASM - 250 - Committed,CW,270.0,1.05,283.5,USD
2026-05-01,Auvik,North State Bank,RM - ASM - 250 - Overage,CW,0.0,1.05,0.0,USD
2026-05-01,Auvik,Novatech,ANM Essentials - Evergreen,CMS,500.0,6.29,3146.14,USD
2026-05-01,Auvik,Novatech,ANM Essentials Evergreen,CMS,40.0,6.29,251.6,USD
2026-05-01,Auvik,Ockers,ANM Essentials - Evergreen,CMS,175.0,8.09,1415.58,USD
2026-05-01,Auvik,Ockers,ANM Essentials Evergreen,CMS,0.0,8.09,0.0,USD
2026-05-01,Auvik,"Omni Data, LLC",ANM Full Performance - Evergreen,CMS,500.0,7.41,3703.86,USD
2026-05-01,Auvik,"Omni Data, LLC",ANM Full Performance Evergreen,CMS,103.0,7.41,763.23,USD
2026-05-01,Auvik,"On Line Support, Inc.",ANM Essentials - Evergreen,CW,59.0,9.36,552.51,USD
2026-05-01,Auvik,"On Line Support, Inc.",ANM Essentials Evergreen,CW,52.0,9.36,486.72,USD
2026-05-01,Auvik,OnPar Technologies,ANM Essentials - Evergreen,CW,120.0,7.87,944.16,USD
2026-05-01,Auvik,OnPar Technologies,ANM Essentials Evergreen,CW,0.0,7.87,0.0,USD
2026-05-01,Auvik,Ontech Systems,ANM Essentials - Evergreen,CMS,100.0,7.87,786.8,USD
2026-05-01,Auvik,Ontech Systems,ANM Essentials Evergreen,CMS,46.0,7.87,362.02,USD
2026-05-01,Auvik,Original Consultants Ltd,ANM Essentials,CW,150.0,7.35,1102.5,USD
2026-05-01,Auvik,Oryx Align Limited,ANM Essentials - Evergreen,CW,2000.0,3.65,7297.36,USD
2026-05-01,Auvik,Oryx Align Limited,ANM Essentials Evergreen,CW,51.0,3.65,186.15,USD
2026-05-01,Auvik,PCnet (Syntrio),ANM Essentials - Evergreen,CMS,500.0,6.29,3144.12,USD
2026-05-01,Auvik,PCnet (Syntrio),ANM Essentials Evergreen,CMS,205.0,6.29,1289.45,USD
2026-05-01,Auvik,PTS Datacenter Solutions,EPRM-ANM-40 Auvik Essentials -- Committed,CMS,40.0,9.19,367.6,USD
2026-05-01,Auvik,PTS Datacenter Solutions,EPRM-ANM-40 Auvik Essentials -- Overage,CMS,46.0,9.19,422.74,USD
2026-05-01,Auvik,PTS Datacenter Solutions,PARM-ANM-40 Auvik Performance Add On -- Overage,CMS,15.0,6.25,93.75,USD
2026-05-01,Auvik,Pacific Office Automation,ANM Essentials - Evergreen,CW,165.0,7.49,1236.42,USD
2026-05-01,Auvik,Pacific Office Automation,ANM Essentials Evergreen,CW,88.0,7.49,659.12,USD
2026-05-01,Auvik,Panurgy,ANM Essentials - Evergreen,CMS,10.0,11.23,112.35,USD
2026-05-01,Auvik,Panurgy,ANM Essentials Evergreen,CMS,34.0,11.24,382.16,USD
2026-05-01,Auvik,Paradyn,ANM Essentials - Evergreen,CMS,40.0,9.36,374.58,USD
2026-05-01,Auvik,Paradyn,ANM Essentials Evergreen,CMS,0.0,9.36,0.0,USD
2026-05-01,Auvik,Pine Cove Consulting,ANM Essentials - Evergreen,CW,635.0,5.51,3497.26,USD
2026-05-01,Auvik,Pine Cove Consulting,ANM Essentials Evergreen,CW,0.0,5.51,0.0,USD
2026-05-01,Auvik,Pine Cove Consulting,ANM Performance Add-On Evergreen,CW,0.0,3.14,0.0,USD
2026-05-01,Auvik,Pine Cove Consulting,ANM Performance Add-Ons - Evergreen,CW,408.0,3.14,1282.34,USD
2026-05-01,Auvik,Pine Cove Consulting,Auvik SaaS Management - Evergreen,CW,100.0,1.57,157.5,USD
2026-05-01,Auvik,Pine Cove Consulting,Auvik SaaS Management Evergreen,CW,0.0,1.58,0.0,USD
2026-05-01,Auvik,Plains Internet DBA CPU Onsite,ANM Essentials - Evergreen,CMS,40.0,9.84,393.42,USD
2026-05-01,Auvik,Platinum Technology,ANM Essentials - Evergreen,CW,15.0,11.24,168.53,USD
2026-05-01,Auvik,Platinum Technology,ANM Essentials Evergreen,CW,10.0,11.24,112.4,USD
2026-05-01,Auvik,Platinum Technology,ANM Performance Add-Ons - Evergreen,CW,15.0,8.05,120.75,USD
2026-05-01,Auvik,Powernet (formerly Maxis360),ANM Essentials,CW,1011.0,4.41,4458.51,USD
2026-05-01,Auvik,Powernet (formerly Maxis360),ANM Performance Add-Ons,CW,2.0,2.38,4.76,USD
2026-05-01,Auvik,Powernet (formerly Maxis360),ANM Performance Add-on,CW,4.0,2.38,9.52,USD
2026-05-01,Auvik,"Praxis Computing, Inc.",ANM Essentials - Evergreen,CW,45.0,9.36,421.4,USD
2026-05-01,Auvik,"Praxis Computing, Inc.",ANM Essentials Evergreen,CW,0.0,9.36,0.0,USD
2026-05-01,Auvik,Premier Technologies,ANM Essentials - Evergreen,CMS,175.0,7.08,1239.47,USD
2026-05-01,Auvik,Premier Technologies,ANM Essentials Evergreen,CMS,46.0,7.08,325.68,USD
2026-05-01,Auvik,ProServeIT,ANM Essentials - Evergreen,CMS,250.0,5.99,1498.36,USD
2026-05-01,Auvik,ProServeIT,ANM Essentials Evergreen,CMS,0.0,5.99,0.0,USD
2026-05-01,Auvik,ProTech Systems Group Inc.,ANM Essentials - Evergreen,CW,116.0,7.49,869.24,USD
2026-05-01,Auvik,Prosper IT,ANM Essentials - Evergreen,CMS,30.0,11.23,337.05,USD
2026-05-01,Auvik,Prosper IT,ANM Essentials Evergreen,CMS,0.0,11.24,0.0,USD
2026-05-01,Auvik,"Pyramid Consulting, Inc.",ANM Essentials - Evergreen,CW,50.0,9.84,491.78,USD
2026-05-01,Auvik,"Pyramid Consulting, Inc.",ANM Essentials Evergreen,CW,0.0,9.84,0.0,USD
2026-05-01,Auvik,"Pyramid Consulting, Inc.",ANM Performance Add-On Evergreen,CW,0.0,6.69,0.0,USD
2026-05-01,Auvik,"Pyramid Consulting, Inc.",ANM Performance Add-Ons - Evergreen,CW,50.0,6.69,334.27,USD
2026-05-01,Auvik,Quantified IT,ANM Essentials - Evergreen,CW,250.0,6.85,1712.33,USD
2026-05-01,Auvik,Quantified IT,ANM Essentials Evergreen,CW,0.0,6.85,0.0,USD
2026-05-01,Auvik,Quantified IT,Auvik SaaS Management - Evergreen,CW,250.0,1.44,360.01,USD
2026-05-01,Auvik,R-Computer,ANM Essentials - Evergreen,CW,22.0,11.23,247.17,USD
2026-05-01,Auvik,R-Computer,ANM Essentials Evergreen,CW,0.0,11.24,0.0,USD
2026-05-01,Auvik,R-Computer,Free of Charge,CW,0.0,0.0,0.0,USD
2026-05-01,Auvik,RAM Contracting,ANM Essentials - Evergreen,CW,24.0,11.23,269.64,USD
2026-05-01,Auvik,RAM Contracting,ANM Essentials Evergreen,CW,5.0,11.24,56.2,USD
2026-05-01,Auvik,"RMON Networks, Inc",ANM Essentials - Evergreen,CMS,250.0,7.19,1798.07,USD
2026-05-01,Auvik,"RMON Networks, Inc",ANM Essentials Evergreen,CMS,0.0,7.19,0.0,USD
2026-05-01,Auvik,Ratcliff IT,ANM Essentials - Evergreen,CMS,40.0,9.81,392.56,USD
2026-05-01,Auvik,Ratcliff IT,ANM Essentials Evergreen,CMS,1.0,9.81,9.81,USD
2026-05-01,Auvik,Ravitron,ANM Essentials - Evergreen,CW,10.0,11.23,112.35,USD
2026-05-01,Auvik,Ravitron,ANM Essentials Evergreen,CW,5.0,11.24,56.2,USD
2026-05-01,Auvik,Ray Morgan Company,ANM Essentials - Evergreen,CMS,250.0,6.29,1573.25,USD
2026-05-01,Auvik,Ray Morgan Company,ANM Essentials Evergreen,CMS,106.0,6.29,666.74,USD
2026-05-01,Auvik,Reinert Consulting Group,ANM Essentials - Evergreen,CW,10.0,11.23,112.35,USD
2026-05-01,Auvik,Reinert Consulting Group,ANM Essentials Evergreen,CW,17.0,11.24,191.08,USD
2026-05-01,Auvik,Reinert Consulting Group,Auvik SaaS Management - Evergreen,CW,250.0,1.26,315.0,USD
2026-05-01,Auvik,Reinert Consulting Group,Auvik SaaS Management Evergreen,CW,18.0,1.26,22.68,USD
2026-05-01,Auvik,Reinert Consulting Group,Free of Charge,CW,0.0,0.0,0.0,USD
2026-05-01,Auvik,Renaissance Systems Inc.,ANM Essentials - Evergreen,CW,14.0,11.23,157.29,USD
2026-05-01,Auvik,Renaissance Systems Inc.,ANM Essentials Evergreen,CW,13.0,11.24,146.12,USD
2026-05-01,Auvik,Renaissance Systems Inc.,ANM Performance Add-On Evergreen,CW,0.0,7.49,0.0,USD
2026-05-01,Auvik,Renaissance Systems Inc.,ANM Performance Add-Ons - Evergreen,CW,14.0,7.49,104.86,USD
2026-05-01,Auvik,Resolution IT,ANM Essentials - Evergreen,CMS,10.0,11.23,112.35,USD
2026-05-01,Auvik,Ridgewall Ltd,ANM Essentials - Evergreen,CW,100.0,6.37,636.91,USD
2026-05-01,Auvik,Ridgewall Ltd,ANM Essentials Evergreen,CW,0.0,6.37,0.0,USD
2026-05-01,Auvik,Ridgewall Ltd,ANM Performance Add-Ons - Evergreen,CW,100.0,4.25,425.01,USD
2026-05-01,Auvik,RockIT Consulting LLC,ANM Essentials,CMS,20.0,10.5,210.0,USD
2026-05-01,Auvik,RockIT Consulting LLC,ANM Performance Add-Ons,CMS,1.0,7.0,7.0,USD
2026-05-01,Auvik,RockIT Consulting LLC,ANM Performance Add-on,CMS,0.0,7.0,0.0,USD
2026-05-01,Auvik,Roebuck Technologies,ANM Essentials - Evergreen,CMS,40.0,9.36,374.58,USD
2026-05-01,Auvik,Roebuck Technologies,ANM Essentials Evergreen,CMS,73.0,9.36,683.28,USD
2026-05-01,Auvik,Roebuck Technologies,Auvik SaaS Management - Evergreen,CMS,250.0,1.35,337.05,USD
2026-05-01,Auvik,Roebuck Technologies,Auvik SaaS Management Evergreen,CMS,75.0,1.35,101.25,USD
2026-05-01,Auvik,"Ronin Consulting Services, LLC",ANM Essentials - Evergreen,CMS,10.0,11.23,112.35,USD
2026-05-01,Auvik,"Ronin Consulting Services, LLC",ANM Essentials Evergreen,CMS,3.0,11.24,33.72,USD
2026-05-01,Auvik,Rosebud Mining Company,ANM Essentials - Evergreen,CW,130.0,7.49,974.15,USD
2026-05-01,Auvik,Rosebud Mining Company,ANM Essentials Evergreen,CW,41.0,7.49,307.09,USD
2026-05-01,Auvik,Rosebud Mining Company,ANM Performance Add-On Evergreen,CW,41.0,4.87,199.67,USD
2026-05-01,Auvik,Rosebud Mining Company,ANM Performance Add-Ons - Evergreen,CW,130.0,4.87,633.26,USD
2026-05-01,Auvik,Rutter Networking Technologies,EPRM-ANM-100 Auvik Essentials -- Committed,CW,144.0,6.62,953.28,USD
2026-05-01,Auvik,Rutter Networking Technologies,EPRM-ANM-100 Auvik Essentials -- Overage,CW,0.0,6.62,0.0,USD
2026-05-01,Auvik,Rutter Networking Technologies,PARM-ANM-100 Auvik Performance Add On,CW,22.0,4.78,105.16,USD
2026-05-01,Auvik,Rutter Networking Technologies,PARM-ANM-100 Auvik Performance Add On -- Overage,CW,0.0,4.78,0.0,USD
2026-05-01,Auvik,SECUR-SERV INC.,ANM Essentials,CMS,674.0,5.88,3963.12,USD
2026-05-01,Auvik,SECUR-SERV INC.,ANM Performance Add-Ons,CMS,500.0,3.36,1680.0,USD
2026-05-01,Auvik,SECUR-SERV INC.,ANM Performance Add-on,CMS,0.0,3.36,0.0,USD
2026-05-01,Auvik,SSE Holding LLC,ANM Full Performance - Evergreen,CW,100.0,11.4,1140.36,USD
2026-05-01,Auvik,SSE Holding LLC,ANM Full Performance Evergreen,CW,0.0,11.4,0.0,USD
2026-05-01,Auvik,Salco Solutions Group,ANM Essentials - Evergreen,CMS,40.0,10.7,428.09,USD
2026-05-01,Auvik,Salco Solutions Group,ANM Essentials Evergreen,CMS,12.0,10.7,128.4,USD
2026-05-01,Auvik,Salco Solutions Group,ANM Performance Add-Ons - Evergreen,CMS,10.0,7.27,72.74,USD
2026-05-01,Auvik,Sedona Technologies,ANM Essentials - Evergreen,CMS,250.0,7.19,1798.07,USD
2026-05-01,Auvik,Sedona Technologies,ANM Essentials Evergreen,CMS,442.0,7.19,3177.98,USD
2026-05-01,Auvik,Sedona Technologies,ANM Performance Add-On Evergreen,CMS,121.0,4.32,522.72,USD
2026-05-01,Auvik,Servall Canada Incorporated,ANM Essentials - Evergreen,CMS,10.0,11.23,112.35,USD
2026-05-01,Auvik,Servcom USA,ANM Essentials - Evergreen,CMS,100.0,7.87,786.8,USD
2026-05-01,Auvik,Servcom USA,ANM Essentials Evergreen,CMS,24.0,7.87,188.88,USD
2026-05-01,Auvik,Serverli Inc,ANM Essentials,CMS,10.0,10.5,105.0,USD
2026-05-01,Auvik,Serverli Inc,ANM Performance Add-Ons,CMS,10.0,7.0,70.0,USD
2026-05-01,Auvik,Serverli Inc,ANM Performance Add-on,CMS,0.0,7.0,0.0,USD
2026-05-01,Auvik,Shield Watch IT Services,ANM Essentials - Evergreen,CW,237.0,7.08,1677.25,USD
2026-05-01,Auvik,Shield Watch IT Services,ANM Essentials Evergreen,CW,0.0,7.08,0.0,USD
2026-05-01,Auvik,Silverbug Ltd,ANM Essentials - Evergreen,CW,167.0,7.87,1313.96,USD
2026-05-01,Auvik,Silverbug Ltd,ANM Essentials Evergreen,CW,195.0,7.87,1534.65,USD
2026-05-01,Auvik,Silverbug Ltd,ANM Performance Add-On Evergreen,CW,0.0,5.1,0.0,USD
2026-05-01,Auvik,Silverbug Ltd,ANM Performance Add-Ons - Evergreen,CW,70.0,5.1,356.72,USD
2026-05-01,Auvik,SimpleWorks IT,ANM Essentials - Evergreen,CW,300.0,6.29,1887.9,USD
2026-05-01,Auvik,SimpleWorks IT,ANM Essentials Evergreen,CW,0.0,6.29,0.0,USD
2026-05-01,Auvik,"Solutions Granted, Inc.",ANM Essentials - Evergreen,CW,11.0,11.24,123.59,USD
2026-05-01,Auvik,"Solutions Granted, Inc.",ANM Essentials Evergreen,CW,0.0,11.24,0.0,USD
2026-05-01,Auvik,Soteria Technology Solutions,ANM Essentials - Evergreen,CW,40.0,9.81,392.56,USD
2026-05-01,Auvik,Soteria Technology Solutions,ANM Essentials Evergreen,CW,0.0,9.81,0.0,USD
2026-05-01,Auvik,Spectrum Technologies,ANM Essentials - Evergreen,CMS,10.0,11.23,112.35,USD
2026-05-01,Auvik,Speros,ANM Full Performance - Evergreen,CW,250.0,9.02,2255.75,USD
2026-05-01,Auvik,Speros,ANM Full Performance Evergreen,CW,22.0,9.02,198.44,USD
2026-05-01,Auvik,Splice,ANM Essentials - Evergreen,CMS,10.0,11.23,112.35,USD
2026-05-01,Auvik,Stone Pigman Walther Wittman LLC,ANM Essentials - Evergreen,CW,18.0,11.23,202.23,USD
2026-05-01,Auvik,Stone Pigman Walther Wittman LLC,ANM Essentials Evergreen,CW,0.0,11.24,0.0,USD
2026-05-01,Auvik,Stone Pigman Walther Wittman LLC,Auvik SaaS Management - Evergreen,CW,120.0,1.58,189.6,USD
2026-05-01,Auvik,Stone Pigman Walther Wittman LLC,Auvik SaaS Management Evergreen,CW,0.0,1.58,0.0,USD
2026-05-01,Auvik,"Summit Advisors, LLC",ANM Essentials - Evergreen,CMS,100.0,8.99,899.23,USD
2026-05-01,Auvik,"Summit Advisors, LLC",ANM Essentials Evergreen,CMS,36.0,8.99,323.64,USD
2026-05-01,Auvik,"Summit Advisors, LLC",ANM Performance Add-On Evergreen,CMS,34.0,6.96,236.64,USD
2026-05-01,Auvik,"Summit Advisors, LLC",ANM Performance Add-Ons - Evergreen,CMS,1.0,6.96,6.96,USD
2026-05-01,Auvik,Supra ITS,ANM Essentials - Evergreen,CW,500.0,5.24,2620.05,USD
2026-05-01,Auvik,Supra ITS,ANM Essentials Evergreen,CW,34.0,5.24,178.16,USD
2026-05-01,Auvik,Supra ITS,ANM Performance Add-On Evergreen,CW,0.0,2.99,0.0,USD
2026-05-01,Auvik,Supra ITS,ANM Performance Add-Ons - Evergreen,CW,200.0,2.99,598.68,USD
2026-05-01,Auvik,Sweetwater Technology,ANM Essentials - Evergreen,CW,95.0,9.83,933.81,USD
2026-05-01,Auvik,Sweetwater Technology,ANM Essentials Evergreen,CW,37.0,9.83,363.71,USD
2026-05-01,Auvik,"Synergy IT Solutions, Inc.",ANM Essentials - Evergreen,CW,600.0,5.51,3304.5,USD
2026-05-01,Auvik,"Synergy IT Solutions, Inc.",ANM Essentials Evergreen,CW,0.0,5.51,0.0,USD
2026-05-01,Auvik,Synergy Technical,ANM Essentials - Evergreen,CW,250.0,6.29,1573.25,USD
2026-05-01,Auvik,Synergy Technical,ANM Essentials Evergreen,CW,0.0,6.29,0.0,USD
2026-05-01,Auvik,Synergy Technical,ANM Performance Add-Ons - Evergreen,CW,1.0,3.75,3.75,USD
2026-05-01,Auvik,Syrex,ANM Essentials - Evergreen,CW,250.0,5.6,1399.41,USD
2026-05-01,Auvik,Syrex,ANM Essentials Evergreen,CW,0.0,5.6,0.0,USD
2026-05-01,Auvik,Syrex,ANM Performance Add-Ons - Evergreen,CW,250.0,3.02,754.34,USD
2026-05-01,Auvik,SysGen Solutions Group,ERM-ANM-10 Auvik Essentials -- Committed,CW,23.0,10.5,241.5,USD
2026-05-01,Auvik,SysGen Solutions Group,ERM-ANM-10 Auvik Essentials -- Overage,CW,0.0,10.5,0.0,USD
2026-05-01,Auvik,Systems Support Corp,RM - ASM - 500 - Committed,CMS,615.0,0.91,559.65,USD
2026-05-01,Auvik,Systems Support Corp,RM - ASM - 500 - Overage,CMS,0.0,0.91,0.0,USD
2026-05-01,Auvik,TESYS Networks,ANM Essentials,CW,25.0,10.5,262.5,USD
2026-05-01,Auvik,TOTLCOM INC,ANM Essentials - Evergreen,CMS,46.0,9.84,452.44,USD
2026-05-01,Auvik,TOTLCOM INC,ANM Essentials Evergreen,CMS,0.0,9.84,0.0,USD
2026-05-01,Auvik,TVGconsulting,ANM Essentials - Evergreen,CMS,40.0,9.84,393.42,USD
2026-05-01,Auvik,TVGconsulting,ANM Essentials Evergreen,CMS,0.0,9.84,0.0,USD
2026-05-01,Auvik,Tech Mesa,ANM Essentials - Evergreen,CW,10.0,11.23,112.35,USD
2026-05-01,Auvik,Tech Mesa,ANM Essentials Evergreen,CW,4.0,11.24,44.96,USD
2026-05-01,Auvik,Tech Source,ANM Essentials - Evergreen,CW,10.0,11.23,112.35,USD
2026-05-01,Auvik,Tech Source,ANM Essentials Evergreen,CW,0.0,11.24,0.0,USD
2026-05-01,Auvik,Tech Source,ANM Performance Add-On Evergreen,CW,3.0,7.49,22.47,USD
2026-05-01,Auvik,Tech Source,ANM Performance Add-Ons - Evergreen,CW,4.0,7.49,29.96,USD
2026-05-01,Auvik,Techmedics,ANM Essentials,CW,53.0,9.17,486.01,USD
2026-05-01,Auvik,Technikel Solutions,ANM Essentials,CW,220.0,6.62,1455.3,USD
2026-05-01,Auvik,Technology Group Solutions,ANM Essentials - Evergreen,CMS,175.0,6.74,1179.52,USD
2026-05-01,Auvik,Technology Group Solutions,ANM Essentials Evergreen,CMS,11.0,6.74,74.14,USD
2026-05-01,Auvik,Technology Group Solutions,ANM Performance Add-On Evergreen,CMS,10.0,5.88,58.8,USD
2026-05-01,Auvik,TekScape,ANM Essentials - Evergreen,CMS,250.0,6.72,1680.0,USD
2026-05-01,Auvik,TekScape,ANM Essentials Evergreen,CMS,176.0,6.72,1182.72,USD
2026-05-01,Auvik,TekScape,ANM Performance Add-On Evergreen,CMS,405.0,4.0,1620.0,USD
2026-05-01,Auvik,Terminal B,ANM Essentials,CMS,75.0,8.64,648.38,USD
2026-05-01,Auvik,Terminal B,ANM Essentials,CMS,0.0,8.65,0.0,USD
2026-05-01,Auvik,The Apex Technology Group,ANM Essentials - Evergreen,CW,256.0,6.29,1611.01,USD
2026-05-01,Auvik,The Data Pros,ANM Essentials - Evergreen,CMS,10.0,11.23,112.35,USD
2026-05-01,Auvik,The Data Pros,ANM Essentials Evergreen,CMS,0.0,11.24,0.0,USD
2026-05-01,Auvik,The Nine Minds Group LLC,ANM Essentials,CW,500.0,5.14,2572.5,USD
2026-05-01,Auvik,The Nine Minds Group LLC,ANM Essentials,CW,0.0,5.15,0.0,USD
2026-05-01,Auvik,The Nine Minds Group LLC,ANM Performance Add-Ons,CW,1.0,2.94,2.94,USD
2026-05-01,Auvik,The Walker Group,ANM Essentials - Evergreen,CW,250.0,5.99,1498.36,USD
2026-05-01,Auvik,The Walker Group,ANM Essentials Evergreen,CW,328.0,5.99,1964.72,USD
2026-05-01,Auvik,The Walker Group,Free of Charge,CW,0.0,0.0,0.0,USD
2026-05-01,Auvik,Total Computing Technology,ANM Essentials - Evergreen,CMS,40.0,9.36,374.58,USD
2026-05-01,Auvik,Total Computing Technology,ANM Essentials Evergreen,CMS,0.0,9.36,0.0,USD
2026-05-01,Auvik,Total Computing Technology,ANM Performance Add-On Evergreen,CMS,29.0,9.09,263.61,USD
2026-05-01,Auvik,Town of Parker,ANM Essentials - Evergreen,CW,100.0,8.99,899.23,USD
2026-05-01,Auvik,Town of Parker,ANM Essentials Evergreen,CW,0.0,8.99,0.0,USD
2026-05-01,Auvik,TrueITPros,ANM Essentials - Evergreen,CMS,10.0,11.23,112.35,USD
2026-05-01,Auvik,TrueITPros,ANM Essentials Evergreen,CMS,26.0,11.24,292.24,USD
2026-05-01,Auvik,Truewater,ANM Essentials - Evergreen,CW,47.0,9.36,440.13,USD
2026-05-01,Auvik,Truewater,ANM Essentials Evergreen,CW,42.0,9.36,393.12,USD
2026-05-01,Auvik,Turrito,ANM Essentials - Evergreen,CW,15.0,11.24,168.53,USD
2026-05-01,Auvik,Turrito,ANM Essentials Evergreen,CW,0.0,11.24,0.0,USD
2026-05-01,Auvik,Turrito,ANM Performance Add-Ons - Evergreen,CW,15.0,7.49,112.35,USD
2026-05-01,Auvik,"TwinHats, LLC",Auvik SaaS Management,CW,198.0,1.57,311.85,USD
2026-05-01,Auvik,"TwinHats, LLC",Auvik SaaS Management,CW,141.0,1.58,222.78,USD
2026-05-01,Auvik,United Country Real Estate,ANM Essentials - Evergreen,CW,20.0,11.23,224.7,USD
2026-05-01,Auvik,United Datacom Networks,ANM Essentials - Evergreen,CMS,40.0,9.36,374.58,USD
2026-05-01,Auvik,United Datacom Networks,ANM Essentials Evergreen,CMS,0.0,9.36,0.0,USD
2026-05-01,Auvik,V2 technology,ANM Essentials - Evergreen,CW,75.0,8.8,660.24,USD
2026-05-01,Auvik,V2 technology,ANM Essentials Evergreen,CW,35.0,8.8,308.0,USD
2026-05-01,Auvik,VIRTUS DATA CENTRES (Oryx Align Ltd),ANM Essentials,CW,527.0,5.14,2711.42,USD
2026-05-01,Auvik,VIRTUS DATA CENTRES (Oryx Align Ltd),ANM Essentials,CW,207.0,5.15,1066.05,USD
2026-05-01,Auvik,VIRTUS DATA CENTRES (Oryx Align Ltd),ANM Performance Add-Ons,CW,527.0,2.94,1549.38,USD
2026-05-01,Auvik,VIRTUS DATA CENTRES (Oryx Align Ltd),ANM Performance Add-on,CW,207.0,2.94,608.58,USD
2026-05-01,Auvik,Veerman ICT,ANM Essentials - Evergreen,CW,100.0,7.87,786.8,USD
2026-05-01,Auvik,Veerman ICT,ANM Essentials Evergreen,CW,445.0,7.87,3502.15,USD
2026-05-01,Auvik,Veerman ICT,ANM Performance Add-On Evergreen,CW,293.0,5.1,1494.3,USD
2026-05-01,Auvik,Velocity Network,ANM Essentials - Evergreen,CMS,1000.0,5.39,5392.2,USD
2026-05-01,Auvik,Velocity Network,ANM Essentials Evergreen,CMS,313.0,5.39,1687.07,USD
2026-05-01,Auvik,Velonex Technologies,ANM Essentials,CW,100.0,7.35,735.0,USD
2026-05-01,Auvik,Vermeer Southeast,ANM Essentials - Evergreen,CMS,75.0,9.26,694.15,USD
2026-05-01,Auvik,Vermeer Southeast,ANM Essentials Evergreen,CMS,4.0,9.26,37.04,USD
2026-05-01,Auvik,Vertical IT,ANM Essentials - Evergreen,CW,10.0,11.23,112.35,USD
2026-05-01,Auvik,VeryPC Ltd,ANM Essentials - Evergreen,CW,40.0,9.36,374.58,USD
2026-05-01,Auvik,VeryPC Ltd,ANM Essentials Evergreen,CW,39.0,9.36,365.04,USD
2026-05-01,Auvik,Viatek,ANM Essentials - Evergreen,CW,403.0,6.29,2536.08,USD
2026-05-01,Auvik,Viatek,ANM Essentials Evergreen,CW,116.0,6.29,729.64,USD
2026-05-01,Auvik,Viperspace,CWANM-1 Committed Billable Devices,CW,40.0,9.19,367.6,USD
2026-05-01,Auvik,Visual Edge,ANM Essentials - Evergreen,CMS,175.0,7.08,1239.47,USD
2026-05-01,Auvik,Visual Edge,ANM Essentials Evergreen,CMS,893.0,7.08,6322.44,USD
2026-05-01,Auvik,Visual Edge,ANM Performance Add-On Evergreen,CMS,16.0,4.79,76.64,USD
2026-05-01,Auvik,WBM Office Systems,ANM Essentials - Evergreen,CW,1000.0,4.72,4718.0,USD
2026-05-01,Auvik,WBM Office Systems,ANM Essentials Evergreen,CW,79.0,4.72,372.88,USD
2026-05-01,Auvik,"WPG Consulting, LLC",ANM Essentials - Evergreen,CMS,175.0,8.09,1415.21,USD
2026-05-01,Auvik,"WPG Consulting, LLC",ANM Essentials Evergreen,CMS,0.0,8.09,0.0,USD
2026-05-01,Auvik,WTA Consulting,ANM Essentials - Evergreen,CW,20.0,11.23,224.7,USD
2026-05-01,Auvik,WTA Consulting,ANM Essentials Evergreen,CW,7.0,11.24,78.68,USD
2026-05-01,Auvik,Wavenet UK,EPRM-ANM-1000 Auvik Essentials -- Committed,CMS,1000.0,3.27,3270.0,USD
2026-05-01,Auvik,Wavenet UK,EPRM-ANM-1000 Auvik Essentials -- Overage,CMS,1300.0,3.27,4251.0,USD
2026-05-01,Auvik,Wavenet UK,PARM-ANM-1000 Auvik Performance Add On,CMS,1000.0,1.76,1760.0,USD
2026-05-01,Auvik,Wavenet UK,PARM-ANM-1000 Auvik Performance Add On -- Overage,CMS,1256.0,1.76,2210.56,USD
2026-05-01,Auvik,"Weaver Technologies, LLC",ANM Essentials,CMS,500.0,5.88,2940.0,USD
2026-05-01,Auvik,"Weaver Technologies, LLC",ANM Performance Add-Ons,CMS,500.0,3.36,1680.0,USD
2026-05-01,Auvik,"Weaver Technologies, LLC",ANM Performance Add-on,CMS,0.0,3.36,0.0,USD
2026-05-01,Auvik,Wifinium,ERM-ANM-250 Auvik Essentials -- Committed,CW,250.0,5.88,1470.0,USD
2026-05-01,Auvik,Wifinium,ERM-ANM-250 Auvik Essentials -- Overage,CW,0.0,5.88,0.0,USD
2026-05-01,Auvik,Wipfli LLP,ANM Essentials,CMS,500.0,5.14,2572.5,USD
2026-05-01,Auvik,Wipfli LLP,ANM Essentials,CMS,0.0,5.15,0.0,USD
2026-05-01,Auvik,Wipfli LLP,ANM Performance Add-Ons,CMS,1.0,2.94,2.94,USD
2026-05-01,Auvik,Z-TECH Associates,ANM Essentials,CMS,117.0,8.4,982.8,USD
2026-05-01,Auvik,Z-TECH Associates,ANM Performance Add-Ons,CMS,1.0,5.44,5.44,USD
2026-05-01,Auvik,Z-TECH Associates,ANM Performance Add-on,CMS,116.0,5.44,631.04,USD
2026-05-01,Auvik,ZINC LLC,ANM Essentials - Evergreen,CMS,10.0,11.23,112.35,USD
2026-05-01,Auvik,ZINC LLC,ANM Essentials Evergreen,CMS,0.0,11.24,0.0,USD
2026-05-01,Auvik,ZINC LLC,ANM Performance Add-On Evergreen,CMS,0.0,7.49,0.0,USD
2026-05-01,Auvik,ZINC LLC,ANM Performance Add-Ons - Evergreen,CMS,5.0,7.49,37.45,USD
2026-05-01,Auvik,Zbrella,ANM Essentials - Evergreen,CMS,40.0,9.84,393.42,USD
2026-05-01,Auvik,Zephyr Networks,ANM Essentials - Evergreen,CMS,100.0,7.87,786.8,USD
2026-05-01,Auvik,Zephyr Networks,ANM Essentials Evergreen,CMS,4.0,7.87,31.48,USD
2026-05-01,Auvik,Zephyr Networks,ANM Performance Add-On Evergreen,CMS,104.0,5.24,544.96,USD
2026-05-01,Auvik,eMazzanti Technologies,COANM-1 Committed Billable Devices,CMS,40.0,9.19,367.6,USD
2026-05-01,Auvik,eMazzanti Technologies,COANM-2 Additional Billable Devices,CMS,50.0,9.19,459.5,USD
2026-05-01,Auvik,eMazzanti Technologies,COANM-4 Additional Performance Add-Ons,CMS,5.0,6.0,30.0,USD
2026-05-01,Auvik,ePossible,ANM Essentials - Evergreen,CW,10.0,11.23,112.35,USD
2026-05-01,Auvik,ePossible,ANM Essentials Evergreen,CW,0.0,11.24,0.0,USD
2026-05-01,Auvik,i2m,CWANM-1 Additional Billable Devices,CW,87.0,9.19,799.53,USD
2026-05-01,Auvik,i2m,CWANM-1 Committed Billable Devices,CW,40.0,9.19,367.6,USD
2026-05-01,Auvik,iNetwork Management Inct,ANM Essentials - Evergreen,CW,40.0,9.84,393.42,USD
2026-05-01,Auvik,iNetwork Management Inct,ANM Essentials Evergreen,CW,0.0,9.84,0.0,USD
2026-05-01,Auvik,integraONE,ANM Essentials - Evergreen,CMS,250.0,6.29,1573.25,USD
2026-05-01,Auvik,integraONE,ANM Essentials Evergreen,CMS,136.0,6.29,855.44,USD
2026-05-01,Auvik,integraONE,ANM Performance Add-On Evergreen,CMS,3.0,4.32,12.96,USD
2026-06-01,Auvik,2W Technologies inc,ANM Essentials - Evergreen,CW,129.0,7.49,966.66,USD
2026-06-01,Auvik,2W Technologies inc,ANM Essentials Evergreen,CW,87.0,7.49,651.63,USD
2026-06-01,Auvik,2W Technologies inc,ANM Performance Add-On Evergreen,CW,58.0,4.87,282.46,USD
2026-06-01,Auvik,2W Technologies inc,ANM Performance Add-Ons - Evergreen,CW,129.0,4.87,628.39,USD
2026-06-01,Auvik,4Wall Entertainment,ANM Essentials - Evergreen,CW,40.0,9.36,374.58,USD
2026-06-01,Auvik,4Wall Entertainment,ANM Essentials Evergreen,CW,33.0,9.36,308.88,USD
2026-06-01,Auvik,4Wall Entertainment,Auvik SaaS Management - Evergreen,CW,1000.0,0.57,570.01,USD
2026-06-01,Auvik,4Wall Entertainment,Auvik SaaS Management Evergreen,CW,245.0,0.57,139.65,USD
2026-06-01,Auvik,ABS Information Systems Inc,ANM Essentials - Evergreen,CMS,40.0,9.84,393.42,USD
2026-06-01,Auvik,ABS Information Systems Inc,ANM Essentials Evergreen,CMS,50.0,9.84,492.0,USD
2026-06-01,Auvik,ACP CreativeIT,ANM Essentials,CW,600.0,5.14,3087.0,USD
2026-06-01,Auvik,ACP CreativeIT,ANM Essentials,CW,6.0,5.15,30.9,USD
2026-06-01,Auvik,ADNET Technologies,ANM Essentials - Evergreen,CMS,250.0,6.29,1573.25,USD
2026-06-01,Auvik,ADNET Technologies,ANM Essentials Evergreen,CMS,39.0,6.29,245.31,USD
2026-06-01,Auvik,ALLSTAR Partners LLC,EPRM-ANM-100 Auvik Essentials -- Committed,CMS,100.0,7.35,735.0,USD
2026-06-01,Auvik,ALLSTAR Partners LLC,EPRM-ANM-100 Auvik Essentials -- Overage,CMS,0.0,7.35,0.0,USD
2026-06-01,Auvik,ALLSTAR Partners LLC,PARM-ANM-100 Auvik Performance Add On -- Overage,CMS,54.0,4.78,258.12,USD
2026-06-01,Auvik,AMSYS,ANM Essentials - Evergreen,CW,353.0,6.85,2417.8,USD
2026-06-01,Auvik,AMSYS,ANM Essentials Evergreen,CW,331.0,6.85,2267.35,USD
2026-06-01,Auvik,ATG,ANM Essentials - Evergreen,CMS,10.0,11.23,112.35,USD
2026-06-01,Auvik,Abadata Computer Corporation,ANM Essentials - Evergreen,CMS,40.0,9.84,393.42,USD
2026-06-01,Auvik,Abadata Computer Corporation,ANM Essentials Evergreen,CMS,0.0,9.84,0.0,USD
2026-06-01,Auvik,"Advanced Office Systems, Inc.",ANM Essentials - Evergreen,CW,105.0,7.87,826.14,USD
2026-06-01,Auvik,"Advanced Office Systems, Inc.",ANM Essentials Evergreen,CW,0.0,7.87,0.0,USD
2026-06-01,Auvik,AdventOne,ANM Essentials,CW,201.0,7.35,1477.35,USD
2026-06-01,Auvik,AdventOne,ANM Performance Add-Ons,CW,100.0,4.76,476.0,USD
2026-06-01,Auvik,AdventOne,ANM Performance Add-on,CW,92.0,4.76,437.92,USD
2026-06-01,Auvik,AiroSpark,ANM Essentials - Evergreen,CW,50.0,8.36,417.93,USD
2026-06-01,Auvik,AiroSpark,ANM Performance Add-Ons - Evergreen,CW,50.0,3.21,160.44,USD
2026-06-01,Auvik,All Lines Technology,ANM Essentials - Evergreen,CW,300.0,5.99,1798.04,USD
2026-06-01,Auvik,All Lines Technology,ANM Essentials Evergreen,CW,0.0,5.99,0.0,USD
2026-06-01,Auvik,All Net Connections,ANM Essentials - Evergreen,CW,164.0,7.49,1228.93,USD
2026-06-01,Auvik,All Net Connections,ANM Essentials Evergreen,CW,0.0,7.49,0.0,USD
2026-06-01,Auvik,Allegiant Networks,ANM Essentials - Evergreen,CW,100.0,7.87,786.8,USD
2026-06-01,Auvik,Allegiant Networks,ANM Essentials Evergreen,CW,129.0,7.87,1015.23,USD
2026-06-01,Auvik,Alliance IT,EPRM-ANM-10 Auvik Essentials -- Committed,CW,16.0,12.0,191.98,USD
2026-06-01,Auvik,Alliance IT,EPRM-ANM-10 Auvik Essentials -- Overage,CW,0.0,12.0,0.0,USD
2026-06-01,Auvik,Alliance IT,PARM-ANM-10 Auvik Performance Add On,CW,16.0,8.0,128.02,USD
2026-06-01,Auvik,Alliance IT,PARM-ANM-10 Auvik Performance Add On -- Overage,CW,0.0,8.0,0.0,USD
2026-06-01,Auvik,Alliance Tech Partners,ANM Essentials - Evergreen,CW,44.0,9.84,432.77,USD
2026-06-01,Auvik,Alliance Tech Partners,ANM Essentials Evergreen,CW,0.0,9.84,0.0,USD
2026-06-01,Auvik,Alliance Tech Partners,ANM Performance Add-Ons - Evergreen,CW,20.0,6.69,133.71,USD
2026-06-01,Auvik,Allied Business Solutions,EPRM-ANM-100 Auvik Essentials -- Committed,CMS,118.0,8.4,991.2,USD
2026-06-01,Auvik,Allied Business Solutions,EPRM-ANM-100 Auvik Essentials -- Overage,CMS,3.0,8.4,25.2,USD
2026-06-01,Auvik,Allied Business Solutions,PARM-ANM-100 Auvik Performance Add On,CMS,10.0,5.46,54.6,USD
2026-06-01,Auvik,Allied Business Solutions,PARM-ANM-100 Auvik Performance Add On -- Overage,CMS,111.0,5.46,606.06,USD
2026-06-01,Auvik,American First National Bank,ANM Essentials - Evergreen,CW,33.0,11.24,370.76,USD
2026-06-01,Auvik,American First National Bank,ANM Essentials Evergreen,CW,6.0,11.24,67.44,USD
2026-06-01,Auvik,Apex Infinite Solutions,ANM Essentials - Evergreen,CW,40.0,9.81,392.56,USD
2026-06-01,Auvik,Apex Infinite Solutions,ANM Essentials Evergreen,CW,11.0,9.81,107.91,USD
2026-06-01,Auvik,Apex Technology Corporation,ANM Essentials - Evergreen,CW,361.0,5.99,2163.64,USD
2026-06-01,Auvik,Apex Technology Corporation,ANM Essentials Evergreen,CW,78.0,5.99,467.22,USD
2026-06-01,Auvik,Apex Technology Corporation,Free of Charge,CW,0.0,0.0,0.0,USD
2026-06-01,Auvik,Associated Computer Systems,ANM Essentials - Evergreen,CMS,1700.0,4.72,8020.6,USD
2026-06-01,Auvik,Associated Computer Systems,ANM Essentials Evergreen,CMS,0.0,4.72,0.0,USD
2026-06-01,Auvik,Associated Computer Systems,ANM Performance Add-On Evergreen,CMS,47.0,3.48,163.56,USD
2026-06-01,Auvik,Associated Computer Systems,Auvik SaaS Management - Evergreen,CMS,500.0,0.91,455.0,USD
2026-06-01,Auvik,Associated Computer Systems,Auvik SaaS Management Evergreen,CMS,0.0,0.91,0.0,USD
2026-06-01,Auvik,Atlantic-IT.net,ANM Essentials - Evergreen,CMS,69.0,9.36,646.15,USD
2026-06-01,Auvik,Atlantic-IT.net,ANM Essentials - Evergreen,CMS,10.0,12.84,128.4,USD
2026-06-01,Auvik,Atlantic-IT.net,ANM Essentials Evergreen,CMS,48.0,9.36,449.28,USD
2026-06-01,Auvik,Atlantic-IT.net,ANM Essentials Evergreen,CMS,0.0,12.84,0.0,USD
2026-06-01,Auvik,Atruent,ANM Essentials - Evergreen,CW,101.0,7.87,794.67,USD
2026-06-01,Auvik,Atruent,ANM Essentials Evergreen,CW,74.0,7.87,582.38,USD
2026-06-01,Auvik,Attache Group,Auvik SaaS Management - Evergreen,CW,150.0,1.57,236.25,USD
2026-06-01,Auvik,Attache Group,Auvik SaaS Management Evergreen,CW,0.0,1.58,0.0,USD
2026-06-01,Auvik,Avaria Networks,ANM Essentials - Evergreen,CMS,65.0,10.7,695.64,USD
2026-06-01,Auvik,Avaria Networks,ANM Essentials Evergreen,CMS,0.0,10.7,0.0,USD
2026-06-01,Auvik,Avitus Technology Services,EPRM-ANM-250 Auvik Essentials -- Committed,CMS,250.0,6.72,1680.0,USD
2026-06-01,Auvik,Avitus Technology Services,EPRM-ANM-250 Auvik Essentials -- Overage,CMS,0.0,6.72,0.0,USD
2026-06-01,Auvik,AzteQ Group Ltd,ANM Essentials - Evergreen,CMS,10.0,11.23,112.35,USD
2026-06-01,Auvik,AzteQ Group Ltd,ANM Essentials Evergreen,CMS,17.0,11.24,191.08,USD
2026-06-01,Auvik,AzteQ Group Ltd,ANM Performance Add-On Evergreen,CMS,9.0,7.31,65.79,USD
2026-06-01,Auvik,BetterWorld Telecom,ANM Essentials - Evergreen,CW,100.0,7.49,749.35,USD
2026-06-01,Auvik,BetterWorld Telecom,ANM Essentials Evergreen,CW,176.0,7.49,1318.24,USD
2026-06-01,Auvik,BetterWorld Telecom,ANM Performance Add-On Evergreen,CW,60.0,4.87,292.2,USD
2026-06-01,Auvik,BetterWorld Telecom,ANM Performance Add-Ons - Evergreen,CW,100.0,4.87,487.13,USD
2026-06-01,Auvik,Bevcomm,ANM Essentials - Evergreen,CMS,100.0,7.87,786.8,USD
2026-06-01,Auvik,Bevcomm,ANM Essentials Evergreen,CMS,0.0,7.87,0.0,USD
2026-06-01,Auvik,Beyon Solutions,ANM Essentials,CW,300.0,6.29,1887.9,USD
2026-06-01,Auvik,"Blade Technologies, Inc.",ANM Essentials - Evergreen,CW,225.0,6.74,1516.53,USD
2026-06-01,Auvik,"Blade Technologies, Inc.",ANM Essentials Evergreen,CW,49.0,6.74,330.26,USD
2026-06-01,Auvik,Blue Angle,EPRM-ANM-100 Auvik Essentials -- Committed,CMS,150.0,7.0,1050.0,USD
2026-06-01,Auvik,Blue Angle,EPRM-ANM-100 Auvik Essentials -- Overage,CMS,160.0,7.0,1120.0,USD
2026-06-01,Auvik,Blue Angle,PARM-ANM-100 Auvik Performance Add On,CMS,75.0,4.55,341.25,USD
2026-06-01,Auvik,Brewer Dental Center,ANM Essentials - Evergreen,CW,12.0,11.23,134.82,USD
2026-06-01,Auvik,Brewer Dental Center,ANM Essentials Evergreen,CW,0.0,11.24,0.0,USD
2026-06-01,Auvik,Bridge Healthcare Partners,ANM Essentials - Evergreen,CW,205.0,6.74,1381.73,USD
2026-06-01,Auvik,Bridge Healthcare Partners,ANM Essentials Evergreen,CW,0.0,6.74,0.0,USD
2026-06-01,Auvik,Bridge Healthcare Partners,ANM Performance Add-On Evergreen,CW,0.0,4.12,0.0,USD
2026-06-01,Auvik,Bridge Healthcare Partners,ANM Performance Add-Ons - Evergreen,CW,205.0,4.12,844.14,USD
2026-06-01,Auvik,Buchanan Technologies,ANM Essentials,CW,468.0,5.88,2751.8399999999997,USD
2026-06-01,Auvik,"Business Communications, Inc.",ANM Essentials - Evergreen,CW,772.0,5.25,4049.77,USD
2026-06-01,Auvik,"Business Communications, Inc.",ANM Essentials Evergreen,CW,0.0,5.25,0.0,USD
2026-06-01,Auvik,"Business Communications, Inc.",ANM Performance Add-Ons - Evergreen,CW,31.0,3.67,113.87,USD
2026-06-01,Auvik,CAIU,EPRM-ANM-500 Auvik Essentials -- Committed,CMS,500.0,5.88,2940.0,USD
2026-06-01,Auvik,CAIU,EPRM-ANM-500 Auvik Essentials -- Overage,CMS,34.0,5.88,199.92,USD
2026-06-01,Auvik,CAIU,PARM-ANM-500 Auvik Performance Add On -- Overage,CMS,26.0,3.36,87.36,USD
2026-06-01,Auvik,CATS Technology Solutions Group,ANM Essentials - Evergreen,CW,10.0,12.84,128.4,USD
2026-06-01,Auvik,CATS Technology Solutions Group,ANM Essentials Evergreen,CW,0.0,12.84,0.0,USD
2026-06-01,Auvik,CATS Technology Solutions Group,ANM Performance Add-On Evergreen,CW,5.0,8.56,42.8,USD
2026-06-01,Auvik,CMIT Solutions,ANM Essentials - Evergreen,CMS,500.0,5.24,2620.05,USD
2026-06-01,Auvik,CMIT Solutions,ANM Essentials Evergreen,CMS,0.0,5.24,0.0,USD
2026-06-01,Auvik,CMIT Solutions,ANM Performance Add-On Evergreen,CMS,23.0,3.67,84.41,USD
2026-06-01,Auvik,CNE IT Solutions,ANM Essentials - Evergreen,CMS,10.0,11.23,112.35,USD
2026-06-01,Auvik,CNE IT Solutions,ANM Essentials Evergreen,CMS,37.0,11.24,415.88,USD
2026-06-01,Auvik,CNE IT Solutions,Auvik SaaS Management - Evergreen,CMS,100.0,1.05,105.01,USD
2026-06-01,Auvik,CNE IT Solutions,Auvik SaaS Management Evergreen,CMS,0.0,1.05,0.0,USD
2026-06-01,Auvik,CSI,ANM Essentials - Evergreen,CMS,10.0,11.23,112.35,USD
2026-06-01,Auvik,CSI,ANM Essentials Evergreen,CMS,49.0,11.24,550.76,USD
2026-06-01,Auvik,CWL Systems,ANM Essentials - Evergreen,CMS,40.0,9.81,392.56,USD
2026-06-01,Auvik,CWL Systems,ANM Essentials Evergreen,CMS,0.0,9.81,0.0,USD
2026-06-01,Auvik,Calculated Research & Technology,EPRM-ANM-75 Auvik Essentials -- Committed,CMS,75.0,8.64,648.0,USD
2026-06-01,Auvik,Calculated Research & Technology,EPRM-ANM-75 Auvik Essentials -- Overage,CMS,121.0,8.64,1045.44,USD
2026-06-01,Auvik,Calculated Research & Technology,PARM-ANM-75 Auvik Performance Add On -- Overage,CMS,29.0,5.88,170.52,USD
2026-06-01,Auvik,Cambridge Networks,ANM Essentials - Evergreen,CW,175.0,7.08,1239.47,USD
2026-06-01,Auvik,Cambridge Networks,ANM Essentials Evergreen,CW,0.0,7.08,0.0,USD
2026-06-01,Auvik,Cambridge Networks,ANM Performance Add-On Evergreen,CW,0.0,4.32,0.0,USD
2026-06-01,Auvik,Cambridge Networks,ANM Performance Add-Ons - Evergreen,CW,6.0,4.32,25.93,USD
2026-06-01,Auvik,Canaan Technology,ANM Essentials - Evergreen,CW,40.0,11.22,448.64,USD
2026-06-01,Auvik,Canaan Technology,ANM Essentials Evergreen,CW,0.0,11.22,0.0,USD
2026-06-01,Auvik,Capital Technology Group,Licenses,CMS,100.0,7.35,735.0,USD
2026-06-01,Auvik,Capital Technology Group,Usage - Licenses,CMS,0.0,7.35,0.0,USD
2026-06-01,Auvik,Centre Technologies,ANM Essentials - Evergreen,CMS,1000.0,5.16,5156.77,USD
2026-06-01,Auvik,Centre Technologies,ANM Essentials Evergreen,CMS,1413.0,5.16,7291.08,USD
2026-06-01,Auvik,Centre Technologies,ANM Performance Add-On Evergreen,CMS,0.0,2.78,0.0,USD
2026-06-01,Auvik,Centre Technologies,ANM Performance Add-Ons - Evergreen,CMS,138.0,2.78,384.11,USD
2026-06-01,Auvik,Christenberry Sales,ANM Full Performance - Evergreen,CW,10.0,18.73,187.25,USD
2026-06-01,Auvik,Christenberry Sales,ANM Full Performance Evergreen,CW,0.0,18.73,0.0,USD
2026-06-01,Auvik,City of Newport News,EPRM-ANM-750 Auvik Essentials -- Committed,CW,800.0,4.76,3808.0,USD
2026-06-01,Auvik,City of Newport News,EPRM-ANM-750 Auvik Essentials -- Overage,CW,0.0,4.76,0.0,USD
2026-06-01,Auvik,City of Newport News,PARM-ANM-750 Auvik Performance Add On,CW,500.0,2.77,1385.0,USD
2026-06-01,Auvik,City of Newport News,PARM-ANM-750 Auvik Performance Add On -- Overage,CW,0.0,2.77,0.0,USD
2026-06-01,Auvik,City of Tavares,ANM Essentials - Evergreen,CW,50.0,9.84,491.78,USD
2026-06-01,Auvik,City of Tavares,ANM Performance Add-Ons - Evergreen,CW,50.0,6.69,334.27,USD
2026-06-01,Auvik,Clare Computer Solutions,ANM Essentials - Evergreen,CMS,175.0,7.08,1239.47,USD
2026-06-01,Auvik,Clare Computer Solutions,ANM Essentials Evergreen,CMS,226.0,7.08,1600.08,USD
2026-06-01,Auvik,Clare Computer Solutions,ANM Performance Add-On Evergreen,CMS,4.0,4.79,19.16,USD
2026-06-01,Auvik,"Coffer Group, LLC",ANM Essentials - Evergreen,CMS,120.0,7.87,944.16,USD
2026-06-01,Auvik,"Coffer Group, LLC",ANM Essentials Evergreen,CMS,2.0,7.87,15.74,USD
2026-06-01,Auvik,CommTech Industries,ANM Essentials - Evergreen,CMS,100.0,7.49,749.35,USD
2026-06-01,Auvik,CommTech Industries,ANM Essentials Evergreen,CMS,355.0,7.49,2658.95,USD
2026-06-01,Auvik,CommTech Industries,ANM Performance Add-On Evergreen,CMS,28.0,4.99,139.72,USD
2026-06-01,Auvik,Commuserv,ANM Essentials - Evergreen,CW,56.0,10.7,599.32,USD
2026-06-01,Auvik,Commuserv,ANM Essentials Evergreen,CW,0.0,10.7,0.0,USD
2026-06-01,Auvik,"Computex, Inc.",ANM Essentials - Evergreen,CW,901.0,5.1,4591.5,USD
2026-06-01,Auvik,"Computex, Inc.",ANM Essentials Evergreen,CW,0.0,5.1,0.0,USD
2026-06-01,Auvik,"Computex, Inc.",ANM Performance Add-On Evergreen,CW,0.0,2.96,0.0,USD
2026-06-01,Auvik,"Computex, Inc.",ANM Performance Add-Ons - Evergreen,CW,52.0,2.96,153.97,USD
2026-06-01,Auvik,ConnectWise - APAC,Usage - Billable Devices,CW,48.0,10.5,504.0,USD
2026-06-01,Auvik,ConnectWise Inc,ANM Performance Add-Ons - Evergreen,CW,0.0,0.0,0.0,USD
2026-06-01,Auvik,ConnectWise Inc,MSP Monthly Free Trial,CW,0.0,0.0,0.0,USD
2026-06-01,Auvik,ConnectWise Sandbox,Billable Devices - Promo,CW,0.0,0.0,0.0,USD
2026-06-01,Auvik,ConnectWise Sandbox,Performance Add-On - Promo,CW,0.0,0.0,0.0,USD
2026-06-01,Auvik,"ConnectWise, LLC",Continuum Monthly Plan,CMS,460.0,0.0,2505.0,USD
2026-06-01,Auvik,Consilien LLC,ANM Essentials - Evergreen,CMS,40.0,9.36,374.58,USD
2026-06-01,Auvik,Consilien LLC,ANM Essentials Evergreen,CMS,49.0,9.36,458.64,USD
2026-06-01,Auvik,Continuum - APAC,Licenses,CMS,0.0,0.0,0.0,USD
2026-06-01,Auvik,Continuum - EMEA,Licenses,CMS,0.0,0.0,0.0,USD
2026-06-01,Auvik,Convergent Technologies Group,COANM-2 Additional Billable Devices,CMS,16.0,7.35,117.6,USD
2026-06-01,Auvik,Convergent Technologies Group,COANM-2 Committed Billable Devices,CMS,100.0,7.35,735.0,USD
2026-06-01,Auvik,"CorCystems, Inc",ANM Essentials - Evergreen,CW,500.0,6.29,3144.12,USD
2026-06-01,Auvik,"CorCystems, Inc",ANM Essentials Evergreen,CW,0.0,6.29,0.0,USD
2026-06-01,Auvik,"Corporate Technical Services, Inc.",ANM Essentials - Evergreen,CW,44.0,9.81,431.82,USD
2026-06-01,Auvik,"Corporate Technical Services, Inc.",ANM Essentials Evergreen,CW,0.0,9.81,0.0,USD
2026-06-01,Auvik,CoventBridge Group,ANM Essentials - Evergreen,CW,25.0,11.24,280.88,USD
2026-06-01,Auvik,CoventBridge Group,ANM Essentials Evergreen,CW,0.0,11.24,0.0,USD
2026-06-01,Auvik,Crimson It Services,ERM-ANM-40 Auvik Essentials -- Committed,CW,40.0,9.19,367.6,USD
2026-06-01,Auvik,Crimson It Services,ERM-ANM-40 Auvik Essentials -- Overage,CW,12.0,9.19,110.28,USD
2026-06-01,Auvik,Cross Sound Ferry,ANM Essentials,CW,60.0,9.81,588.76,USD
2026-06-01,Auvik,Cyber Advisors Inc,ANM Essentials,CMS,964.0,4.76,4588.64,USD
2026-06-01,Auvik,Cyber Advisors Inc,ANM Performance Add-Ons,CMS,1.0,2.77,2.77,USD
2026-06-01,Auvik,Cyber Advisors Inc,ANM Performance Add-on,CMS,56.0,2.77,155.12,USD
2026-06-01,Auvik,CyberSheath,ANM Essentials - Evergreen,CW,10.0,11.23,112.35,USD
2026-06-01,Auvik,Cyberstreams,ANM Essentials - Evergreen,CMS,40.0,9.84,393.42,USD
2026-06-01,Auvik,DP Solutions,ANM Essentials - Evergreen,CMS,500.0,5.5,2751.0,USD
2026-06-01,Auvik,"DSM Technology Consultants, LLC",ANM Essentials - Evergreen,CW,225.0,6.74,1516.53,USD
2026-06-01,Auvik,"DSM Technology Consultants, LLC",ANM Essentials Evergreen,CW,0.0,6.74,0.0,USD
2026-06-01,Auvik,"DSM Technology Consultants, LLC",ANM Performance Add-On Evergreen,CW,0.0,4.57,0.0,USD
2026-06-01,Auvik,"DSM Technology Consultants, LLC",ANM Performance Add-Ons - Evergreen,CW,225.0,4.57,1027.61,USD
2026-06-01,Auvik,DTC,ANM Essentials - Evergreen,CMS,10.0,12.84,128.4,USD
2026-06-01,Auvik,DTC,ANM Essentials Evergreen,CMS,0.0,12.84,0.0,USD
2026-06-01,Auvik,Daemen ICT,ANM Essentials - Evergreen,CMS,40.0,9.36,374.58,USD
2026-06-01,Auvik,Daemen ICT,ANM Essentials Evergreen,CMS,0.0,9.36,0.0,USD
2026-06-01,Auvik,Datec (Fiji) Pte Limited,ANM Essentials - Evergreen,CW,10.0,11.23,112.35,USD
2026-06-01,Auvik,Datec (Fiji) Pte Limited,ANM Essentials Evergreen,CW,0.0,11.24,0.0,USD
2026-06-01,Auvik,"Decian, Inc.",ANM Essentials - Evergreen,CMS,100.0,7.87,786.8,USD
2026-06-01,Auvik,"Decian, Inc.",ANM Essentials Evergreen,CMS,0.0,7.87,0.0,USD
2026-06-01,Auvik,"Decian, Inc.",ANM Performance Add-On Evergreen,CMS,10.0,5.1,51.0,USD
2026-06-01,Auvik,Descent IT,ANM Essentials,CW,94.0,9.17,861.98,USD
2026-06-01,Auvik,"Direct Companies, LLC",ANM Essentials - Evergreen,CW,206.0,7.08,1457.86,USD
2026-06-01,Auvik,"Direct Companies, LLC",ANM Essentials Evergreen,CW,770.0,7.08,5451.6,USD
2026-06-01,Auvik,"Direct Companies, LLC",ANM Performance Add-On Evergreen,CW,90.0,4.31,387.9,USD
2026-06-01,Auvik,EC Managed IT,ANM Essentials - Evergreen,CW,127.0,7.35,933.45,USD
2026-06-01,Auvik,EC Managed IT,ANM Essentials Evergreen,CW,21.0,7.35,154.35,USD
2026-06-01,Auvik,ENT Networks,ANM Essentials - Evergreen,CW,75.0,9.25,693.53,USD
2026-06-01,Auvik,ENT Networks,ANM Essentials Evergreen,CW,0.0,9.25,0.0,USD
2026-06-01,Auvik,ENT of Georgia,ANM Essentials - Evergreen,CW,30.0,11.23,337.05,USD
2026-06-01,Auvik,ENT of Georgia,ANM Essentials Evergreen,CW,0.0,11.24,0.0,USD
2026-06-01,Auvik,ES Consulting,ANM Essentials - Evergreen,CW,455.0,5.88,2675.4,USD
2026-06-01,Auvik,ES Consulting,ANM Essentials Evergreen,CW,52.0,5.88,305.76,USD
2026-06-01,Auvik,Eagle Consulting Group LLC,ANM Essentials - Evergreen,CW,10.0,11.23,112.35,USD
2026-06-01,Auvik,Eagle Consulting Group LLC,ANM Essentials Evergreen,CW,0.0,11.24,0.0,USD
2026-06-01,Auvik,Eanyware,ANM Essentials - Evergreen,CMS,10.0,11.23,112.35,USD
2026-06-01,Auvik,Eanyware,ANM Essentials Evergreen,CMS,0.0,11.24,0.0,USD
2026-06-01,Auvik,Easyitguys,ANM Essentials - Evergreen,CW,40.0,9.81,392.56,USD
2026-06-01,Auvik,Easyitguys,ANM Essentials Evergreen,CW,0.0,9.81,0.0,USD
2026-06-01,Auvik,"Eclipse Networks, Inc",ANM Essentials - Evergreen,CW,250.0,6.29,1573.25,USD
2026-06-01,Auvik,"Eclipse Networks, Inc",ANM Essentials Evergreen,CW,37.0,6.29,232.73,USD
2026-06-01,Auvik,"Eclipse Networks, Inc",ANM Performance Add-On Evergreen,CW,4.0,3.75,15.0,USD
2026-06-01,Auvik,"Edit Technology Solutions, Inc.",ANM Essentials - Evergreen,CMS,343.0,5.88,2016.84,USD
2026-06-01,Auvik,"Edit Technology Solutions, Inc.",ANM Essentials Evergreen,CMS,0.0,5.88,0.0,USD
2026-06-01,Auvik,"Electronic Strategies, Inc.",ANM Essentials - Evergreen,CW,175.0,9.1,1593.3,USD
2026-06-01,Auvik,"Electronic Strategies, Inc.",ANM Essentials Evergreen,CW,86.0,9.1,782.6,USD
2026-06-01,Auvik,"Electronic Strategies, Inc.",ANM Performance Add-On Evergreen,CW,175.0,4.79,838.25,USD
2026-06-01,Auvik,"Electronic Strategies, Inc.",Auvik SaaS Management - Evergreen,CW,107.0,1.58,168.53,USD
2026-06-01,Auvik,"Electronic Strategies, Inc.",Auvik SaaS Management Evergreen,CW,0.0,1.58,0.0,USD
2026-06-01,Auvik,Empire Consultants,ANM Essentials,CW,175.0,6.62,1157.63,USD
2026-06-01,Auvik,Empire Consultants,ANM Performance Add-Ons,CW,50.0,4.03,201.25,USD
2026-06-01,Auvik,Empire Consultants,ANM Performance Add-on,CW,54.0,4.03,217.62,USD
2026-06-01,Auvik,Empower Information Systems,ANM Essentials - Evergreen,CMS,10.0,11.23,112.35,USD
2026-06-01,Auvik,Empower Information Systems,ANM Essentials Evergreen,CMS,8.0,11.24,89.92,USD
2026-06-01,Auvik,Enso Solutions,COANM-1 Committed Billable Devices,CMS,40.0,9.19,367.6,USD
2026-06-01,Auvik,Enso Solutions,COANM-2 Additional Billable Devices,CMS,73.0,9.19,670.87,USD
2026-06-01,Auvik,EuGenius Solutions,ANM Essentials - Evergreen,CW,10.0,12.84,128.4,USD
2026-06-01,Auvik,EuGenius Solutions,ANM Essentials Evergreen,CW,0.0,12.84,0.0,USD
2026-06-01,Auvik,Excite Consulting,ANM Essentials - Evergreen,CW,10.0,11.23,112.35,USD
2026-06-01,Auvik,Excite Consulting,ANM Essentials Evergreen,CW,0.0,11.24,0.0,USD
2026-06-01,Auvik,Excite Consulting,ANM Performance Add-On Evergreen,CW,7.0,7.49,52.43,USD
2026-06-01,Auvik,Excite Consulting,ANM Performance Add-Ons - Evergreen,CW,1.0,7.49,7.49,USD
2026-06-01,Auvik,"Exigent Technologies, LLC",ANM Essentials - Evergreen,CW,316.0,5.99,1893.93,USD
2026-06-01,Auvik,"Exigent Technologies, LLC",ANM Essentials Evergreen,CW,50.0,5.99,299.5,USD
2026-06-01,Auvik,Expedient Technology,ANM Essentials - Evergreen,CMS,750.0,5.85,4384.22,USD
2026-06-01,Auvik,Expedient Technology,ANM Essentials Evergreen,CMS,442.0,5.85,2585.7,USD
2026-06-01,Auvik,FIT Network,ANM Essentials,CMS,65.0,9.17,596.05,USD
2026-06-01,Auvik,FIT Network,ANM Performance Add-Ons,CMS,1.0,6.23,6.23,USD
2026-06-01,Auvik,FIT Solutions,ANM Essentials,CW,80.0,8.64,691.6,USD
2026-06-01,Auvik,FIT Solutions,ANM Essentials,CW,0.0,8.65,0.0,USD
2026-06-01,Auvik,FIT Solutions,ANM Performance Add-Ons,CW,60.0,5.88,352.8,USD
2026-06-01,Auvik,FIT Solutions,ANM Performance Add-on,CW,9.0,5.88,52.92,USD
2026-06-01,Auvik,"FPA Technology Services, Inc.",ANM Essentials - Evergreen,CW,154.0,7.49,1154.0,USD
2026-06-01,Auvik,"FPA Technology Services, Inc.",ANM Essentials Evergreen,CW,0.0,7.49,0.0,USD
2026-06-01,Auvik,Fenix 24 Inc,ANM Essentials,CW,509.0,6.62,3368.4,USD
2026-06-01,Auvik,Fernco Inc,ANM Essentials - Evergreen,CW,37.0,11.24,415.7,USD
2026-06-01,Auvik,Fernco Inc,ANM Essentials Evergreen,CW,17.0,11.24,191.08,USD
2026-06-01,Auvik,Ferrara IT Services LLC,ANM Essentials - Evergreen,CMS,10.0,11.23,112.35,USD
2026-06-01,Auvik,Ferrara IT Services LLC,ANM Essentials Evergreen,CMS,0.0,11.24,0.0,USD
2026-06-01,Auvik,Fireblade-IT,ANM Essentials - Evergreen,CW,50.0,9.84,491.78,USD
2026-06-01,Auvik,Fireblade-IT,ANM Essentials Evergreen,CW,90.0,9.84,885.6,USD
2026-06-01,Auvik,First Equipment Company,ANM Essentials - Evergreen,CMS,75.0,8.8,660.24,USD
2026-06-01,Auvik,Fitzrovia I.T. Limited,EPRM-ANM-40 Auvik Essentials -- Committed,CMS,40.0,9.19,367.6,USD
2026-06-01,Auvik,Fitzrovia I.T. Limited,EPRM-ANM-40 Auvik Essentials -- Overage,CMS,49.0,9.19,450.31,USD
2026-06-01,Auvik,Five Rivers IT,ANM Essentials - Evergreen,CW,115.0,8.56,984.81,USD
2026-06-01,Auvik,Five Rivers IT,ANM Essentials Evergreen,CW,156.0,8.56,1335.36,USD
2026-06-01,Auvik,Flagship Lab Services LLC,ANM Essentials - Evergreen,CW,51.0,9.17,467.87,USD
2026-06-01,Auvik,Flagship Lab Services LLC,ANM Essentials Evergreen,CW,13.0,9.17,119.21,USD
2026-06-01,Auvik,Fluid IT Ltd,ANM Essentials - Evergreen,CMS,175.0,7.08,1239.47,USD
2026-06-01,Auvik,Fluid IT Ltd,ANM Essentials Evergreen,CMS,0.0,7.08,0.0,USD
2026-06-01,Auvik,Fluid IT Ltd,ANM Performance Add-Ons - Evergreen,CMS,1.0,5.88,5.88,USD
2026-06-01,Auvik,"Forthright Technology Partners, Inc.",ANM Essentials - Evergreen,CMS,10.0,11.23,112.35,USD
2026-06-01,Auvik,"Forthright Technology Partners, Inc.",ANM Essentials Evergreen,CMS,127.0,11.24,1427.48,USD
2026-06-01,Auvik,FoxNet Solutions,ANM Essentials - Evergreen,CW,100.0,6.74,674.37,USD
2026-06-01,Auvik,FoxNet Solutions,ANM Essentials Evergreen,CW,0.0,6.74,0.0,USD
2026-06-01,Auvik,FoxNet Solutions,ANM Performance Add-On Evergreen,CW,0.0,4.99,0.0,USD
2026-06-01,Auvik,FoxNet Solutions,ANM Performance Add-Ons - Evergreen,CW,33.0,4.99,164.64,USD
2026-06-01,Auvik,"Framework IT, LLC",ANM Essentials - Evergreen,CW,450.0,5.99,2697.05,USD
2026-06-01,Auvik,"Framework IT, LLC",ANM Essentials Evergreen,CW,6.0,5.99,35.94,USD
2026-06-01,Auvik,Frank Miller Lumber Company,ANM Essentials - Evergreen,CW,16.0,11.23,179.76,USD
2026-06-01,Auvik,Frank Miller Lumber Company,ANM Essentials Evergreen,CW,0.0,11.24,0.0,USD
2026-06-01,Auvik,GFI Digital,ANM Essentials - Evergreen,CW,125.0,7.49,936.69,USD
2026-06-01,Auvik,GFI Digital,ANM Essentials Evergreen,CW,0.0,7.49,0.0,USD
2026-06-01,Auvik,GURU,ANM Essentials - Evergreen,CMS,40.0,10.0,400.18,USD
2026-06-01,Auvik,GURU,ANM Essentials Evergreen,CMS,0.0,10.0,0.0,USD
2026-06-01,Auvik,Genesis BCS,ANM Essentials - Evergreen,CMS,10.0,11.23,112.35,USD
2026-06-01,Auvik,Gershow Recycling,ANM Full Performance - Evergreen,CW,45.0,16.52,743.44,USD
2026-06-01,Auvik,Gershow Recycling,ANM Full Performance Evergreen,CW,0.0,16.52,0.0,USD
2026-06-01,Auvik,GiaSpace Inc,ANM Essentials - Evergreen,CMS,42.0,9.36,393.31,USD
2026-06-01,Auvik,GiaSpace Inc,ANM Essentials Evergreen,CMS,0.0,9.36,0.0,USD
2026-06-01,Auvik,Glenbrook Automotive,ANM Essentials - Evergreen,CW,114.0,7.35,837.9,USD
2026-06-01,Auvik,Glenbrook Automotive,ANM Essentials Evergreen,CW,0.0,7.35,0.0,USD
2026-06-01,Auvik,Glenbrook Automotive,ANM Performance Add-On Evergreen,CW,0.0,4.76,0.0,USD
2026-06-01,Auvik,Glenbrook Automotive,ANM Performance Add-Ons - Evergreen,CW,100.0,4.76,476.0,USD
2026-06-01,Auvik,Golden West Technologies,ANM Essentials,CW,177.0,7.56,1338.12,USD
2026-06-01,Auvik,Gordon Flesch Company,ANM Essentials - Evergreen,CMS,10.0,11.23,112.35,USD
2026-06-01,Auvik,Greystone Technology,Licenses,CMS,40.0,10.5,420.0,USD
2026-06-01,Auvik,Greystone Technology,Usage - Licenses,CMS,10.0,10.5,105.0,USD
2026-06-01,Auvik,Grid4 Communications,ANM Essentials - Evergreen,CW,60.0,8.62,516.94,USD
2026-06-01,Auvik,Grid4 Communications,ANM Essentials Evergreen,CW,41.0,8.62,353.42,USD
2026-06-01,Auvik,Grid4 Communications,ANM Performance Add-On Evergreen,CW,8.0,6.11,48.88,USD
2026-06-01,Auvik,Grid4 Communications,Free of Charge,CW,0.0,0.0,0.0,USD
2026-06-01,Auvik,H5 Networks,ANM Essentials - Evergreen,CW,20.0,11.23,224.7,USD
2026-06-01,Auvik,H5 Networks,ANM Essentials Evergreen,CW,15.0,11.24,168.6,USD
2026-06-01,Auvik,H5 Networks,ANM Performance Add-On Evergreen,CW,13.0,7.49,97.37,USD
2026-06-01,Auvik,H5 Networks,ANM Performance Add-Ons - Evergreen,CW,20.0,7.49,149.8,USD
2026-06-01,Auvik,HUB Tech,ANM Essentials - Evergreen,CMS,500.0,5.51,2753.75,USD
2026-06-01,Auvik,HUB Tech,ANM Essentials Evergreen,CMS,208.0,5.51,1146.08,USD
2026-06-01,Auvik,HUB Tech,ANM Performance Add-On Evergreen,CMS,708.0,3.85,2725.8,USD
2026-06-01,Auvik,Harbor IT,ANM Essentials - Evergreen,CW,1000.0,4.72,4718.0,USD
2026-06-01,Auvik,Harbor IT,ANM Essentials Evergreen,CW,890.0,4.72,4200.8,USD
2026-06-01,Auvik,Harbor IT,ANM Performance Add-On Evergreen,CW,586.0,2.55,1494.3,USD
2026-06-01,Auvik,Harris Technology Services,ANM Essentials - Evergreen,CW,40.0,9.84,393.42,USD
2026-06-01,Auvik,Harris Technology Services,ANM Essentials Evergreen,CW,68.0,9.84,669.12,USD
2026-06-01,Auvik,Hashtech Managed IT Services,ANM Essentials - Evergreen,CMS,10.0,11.23,112.35,USD
2026-06-01,Auvik,HillSouth,ANM Essentials - Evergreen,CMS,175.0,7.7,1347.96,USD
2026-06-01,Auvik,HillSouth,ANM Essentials Evergreen,CMS,67.0,7.7,515.9,USD
2026-06-01,Auvik,HillSouth,ANM Performance Add-Ons - Evergreen,CMS,1.0,5.88,5.88,USD
2026-06-01,Auvik,"Home Legend, LLC",ANM Essentials - Evergreen,CW,13.0,11.24,146.06,USD
2026-06-01,Auvik,"Home Legend, LLC",ANM Essentials Evergreen,CW,0.0,11.24,0.0,USD
2026-06-01,Auvik,"Home Legend, LLC",ANM Performance Add-On Evergreen,CW,0.0,7.49,0.0,USD
2026-06-01,Auvik,"Home Legend, LLC",ANM Performance Add-Ons - Evergreen,CW,13.0,7.49,97.37,USD
2026-06-01,Auvik,Huber & Associates MSP,ANM Essentials - Evergreen,CW,832.0,5.1,4239.87,USD
2026-06-01,Auvik,Huber & Associates MSP,ANM Essentials Evergreen,CW,45.0,5.1,229.5,USD
2026-06-01,Auvik,Huber & Associates MSP,ANM Performance Add-On Evergreen,CW,2.0,2.96,5.92,USD
2026-06-01,Auvik,Huber & Associates MSP,ANM Performance Add-Ons - Evergreen,CW,61.0,2.96,180.62,USD
2026-06-01,Auvik,IMC Technologies,ANM Essentials - Evergreen,CW,10.0,11.23,112.35,USD
2026-06-01,Auvik,IMC Technologies,ANM Essentials Evergreen,CW,0.0,11.24,0.0,USD
2026-06-01,Auvik,IPro Media,ANM Essentials - Evergreen,CW,500.0,5.51,2753.75,USD
2026-06-01,Auvik,IPro Media,ANM Essentials Evergreen,CW,0.0,5.51,0.0,USD
2026-06-01,Auvik,ISG,ANM Essentials - Evergreen,CW,790.0,5.12,4042.75,USD
2026-06-01,Auvik,ISG,ANM Essentials Evergreen,CW,201.0,5.12,1029.12,USD
2026-06-01,Auvik,ISG,ANM Performance Add-On Evergreen,CW,31.0,2.96,91.76,USD
2026-06-01,Auvik,ISG,ANM Performance Add-Ons - Evergreen,CW,49.0,2.96,144.83,USD
2026-06-01,Auvik,ISOutsource,ANM Essentials,CW,100.0,7.35,735.0,USD
2026-06-01,Auvik,ISOutsource,Auvik SaaS Management,CW,500.0,0.91,455.0,USD
2026-06-01,Auvik,In-Telecom Consulting,ANM Essentials - Evergreen,CMS,500.0,5.99,2994.19,USD
2026-06-01,Auvik,In-Telecom Consulting,ANM Essentials Evergreen,CMS,108.0,5.99,646.92,USD
2026-06-01,Auvik,In-Telecom Consulting,ANM Performance Add-On Evergreen,CMS,29.0,4.28,124.12,USD
2026-06-01,Auvik,In-Telecom Consulting,ANM Performance Add-Ons - Evergreen,CMS,1.0,4.28,4.28,USD
2026-06-01,Auvik,Indian River Networks,ANM Essentials - Evergreen,CW,40.0,9.36,374.58,USD
2026-06-01,Auvik,Indian River Networks,ANM Essentials Evergreen,CW,20.0,9.36,187.2,USD
2026-06-01,Auvik,Indian River Networks,ANM Performance Add-Ons - Evergreen,CW,7.0,6.11,42.75,USD
2026-06-01,Auvik,Indian River Networks,Free of Charge,CW,0.0,0.0,0.0,USD
2026-06-01,Auvik,Infinit Technology Solutions,ANM Essentials - Evergreen,CW,125.0,8.97,1121.19,USD
2026-06-01,Auvik,Infinit Technology Solutions,ANM Essentials Evergreen,CW,22.0,8.97,197.34,USD
2026-06-01,Auvik,Infinity Technology Consulting Inc,ANM Essentials - Evergreen,CMS,10.0,11.23,112.35,USD
2026-06-01,Auvik,Infinity Technology Consulting Inc,ANM Essentials Evergreen,CMS,4.0,11.24,44.96,USD
2026-06-01,Auvik,"Infotec I, Inc.",ANM Essentials,CMS,250.0,6.72,1680.0,USD
2026-06-01,Auvik,"Infotec I, Inc.",ANM Performance Add-on,CMS,113.0,4.0,452.0,USD
2026-06-01,Auvik,Insight Technical Advisors,ANM Essentials,CW,20.0,10.5,210.0,USD
2026-06-01,Auvik,Insight Technical Advisors,ANM Performance Add-Ons,CW,1.0,7.0,7.0,USD
2026-06-01,Auvik,Intalect Ltd,ANM Essentials - Evergreen,CMS,20.0,11.23,224.7,USD
2026-06-01,Auvik,Intalect Ltd,ANM Essentials Evergreen,CMS,4.0,11.24,44.96,USD
2026-06-01,Auvik,IntegraTek Consulting,ANM Essentials - Evergreen,CMS,10.0,12.84,128.4,USD
2026-06-01,Auvik,"Intelligent Protection, LLC dba IPM Corp",ANM Essentials - Evergreen,CW,200.0,7.08,1415.4,USD
2026-06-01,Auvik,"Intelligent Protection, LLC dba IPM Corp",ANM Essentials Evergreen,CW,50.0,7.08,354.0,USD
2026-06-01,Auvik,"Intelligent Protection, LLC dba IPM Corp",ANM Performance Add-On Evergreen,CW,172.0,4.31,741.32,USD
2026-06-01,Auvik,"Intelligent Protection, LLC dba IPM Corp",ANM Performance Add-Ons - Evergreen,CW,45.0,4.31,193.73,USD
2026-06-01,Auvik,Intrasystems,ANM Essentials - Evergreen,CMS,250.0,7.19,1798.07,USD
2026-06-01,Auvik,Intrasystems,ANM Essentials Evergreen,CMS,472.0,7.19,3393.68,USD
2026-06-01,Auvik,Intrasystems,ANM Performance Add-On Evergreen,CMS,58.0,4.27,247.66,USD
2026-06-01,Auvik,Itek Systems Management Ltd,ANM Essentials - Evergreen,CMS,10.0,11.23,112.35,USD
2026-06-01,Auvik,Itek Systems Management Ltd,ANM Essentials Evergreen,CMS,13.0,11.24,146.12,USD
2026-06-01,Auvik,Jungle IT,ANM Essentials - Evergreen,CW,411.0,6.29,2586.42,USD
2026-06-01,Auvik,Jungle IT,ANM Essentials Evergreen,CW,16.0,6.29,100.64,USD
2026-06-01,Auvik,Jungle IT,ANM Performance Add-On Evergreen,CW,0.0,3.75,0.0,USD
2026-06-01,Auvik,Jungle IT,ANM Performance Add-Ons - Evergreen,CW,411.0,3.75,1539.2,USD
2026-06-01,Auvik,Kalmer Solutions,ANM Essentials - Evergreen,CW,108.0,7.87,849.74,USD
2026-06-01,Auvik,Kalmer Solutions,ANM Essentials Evergreen,CW,0.0,7.87,0.0,USD
2026-06-01,Auvik,Kalmer Solutions,ANM Performance Add-On Evergreen,CW,0.0,5.24,0.0,USD
2026-06-01,Auvik,Kalmer Solutions,ANM Performance Add-Ons - Evergreen,CW,45.0,5.24,235.58,USD
2026-06-01,Auvik,Keen IT Services,ANM Essentials - Evergreen,CW,40.0,9.36,374.58,USD
2026-06-01,Auvik,Keen IT Services,ANM Essentials Evergreen,CW,7.0,9.36,65.52,USD
2026-06-01,Auvik,Kelley Create,ANM Essentials - Evergreen,CMS,40.0,9.84,393.42,USD
2026-06-01,Auvik,Kelser Corporation,ANM Essentials - Evergreen,CMS,250.0,7.19,1798.07,USD
2026-06-01,Auvik,Kelser Corporation,ANM Essentials Evergreen,CMS,4.0,7.19,28.76,USD
2026-06-01,Auvik,Kelser Corporation,ANM Performance Add-On Evergreen,CMS,24.0,5.08,121.92,USD
2026-06-01,Auvik,Kelser Corporation,ANM Performance Add-Ons - Evergreen,CMS,1.0,5.08,5.08,USD
2026-06-01,Auvik,Kent School District in WA state,ANM Essentials,CW,700.0,4.35,3043.27,USD
2026-06-01,Auvik,Kent School District in WA state,ANM Performance Add-Ons,CW,700.0,2.35,1646.4,USD
2026-06-01,Auvik,Kent School District in WA state,ANM Performance Add-on,CW,0.0,2.35,0.0,USD
2026-06-01,Auvik,Kilobytes Data Solutions Inc,ANM Essentials - Evergreen,CMS,75.0,8.65,648.45,USD
2026-06-01,Auvik,"Kraft & Kennedy, Inc.",ANM Essentials - Evergreen,CW,500.0,5.6,2800.0,USD
2026-06-01,Auvik,"Kraft & Kennedy, Inc.",ANM Essentials Evergreen,CW,144.0,5.6,806.4,USD
2026-06-01,Auvik,"Kraft & Kennedy, Inc.",Auvik SaaS Management - Evergreen,CW,2000.0,0.63,1260.0,USD
2026-06-01,Auvik,"Kraft & Kennedy, Inc.",Auvik SaaS Management Evergreen,CW,674.0,0.63,424.62,USD
2026-06-01,Auvik,Krueger Communications,ANM Essentials - Evergreen,CW,100.0,7.49,749.35,USD
2026-06-01,Auvik,Krueger Communications,ANM Essentials Evergreen,CW,196.0,7.49,1468.04,USD
2026-06-01,Auvik,Krueger Communications,Free of Charge,CW,0.0,0.0,0.0,USD
2026-06-01,Auvik,Lake Business Products,ANM Essentials - Evergreen,CMS,10.0,11.23,112.35,USD
2026-06-01,Auvik,Lake Business Products,ANM Essentials Evergreen,CMS,0.0,11.24,0.0,USD
2026-06-01,Auvik,"Lead-In Technologies, Inc.",ANM Essentials - Evergreen,CMS,10.0,11.23,112.35,USD
2026-06-01,Auvik,"Lead-In Technologies, Inc.",ANM Essentials Evergreen,CMS,0.0,11.24,0.0,USD
2026-06-01,Auvik,"Leading Edge Solutions, Inc.",ANM Essentials - Evergreen,CW,40.0,9.81,392.56,USD
2026-06-01,Auvik,LeadingIT,ANM Essentials - Evergreen,CMS,250.0,7.19,1798.35,USD
2026-06-01,Auvik,LeadingIT,ANM Essentials Evergreen,CMS,0.0,7.19,0.0,USD
2026-06-01,Auvik,Liberty Maritime,ANM Essentials - Evergreen,CW,20.0,11.23,224.7,USD
2026-06-01,Auvik,Liberty Maritime,ANM Essentials Evergreen,CW,15.0,11.24,168.6,USD
2026-06-01,Auvik,"Lieberman Technologies, LLC",ERM-ANM-75 Auvik Essentials -- Committed,CW,75.0,8.65,648.38,USD
2026-06-01,Auvik,Lincoln Computer Services,ANM Essentials - Evergreen,CW,500.0,5.5,2751.0,USD
2026-06-01,Auvik,Lincoln Computer Services,ANM Essentials Evergreen,CW,86.0,5.5,473.0,USD
2026-06-01,Auvik,Lincoln Computer Services,ANM Performance Add-On Evergreen,CW,86.0,3.14,270.04,USD
2026-06-01,Auvik,Lincoln Computer Services,ANM Performance Add-Ons - Evergreen,CW,374.0,3.14,1175.48,USD
2026-06-01,Auvik,Liquid Pear Technologies,ANM Essentials - Evergreen,CW,12.0,13.97,167.7,USD
2026-06-01,Auvik,Liquid Pear Technologies,ANM Essentials Evergreen,CW,0.0,13.98,0.0,USD
2026-06-01,Auvik,Louisville Geek,ANM Essentials - Evergreen,CW,250.0,6.29,1573.25,USD
2026-06-01,Auvik,Louisville Geek,ANM Essentials Evergreen,CW,0.0,6.29,0.0,USD
2026-06-01,Auvik,Louisville Geek,ANM Performance Add-On Evergreen,CW,0.0,3.75,0.0,USD
2026-06-01,Auvik,Louisville Geek,ANM Performance Add-Ons - Evergreen,CW,250.0,3.75,936.25,USD
2026-06-01,Auvik,Louisville Geek,Auvik SaaS Management - Evergreen,CW,108.0,1.57,170.1,USD
2026-06-01,Auvik,Louisville Geek,Auvik SaaS Management Evergreen,CW,30.0,1.58,47.4,USD
2026-06-01,Auvik,MKMX Computer Solutions,ANM Essentials - Evergreen,CW,10.0,11.23,112.35,USD
2026-06-01,Auvik,MKMX Computer Solutions,ANM Essentials Evergreen,CW,0.0,11.24,0.0,USD
2026-06-01,Auvik,Madison Commercial Real Estate Services,ANM Essentials - Evergreen,CW,30.0,11.23,337.05,USD
2026-06-01,Auvik,Madison Commercial Real Estate Services,ANM Essentials Evergreen,CW,33.0,11.24,370.92,USD
2026-06-01,Auvik,Mainframe IT LLC,ANM Essentials - Evergreen,CMS,20.0,11.23,224.7,USD
2026-06-01,Auvik,Mainframe IT LLC,ANM Essentials Evergreen,CMS,0.0,11.24,0.0,USD
2026-06-01,Auvik,Marcum Technology MSP,ANM Essentials - Evergreen,CW,250.0,6.29,1573.25,USD
2026-06-01,Auvik,Marcum Technology MSP,ANM Essentials Evergreen,CW,266.0,6.29,1673.14,USD
2026-06-01,Auvik,Matrix Integration,ANM Essentials - Evergreen,CW,100.0,7.49,749.35,USD
2026-06-01,Auvik,Matrix Integration,ANM Essentials Evergreen,CW,0.0,7.49,0.0,USD
2026-06-01,Auvik,Matrix Integration,ANM Performance Add-On Evergreen,CW,1.0,4.99,4.99,USD
2026-06-01,Auvik,Matrix Integration,ANM Performance Add-Ons - Evergreen,CW,18.0,4.99,89.8,USD
2026-06-01,Auvik,"Maureen Data Systems, Inc.",ANM Essentials - Evergreen,CMS,40.0,9.84,393.42,USD
2026-06-01,Auvik,"Maureen Data Systems, Inc.",ANM Essentials Evergreen,CMS,0.0,9.84,0.0,USD
2026-06-01,Auvik,Max Communications Inc.,ANM Essentials - Evergreen,CW,40.0,9.36,374.58,USD
2026-06-01,Auvik,Max Communications Inc.,ANM Essentials Evergreen,CW,0.0,9.36,0.0,USD
2026-06-01,Auvik,Maxsum Consulting,ANM Essentials - Evergreen,CW,46.0,9.36,430.77,USD
2026-06-01,Auvik,Maxsum Consulting,ANM Essentials Evergreen,CW,58.0,9.36,542.88,USD
2026-06-01,Auvik,McLane Intelligent Solutions,ANM Essentials - Evergreen,CMS,250.0,6.85,1713.27,USD
2026-06-01,Auvik,McLane Intelligent Solutions,ANM Essentials Evergreen,CMS,0.0,6.85,0.0,USD
2026-06-01,Auvik,McLane Intelligent Solutions,ANM Performance Add-On Evergreen,CMS,35.0,3.75,131.25,USD
2026-06-01,Auvik,"Meritech, Inc.",ANM Essentials - Evergreen,CMS,40.0,9.84,393.42,USD
2026-06-01,Auvik,"Meritech, Inc.",ANM Essentials Evergreen,CMS,2.0,9.84,19.68,USD
2026-06-01,Auvik,Milner Technologies,ANM Essentials - Evergreen,CW,250.0,6.29,1573.25,USD
2026-06-01,Auvik,Milner Technologies,ANM Essentials Evergreen,CW,0.0,6.29,0.0,USD
2026-06-01,Auvik,Modtech,ANM Essentials - Evergreen,CW,15.0,11.24,168.53,USD
2026-06-01,Auvik,Modtech,ANM Essentials Evergreen,CW,0.0,11.24,0.0,USD
2026-06-01,Auvik,MyConnectSolutions,ANM Essentials,CW,12.0,10.5,126.0,USD
2026-06-01,Auvik,MyConnectSolutions,Auvik SaaS Management,CW,50.0,2.1,105.0,USD
2026-06-01,Auvik,Nauticon,ANM Essentials - Evergreen,CW,151.0,7.03,1060.94,USD
2026-06-01,Auvik,Nauticon,ANM Essentials Evergreen,CW,0.0,7.03,0.0,USD
2026-06-01,Auvik,Net@Work,ANM Essentials - Evergreen,CW,550.0,5.24,2882.06,USD
2026-06-01,Auvik,Net@Work,ANM Essentials Evergreen,CW,27.0,5.24,141.48,USD
2026-06-01,Auvik,"NetSource One, Inc.",ANM Essentials - Evergreen,CMS,500.0,6.29,3147.14,USD
2026-06-01,Auvik,"NetSource One, Inc.",ANM Essentials Evergreen,CMS,0.0,6.29,0.0,USD
2026-06-01,Auvik,Netcetera Consulting,ANM Essentials - Evergreen,CW,140.0,7.87,1101.52,USD
2026-06-01,Auvik,Netcetera Consulting,ANM Essentials Evergreen,CW,55.0,7.87,432.85,USD
2026-06-01,Auvik,Netropole Inc.,ANM Essentials - Evergreen,CMS,17.0,11.24,191.0,USD
2026-06-01,Auvik,Network Bridge Solutions Ltd,ANM Essentials - Evergreen,CW,40.0,9.36,374.58,USD
2026-06-01,Auvik,Network Bridge Solutions Ltd,ANM Essentials Evergreen,CW,0.0,9.36,0.0,USD
2026-06-01,Auvik,Network Bridge Solutions Ltd,ANM Performance Add-Ons - Evergreen,CW,2.0,6.11,12.22,USD
2026-06-01,Auvik,Networking Technologies,ANM Full Performance - Evergreen,CW,250.0,10.31,2578.0,USD
2026-06-01,Auvik,Networking Technologies,ANM Full Performance Evergreen,CW,73.0,10.31,752.63,USD
2026-06-01,Auvik,NewGen Administrative Services,ANM Essentials,CW,270.0,5.38,1452.65,USD
2026-06-01,Auvik,NewGen Administrative Services,ANM Performance Add-Ons,CW,268.0,3.2,857.61,USD
2026-06-01,Auvik,North State Bank,PRM-ANM-40 Auvik Performance -- Committed,CW,42.0,15.44,648.48,USD
2026-06-01,Auvik,North State Bank,PRM-ANM-40 Auvik Performance -- Overage,CW,8.0,15.44,123.52,USD
2026-06-01,Auvik,North State Bank,RM - ASM - 250 - Committed,CW,270.0,1.05,283.5,USD
2026-06-01,Auvik,North State Bank,RM - ASM - 250 - Overage,CW,0.0,1.05,0.0,USD
2026-06-01,Auvik,Novatech,ANM Essentials - Evergreen,CMS,500.0,6.29,3146.14,USD
2026-06-01,Auvik,Novatech,ANM Essentials Evergreen,CMS,27.0,6.29,169.83,USD
2026-06-01,Auvik,Ockers,ANM Essentials - Evergreen,CMS,175.0,8.09,1415.58,USD
2026-06-01,Auvik,Ockers,ANM Essentials Evergreen,CMS,0.0,8.09,0.0,USD
2026-06-01,Auvik,"Omni Data, LLC",ANM Full Performance - Evergreen,CMS,500.0,7.41,3703.86,USD
2026-06-01,Auvik,"Omni Data, LLC",ANM Full Performance Evergreen,CMS,111.0,7.41,822.51,USD
2026-06-01,Auvik,"On Line Support, Inc.",ANM Essentials - Evergreen,CW,59.0,9.36,552.51,USD
2026-06-01,Auvik,"On Line Support, Inc.",ANM Essentials Evergreen,CW,54.0,9.36,505.44,USD
2026-06-01,Auvik,OnPar Technologies,ANM Essentials - Evergreen,CW,120.0,7.87,944.16,USD
2026-06-01,Auvik,OnPar Technologies,ANM Essentials Evergreen,CW,0.0,7.87,0.0,USD
2026-06-01,Auvik,Ontech Systems,ANM Essentials - Evergreen,CMS,100.0,7.87,786.8,USD
2026-06-01,Auvik,Ontech Systems,ANM Essentials Evergreen,CMS,44.0,7.87,346.28,USD
2026-06-01,Auvik,Original Consultants Ltd,ANM Essentials - Evergreen,CW,150.0,7.87,1180.2,USD
2026-06-01,Auvik,Original Consultants Ltd,ANM Essentials Evergreen,CW,0.0,7.87,0.0,USD
2026-06-01,Auvik,Oryx Align Limited,ANM Essentials - Evergreen,CW,2000.0,3.65,7297.36,USD
2026-06-01,Auvik,Oryx Align Limited,ANM Essentials Evergreen,CW,80.0,3.65,292.0,USD
2026-06-01,Auvik,PCnet (Syntrio),ANM Essentials - Evergreen,CMS,500.0,6.29,3144.12,USD
2026-06-01,Auvik,PCnet (Syntrio),ANM Essentials Evergreen,CMS,194.0,6.29,1220.26,USD
2026-06-01,Auvik,PTS Datacenter Solutions,EPRM-ANM-40 Auvik Essentials -- Committed,CMS,40.0,9.19,367.6,USD
2026-06-01,Auvik,PTS Datacenter Solutions,EPRM-ANM-40 Auvik Essentials -- Overage,CMS,47.0,9.19,431.93,USD
2026-06-01,Auvik,PTS Datacenter Solutions,PARM-ANM-40 Auvik Performance Add On -- Overage,CMS,15.0,6.25,93.75,USD
2026-06-01,Auvik,Pacific Office Automation,ANM Essentials - Evergreen,CW,165.0,7.49,1236.42,USD
2026-06-01,Auvik,Pacific Office Automation,ANM Essentials Evergreen,CW,44.0,7.49,329.56,USD
2026-06-01,Auvik,Panurgy,ANM Essentials - Evergreen,CMS,10.0,11.23,112.35,USD
2026-06-01,Auvik,Panurgy,ANM Essentials Evergreen,CMS,33.0,11.24,370.92,USD
2026-06-01,Auvik,Paradyn,ANM Essentials - Evergreen,CMS,40.0,9.36,374.58,USD
2026-06-01,Auvik,Paradyn,ANM Essentials Evergreen,CMS,0.0,9.36,0.0,USD
2026-06-01,Auvik,Pine Cove Consulting,ANM Essentials - Evergreen,CW,635.0,5.51,3497.26,USD
2026-06-01,Auvik,Pine Cove Consulting,ANM Essentials Evergreen,CW,0.0,5.51,0.0,USD
2026-06-01,Auvik,Pine Cove Consulting,ANM Performance Add-On Evergreen,CW,0.0,3.14,0.0,USD
2026-06-01,Auvik,Pine Cove Consulting,ANM Performance Add-Ons - Evergreen,CW,408.0,3.14,1282.34,USD
2026-06-01,Auvik,Pine Cove Consulting,Auvik SaaS Management - Evergreen,CW,100.0,1.57,157.5,USD
2026-06-01,Auvik,Pine Cove Consulting,Auvik SaaS Management Evergreen,CW,0.0,1.58,0.0,USD
2026-06-01,Auvik,Plains Internet DBA CPU Onsite,ANM Essentials - Evergreen,CMS,40.0,9.84,393.42,USD
2026-06-01,Auvik,Platinum Technology,ANM Essentials - Evergreen,CW,15.0,11.24,168.53,USD
2026-06-01,Auvik,Platinum Technology,ANM Essentials Evergreen,CW,10.0,11.24,112.4,USD
2026-06-01,Auvik,Platinum Technology,ANM Performance Add-Ons - Evergreen,CW,15.0,8.05,120.75,USD
2026-06-01,Auvik,Powernet (formerly Maxis360),ANM Essentials,CW,1011.0,4.41,4458.51,USD
2026-06-01,Auvik,Powernet (formerly Maxis360),ANM Performance Add-Ons,CW,2.0,2.38,4.76,USD
2026-06-01,Auvik,Powernet (formerly Maxis360),ANM Performance Add-on,CW,4.0,2.38,9.52,USD
2026-06-01,Auvik,"Praxis Computing, Inc.",ANM Essentials - Evergreen,CW,45.0,9.36,421.4,USD
2026-06-01,Auvik,"Praxis Computing, Inc.",ANM Essentials Evergreen,CW,0.0,9.36,0.0,USD
2026-06-01,Auvik,Premier Technologies,ANM Essentials - Evergreen,CMS,175.0,7.08,1239.47,USD
2026-06-01,Auvik,Premier Technologies,ANM Essentials Evergreen,CMS,44.0,7.08,311.52,USD
2026-06-01,Auvik,ProServeIT,ANM Essentials - Evergreen,CMS,250.0,5.99,1498.36,USD
2026-06-01,Auvik,ProServeIT,ANM Essentials Evergreen,CMS,0.0,5.99,0.0,USD
2026-06-01,Auvik,ProTech Systems Group Inc.,ANM Essentials - Evergreen,CW,116.0,7.49,869.24,USD
2026-06-01,Auvik,Prosper IT,ANM Essentials - Evergreen,CMS,30.0,11.23,337.05,USD
2026-06-01,Auvik,Prosper IT,ANM Essentials Evergreen,CMS,0.0,11.24,0.0,USD
2026-06-01,Auvik,Proven IT,ANM Essentials - Evergreen,CW,1500.0,6.3,9450.0,USD
2026-06-01,Auvik,Proven IT,ANM Essentials Evergreen,CW,0.0,6.3,0.0,USD
2026-06-01,Auvik,"Pyramid Consulting, Inc.",ANM Essentials - Evergreen,CW,50.0,9.84,491.78,USD
2026-06-01,Auvik,"Pyramid Consulting, Inc.",ANM Essentials Evergreen,CW,0.0,9.84,0.0,USD
2026-06-01,Auvik,"Pyramid Consulting, Inc.",ANM Performance Add-On Evergreen,CW,0.0,6.69,0.0,USD
2026-06-01,Auvik,"Pyramid Consulting, Inc.",ANM Performance Add-Ons - Evergreen,CW,50.0,6.69,334.27,USD
2026-06-01,Auvik,Quantified IT,ANM Essentials - Evergreen,CW,250.0,6.85,1712.33,USD
2026-06-01,Auvik,Quantified IT,ANM Essentials Evergreen,CW,0.0,6.85,0.0,USD
2026-06-01,Auvik,Quantified IT,Auvik SaaS Management - Evergreen,CW,250.0,1.44,360.01,USD
2026-06-01,Auvik,R-Computer,ANM Essentials - Evergreen,CW,22.0,11.23,247.17,USD
2026-06-01,Auvik,R-Computer,ANM Essentials Evergreen,CW,0.0,11.24,0.0,USD
2026-06-01,Auvik,R-Computer,Free of Charge,CW,0.0,0.0,0.0,USD
2026-06-01,Auvik,RAM Contracting,ANM Essentials - Evergreen,CW,24.0,11.23,269.64,USD
2026-06-01,Auvik,RAM Contracting,ANM Essentials Evergreen,CW,3.0,11.24,33.72,USD
2026-06-01,Auvik,"RMON Networks, Inc",ANM Essentials - Evergreen,CMS,250.0,7.19,1798.07,USD
2026-06-01,Auvik,"RMON Networks, Inc",ANM Essentials Evergreen,CMS,0.0,7.19,0.0,USD
2026-06-01,Auvik,Ratcliff IT,ANM Essentials - Evergreen,CMS,40.0,9.81,392.56,USD
2026-06-01,Auvik,Ratcliff IT,ANM Essentials Evergreen,CMS,0.0,9.81,0.0,USD
2026-06-01,Auvik,Ravitron,ANM Essentials - Evergreen,CW,10.0,11.23,112.35,USD
2026-06-01,Auvik,Ravitron,ANM Essentials Evergreen,CW,5.0,11.24,56.2,USD
2026-06-01,Auvik,Ray Morgan Company,ANM Essentials - Evergreen,CMS,250.0,6.29,1573.25,USD
2026-06-01,Auvik,Ray Morgan Company,ANM Essentials Evergreen,CMS,76.0,6.29,478.04,USD
2026-06-01,Auvik,Reinert Consulting Group,ANM Essentials - Evergreen,CW,10.0,11.23,112.35,USD
2026-06-01,Auvik,Reinert Consulting Group,ANM Essentials Evergreen,CW,17.0,11.24,191.08,USD
2026-06-01,Auvik,Reinert Consulting Group,Auvik SaaS Management - Evergreen,CW,250.0,1.26,315.0,USD
2026-06-01,Auvik,Reinert Consulting Group,Auvik SaaS Management Evergreen,CW,23.0,1.26,28.98,USD
2026-06-01,Auvik,Reinert Consulting Group,Free of Charge,CW,0.0,0.0,0.0,USD
2026-06-01,Auvik,Renaissance Systems Inc.,ANM Essentials - Evergreen,CW,14.0,11.23,157.29,USD
2026-06-01,Auvik,Renaissance Systems Inc.,ANM Essentials Evergreen,CW,13.0,11.24,146.12,USD
2026-06-01,Auvik,Renaissance Systems Inc.,ANM Performance Add-On Evergreen,CW,0.0,7.49,0.0,USD
2026-06-01,Auvik,Renaissance Systems Inc.,ANM Performance Add-Ons - Evergreen,CW,14.0,7.49,104.86,USD
2026-06-01,Auvik,Resolution IT,ANM Essentials - Evergreen,CMS,10.0,11.23,112.35,USD
2026-06-01,Auvik,Ridgewall Ltd,ANM Essentials - Evergreen,CW,100.0,6.37,636.91,USD
2026-06-01,Auvik,Ridgewall Ltd,ANM Essentials Evergreen,CW,0.0,6.37,0.0,USD
2026-06-01,Auvik,Ridgewall Ltd,ANM Performance Add-Ons - Evergreen,CW,100.0,4.25,425.01,USD
2026-06-01,Auvik,RockIT Consulting LLC,ANM Essentials,CMS,20.0,10.5,210.0,USD
2026-06-01,Auvik,RockIT Consulting LLC,ANM Performance Add-Ons,CMS,1.0,7.0,7.0,USD
2026-06-01,Auvik,RockIT Consulting LLC,ANM Performance Add-on,CMS,0.0,7.0,0.0,USD
2026-06-01,Auvik,Roebuck Technologies,ANM Essentials - Evergreen,CMS,40.0,9.36,374.58,USD
2026-06-01,Auvik,Roebuck Technologies,ANM Essentials Evergreen,CMS,72.0,9.36,673.92,USD
2026-06-01,Auvik,Roebuck Technologies,Auvik SaaS Management - Evergreen,CMS,250.0,1.35,337.05,USD
2026-06-01,Auvik,Roebuck Technologies,Auvik SaaS Management Evergreen,CMS,47.0,1.35,63.45,USD
2026-06-01,Auvik,"Ronin Consulting Services, LLC",ANM Essentials - Evergreen,CMS,10.0,11.23,112.35,USD
2026-06-01,Auvik,"Ronin Consulting Services, LLC",ANM Essentials Evergreen,CMS,2.0,11.24,22.48,USD
2026-06-01,Auvik,Rosebud Mining Company,ANM Essentials - Evergreen,CW,130.0,7.49,974.15,USD
2026-06-01,Auvik,Rosebud Mining Company,ANM Essentials Evergreen,CW,40.0,7.49,299.6,USD
2026-06-01,Auvik,Rosebud Mining Company,ANM Performance Add-On Evergreen,CW,40.0,4.87,194.8,USD
2026-06-01,Auvik,Rosebud Mining Company,ANM Performance Add-Ons - Evergreen,CW,130.0,4.87,633.26,USD
2026-06-01,Auvik,Rutter Networking Technologies,EPRM-ANM-100 Auvik Essentials -- Committed,CW,144.0,6.62,953.28,USD
2026-06-01,Auvik,Rutter Networking Technologies,EPRM-ANM-100 Auvik Essentials -- Overage,CW,0.0,6.62,0.0,USD
2026-06-01,Auvik,Rutter Networking Technologies,PARM-ANM-100 Auvik Performance Add On,CW,22.0,4.78,105.16,USD
2026-06-01,Auvik,Rutter Networking Technologies,PARM-ANM-100 Auvik Performance Add On -- Overage,CW,0.0,4.78,0.0,USD
2026-06-01,Auvik,SECUR-SERV INC.,ANM Essentials,CMS,705.0,5.88,4145.4,USD
2026-06-01,Auvik,SECUR-SERV INC.,ANM Performance Add-Ons,CMS,500.0,3.36,1680.0,USD
2026-06-01,Auvik,SECUR-SERV INC.,ANM Performance Add-on,CMS,0.0,3.36,0.0,USD
2026-06-01,Auvik,SSE Holding LLC,ANM Full Performance - Evergreen,CW,100.0,11.4,1140.36,USD
2026-06-01,Auvik,SSE Holding LLC,ANM Full Performance Evergreen,CW,0.0,11.4,0.0,USD
2026-06-01,Auvik,Salco Solutions Group,ANM Essentials - Evergreen,CMS,40.0,10.7,428.09,USD
2026-06-01,Auvik,Salco Solutions Group,ANM Essentials Evergreen,CMS,11.0,10.7,117.7,USD
2026-06-01,Auvik,Salco Solutions Group,ANM Performance Add-Ons - Evergreen,CMS,10.0,7.27,72.74,USD
2026-06-01,Auvik,Sedona Technologies,ANM Essentials - Evergreen,CMS,250.0,7.19,1798.07,USD
2026-06-01,Auvik,Sedona Technologies,ANM Essentials Evergreen,CMS,427.0,7.19,3070.13,USD
2026-06-01,Auvik,Sedona Technologies,ANM Performance Add-On Evergreen,CMS,119.0,4.32,514.08,USD
2026-06-01,Auvik,Servall Canada Incorporated,ANM Essentials - Evergreen,CMS,10.0,11.23,112.35,USD
2026-06-01,Auvik,Servcom USA,ANM Essentials - Evergreen,CMS,100.0,7.87,786.8,USD
2026-06-01,Auvik,Servcom USA,ANM Essentials Evergreen,CMS,24.0,7.87,188.88,USD
2026-06-01,Auvik,Serverli Inc,ANM Essentials,CMS,10.0,10.5,105.0,USD
2026-06-01,Auvik,Serverli Inc,ANM Performance Add-Ons,CMS,10.0,7.0,70.0,USD
2026-06-01,Auvik,Serverli Inc,ANM Performance Add-on,CMS,0.0,7.0,0.0,USD
2026-06-01,Auvik,Shield Watch IT Services,ANM Essentials - Evergreen,CW,237.0,7.08,1677.25,USD
2026-06-01,Auvik,Shield Watch IT Services,ANM Essentials Evergreen,CW,0.0,7.08,0.0,USD
2026-06-01,Auvik,Silverbug Ltd,ANM Essentials - Evergreen,CW,167.0,7.87,1313.96,USD
2026-06-01,Auvik,Silverbug Ltd,ANM Essentials Evergreen,CW,202.0,7.87,1589.74,USD
2026-06-01,Auvik,Silverbug Ltd,ANM Performance Add-On Evergreen,CW,0.0,5.1,0.0,USD
2026-06-01,Auvik,Silverbug Ltd,ANM Performance Add-Ons - Evergreen,CW,70.0,5.1,356.72,USD
2026-06-01,Auvik,SimpleWorks IT,ANM Essentials - Evergreen,CW,300.0,6.29,1887.9,USD
2026-06-01,Auvik,SimpleWorks IT,ANM Essentials Evergreen,CW,0.0,6.29,0.0,USD
2026-06-01,Auvik,"Solutions Granted, Inc.",ANM Essentials - Evergreen,CW,11.0,11.24,123.59,USD
2026-06-01,Auvik,"Solutions Granted, Inc.",ANM Essentials Evergreen,CW,0.0,11.24,0.0,USD
2026-06-01,Auvik,Soteria Technology Solutions,ANM Essentials - Evergreen,CW,40.0,9.81,392.56,USD
2026-06-01,Auvik,Soteria Technology Solutions,ANM Essentials Evergreen,CW,0.0,9.81,0.0,USD
2026-06-01,Auvik,Spectrum Technologies,ANM Essentials - Evergreen,CMS,10.0,11.23,112.35,USD
2026-06-01,Auvik,Speros,ANM Full Performance - Evergreen,CW,250.0,9.02,2255.75,USD
2026-06-01,Auvik,Speros,ANM Full Performance Evergreen,CW,24.0,9.02,216.48,USD
2026-06-01,Auvik,Splice,ANM Essentials - Evergreen,CMS,10.0,11.23,112.35,USD
2026-06-01,Auvik,Stone Pigman Walther Wittman LLC,ANM Essentials - Evergreen,CW,18.0,11.23,202.23,USD
2026-06-01,Auvik,Stone Pigman Walther Wittman LLC,ANM Essentials Evergreen,CW,0.0,11.24,0.0,USD
2026-06-01,Auvik,Stone Pigman Walther Wittman LLC,Auvik SaaS Management - Evergreen,CW,120.0,1.58,189.6,USD
2026-06-01,Auvik,Stone Pigman Walther Wittman LLC,Auvik SaaS Management Evergreen,CW,0.0,1.58,0.0,USD
2026-06-01,Auvik,"Summit Advisors, LLC",ANM Essentials - Evergreen,CMS,100.0,8.99,899.23,USD
2026-06-01,Auvik,"Summit Advisors, LLC",ANM Essentials Evergreen,CMS,39.0,8.99,350.61,USD
2026-06-01,Auvik,"Summit Advisors, LLC",ANM Performance Add-On Evergreen,CMS,38.0,6.96,264.48,USD
2026-06-01,Auvik,"Summit Advisors, LLC",ANM Performance Add-Ons - Evergreen,CMS,1.0,6.96,6.96,USD
2026-06-01,Auvik,Supra ITS,ANM Essentials - Evergreen,CW,500.0,5.24,2620.05,USD
2026-06-01,Auvik,Supra ITS,ANM Essentials Evergreen,CW,34.0,5.24,178.16,USD
2026-06-01,Auvik,Supra ITS,ANM Performance Add-On Evergreen,CW,0.0,2.99,0.0,USD
2026-06-01,Auvik,Supra ITS,ANM Performance Add-Ons - Evergreen,CW,200.0,2.99,598.68,USD
2026-06-01,Auvik,Sweetwater Technology,ANM Essentials - Evergreen,CW,95.0,9.83,933.81,USD
2026-06-01,Auvik,Sweetwater Technology,ANM Essentials Evergreen,CW,38.0,9.83,373.54,USD
2026-06-01,Auvik,"Synergy IT Solutions, Inc.",ANM Essentials - Evergreen,CW,600.0,5.51,3304.5,USD
2026-06-01,Auvik,"Synergy IT Solutions, Inc.",ANM Essentials Evergreen,CW,0.0,5.51,0.0,USD
2026-06-01,Auvik,Synergy Technical,ANM Essentials - Evergreen,CW,250.0,6.29,1573.25,USD
2026-06-01,Auvik,Synergy Technical,ANM Essentials Evergreen,CW,0.0,6.29,0.0,USD
2026-06-01,Auvik,Synergy Technical,ANM Performance Add-Ons - Evergreen,CW,1.0,3.75,3.75,USD
2026-06-01,Auvik,Syrex,ANM Essentials - Evergreen,CW,250.0,5.6,1399.41,USD
2026-06-01,Auvik,Syrex,ANM Essentials Evergreen,CW,0.0,5.6,0.0,USD
2026-06-01,Auvik,Syrex,ANM Performance Add-Ons - Evergreen,CW,250.0,3.02,754.34,USD
2026-06-01,Auvik,SysGen Solutions Group,ERM-ANM-10 Auvik Essentials -- Committed,CW,23.0,10.5,241.5,USD
2026-06-01,Auvik,SysGen Solutions Group,ERM-ANM-10 Auvik Essentials -- Overage,CW,0.0,10.5,0.0,USD
2026-06-01,Auvik,Systems Support Corp,RM - ASM - 500 - Committed,CMS,615.0,0.91,559.65,USD
2026-06-01,Auvik,Systems Support Corp,RM - ASM - 500 - Overage,CMS,0.0,0.91,0.0,USD
2026-06-01,Auvik,TESYS Networks,ANM Essentials,CW,28.0,10.5,294.0,USD
2026-06-01,Auvik,TOTLCOM INC,ANM Essentials - Evergreen,CMS,46.0,9.84,452.44,USD
2026-06-01,Auvik,TOTLCOM INC,ANM Essentials Evergreen,CMS,0.0,9.84,0.0,USD
2026-06-01,Auvik,TVGconsulting,ANM Essentials - Evergreen,CMS,40.0,9.84,393.42,USD
2026-06-01,Auvik,TVGconsulting,ANM Essentials Evergreen,CMS,0.0,9.84,0.0,USD
2026-06-01,Auvik,Tech Mesa,ANM Essentials - Evergreen,CW,10.0,11.23,112.35,USD
2026-06-01,Auvik,Tech Mesa,ANM Essentials Evergreen,CW,4.0,11.24,44.96,USD
2026-06-01,Auvik,Tech Source,ANM Essentials - Evergreen,CW,10.0,11.23,112.35,USD
2026-06-01,Auvik,Tech Source,ANM Essentials Evergreen,CW,0.0,11.24,0.0,USD
2026-06-01,Auvik,Tech Source,ANM Performance Add-On Evergreen,CW,4.0,7.49,29.96,USD
2026-06-01,Auvik,Tech Source,ANM Performance Add-Ons - Evergreen,CW,4.0,7.49,29.96,USD
2026-06-01,Auvik,Techmedics,ANM Essentials,CW,53.0,9.17,486.01,USD
2026-06-01,Auvik,Technikel Solutions,ANM Essentials,CW,220.0,6.62,1455.3,USD
2026-06-01,Auvik,Technology Group Solutions,ANM Essentials - Evergreen,CMS,175.0,6.74,1179.52,USD
2026-06-01,Auvik,Technology Group Solutions,ANM Essentials Evergreen,CMS,48.0,6.74,323.52,USD
2026-06-01,Auvik,Technology Group Solutions,ANM Performance Add-On Evergreen,CMS,10.0,5.88,58.8,USD
2026-06-01,Auvik,TekScape,ANM Essentials - Evergreen,CMS,250.0,6.72,1680.0,USD
2026-06-01,Auvik,TekScape,ANM Essentials Evergreen,CMS,182.0,6.72,1223.04,USD
2026-06-01,Auvik,TekScape,ANM Performance Add-On Evergreen,CMS,412.0,4.0,1648.0,USD
2026-06-01,Auvik,Terminal B,ANM Essentials,CMS,75.0,8.64,648.38,USD
2026-06-01,Auvik,Terminal B,ANM Essentials,CMS,0.0,8.65,0.0,USD
2026-06-01,Auvik,The Apex Technology Group,ANM Essentials - Evergreen,CW,256.0,6.29,1611.01,USD
2026-06-01,Auvik,The Data Pros,ANM Essentials - Evergreen,CMS,10.0,11.23,112.35,USD
2026-06-01,Auvik,The Data Pros,ANM Essentials Evergreen,CMS,0.0,11.24,0.0,USD
2026-06-01,Auvik,The Nine Minds Group LLC,ANM Essentials,CW,500.0,5.14,2572.5,USD
2026-06-01,Auvik,The Nine Minds Group LLC,ANM Essentials,CW,0.0,5.15,0.0,USD
2026-06-01,Auvik,The Nine Minds Group LLC,ANM Performance Add-Ons,CW,1.0,2.94,2.94,USD
2026-06-01,Auvik,The Walker Group,ANM Essentials - Evergreen,CW,250.0,5.99,1498.36,USD
2026-06-01,Auvik,The Walker Group,ANM Essentials Evergreen,CW,329.0,5.99,1970.71,USD
2026-06-01,Auvik,The Walker Group,Free of Charge,CW,0.0,0.0,0.0,USD
2026-06-01,Auvik,Total Computing Technology,ANM Essentials - Evergreen,CMS,40.0,9.36,374.58,USD
2026-06-01,Auvik,Total Computing Technology,ANM Essentials Evergreen,CMS,0.0,9.36,0.0,USD
2026-06-01,Auvik,Total Computing Technology,ANM Performance Add-On Evergreen,CMS,29.0,9.09,263.61,USD
2026-06-01,Auvik,Town of Parker,ANM Essentials - Evergreen,CW,100.0,8.99,899.23,USD
2026-06-01,Auvik,Town of Parker,ANM Essentials Evergreen,CW,0.0,8.99,0.0,USD
2026-06-01,Auvik,TrueITPros,ANM Essentials - Evergreen,CMS,10.0,11.23,112.35,USD
2026-06-01,Auvik,TrueITPros,ANM Essentials Evergreen,CMS,26.0,11.24,292.24,USD
2026-06-01,Auvik,Truewater,ANM Essentials - Evergreen,CW,47.0,9.36,440.13,USD
2026-06-01,Auvik,Truewater,ANM Essentials Evergreen,CW,44.0,9.36,411.84,USD
2026-06-01,Auvik,Turrito,ANM Essentials - Evergreen,CW,15.0,11.24,168.53,USD
2026-06-01,Auvik,Turrito,ANM Essentials Evergreen,CW,0.0,11.24,0.0,USD
2026-06-01,Auvik,Turrito,ANM Performance Add-Ons - Evergreen,CW,15.0,7.49,112.35,USD
2026-06-01,Auvik,"TwinHats, LLC",Auvik SaaS Management,CW,198.0,1.57,311.85,USD
2026-06-01,Auvik,"TwinHats, LLC",Auvik SaaS Management,CW,145.0,1.58,229.1,USD
2026-06-01,Auvik,UberData Networks,ANM Essentials - Evergreen,CW,16.0,11.23,179.76,USD
2026-06-01,Auvik,UberData Networks,ANM Essentials Evergreen,CW,0.0,11.24,0.0,USD
2026-06-01,Auvik,UberData Networks,ANM Performance Add-On Evergreen,CW,1.0,7.49,7.49,USD
2026-06-01,Auvik,United Country Real Estate,ANM Essentials - Evergreen,CW,20.0,11.23,224.7,USD
2026-06-01,Auvik,United Country Real Estate,ANM Essentials Evergreen,CW,0.0,11.24,0.0,USD
2026-06-01,Auvik,United Datacom Networks,ANM Essentials - Evergreen,CMS,40.0,9.36,374.58,USD
2026-06-01,Auvik,United Datacom Networks,ANM Essentials Evergreen,CMS,0.0,9.36,0.0,USD
2026-06-01,Auvik,V2 technology,ANM Essentials - Evergreen,CW,75.0,8.8,660.24,USD
2026-06-01,Auvik,V2 technology,ANM Essentials Evergreen,CW,35.0,8.8,308.0,USD
2026-06-01,Auvik,VIRTUS DATA CENTRES (Oryx Align Ltd),ANM Essentials,CW,527.0,5.14,2711.42,USD
2026-06-01,Auvik,VIRTUS DATA CENTRES (Oryx Align Ltd),ANM Essentials,CW,211.0,5.15,1086.65,USD
2026-06-01,Auvik,VIRTUS DATA CENTRES (Oryx Align Ltd),ANM Performance Add-Ons,CW,527.0,2.94,1549.38,USD
2026-06-01,Auvik,VIRTUS DATA CENTRES (Oryx Align Ltd),ANM Performance Add-on,CW,211.0,2.94,620.34,USD
2026-06-01,Auvik,Veerman ICT,ANM Essentials - Evergreen,CW,100.0,7.87,786.8,USD
2026-06-01,Auvik,Veerman ICT,ANM Essentials Evergreen,CW,452.0,7.87,3557.24,USD
2026-06-01,Auvik,Veerman ICT,ANM Performance Add-On Evergreen,CW,296.0,5.1,1509.6,USD
2026-06-01,Auvik,Velocity Network,ANM Essentials - Evergreen,CMS,1000.0,5.39,5392.2,USD
2026-06-01,Auvik,Velocity Network,ANM Essentials Evergreen,CMS,276.0,5.39,1487.64,USD
2026-06-01,Auvik,Velonex Technologies,ANM Essentials,CW,100.0,7.35,735.0,USD
2026-06-01,Auvik,Vermeer Southeast,ANM Essentials - Evergreen,CMS,75.0,9.26,694.15,USD
2026-06-01,Auvik,Vermeer Southeast,ANM Essentials Evergreen,CMS,7.0,9.26,64.82,USD
2026-06-01,Auvik,Vertical IT,ANM Essentials - Evergreen,CW,10.0,11.23,112.35,USD
2026-06-01,Auvik,VeryPC Ltd,ANM Essentials - Evergreen,CW,40.0,9.36,374.58,USD
2026-06-01,Auvik,VeryPC Ltd,ANM Essentials Evergreen,CW,32.0,9.36,299.52,USD
2026-06-01,Auvik,Viatek,ANM Essentials - Evergreen,CW,403.0,6.29,2536.08,USD
2026-06-01,Auvik,Viatek,ANM Essentials Evergreen,CW,110.0,6.29,691.9,USD
2026-06-01,Auvik,Viperspace,CWANM-1 Committed Billable Devices,CW,40.0,9.19,367.6,USD
2026-06-01,Auvik,Visual Edge,ANM Essentials - Evergreen,CMS,175.0,7.08,1239.47,USD
2026-06-01,Auvik,Visual Edge,ANM Essentials Evergreen,CMS,879.0,7.08,6223.32,USD
2026-06-01,Auvik,Visual Edge,ANM Performance Add-On Evergreen,CMS,16.0,4.79,76.64,USD
2026-06-01,Auvik,WBM Office Systems,ANM Essentials - Evergreen,CW,1000.0,4.72,4718.0,USD
2026-06-01,Auvik,WBM Office Systems,ANM Essentials Evergreen,CW,94.0,4.72,443.68,USD
2026-06-01,Auvik,"WPG Consulting, LLC",ANM Essentials - Evergreen,CMS,175.0,8.09,1415.21,USD
2026-06-01,Auvik,"WPG Consulting, LLC",ANM Essentials Evergreen,CMS,0.0,8.09,0.0,USD
2026-06-01,Auvik,WTA Consulting,ANM Essentials - Evergreen,CW,20.0,11.23,224.7,USD
2026-06-01,Auvik,WTA Consulting,ANM Essentials Evergreen,CW,8.0,11.24,89.92,USD
2026-06-01,Auvik,Wavenet UK,EPRM-ANM-1000 Auvik Essentials -- Committed,CMS,1000.0,3.27,3270.0,USD
2026-06-01,Auvik,Wavenet UK,EPRM-ANM-1000 Auvik Essentials -- Overage,CMS,1277.0,3.27,4175.79,USD
2026-06-01,Auvik,Wavenet UK,PARM-ANM-1000 Auvik Performance Add On,CMS,1000.0,1.76,1760.0,USD
2026-06-01,Auvik,Wavenet UK,PARM-ANM-1000 Auvik Performance Add On -- Overage,CMS,1232.0,1.76,2168.32,USD
2026-06-01,Auvik,"Weaver Technologies, LLC",ANM Essentials,CMS,500.0,5.88,2940.0,USD
2026-06-01,Auvik,"Weaver Technologies, LLC",ANM Performance Add-Ons,CMS,500.0,3.36,1680.0,USD
2026-06-01,Auvik,"Weaver Technologies, LLC",ANM Performance Add-on,CMS,0.0,3.36,0.0,USD
2026-06-01,Auvik,Wipfli LLP,ANM Essentials,CMS,500.0,5.14,2572.5,USD
2026-06-01,Auvik,Wipfli LLP,ANM Essentials,CMS,0.0,5.15,0.0,USD
2026-06-01,Auvik,Wipfli LLP,ANM Performance Add-Ons,CMS,1.0,2.94,2.94,USD
2026-06-01,Auvik,Z-TECH Associates,ANM Essentials,CMS,120.0,8.4,1008.0,USD
2026-06-01,Auvik,Z-TECH Associates,ANM Performance Add-Ons,CMS,1.0,5.44,5.44,USD
2026-06-01,Auvik,Z-TECH Associates,ANM Performance Add-on,CMS,119.0,5.44,647.36,USD
2026-06-01,Auvik,ZINC LLC,ANM Essentials - Evergreen,CMS,10.0,11.23,112.35,USD
2026-06-01,Auvik,ZINC LLC,ANM Performance Add-Ons - Evergreen,CMS,5.0,7.49,37.45,USD
2026-06-01,Auvik,Zbrella,ANM Essentials - Evergreen,CMS,40.0,9.84,393.42,USD
2026-06-01,Auvik,Zephyr Networks,ANM Essentials - Evergreen,CMS,100.0,7.87,786.8,USD
2026-06-01,Auvik,Zephyr Networks,ANM Essentials Evergreen,CMS,5.0,7.87,39.35,USD
2026-06-01,Auvik,Zephyr Networks,ANM Performance Add-On Evergreen,CMS,105.0,5.24,550.2,USD
2026-06-01,Auvik,eMazzanti Technologies,COANM-1 Committed Billable Devices,CMS,40.0,9.19,367.6,USD
2026-06-01,Auvik,eMazzanti Technologies,COANM-2 Additional Billable Devices,CMS,52.0,9.19,477.88,USD
2026-06-01,Auvik,eMazzanti Technologies,COANM-4 Additional Performance Add-Ons,CMS,5.0,6.0,30.0,USD
2026-06-01,Auvik,ePossible,ANM Essentials - Evergreen,CW,10.0,11.23,112.35,USD
2026-06-01,Auvik,ePossible,ANM Essentials Evergreen,CW,0.0,11.24,0.0,USD
2026-06-01,Auvik,i2m,CWANM-1 Additional Billable Devices,CW,99.0,9.19,909.81,USD
2026-06-01,Auvik,i2m,CWANM-1 Committed Billable Devices,CW,40.0,9.19,367.6,USD
2026-06-01,Auvik,iNetwork Management Inct,ANM Essentials - Evergreen,CW,40.0,9.84,393.42,USD
2026-06-01,Auvik,iNetwork Management Inct,ANM Essentials Evergreen,CW,0.0,9.84,0.0,USD
2026-06-01,Auvik,integraONE,ANM Essentials - Evergreen,CMS,250.0,6.29,1573.25,USD
2026-06-01,Auvik,integraONE,ANM Essentials Evergreen,CMS,144.0,6.29,905.76,USD
2026-06-01,Auvik,integraONE,ANM Performance Add-On Evergreen,CMS,3.0,4.32,12.96,USD
2026-07-01,Auvik,2W Technologies inc,ANM Essentials - Evergreen,CW,129.0,7.49,966.66,USD
2026-07-01,Auvik,2W Technologies inc,ANM Essentials Evergreen,CW,85.0,7.49,636.65,USD
2026-07-01,Auvik,2W Technologies inc,ANM Performance Add-On Evergreen,CW,56.0,4.87,272.72,USD
2026-07-01,Auvik,2W Technologies inc,ANM Performance Add-Ons - Evergreen,CW,129.0,4.87,628.39,USD
2026-07-01,Auvik,4Wall Entertainment,ANM Essentials - Evergreen,CW,40.0,9.36,374.58,USD
2026-07-01,Auvik,4Wall Entertainment,ANM Essentials Evergreen,CW,35.0,9.36,327.6,USD
2026-07-01,Auvik,4Wall Entertainment,Auvik SaaS Management - Evergreen,CW,1000.0,0.57,570.01,USD
2026-07-01,Auvik,4Wall Entertainment,Auvik SaaS Management Evergreen,CW,265.0,0.57,151.05,USD
2026-07-01,Auvik,ABS Information Systems Inc,ANM Essentials - Evergreen,CMS,40.0,9.84,393.42,USD
2026-07-01,Auvik,ABS Information Systems Inc,ANM Essentials Evergreen,CMS,49.0,9.84,482.16,USD
2026-07-01,Auvik,ADNET Technologies,ANM Essentials - Evergreen,CMS,250.0,6.29,1573.25,USD
2026-07-01,Auvik,ADNET Technologies,ANM Essentials Evergreen,CMS,42.0,6.29,264.18,USD
2026-07-01,Auvik,ALLSTAR Partners LLC,EPRM-ANM-100 Auvik Essentials -- Committed,CMS,100.0,7.35,735.0,USD
2026-07-01,Auvik,ALLSTAR Partners LLC,EPRM-ANM-100 Auvik Essentials -- Overage,CMS,0.0,7.35,0.0,USD
2026-07-01,Auvik,ALLSTAR Partners LLC,PARM-ANM-100 Auvik Performance Add On -- Overage,CMS,53.0,4.78,253.34,USD
2026-07-01,Auvik,AMSYS,ANM Essentials - Evergreen,CW,353.0,6.85,2417.8,USD
2026-07-01,Auvik,AMSYS,ANM Essentials Evergreen,CW,322.0,6.85,2205.7,USD
2026-07-01,Auvik,ATG,ANM Essentials - Evergreen,CMS,10.0,11.23,112.35,USD
2026-07-01,Auvik,Abadata Computer Corporation,ANM Essentials - Evergreen,CMS,40.0,9.84,393.42,USD
2026-07-01,Auvik,Abadata Computer Corporation,ANM Essentials Evergreen,CMS,0.0,9.84,0.0,USD
2026-07-01,Auvik,"Advanced Office Systems, Inc.",ANM Essentials - Evergreen,CW,105.0,7.87,826.14,USD
2026-07-01,Auvik,"Advanced Office Systems, Inc.",ANM Essentials Evergreen,CW,0.0,7.87,0.0,USD
2026-07-01,Auvik,AdventOne,ANM Essentials,CW,229.0,7.35,1683.15,USD
2026-07-01,Auvik,AdventOne,ANM Performance Add-Ons,CW,100.0,4.76,476.0,USD
2026-07-01,Auvik,AdventOne,ANM Performance Add-on,CW,109.0,4.76,518.84,USD
2026-07-01,Auvik,AiroSpark,ANM Essentials - Evergreen,CW,50.0,8.36,417.93,USD
2026-07-01,Auvik,AiroSpark,ANM Performance Add-Ons - Evergreen,CW,50.0,3.21,160.44,USD
2026-07-01,Auvik,All Lines Technology,ANM Essentials - Evergreen,CW,300.0,5.99,1798.04,USD
2026-07-01,Auvik,All Lines Technology,ANM Essentials Evergreen,CW,0.0,5.99,0.0,USD
2026-07-01,Auvik,All Net Connections,ANM Essentials - Evergreen,CW,164.0,7.49,1228.93,USD
2026-07-01,Auvik,All Net Connections,ANM Essentials Evergreen,CW,0.0,7.49,0.0,USD
2026-07-01,Auvik,Alliance IT,EPRM-ANM-10 Auvik Essentials -- Committed,CW,16.0,12.0,191.98,USD
2026-07-01,Auvik,Alliance IT,EPRM-ANM-10 Auvik Essentials -- Overage,CW,0.0,12.0,0.0,USD
2026-07-01,Auvik,Alliance IT,PARM-ANM-10 Auvik Performance Add On,CW,16.0,8.0,128.02,USD
2026-07-01,Auvik,Alliance IT,PARM-ANM-10 Auvik Performance Add On -- Overage,CW,0.0,8.0,0.0,USD
2026-07-01,Auvik,Alliance Tech Partners,ANM Essentials - Evergreen,CW,44.0,9.84,432.77,USD
2026-07-01,Auvik,Alliance Tech Partners,ANM Essentials Evergreen,CW,0.0,9.84,0.0,USD
2026-07-01,Auvik,Alliance Tech Partners,ANM Performance Add-Ons - Evergreen,CW,20.0,6.69,133.71,USD
2026-07-01,Auvik,Allied Business Solutions,EPRM-ANM-100 Auvik Essentials -- Committed,CMS,118.0,8.4,991.2,USD
2026-07-01,Auvik,Allied Business Solutions,EPRM-ANM-100 Auvik Essentials -- Overage,CMS,11.0,8.4,92.4,USD
2026-07-01,Auvik,Allied Business Solutions,PARM-ANM-100 Auvik Performance Add On,CMS,10.0,5.46,54.6,USD
2026-07-01,Auvik,Allied Business Solutions,PARM-ANM-100 Auvik Performance Add On -- Overage,CMS,119.0,5.46,649.74,USD
2026-07-01,Auvik,American First National Bank,ANM Essentials - Evergreen,CW,33.0,11.24,370.76,USD
2026-07-01,Auvik,American First National Bank,ANM Essentials Evergreen,CW,7.0,11.24,78.68,USD
2026-07-01,Auvik,Apex Infinite Solutions,ANM Essentials - Evergreen,CW,40.0,9.81,392.56,USD
2026-07-01,Auvik,Apex Infinite Solutions,ANM Essentials Evergreen,CW,13.0,9.81,127.53,USD
2026-07-01,Auvik,Apex Technology Corporation,ANM Essentials - Evergreen,CW,361.0,5.99,2163.64,USD
2026-07-01,Auvik,Apex Technology Corporation,ANM Essentials Evergreen,CW,77.0,5.99,461.23,USD
2026-07-01,Auvik,Apex Technology Corporation,Free of Charge,CW,0.0,0.0,0.0,USD
2026-07-01,Auvik,Associated Computer Systems,ANM Essentials - Evergreen,CMS,1700.0,4.72,8020.6,USD
2026-07-01,Auvik,Associated Computer Systems,ANM Essentials Evergreen,CMS,0.0,4.72,0.0,USD
2026-07-01,Auvik,Associated Computer Systems,ANM Performance Add-On Evergreen,CMS,45.0,3.48,156.6,USD
2026-07-01,Auvik,Associated Computer Systems,Auvik SaaS Management - Evergreen,CMS,500.0,0.91,455.0,USD
2026-07-01,Auvik,Associated Computer Systems,Auvik SaaS Management Evergreen,CMS,0.0,0.91,0.0,USD
2026-07-01,Auvik,Atlantic-IT.net,ANM Essentials - Evergreen,CMS,69.0,9.36,646.15,USD
2026-07-01,Auvik,Atlantic-IT.net,ANM Essentials - Evergreen,CMS,10.0,12.84,128.4,USD
2026-07-01,Auvik,Atlantic-IT.net,ANM Essentials Evergreen,CMS,56.0,9.36,524.16,USD
2026-07-01,Auvik,Atlantic-IT.net,ANM Essentials Evergreen,CMS,0.0,12.84,0.0,USD
2026-07-01,Auvik,Atruent,ANM Essentials - Evergreen,CW,101.0,7.87,794.67,USD
2026-07-01,Auvik,Atruent,ANM Essentials Evergreen,CW,74.0,7.87,582.38,USD
2026-07-01,Auvik,Attache Group,Auvik SaaS Management - Evergreen,CW,150.0,1.57,236.25,USD
2026-07-01,Auvik,Attache Group,Auvik SaaS Management Evergreen,CW,0.0,1.58,0.0,USD
2026-07-01,Auvik,Avaria Networks,ANM Essentials - Evergreen,CMS,65.0,10.7,695.64,USD
2026-07-01,Auvik,Avaria Networks,ANM Essentials Evergreen,CMS,0.0,10.7,0.0,USD
2026-07-01,Auvik,Avitus Technology Services,EPRM-ANM-250 Auvik Essentials -- Committed,CMS,250.0,6.72,1680.0,USD
2026-07-01,Auvik,Avitus Technology Services,EPRM-ANM-250 Auvik Essentials -- Overage,CMS,0.0,6.72,0.0,USD
2026-07-01,Auvik,AzteQ Group Ltd,ANM Essentials - Evergreen,CMS,10.0,11.23,112.35,USD
2026-07-01,Auvik,AzteQ Group Ltd,ANM Essentials Evergreen,CMS,17.0,11.24,191.08,USD
2026-07-01,Auvik,AzteQ Group Ltd,ANM Performance Add-On Evergreen,CMS,9.0,7.31,65.79,USD
2026-07-01,Auvik,BetterWorld Telecom,ANM Essentials - Evergreen,CW,100.0,7.49,749.35,USD
2026-07-01,Auvik,BetterWorld Telecom,ANM Essentials Evergreen,CW,162.0,7.49,1213.38,USD
2026-07-01,Auvik,BetterWorld Telecom,ANM Performance Add-On Evergreen,CW,59.0,4.87,287.33,USD
2026-07-01,Auvik,BetterWorld Telecom,ANM Performance Add-Ons - Evergreen,CW,100.0,4.87,487.13,USD
2026-07-01,Auvik,Bevcomm,ANM Essentials - Evergreen,CMS,100.0,7.87,786.8,USD
2026-07-01,Auvik,Bevcomm,ANM Essentials Evergreen,CMS,0.0,7.87,0.0,USD
2026-07-01,Auvik,Beyon Solutions,ANM Essentials,CW,300.0,6.29,1887.9,USD
2026-07-01,Auvik,Beyon Solutions,ANM Performance Add-Ons,CW,155.0,3.75,580.48,USD
2026-07-01,Auvik,Beyon Solutions,ANM Performance Add-on,CW,0.0,3.75,0.0,USD
2026-07-01,Auvik,"Blade Technologies, Inc.",ANM Essentials - Evergreen,CW,225.0,6.74,1516.53,USD
2026-07-01,Auvik,"Blade Technologies, Inc.",ANM Essentials Evergreen,CW,52.0,6.74,350.48,USD
2026-07-01,Auvik,Blue Angle,EPRM-ANM-100 Auvik Essentials -- Committed,CMS,150.0,7.0,1050.0,USD
2026-07-01,Auvik,Blue Angle,EPRM-ANM-100 Auvik Essentials -- Overage,CMS,168.0,7.0,1176.0,USD
2026-07-01,Auvik,Blue Angle,PARM-ANM-100 Auvik Performance Add On,CMS,75.0,4.55,341.25,USD
2026-07-01,Auvik,Brewer Dental Center,ANM Essentials - Evergreen,CW,12.0,11.23,134.82,USD
2026-07-01,Auvik,Brewer Dental Center,ANM Essentials Evergreen,CW,0.0,11.24,0.0,USD
2026-07-01,Auvik,Bridge Healthcare Partners,ANM Essentials - Evergreen,CW,205.0,6.74,1381.73,USD
2026-07-01,Auvik,Bridge Healthcare Partners,ANM Essentials Evergreen,CW,0.0,6.74,0.0,USD
2026-07-01,Auvik,Bridge Healthcare Partners,ANM Performance Add-On Evergreen,CW,0.0,4.12,0.0,USD
2026-07-01,Auvik,Bridge Healthcare Partners,ANM Performance Add-Ons - Evergreen,CW,205.0,4.12,844.14,USD
2026-07-01,Auvik,Buchanan Technologies,ANM Essentials,CW,471.0,5.88,2769.4799999999996,USD
2026-07-01,Auvik,"Business Communications, Inc.",ANM Essentials - Evergreen,CW,772.0,5.25,4049.77,USD
2026-07-01,Auvik,"Business Communications, Inc.",ANM Essentials Evergreen,CW,0.0,5.25,0.0,USD
2026-07-01,Auvik,"Business Communications, Inc.",ANM Performance Add-Ons - Evergreen,CW,31.0,3.67,113.87,USD
2026-07-01,Auvik,CAIU,EPRM-ANM-500 Auvik Essentials -- Committed,CMS,500.0,5.88,2940.0,USD
2026-07-01,Auvik,CAIU,EPRM-ANM-500 Auvik Essentials -- Overage,CMS,30.0,5.88,176.4,USD
2026-07-01,Auvik,CAIU,PARM-ANM-500 Auvik Performance Add On -- Overage,CMS,25.0,3.36,84.0,USD
2026-07-01,Auvik,CATS Technology Solutions Group,ANM Essentials - Evergreen,CW,10.0,12.84,128.4,USD
2026-07-01,Auvik,CATS Technology Solutions Group,ANM Essentials Evergreen,CW,0.0,12.84,0.0,USD
2026-07-01,Auvik,CATS Technology Solutions Group,ANM Performance Add-On Evergreen,CW,3.0,8.56,25.68,USD
2026-07-01,Auvik,CMIT Solutions,ANM Essentials - Evergreen,CMS,500.0,5.24,2620.05,USD
2026-07-01,Auvik,CMIT Solutions,ANM Essentials Evergreen,CMS,0.0,5.24,0.0,USD
2026-07-01,Auvik,CMIT Solutions,ANM Performance Add-On Evergreen,CMS,24.0,3.67,88.08,USD
2026-07-01,Auvik,CNE IT Solutions,ANM Essentials - Evergreen,CMS,10.0,11.23,112.35,USD
2026-07-01,Auvik,CNE IT Solutions,ANM Essentials Evergreen,CMS,37.0,11.24,415.88,USD
2026-07-01,Auvik,CNE IT Solutions,Auvik SaaS Management - Evergreen,CMS,100.0,1.05,105.01,USD
2026-07-01,Auvik,CNE IT Solutions,Auvik SaaS Management Evergreen,CMS,0.0,1.05,0.0,USD
2026-07-01,Auvik,CSI,ANM Essentials - Evergreen,CMS,10.0,11.23,112.35,USD
2026-07-01,Auvik,CSI,ANM Essentials Evergreen,CMS,49.0,11.24,550.76,USD
2026-07-01,Auvik,CWL Systems,ANM Essentials - Evergreen,CMS,40.0,9.81,392.56,USD
2026-07-01,Auvik,CWL Systems,ANM Essentials Evergreen,CMS,0.0,9.81,0.0,USD
2026-07-01,Auvik,Calculated Research & Technology,EPRM-ANM-75 Auvik Essentials -- Committed,CMS,75.0,8.64,648.0,USD
2026-07-01,Auvik,Calculated Research & Technology,EPRM-ANM-75 Auvik Essentials -- Overage,CMS,80.0,8.64,691.2,USD
2026-07-01,Auvik,Calculated Research & Technology,PARM-ANM-75 Auvik Performance Add On -- Overage,CMS,33.0,5.88,194.04,USD
2026-07-01,Auvik,Cambridge Networks,ANM Essentials - Evergreen,CW,175.0,7.08,1239.47,USD
2026-07-01,Auvik,Cambridge Networks,ANM Essentials Evergreen,CW,0.0,7.08,0.0,USD
2026-07-01,Auvik,Cambridge Networks,ANM Performance Add-On Evergreen,CW,0.0,4.32,0.0,USD
2026-07-01,Auvik,Cambridge Networks,ANM Performance Add-Ons - Evergreen,CW,6.0,4.32,25.93,USD
2026-07-01,Auvik,Canaan Technology,ANM Essentials - Evergreen,CW,40.0,11.22,448.64,USD
2026-07-01,Auvik,Canaan Technology,ANM Essentials Evergreen,CW,0.0,11.22,0.0,USD
2026-07-01,Auvik,Capital Technology Group,Licenses,CMS,100.0,7.35,735.0,USD
2026-07-01,Auvik,Capital Technology Group,Usage - Licenses,CMS,0.0,7.35,0.0,USD
2026-07-01,Auvik,Centre Technologies,ANM Essentials - Evergreen,CMS,1000.0,5.16,5156.77,USD
2026-07-01,Auvik,Centre Technologies,ANM Essentials Evergreen,CMS,1466.0,5.16,7564.56,USD
2026-07-01,Auvik,Centre Technologies,ANM Performance Add-On Evergreen,CMS,0.0,2.78,0.0,USD
2026-07-01,Auvik,Centre Technologies,ANM Performance Add-Ons - Evergreen,CMS,138.0,2.78,384.11,USD
2026-07-01,Auvik,Christenberry Sales,ANM Full Performance - Evergreen,CW,10.0,18.73,187.25,USD
2026-07-01,Auvik,Christenberry Sales,ANM Full Performance Evergreen,CW,0.0,18.73,0.0,USD
2026-07-01,Auvik,City of Newport News,ANM Essentials - Evergreen,CW,800.0,5.1,4076.8,USD
2026-07-01,Auvik,City of Newport News,ANM Essentials Evergreen,CW,0.0,5.1,0.0,USD
2026-07-01,Auvik,City of Newport News,ANM Performance Add-On Evergreen,CW,0.0,3.17,0.0,USD
2026-07-01,Auvik,City of Newport News,ANM Performance Add-Ons - Evergreen,CW,500.0,3.17,1584.14,USD
2026-07-01,Auvik,City of Tavares,ANM Essentials - Evergreen,CW,50.0,9.84,491.78,USD
2026-07-01,Auvik,City of Tavares,ANM Performance Add-Ons - Evergreen,CW,50.0,6.69,334.27,USD
2026-07-01,Auvik,Clare Computer Solutions,ANM Essentials - Evergreen,CMS,175.0,7.08,1239.47,USD
2026-07-01,Auvik,Clare Computer Solutions,ANM Essentials Evergreen,CMS,213.0,7.08,1508.04,USD
2026-07-01,Auvik,Clare Computer Solutions,ANM Performance Add-On Evergreen,CMS,4.0,4.79,19.16,USD
2026-07-01,Auvik,"Coffer Group, LLC",ANM Essentials - Evergreen,CMS,120.0,7.87,944.16,USD
2026-07-01,Auvik,"Coffer Group, LLC",ANM Essentials Evergreen,CMS,1.0,7.87,7.87,USD
2026-07-01,Auvik,CommTech Industries,ANM Essentials - Evergreen,CMS,100.0,7.49,749.35,USD
2026-07-01,Auvik,CommTech Industries,ANM Essentials Evergreen,CMS,342.0,7.49,2561.58,USD
2026-07-01,Auvik,CommTech Industries,ANM Performance Add-On Evergreen,CMS,20.0,4.99,99.8,USD
2026-07-01,Auvik,Commuserv,ANM Essentials - Evergreen,CW,56.0,10.7,599.32,USD
2026-07-01,Auvik,Commuserv,ANM Essentials Evergreen,CW,0.0,10.7,0.0,USD
2026-07-01,Auvik,Computer Network Services,ANM Full Performance - Evergreen,CW,175.0,10.19,1782.38,USD
2026-07-01,Auvik,Computer Network Services,ANM Full Performance Evergreen,CW,0.0,10.19,0.0,USD
2026-07-01,Auvik,"Computex, Inc.",ANM Essentials - Evergreen,CW,901.0,5.1,4591.5,USD
2026-07-01,Auvik,"Computex, Inc.",ANM Essentials Evergreen,CW,0.0,5.1,0.0,USD
2026-07-01,Auvik,"Computex, Inc.",ANM Performance Add-On Evergreen,CW,0.0,2.96,0.0,USD
2026-07-01,Auvik,"Computex, Inc.",ANM Performance Add-Ons - Evergreen,CW,52.0,2.96,153.97,USD
2026-07-01,Auvik,ConnectWise - APAC,Usage - Billable Devices,CW,49.0,10.5,514.5,USD
2026-07-01,Auvik,ConnectWise Inc,ANM Performance Add-On Evergreen,CW,0.0,0.0,0.0,USD
2026-07-01,Auvik,"ConnectWise, LLC",Continuum Monthly Plan,CMS,355.0,0.0,1980.0,USD
2026-07-01,Auvik,Consilien LLC,ANM Essentials - Evergreen,CMS,40.0,9.36,374.58,USD
2026-07-01,Auvik,Consilien LLC,ANM Essentials Evergreen,CMS,46.0,9.36,430.56,USD
2026-07-01,Auvik,Continuum - APAC,Licenses,CMS,0.0,0.0,0.0,USD
2026-07-01,Auvik,Continuum - EMEA,Licenses,CMS,0.0,0.0,0.0,USD
2026-07-01,Auvik,Convergent Technologies Group,COANM-2 Additional Billable Devices,CMS,17.0,7.35,124.95,USD
2026-07-01,Auvik,Convergent Technologies Group,COANM-2 Committed Billable Devices,CMS,100.0,7.35,735.0,USD
2026-07-01,Auvik,"CorCystems, Inc",ANM Essentials - Evergreen,CW,500.0,6.29,3144.12,USD
2026-07-01,Auvik,"CorCystems, Inc",ANM Essentials Evergreen,CW,0.0,6.29,0.0,USD
2026-07-01,Auvik,"Corporate Technical Services, Inc.",ANM Essentials - Evergreen,CW,44.0,9.81,431.82,USD
2026-07-01,Auvik,"Corporate Technical Services, Inc.",ANM Essentials Evergreen,CW,0.0,9.81,0.0,USD
2026-07-01,Auvik,CoventBridge Group,ANM Essentials - Evergreen,CW,25.0,11.24,280.88,USD
2026-07-01,Auvik,CoventBridge Group,ANM Essentials Evergreen,CW,0.0,11.24,0.0,USD
2026-07-01,Auvik,Crimson It Services,ERM-ANM-40 Auvik Essentials -- Committed,CW,40.0,9.19,367.6,USD
2026-07-01,Auvik,Crimson It Services,ERM-ANM-40 Auvik Essentials -- Overage,CW,12.0,9.19,110.28,USD
2026-07-01,Auvik,Cross Sound Ferry,ANM Essentials,CW,62.0,9.81,608.38,USD
2026-07-01,Auvik,Cyber Advisors Inc,ANM Essentials,CMS,990.0,4.76,4712.4,USD
2026-07-01,Auvik,Cyber Advisors Inc,ANM Performance Add-Ons,CMS,1.0,2.77,2.77,USD
2026-07-01,Auvik,Cyber Advisors Inc,ANM Performance Add-on,CMS,77.0,2.77,213.29,USD
2026-07-01,Auvik,Cyberstreams,ANM Essentials - Evergreen,CMS,40.0,9.84,393.42,USD
2026-07-01,Auvik,"DSM Technology Consultants, LLC",ANM Essentials - Evergreen,CW,225.0,6.74,1516.53,USD
2026-07-01,Auvik,"DSM Technology Consultants, LLC",ANM Essentials Evergreen,CW,0.0,6.74,0.0,USD
2026-07-01,Auvik,"DSM Technology Consultants, LLC",ANM Performance Add-On Evergreen,CW,0.0,4.57,0.0,USD
2026-07-01,Auvik,"DSM Technology Consultants, LLC",ANM Performance Add-Ons - Evergreen,CW,225.0,4.57,1027.61,USD
2026-07-01,Auvik,DTC,ANM Essentials - Evergreen,CMS,10.0,12.84,128.4,USD
2026-07-01,Auvik,DTC,ANM Essentials Evergreen,CMS,0.0,12.84,0.0,USD
2026-07-01,Auvik,Daemen ICT,ANM Essentials - Evergreen,CMS,40.0,9.36,374.58,USD
2026-07-01,Auvik,Daemen ICT,ANM Essentials Evergreen,CMS,0.0,9.36,0.0,USD
2026-07-01,Auvik,Datec (Fiji) Pte Limited,ANM Essentials - Evergreen,CW,10.0,11.23,112.35,USD
2026-07-01,Auvik,Datec (Fiji) Pte Limited,ANM Essentials Evergreen,CW,0.0,11.24,0.0,USD
2026-07-01,Auvik,"Decian, Inc.",ANM Essentials - Evergreen,CMS,100.0,7.87,786.8,USD
2026-07-01,Auvik,"Decian, Inc.",ANM Essentials Evergreen,CMS,0.0,7.87,0.0,USD
2026-07-01,Auvik,"Decian, Inc.",ANM Performance Add-On Evergreen,CMS,10.0,5.1,51.0,USD
2026-07-01,Auvik,Descent IT,ANM Essentials,CW,95.0,9.17,871.1500000000001,USD
2026-07-01,Auvik,"Direct Companies, LLC",ANM Essentials - Evergreen,CW,206.0,7.08,1457.86,USD
2026-07-01,Auvik,"Direct Companies, LLC",ANM Essentials Evergreen,CW,837.0,7.08,5925.96,USD
2026-07-01,Auvik,"Direct Companies, LLC",ANM Performance Add-On Evergreen,CW,96.0,4.31,413.76,USD
2026-07-01,Auvik,EC Managed IT,ANM Essentials - Evergreen,CW,127.0,7.35,933.45,USD
2026-07-01,Auvik,EC Managed IT,ANM Essentials Evergreen,CW,0.0,7.35,0.0,USD
2026-07-01,Auvik,ENT Networks,ANM Essentials - Evergreen,CW,75.0,9.25,693.53,USD
2026-07-01,Auvik,ENT Networks,ANM Essentials Evergreen,CW,0.0,9.25,0.0,USD
2026-07-01,Auvik,ENT of Georgia,ANM Essentials - Evergreen,CW,30.0,11.23,337.05,USD
2026-07-01,Auvik,ENT of Georgia,ANM Essentials Evergreen,CW,0.0,11.24,0.0,USD
2026-07-01,Auvik,ES Consulting,ANM Essentials - Evergreen,CW,455.0,5.88,2675.4,USD
2026-07-01,Auvik,ES Consulting,ANM Essentials Evergreen,CW,25.0,5.88,147.0,USD
2026-07-01,Auvik,Eagle Consulting Group LLC,ANM Essentials - Evergreen,CW,10.0,11.23,112.35,USD
2026-07-01,Auvik,Eagle Consulting Group LLC,ANM Essentials Evergreen,CW,0.0,11.24,0.0,USD
2026-07-01,Auvik,Eanyware,ANM Essentials - Evergreen,CMS,10.0,11.23,112.35,USD
2026-07-01,Auvik,Eanyware,ANM Essentials Evergreen,CMS,0.0,11.24,0.0,USD
2026-07-01,Auvik,Easyitguys,ANM Essentials - Evergreen,CW,40.0,9.81,392.56,USD
2026-07-01,Auvik,Easyitguys,ANM Essentials Evergreen,CW,0.0,9.81,0.0,USD
2026-07-01,Auvik,"Eclipse Networks, Inc",ANM Essentials - Evergreen,CW,250.0,6.29,1573.25,USD
2026-07-01,Auvik,"Eclipse Networks, Inc",ANM Essentials Evergreen,CW,31.0,6.29,194.99,USD
2026-07-01,Auvik,"Eclipse Networks, Inc",ANM Performance Add-On Evergreen,CW,4.0,3.75,15.0,USD
2026-07-01,Auvik,"Edit Technology Solutions, Inc.",ANM Essentials - Evergreen,CMS,343.0,5.88,2016.84,USD
2026-07-01,Auvik,"Edit Technology Solutions, Inc.",ANM Essentials Evergreen,CMS,0.0,5.88,0.0,USD
2026-07-01,Auvik,"Electronic Strategies, Inc.",ANM Essentials - Evergreen,CW,175.0,9.1,1593.3,USD
2026-07-01,Auvik,"Electronic Strategies, Inc.",ANM Essentials Evergreen,CW,88.0,9.1,800.8,USD
2026-07-01,Auvik,"Electronic Strategies, Inc.",ANM Performance Add-On Evergreen,CW,178.0,4.79,852.62,USD
2026-07-01,Auvik,"Electronic Strategies, Inc.",Auvik SaaS Management - Evergreen,CW,107.0,1.58,168.53,USD
2026-07-01,Auvik,"Electronic Strategies, Inc.",Auvik SaaS Management Evergreen,CW,10.0,1.58,15.8,USD
2026-07-01,Auvik,Empire Consultants,ANM Essentials,CW,175.0,6.62,1157.63,USD
2026-07-01,Auvik,Empire Consultants,ANM Performance Add-Ons,CW,50.0,4.03,201.25,USD
2026-07-01,Auvik,Empire Consultants,ANM Performance Add-on,CW,54.0,4.03,217.62,USD
2026-07-01,Auvik,Empower Information Systems,ANM Essentials - Evergreen,CMS,10.0,11.23,112.35,USD
2026-07-01,Auvik,Empower Information Systems,ANM Essentials Evergreen,CMS,8.0,11.24,89.92,USD
2026-07-01,Auvik,Enso Solutions,COANM-1 Committed Billable Devices,CMS,40.0,9.19,367.6,USD
2026-07-01,Auvik,Enso Solutions,COANM-2 Additional Billable Devices,CMS,72.0,9.19,661.68,USD
2026-07-01,Auvik,EuGenius Solutions,ANM Essentials - Evergreen,CW,10.0,12.84,128.4,USD
2026-07-01,Auvik,EuGenius Solutions,ANM Essentials Evergreen,CW,0.0,12.84,0.0,USD
2026-07-01,Auvik,Excite Consulting,ANM Essentials - Evergreen,CW,10.0,11.23,112.35,USD
2026-07-01,Auvik,Excite Consulting,ANM Essentials Evergreen,CW,0.0,11.24,0.0,USD
2026-07-01,Auvik,Excite Consulting,ANM Performance Add-On Evergreen,CW,7.0,7.49,52.43,USD
2026-07-01,Auvik,Excite Consulting,ANM Performance Add-Ons - Evergreen,CW,1.0,7.49,7.49,USD
2026-07-01,Auvik,"Exigent Technologies, LLC",ANM Essentials - Evergreen,CW,316.0,5.99,1893.93,USD
2026-07-01,Auvik,"Exigent Technologies, LLC",ANM Essentials Evergreen,CW,80.0,5.99,479.2,USD
2026-07-01,Auvik,Expedient Technology,ANM Essentials - Evergreen,CMS,750.0,5.85,4384.22,USD
2026-07-01,Auvik,Expedient Technology,ANM Essentials Evergreen,CMS,450.0,5.85,2632.5,USD
2026-07-01,Auvik,FIT Network,ANM Essentials,CMS,65.0,9.17,596.05,USD
2026-07-01,Auvik,FIT Network,ANM Performance Add-Ons,CMS,1.0,6.23,6.23,USD
2026-07-01,Auvik,FIT Solutions,ANM Essentials,CW,80.0,8.64,691.6,USD
2026-07-01,Auvik,FIT Solutions,ANM Essentials,CW,0.0,8.65,0.0,USD
2026-07-01,Auvik,FIT Solutions,ANM Performance Add-Ons,CW,60.0,5.88,352.8,USD
2026-07-01,Auvik,FIT Solutions,ANM Performance Add-on,CW,8.0,5.88,47.04,USD
2026-07-01,Auvik,"FPA Technology Services, Inc.",ANM Essentials - Evergreen,CW,154.0,7.49,1154.0,USD
2026-07-01,Auvik,"FPA Technology Services, Inc.",ANM Essentials Evergreen,CW,0.0,7.49,0.0,USD
2026-07-01,Auvik,Fenix 24 Inc,ANM Essentials,CW,521.0,6.62,3447.84,USD
2026-07-01,Auvik,Fernco Inc,ANM Essentials - Evergreen,CW,37.0,11.24,415.7,USD
2026-07-01,Auvik,Fernco Inc,ANM Essentials Evergreen,CW,17.0,11.24,191.08,USD
2026-07-01,Auvik,Ferrara IT Services LLC,ANM Essentials - Evergreen,CMS,10.0,11.23,112.35,USD
2026-07-01,Auvik,Ferrara IT Services LLC,ANM Essentials Evergreen,CMS,0.0,11.24,0.0,USD
2026-07-01,Auvik,Fireblade-IT,ANM Essentials - Evergreen,CW,50.0,9.84,491.78,USD
2026-07-01,Auvik,Fireblade-IT,ANM Essentials Evergreen,CW,112.0,9.84,1102.08,USD
2026-07-01,Auvik,First Equipment Company,ANM Essentials - Evergreen,CMS,75.0,8.8,660.24,USD
2026-07-01,Auvik,Fitzrovia I.T. Limited,EPRM-ANM-40 Auvik Essentials -- Committed,CMS,40.0,9.19,367.6,USD
2026-07-01,Auvik,Fitzrovia I.T. Limited,EPRM-ANM-40 Auvik Essentials -- Overage,CMS,46.0,9.19,422.74,USD
2026-07-01,Auvik,Five Rivers IT,ANM Essentials - Evergreen,CW,115.0,8.56,984.81,USD
2026-07-01,Auvik,Five Rivers IT,ANM Essentials Evergreen,CW,142.0,8.56,1215.52,USD
2026-07-01,Auvik,Flagship Lab Services LLC,ANM Essentials - Evergreen,CW,51.0,9.17,467.87,USD
2026-07-01,Auvik,Flagship Lab Services LLC,ANM Essentials Evergreen,CW,16.0,9.17,146.72,USD
2026-07-01,Auvik,Fluid IT Ltd,ANM Essentials - Evergreen,CMS,175.0,7.08,1239.47,USD
2026-07-01,Auvik,Fluid IT Ltd,ANM Essentials Evergreen,CMS,0.0,7.08,0.0,USD
2026-07-01,Auvik,Fluid IT Ltd,ANM Performance Add-Ons - Evergreen,CMS,1.0,5.88,5.88,USD
2026-07-01,Auvik,"Forthright Technology Partners, Inc.",ANM Essentials - Evergreen,CMS,10.0,11.23,112.35,USD
2026-07-01,Auvik,"Forthright Technology Partners, Inc.",ANM Essentials Evergreen,CMS,128.0,11.24,1438.72,USD
2026-07-01,Auvik,FoxNet Solutions,ANM Essentials - Evergreen,CW,100.0,6.74,674.37,USD
2026-07-01,Auvik,FoxNet Solutions,ANM Essentials Evergreen,CW,0.0,6.74,0.0,USD
2026-07-01,Auvik,FoxNet Solutions,ANM Performance Add-On Evergreen,CW,0.0,4.99,0.0,USD
2026-07-01,Auvik,FoxNet Solutions,ANM Performance Add-Ons - Evergreen,CW,33.0,4.99,164.64,USD
2026-07-01,Auvik,"Framework IT, LLC",ANM Essentials - Evergreen,CW,450.0,5.99,2697.05,USD
2026-07-01,Auvik,"Framework IT, LLC",ANM Essentials Evergreen,CW,8.0,5.99,47.92,USD
2026-07-01,Auvik,Frank Miller Lumber Company,ANM Essentials - Evergreen,CW,16.0,11.23,179.76,USD
2026-07-01,Auvik,Frank Miller Lumber Company,ANM Essentials Evergreen,CW,0.0,11.24,0.0,USD
2026-07-01,Auvik,GFI Digital,ANM Essentials - Evergreen,CW,125.0,7.49,936.69,USD
2026-07-01,Auvik,GFI Digital,ANM Essentials Evergreen,CW,0.0,7.49,0.0,USD
2026-07-01,Auvik,GURU,ANM Essentials - Evergreen,CMS,40.0,10.0,400.18,USD
2026-07-01,Auvik,GURU,ANM Essentials Evergreen,CMS,0.0,10.0,0.0,USD
2026-07-01,Auvik,Genesis BCS,ANM Essentials - Evergreen,CMS,10.0,11.23,112.35,USD
2026-07-01,Auvik,Gershow Recycling,ANM Full Performance - Evergreen,CW,45.0,16.52,743.44,USD
2026-07-01,Auvik,Gershow Recycling,ANM Full Performance Evergreen,CW,0.0,16.52,0.0,USD
2026-07-01,Auvik,GiaSpace Inc,ANM Essentials - Evergreen,CMS,42.0,9.36,393.31,USD
2026-07-01,Auvik,GiaSpace Inc,ANM Essentials Evergreen,CMS,0.0,9.36,0.0,USD
2026-07-01,Auvik,Glenbrook Automotive,ANM Essentials - Evergreen,CW,114.0,7.35,837.9,USD
2026-07-01,Auvik,Glenbrook Automotive,ANM Essentials Evergreen,CW,0.0,7.35,0.0,USD
2026-07-01,Auvik,Glenbrook Automotive,ANM Performance Add-On Evergreen,CW,0.0,4.76,0.0,USD
2026-07-01,Auvik,Glenbrook Automotive,ANM Performance Add-Ons - Evergreen,CW,100.0,4.76,476.0,USD
2026-07-01,Auvik,Golden West Technologies,ANM Essentials,CW,202.0,7.56,1527.12,USD
2026-07-01,Auvik,Gordon Flesch Company,ANM Essentials - Evergreen,CMS,10.0,11.23,112.35,USD
2026-07-01,Auvik,Greystone Technology,Licenses,CMS,40.0,10.5,420.0,USD
2026-07-01,Auvik,Greystone Technology,Usage - Licenses,CMS,13.0,10.5,136.5,USD
2026-07-01,Auvik,Grid4 Communications,ANM Essentials - Evergreen,CW,60.0,8.62,516.94,USD
2026-07-01,Auvik,Grid4 Communications,ANM Essentials Evergreen,CW,36.0,8.62,310.32,USD
2026-07-01,Auvik,Grid4 Communications,ANM Performance Add-On Evergreen,CW,12.0,6.11,73.32,USD
2026-07-01,Auvik,Grid4 Communications,Free of Charge,CW,0.0,0.0,0.0,USD
2026-07-01,Auvik,H5 Networks,ANM Essentials - Evergreen,CW,20.0,11.23,224.7,USD
2026-07-01,Auvik,H5 Networks,ANM Essentials Evergreen,CW,12.0,11.24,134.88,USD
2026-07-01,Auvik,H5 Networks,ANM Performance Add-On Evergreen,CW,12.0,7.49,89.88,USD
2026-07-01,Auvik,H5 Networks,ANM Performance Add-Ons - Evergreen,CW,20.0,7.49,149.8,USD
2026-07-01,Auvik,HUB Tech,ANM Essentials - Evergreen,CMS,500.0,5.51,2753.75,USD
2026-07-01,Auvik,HUB Tech,ANM Essentials Evergreen,CMS,191.0,5.51,1052.41,USD
2026-07-01,Auvik,HUB Tech,ANM Performance Add-On Evergreen,CMS,691.0,3.85,2660.35,USD
2026-07-01,Auvik,Harbor IT,ANM Essentials - Evergreen,CW,1000.0,4.72,4718.0,USD
2026-07-01,Auvik,Harbor IT,ANM Essentials Evergreen,CW,1300.0,4.72,6136.0,USD
2026-07-01,Auvik,Harbor IT,ANM Performance Add-On Evergreen,CW,1006.0,2.55,2565.3,USD
2026-07-01,Auvik,Harris Technology Services,ANM Essentials - Evergreen,CW,40.0,9.84,393.42,USD
2026-07-01,Auvik,Harris Technology Services,ANM Essentials Evergreen,CW,68.0,9.84,669.12,USD
2026-07-01,Auvik,Hashtech Managed IT Services,ANM Essentials - Evergreen,CMS,10.0,11.23,112.35,USD
2026-07-01,Auvik,HillSouth,ANM Essentials - Evergreen,CMS,175.0,7.7,1347.96,USD
2026-07-01,Auvik,HillSouth,ANM Essentials Evergreen,CMS,70.0,7.7,539.0,USD
2026-07-01,Auvik,HillSouth,ANM Performance Add-Ons - Evergreen,CMS,1.0,5.88,5.88,USD
2026-07-01,Auvik,"Home Legend, LLC",ANM Essentials - Evergreen,CW,13.0,11.24,146.06,USD
2026-07-01,Auvik,"Home Legend, LLC",ANM Essentials Evergreen,CW,0.0,11.24,0.0,USD
2026-07-01,Auvik,"Home Legend, LLC",ANM Performance Add-On Evergreen,CW,0.0,7.49,0.0,USD
2026-07-01,Auvik,"Home Legend, LLC",ANM Performance Add-Ons - Evergreen,CW,13.0,7.49,97.37,USD
2026-07-01,Auvik,Huber & Associates MSP,ANM Essentials - Evergreen,CW,832.0,5.1,4239.87,USD
2026-07-01,Auvik,Huber & Associates MSP,ANM Essentials Evergreen,CW,47.0,5.1,239.7,USD
2026-07-01,Auvik,Huber & Associates MSP,ANM Performance Add-On Evergreen,CW,1.0,2.96,2.96,USD
2026-07-01,Auvik,Huber & Associates MSP,ANM Performance Add-Ons - Evergreen,CW,61.0,2.96,180.62,USD
2026-07-01,Auvik,IMC Technologies,ANM Essentials - Evergreen,CW,10.0,11.23,112.35,USD
2026-07-01,Auvik,IMC Technologies,ANM Essentials Evergreen,CW,0.0,11.24,0.0,USD
2026-07-01,Auvik,IPro Media,ANM Essentials - Evergreen,CW,500.0,5.51,2753.75,USD
2026-07-01,Auvik,IPro Media,ANM Essentials Evergreen,CW,0.0,5.51,0.0,USD
2026-07-01,Auvik,ISG,ANM Essentials - Evergreen,CW,790.0,5.12,4042.75,USD
2026-07-01,Auvik,ISG,ANM Essentials Evergreen,CW,191.0,5.12,977.92,USD
2026-07-01,Auvik,ISG,ANM Performance Add-On Evergreen,CW,31.0,2.96,91.76,USD
2026-07-01,Auvik,ISG,ANM Performance Add-Ons - Evergreen,CW,49.0,2.96,144.83,USD
2026-07-01,Auvik,ISOutsource,ANM Essentials,CW,100.0,7.35,735.0,USD
2026-07-01,Auvik,ISOutsource,Auvik SaaS Management,CW,500.0,0.91,455.0,USD
2026-07-01,Auvik,In-Telecom Consulting,ANM Essentials - Evergreen,CMS,500.0,5.99,2994.19,USD
2026-07-01,Auvik,In-Telecom Consulting,ANM Essentials Evergreen,CMS,119.0,5.99,712.81,USD
2026-07-01,Auvik,In-Telecom Consulting,ANM Performance Add-On Evergreen,CMS,40.0,4.28,171.2,USD
2026-07-01,Auvik,In-Telecom Consulting,ANM Performance Add-Ons - Evergreen,CMS,1.0,4.28,4.28,USD
2026-07-01,Auvik,Indian River Networks,ANM Essentials - Evergreen,CW,40.0,9.36,374.58,USD
2026-07-01,Auvik,Indian River Networks,ANM Essentials Evergreen,CW,26.0,9.36,243.36,USD
2026-07-01,Auvik,Indian River Networks,ANM Performance Add-Ons - Evergreen,CW,7.0,6.11,42.75,USD
2026-07-01,Auvik,Indian River Networks,Free of Charge,CW,0.0,0.0,0.0,USD
2026-07-01,Auvik,Infinit Technology Solutions,ANM Essentials - Evergreen,CW,125.0,8.97,1121.19,USD
2026-07-01,Auvik,Infinit Technology Solutions,ANM Essentials Evergreen,CW,20.0,8.97,179.4,USD
2026-07-01,Auvik,Infinity Technology Consulting Inc,ANM Essentials - Evergreen,CMS,10.0,11.23,112.35,USD
2026-07-01,Auvik,Infinity Technology Consulting Inc,ANM Essentials Evergreen,CMS,7.0,11.24,78.68,USD
2026-07-01,Auvik,"Infotec I, Inc.",ANM Essentials,CMS,250.0,6.72,1680.0,USD
2026-07-01,Auvik,"Infotec I, Inc.",ANM Performance Add-on,CMS,113.0,4.0,452.0,USD
2026-07-01,Auvik,Insight Technical Advisors,ANM Essentials,CW,20.0,10.5,210.0,USD
2026-07-01,Auvik,Insight Technical Advisors,ANM Performance Add-Ons,CW,1.0,7.0,7.0,USD
2026-07-01,Auvik,Intalect Ltd,ANM Essentials - Evergreen,CMS,20.0,11.23,224.7,USD
2026-07-01,Auvik,Intalect Ltd,ANM Essentials Evergreen,CMS,6.0,11.24,67.44,USD
2026-07-01,Auvik,IntegraTek Consulting,ANM Essentials - Evergreen,CMS,10.0,12.84,128.4,USD
2026-07-01,Auvik,"Intelligent Protection, LLC dba IPM Corp",ANM Essentials - Evergreen,CW,200.0,7.08,1415.4,USD
2026-07-01,Auvik,"Intelligent Protection, LLC dba IPM Corp",ANM Essentials Evergreen,CW,53.0,7.08,375.24,USD
2026-07-01,Auvik,"Intelligent Protection, LLC dba IPM Corp",ANM Performance Add-On Evergreen,CW,175.0,4.31,754.25,USD
2026-07-01,Auvik,"Intelligent Protection, LLC dba IPM Corp",ANM Performance Add-Ons - Evergreen,CW,45.0,4.31,193.73,USD
2026-07-01,Auvik,"Intrinsic Technology Group, Inc.",ANM Essentials - Evergreen,CW,500.0,5.5,2751.0,USD
2026-07-01,Auvik,"Intrinsic Technology Group, Inc.",ANM Essentials Evergreen,CW,0.0,5.5,0.0,USD
2026-07-01,Auvik,"Intrinsic Technology Group, Inc.",ANM Performance Add-On Evergreen,CW,22.0,3.14,69.08,USD
2026-07-01,Auvik,Itek Systems Management Ltd,ANM Essentials - Evergreen,CMS,10.0,11.23,112.35,USD
2026-07-01,Auvik,Itek Systems Management Ltd,ANM Essentials Evergreen,CMS,14.0,11.24,157.36,USD
2026-07-01,Auvik,Jungle IT,ANM Essentials - Evergreen,CW,411.0,6.29,2586.42,USD
2026-07-01,Auvik,Jungle IT,ANM Essentials Evergreen,CW,19.0,6.29,119.51,USD
2026-07-01,Auvik,Jungle IT,ANM Performance Add-On Evergreen,CW,0.0,3.75,0.0,USD
2026-07-01,Auvik,Jungle IT,ANM Performance Add-Ons - Evergreen,CW,411.0,3.75,1539.2,USD
2026-07-01,Auvik,Kalmer Solutions,ANM Essentials - Evergreen,CW,108.0,7.87,849.74,USD
2026-07-01,Auvik,Kalmer Solutions,ANM Essentials Evergreen,CW,0.0,7.87,0.0,USD
2026-07-01,Auvik,Kalmer Solutions,ANM Performance Add-On Evergreen,CW,0.0,5.24,0.0,USD
2026-07-01,Auvik,Kalmer Solutions,ANM Performance Add-Ons - Evergreen,CW,45.0,5.24,235.58,USD
2026-07-01,Auvik,Keen IT Services,ANM Essentials - Evergreen,CW,40.0,9.36,374.58,USD
2026-07-01,Auvik,Keen IT Services,ANM Essentials Evergreen,CW,7.0,9.36,65.52,USD
2026-07-01,Auvik,Kelley Create,ANM Essentials - Evergreen,CMS,40.0,9.84,393.42,USD
2026-07-01,Auvik,Kelser Corporation,ANM Essentials - Evergreen,CMS,250.0,7.19,1798.07,USD
2026-07-01,Auvik,Kelser Corporation,ANM Essentials Evergreen,CMS,3.0,7.19,21.57,USD
2026-07-01,Auvik,Kelser Corporation,ANM Performance Add-On Evergreen,CMS,24.0,5.08,121.92,USD
2026-07-01,Auvik,Kelser Corporation,ANM Performance Add-Ons - Evergreen,CMS,1.0,5.08,5.08,USD
2026-07-01,Auvik,Kent School District in WA state,ANM Essentials,CW,700.0,4.35,3043.27,USD
2026-07-01,Auvik,Kent School District in WA state,ANM Performance Add-Ons,CW,700.0,2.35,1646.4,USD
2026-07-01,Auvik,Kent School District in WA state,ANM Performance Add-on,CW,0.0,2.35,0.0,USD
2026-07-01,Auvik,Kilobytes Data Solutions Inc,ANM Essentials - Evergreen,CMS,75.0,8.65,648.45,USD
2026-07-01,Auvik,"Kraft & Kennedy, Inc.",ANM Essentials - Evergreen,CW,500.0,5.6,2800.0,USD
2026-07-01,Auvik,"Kraft & Kennedy, Inc.",ANM Essentials Evergreen,CW,160.0,5.6,896.0,USD
2026-07-01,Auvik,"Kraft & Kennedy, Inc.",Auvik SaaS Management - Evergreen,CW,2000.0,0.63,1260.0,USD
2026-07-01,Auvik,"Kraft & Kennedy, Inc.",Auvik SaaS Management Evergreen,CW,755.0,0.63,475.65,USD
2026-07-01,Auvik,Krueger Communications,ANM Essentials - Evergreen,CW,100.0,7.49,749.35,USD
2026-07-01,Auvik,Krueger Communications,ANM Essentials Evergreen,CW,28.0,7.49,209.72,USD
2026-07-01,Auvik,Krueger Communications,Free of Charge,CW,0.0,0.0,0.0,USD
2026-07-01,Auvik,Lake Business Products,ANM Essentials - Evergreen,CMS,10.0,11.23,112.35,USD
2026-07-01,Auvik,"Lead-In Technologies, Inc.",ANM Essentials - Evergreen,CMS,10.0,11.23,112.35,USD
2026-07-01,Auvik,"Lead-In Technologies, Inc.",ANM Essentials Evergreen,CMS,0.0,11.24,0.0,USD
2026-07-01,Auvik,"Leading Edge Solutions, Inc.",ANM Essentials - Evergreen,CW,40.0,9.81,392.56,USD
2026-07-01,Auvik,LeadingIT,ANM Essentials - Evergreen,CMS,250.0,7.19,1798.35,USD
2026-07-01,Auvik,LeadingIT,ANM Essentials Evergreen,CMS,0.0,7.19,0.0,USD
2026-07-01,Auvik,Liberty Maritime,ANM Essentials - Evergreen,CW,20.0,11.23,224.7,USD
2026-07-01,Auvik,Liberty Maritime,ANM Essentials Evergreen,CW,15.0,11.24,168.6,USD
2026-07-01,Auvik,"Lieberman Technologies, LLC",ERM-ANM-75 Auvik Essentials -- Committed,CW,75.0,8.65,648.38,USD
2026-07-01,Auvik,Lincoln Computer Services,ANM Essentials - Evergreen,CW,500.0,5.5,2751.0,USD
2026-07-01,Auvik,Lincoln Computer Services,ANM Essentials Evergreen,CW,84.0,5.5,462.0,USD
2026-07-01,Auvik,Lincoln Computer Services,ANM Performance Add-On Evergreen,CW,84.0,3.14,263.76,USD
2026-07-01,Auvik,Lincoln Computer Services,ANM Performance Add-Ons - Evergreen,CW,374.0,3.14,1175.48,USD
2026-07-01,Auvik,Liquid Pear Technologies,ANM Essentials - Evergreen,CW,12.0,13.97,167.7,USD
2026-07-01,Auvik,Liquid Pear Technologies,ANM Essentials Evergreen,CW,0.0,13.98,0.0,USD
2026-07-01,Auvik,Louisville Geek,ANM Essentials - Evergreen,CW,250.0,6.29,1573.25,USD
2026-07-01,Auvik,Louisville Geek,ANM Essentials Evergreen,CW,24.0,6.29,150.96,USD
2026-07-01,Auvik,Louisville Geek,ANM Performance Add-On Evergreen,CW,20.0,3.75,75.0,USD
2026-07-01,Auvik,Louisville Geek,ANM Performance Add-Ons - Evergreen,CW,250.0,3.75,936.25,USD
2026-07-01,Auvik,Louisville Geek,Auvik SaaS Management - Evergreen,CW,108.0,1.57,170.1,USD
2026-07-01,Auvik,Louisville Geek,Auvik SaaS Management Evergreen,CW,44.0,1.58,69.52,USD
2026-07-01,Auvik,MKMX Computer Solutions,ANM Essentials - Evergreen,CW,10.0,11.23,112.35,USD
2026-07-01,Auvik,MKMX Computer Solutions,ANM Essentials Evergreen,CW,0.0,11.24,0.0,USD
2026-07-01,Auvik,Madison Commercial Real Estate Services,ANM Essentials - Evergreen,CW,30.0,11.23,337.05,USD
2026-07-01,Auvik,Madison Commercial Real Estate Services,ANM Essentials Evergreen,CW,33.0,11.24,370.92,USD
2026-07-01,Auvik,Mainframe IT LLC,ANM Essentials - Evergreen,CMS,20.0,11.23,224.7,USD
2026-07-01,Auvik,Mainframe IT LLC,ANM Essentials Evergreen,CMS,0.0,11.24,0.0,USD
2026-07-01,Auvik,Marcum Technology MSP,ANM Essentials - Evergreen,CW,250.0,6.29,1573.25,USD
2026-07-01,Auvik,Marcum Technology MSP,ANM Essentials Evergreen,CW,259.0,6.29,1629.11,USD
2026-07-01,Auvik,Matrix Integration,ANM Essentials - Evergreen,CW,100.0,7.49,749.35,USD
2026-07-01,Auvik,Matrix Integration,ANM Essentials Evergreen,CW,0.0,7.49,0.0,USD
2026-07-01,Auvik,Matrix Integration,ANM Performance Add-On Evergreen,CW,0.0,4.99,0.0,USD
2026-07-01,Auvik,Matrix Integration,ANM Performance Add-Ons - Evergreen,CW,18.0,4.99,89.8,USD
2026-07-01,Auvik,"Maureen Data Systems, Inc.",ANM Essentials - Evergreen,CMS,40.0,9.84,393.42,USD
2026-07-01,Auvik,"Maureen Data Systems, Inc.",ANM Essentials Evergreen,CMS,0.0,9.84,0.0,USD
2026-07-01,Auvik,Max Communications Inc.,ANM Essentials - Evergreen,CW,40.0,9.36,374.58,USD
2026-07-01,Auvik,Max Communications Inc.,ANM Essentials Evergreen,CW,0.0,9.36,0.0,USD
2026-07-01,Auvik,Maxsum Consulting,ANM Essentials - Evergreen,CW,46.0,9.36,430.77,USD
2026-07-01,Auvik,Maxsum Consulting,ANM Essentials Evergreen,CW,63.0,9.36,589.68,USD
2026-07-01,Auvik,McLane Intelligent Solutions,ANM Essentials - Evergreen,CMS,250.0,6.85,1713.27,USD
2026-07-01,Auvik,McLane Intelligent Solutions,ANM Essentials Evergreen,CMS,0.0,6.85,0.0,USD
2026-07-01,Auvik,McLane Intelligent Solutions,ANM Performance Add-On Evergreen,CMS,35.0,3.75,131.25,USD
2026-07-01,Auvik,"Meritech, Inc.",ANM Essentials - Evergreen,CMS,40.0,9.84,393.42,USD
2026-07-01,Auvik,"Meritech, Inc.",ANM Essentials Evergreen,CMS,0.0,9.84,0.0,USD
2026-07-01,Auvik,Milner Technologies,ANM Essentials - Evergreen,CW,250.0,6.29,1573.25,USD
2026-07-01,Auvik,Milner Technologies,ANM Essentials Evergreen,CW,0.0,6.29,0.0,USD
2026-07-01,Auvik,Modtech,ANM Essentials - Evergreen,CW,15.0,11.24,168.53,USD
2026-07-01,Auvik,Modtech,ANM Essentials Evergreen,CW,0.0,11.24,0.0,USD
2026-07-01,Auvik,MyConnectSolutions,ANM Essentials,CW,12.0,10.5,126.0,USD
2026-07-01,Auvik,MyConnectSolutions,Auvik SaaS Management,CW,50.0,2.1,105.0,USD
2026-07-01,Auvik,Nauticon,ANM Essentials - Evergreen,CW,151.0,7.03,1060.94,USD
2026-07-01,Auvik,Nauticon,ANM Essentials Evergreen,CW,0.0,7.03,0.0,USD
2026-07-01,Auvik,Net@Work,ANM Essentials - Evergreen,CW,550.0,5.24,2882.06,USD
2026-07-01,Auvik,Net@Work,ANM Essentials Evergreen,CW,27.0,5.24,141.48,USD
2026-07-01,Auvik,"NetSource One, Inc.",ANM Essentials - Evergreen,CMS,500.0,6.29,3147.14,USD
2026-07-01,Auvik,"NetSource One, Inc.",ANM Essentials Evergreen,CMS,0.0,6.29,0.0,USD
2026-07-01,Auvik,Netcetera Consulting,ANM Essentials - Evergreen,CW,140.0,7.87,1101.52,USD
2026-07-01,Auvik,Netcetera Consulting,ANM Essentials Evergreen,CW,52.0,7.87,409.24,USD
2026-07-01,Auvik,Netropole Inc.,ANM Essentials - Evergreen,CMS,17.0,11.24,191.0,USD
2026-07-01,Auvik,Network Bridge Solutions Ltd,ANM Essentials - Evergreen,CW,40.0,9.36,374.58,USD
2026-07-01,Auvik,Network Bridge Solutions Ltd,ANM Essentials Evergreen,CW,0.0,9.36,0.0,USD
2026-07-01,Auvik,Network Bridge Solutions Ltd,ANM Performance Add-Ons - Evergreen,CW,2.0,6.11,12.22,USD
2026-07-01,Auvik,Networking Technologies,ANM Full Performance - Evergreen,CW,250.0,10.31,2578.0,USD
2026-07-01,Auvik,Networking Technologies,ANM Full Performance Evergreen,CW,78.0,10.31,804.18,USD
2026-07-01,Auvik,NewGen Administrative Services,ANM Essentials,CW,282.0,5.38,1517.21,USD
2026-07-01,Auvik,NewGen Administrative Services,ANM Performance Add-Ons,CW,268.0,3.2,857.61,USD
2026-07-01,Auvik,North State Bank,PRM-ANM-40 Auvik Performance -- Committed,CW,42.0,15.44,648.48,USD
2026-07-01,Auvik,North State Bank,PRM-ANM-40 Auvik Performance -- Overage,CW,7.0,15.44,108.08,USD
2026-07-01,Auvik,North State Bank,RM - ASM - 250 - Committed,CW,270.0,1.05,283.5,USD
2026-07-01,Auvik,North State Bank,RM - ASM - 250 - Overage,CW,0.0,1.05,0.0,USD
2026-07-01,Auvik,Novatech,ANM Essentials - Evergreen,CMS,500.0,6.29,3146.14,USD
2026-07-01,Auvik,Novatech,ANM Essentials Evergreen,CMS,45.0,6.29,283.05,USD
2026-07-01,Auvik,Ockers,ANM Essentials - Evergreen,CMS,175.0,8.09,1415.58,USD
2026-07-01,Auvik,Ockers,ANM Essentials Evergreen,CMS,0.0,8.09,0.0,USD
2026-07-01,Auvik,"Omni Data, LLC",ANM Full Performance - Evergreen,CMS,500.0,7.41,3703.86,USD
2026-07-01,Auvik,"Omni Data, LLC",ANM Full Performance Evergreen,CMS,118.0,7.41,874.38,USD
2026-07-01,Auvik,"On Line Support, Inc.",ANM Essentials - Evergreen,CW,59.0,9.36,552.51,USD
2026-07-01,Auvik,"On Line Support, Inc.",ANM Essentials Evergreen,CW,53.0,9.36,496.08,USD
2026-07-01,Auvik,OnPar Technologies,ANM Essentials - Evergreen,CW,120.0,7.87,944.16,USD
2026-07-01,Auvik,OnPar Technologies,ANM Essentials Evergreen,CW,0.0,7.87,0.0,USD
2026-07-01,Auvik,Ontech Systems,ANM Essentials - Evergreen,CMS,100.0,7.87,786.8,USD
2026-07-01,Auvik,Ontech Systems,ANM Essentials Evergreen,CMS,22.0,7.87,173.14,USD
2026-07-01,Auvik,Original Consultants Ltd,ANM Essentials - Evergreen,CW,150.0,7.87,1180.2,USD
2026-07-01,Auvik,Original Consultants Ltd,ANM Essentials Evergreen,CW,0.0,7.87,0.0,USD
2026-07-01,Auvik,Oryx Align Limited,ANM Essentials - Evergreen,CW,2000.0,3.65,7297.36,USD
2026-07-01,Auvik,Oryx Align Limited,ANM Essentials Evergreen,CW,59.0,3.65,215.35,USD
2026-07-01,Auvik,PCnet (Syntrio),ANM Essentials - Evergreen,CMS,500.0,6.29,3144.12,USD
2026-07-01,Auvik,PCnet (Syntrio),ANM Essentials Evergreen,CMS,196.0,6.29,1232.84,USD
2026-07-01,Auvik,PTS Datacenter Solutions,EPRM-ANM-40 Auvik Essentials -- Committed,CMS,40.0,9.19,367.6,USD
2026-07-01,Auvik,PTS Datacenter Solutions,EPRM-ANM-40 Auvik Essentials -- Overage,CMS,47.0,9.19,431.93,USD
2026-07-01,Auvik,PTS Datacenter Solutions,PARM-ANM-40 Auvik Performance Add On -- Overage,CMS,15.0,6.25,93.75,USD
2026-07-01,Auvik,Pacific Office Automation,ANM Essentials - Evergreen,CW,165.0,7.49,1236.42,USD
2026-07-01,Auvik,Pacific Office Automation,ANM Essentials Evergreen,CW,46.0,7.49,344.54,USD
2026-07-01,Auvik,Panurgy,ANM Essentials - Evergreen,CMS,10.0,11.23,112.35,USD
2026-07-01,Auvik,Panurgy,ANM Essentials Evergreen,CMS,30.0,11.24,337.2,USD
2026-07-01,Auvik,Paradyn,ANM Essentials - Evergreen,CMS,40.0,9.36,374.58,USD
2026-07-01,Auvik,Paradyn,ANM Essentials Evergreen,CMS,0.0,9.36,0.0,USD
2026-07-01,Auvik,Pine Cove Consulting,ANM Essentials - Evergreen,CW,635.0,5.51,3497.26,USD
2026-07-01,Auvik,Pine Cove Consulting,ANM Essentials Evergreen,CW,0.0,5.51,0.0,USD
2026-07-01,Auvik,Pine Cove Consulting,ANM Performance Add-On Evergreen,CW,0.0,3.14,0.0,USD
2026-07-01,Auvik,Pine Cove Consulting,ANM Performance Add-Ons - Evergreen,CW,408.0,3.14,1282.34,USD
2026-07-01,Auvik,Pine Cove Consulting,Auvik SaaS Management - Evergreen,CW,100.0,1.57,157.5,USD
2026-07-01,Auvik,Pine Cove Consulting,Auvik SaaS Management Evergreen,CW,0.0,1.58,0.0,USD
2026-07-01,Auvik,Plains Internet DBA CPU Onsite,ANM Essentials - Evergreen,CMS,40.0,9.84,393.42,USD
2026-07-01,Auvik,Platinum Technology,ANM Essentials - Evergreen,CW,15.0,11.24,168.53,USD
2026-07-01,Auvik,Platinum Technology,ANM Essentials Evergreen,CW,11.0,11.24,123.64,USD
2026-07-01,Auvik,Platinum Technology,ANM Performance Add-Ons - Evergreen,CW,15.0,8.05,120.75,USD
2026-07-01,Auvik,"Praxis Computing, Inc.",ANM Essentials - Evergreen,CW,45.0,9.36,421.4,USD
2026-07-01,Auvik,"Praxis Computing, Inc.",ANM Essentials Evergreen,CW,0.0,9.36,0.0,USD
2026-07-01,Auvik,Premier Technologies,ANM Essentials - Evergreen,CMS,175.0,7.08,1239.47,USD
2026-07-01,Auvik,Premier Technologies,ANM Essentials Evergreen,CMS,56.0,7.08,396.48,USD
2026-07-01,Auvik,ProServeIT,ANM Essentials - Evergreen,CMS,250.0,5.99,1498.36,USD
2026-07-01,Auvik,ProServeIT,ANM Essentials Evergreen,CMS,0.0,5.99,0.0,USD
2026-07-01,Auvik,ProTech Systems Group Inc.,ANM Essentials - Evergreen,CW,116.0,7.49,869.24,USD
2026-07-01,Auvik,Proven IT,ANM Essentials - Evergreen,CW,1500.0,6.3,9450.0,USD
2026-07-01,Auvik,Proven IT,ANM Essentials Evergreen,CW,0.0,6.3,0.0,USD
2026-07-01,Auvik,"Pyramid Consulting, Inc.",ANM Essentials - Evergreen,CW,50.0,9.84,491.78,USD
2026-07-01,Auvik,"Pyramid Consulting, Inc.",ANM Essentials Evergreen,CW,0.0,9.84,0.0,USD
2026-07-01,Auvik,"Pyramid Consulting, Inc.",ANM Performance Add-On Evergreen,CW,0.0,6.69,0.0,USD
2026-07-01,Auvik,"Pyramid Consulting, Inc.",ANM Performance Add-Ons - Evergreen,CW,50.0,6.69,334.27,USD
2026-07-01,Auvik,Quantified IT,ANM Essentials - Evergreen,CW,250.0,6.85,1712.33,USD
2026-07-01,Auvik,Quantified IT,ANM Essentials Evergreen,CW,0.0,6.85,0.0,USD
2026-07-01,Auvik,Quantified IT,Auvik SaaS Management - Evergreen,CW,250.0,1.44,360.01,USD
2026-07-01,Auvik,R-Computer,ANM Essentials - Evergreen,CW,22.0,11.23,247.17,USD
2026-07-01,Auvik,R-Computer,ANM Essentials Evergreen,CW,0.0,11.24,0.0,USD
2026-07-01,Auvik,R-Computer,Free of Charge,CW,0.0,0.0,0.0,USD
2026-07-01,Auvik,RAM Contracting,ANM Essentials - Evergreen,CW,24.0,11.23,269.64,USD
2026-07-01,Auvik,RAM Contracting,ANM Essentials Evergreen,CW,5.0,11.24,56.2,USD
2026-07-01,Auvik,"RMON Networks, Inc",ANM Essentials - Evergreen,CMS,250.0,7.19,1798.07,USD
2026-07-01,Auvik,"RMON Networks, Inc",ANM Essentials Evergreen,CMS,0.0,7.19,0.0,USD
2026-07-01,Auvik,Ratcliff IT,ANM Essentials - Evergreen,CMS,40.0,9.81,392.56,USD
2026-07-01,Auvik,Ratcliff IT,ANM Essentials Evergreen,CMS,0.0,9.81,0.0,USD
2026-07-01,Auvik,Ravitron,ANM Essentials - Evergreen,CW,10.0,11.23,112.35,USD
2026-07-01,Auvik,Ravitron,ANM Essentials Evergreen,CW,4.0,11.24,44.96,USD
2026-07-01,Auvik,Ray Morgan Company,ANM Essentials - Evergreen,CMS,250.0,6.29,1573.25,USD
2026-07-01,Auvik,Ray Morgan Company,ANM Essentials Evergreen,CMS,83.0,6.29,522.07,USD
2026-07-01,Auvik,Reinert Consulting Group,ANM Essentials - Evergreen,CW,10.0,11.23,112.35,USD
2026-07-01,Auvik,Reinert Consulting Group,ANM Essentials Evergreen,CW,19.0,11.24,213.56,USD
2026-07-01,Auvik,Reinert Consulting Group,Auvik SaaS Management - Evergreen,CW,250.0,1.26,315.0,USD
2026-07-01,Auvik,Reinert Consulting Group,Auvik SaaS Management Evergreen,CW,14.0,1.26,17.64,USD
2026-07-01,Auvik,Reinert Consulting Group,Free of Charge,CW,0.0,0.0,0.0,USD
2026-07-01,Auvik,Renaissance Systems Inc.,ANM Essentials - Evergreen,CW,14.0,11.23,157.29,USD
2026-07-01,Auvik,Renaissance Systems Inc.,ANM Essentials Evergreen,CW,14.0,11.24,157.36,USD
2026-07-01,Auvik,Renaissance Systems Inc.,ANM Performance Add-On Evergreen,CW,0.0,7.49,0.0,USD
2026-07-01,Auvik,Renaissance Systems Inc.,ANM Performance Add-Ons - Evergreen,CW,14.0,7.49,104.86,USD
2026-07-01,Auvik,Resolution IT,ANM Essentials - Evergreen,CMS,10.0,11.23,112.35,USD
2026-07-01,Auvik,Ridgewall Ltd,ANM Essentials - Evergreen,CW,100.0,6.37,636.91,USD
2026-07-01,Auvik,Ridgewall Ltd,ANM Essentials Evergreen,CW,0.0,6.37,0.0,USD
2026-07-01,Auvik,Ridgewall Ltd,ANM Performance Add-Ons - Evergreen,CW,100.0,4.25,425.01,USD
2026-07-01,Auvik,RockIT Consulting LLC,ANM Essentials,CMS,20.0,10.5,210.0,USD
2026-07-01,Auvik,RockIT Consulting LLC,ANM Performance Add-Ons,CMS,1.0,7.0,7.0,USD
2026-07-01,Auvik,RockIT Consulting LLC,ANM Performance Add-on,CMS,0.0,7.0,0.0,USD
2026-07-01,Auvik,Roebuck Technologies,ANM Essentials - Evergreen,CMS,40.0,9.36,374.58,USD
2026-07-01,Auvik,Roebuck Technologies,ANM Essentials Evergreen,CMS,72.0,9.36,673.92,USD
2026-07-01,Auvik,Roebuck Technologies,Auvik SaaS Management - Evergreen,CMS,250.0,1.35,337.05,USD
2026-07-01,Auvik,Roebuck Technologies,Auvik SaaS Management Evergreen,CMS,0.0,1.35,0.0,USD
2026-07-01,Auvik,"Ronin Consulting Services, LLC",ANM Essentials - Evergreen,CMS,10.0,11.23,112.35,USD
2026-07-01,Auvik,"Ronin Consulting Services, LLC",ANM Essentials Evergreen,CMS,0.0,11.24,0.0,USD
2026-07-01,Auvik,Rosebud Mining Company,ANM Essentials - Evergreen,CW,130.0,7.49,974.15,USD
2026-07-01,Auvik,Rosebud Mining Company,ANM Essentials Evergreen,CW,39.0,7.49,292.11,USD
2026-07-01,Auvik,Rosebud Mining Company,ANM Performance Add-On Evergreen,CW,39.0,4.87,189.93,USD
2026-07-01,Auvik,Rosebud Mining Company,ANM Performance Add-Ons - Evergreen,CW,130.0,4.87,633.26,USD
2026-07-01,Auvik,Rutter Networking Technologies,EPRM-ANM-100 Auvik Essentials -- Committed,CW,144.0,6.62,953.28,USD
2026-07-01,Auvik,Rutter Networking Technologies,EPRM-ANM-100 Auvik Essentials -- Overage,CW,0.0,6.62,0.0,USD
2026-07-01,Auvik,Rutter Networking Technologies,PARM-ANM-100 Auvik Performance Add On,CW,22.0,4.78,105.16,USD
2026-07-01,Auvik,Rutter Networking Technologies,PARM-ANM-100 Auvik Performance Add On -- Overage,CW,0.0,4.78,0.0,USD
2026-07-01,Auvik,SECUR-SERV INC.,ANM Essentials,CMS,723.0,5.88,4251.24,USD
2026-07-01,Auvik,SECUR-SERV INC.,ANM Performance Add-Ons,CMS,500.0,3.36,1680.0,USD
2026-07-01,Auvik,SECUR-SERV INC.,ANM Performance Add-on,CMS,0.0,3.36,0.0,USD
2026-07-01,Auvik,SSE Holding LLC,ANM Full Performance - Evergreen,CW,100.0,11.4,1140.36,USD
2026-07-01,Auvik,SSE Holding LLC,ANM Full Performance Evergreen,CW,0.0,11.4,0.0,USD
2026-07-01,Auvik,Salco Solutions Group,ANM Essentials - Evergreen,CMS,40.0,10.7,428.09,USD
2026-07-01,Auvik,Salco Solutions Group,ANM Essentials Evergreen,CMS,12.0,10.7,128.4,USD
2026-07-01,Auvik,Salco Solutions Group,ANM Performance Add-Ons - Evergreen,CMS,10.0,7.27,72.74,USD
2026-07-01,Auvik,Sedona Technologies,ANM Essentials - Evergreen,CMS,250.0,7.19,1798.07,USD
2026-07-01,Auvik,Sedona Technologies,ANM Essentials Evergreen,CMS,417.0,7.19,2998.23,USD
2026-07-01,Auvik,Sedona Technologies,ANM Performance Add-On Evergreen,CMS,117.0,4.32,505.44,USD
2026-07-01,Auvik,Servall Canada Incorporated,ANM Essentials - Evergreen,CMS,10.0,11.23,112.35,USD
2026-07-01,Auvik,Servcom USA,ANM Essentials - Evergreen,CMS,100.0,7.87,786.8,USD
2026-07-01,Auvik,Servcom USA,ANM Essentials Evergreen,CMS,28.0,7.87,220.36,USD
2026-07-01,Auvik,Serverli Inc,ANM Essentials,CMS,10.0,10.5,105.0,USD
2026-07-01,Auvik,Serverli Inc,ANM Performance Add-Ons,CMS,10.0,7.0,70.0,USD
2026-07-01,Auvik,Serverli Inc,ANM Performance Add-on,CMS,0.0,7.0,0.0,USD
2026-07-01,Auvik,Shield Watch IT Services,ANM Essentials - Evergreen,CW,237.0,7.08,1677.25,USD
2026-07-01,Auvik,Shield Watch IT Services,ANM Essentials Evergreen,CW,0.0,7.08,0.0,USD
2026-07-01,Auvik,Silverbug Ltd,ANM Essentials - Evergreen,CW,167.0,7.87,1313.96,USD
2026-07-01,Auvik,Silverbug Ltd,ANM Essentials Evergreen,CW,212.0,7.87,1668.44,USD
2026-07-01,Auvik,Silverbug Ltd,ANM Performance Add-On Evergreen,CW,0.0,5.1,0.0,USD
2026-07-01,Auvik,Silverbug Ltd,ANM Performance Add-Ons - Evergreen,CW,70.0,5.1,356.72,USD
2026-07-01,Auvik,SimpleWorks IT,ANM Essentials - Evergreen,CW,300.0,6.29,1887.9,USD
2026-07-01,Auvik,SimpleWorks IT,ANM Essentials Evergreen,CW,0.0,6.29,0.0,USD
2026-07-01,Auvik,"Solutions Granted, Inc.",ANM Essentials - Evergreen,CW,11.0,11.24,123.59,USD
2026-07-01,Auvik,"Solutions Granted, Inc.",ANM Essentials Evergreen,CW,0.0,11.24,0.0,USD
2026-07-01,Auvik,Soteria Technology Solutions,ANM Essentials - Evergreen,CW,40.0,9.81,392.56,USD
2026-07-01,Auvik,Soteria Technology Solutions,ANM Essentials Evergreen,CW,0.0,9.81,0.0,USD
2026-07-01,Auvik,Spectrum Technologies,ANM Essentials - Evergreen,CMS,10.0,11.23,112.35,USD
2026-07-01,Auvik,Speros,ANM Full Performance - Evergreen,CW,250.0,9.02,2255.75,USD
2026-07-01,Auvik,Speros,ANM Full Performance Evergreen,CW,18.0,9.02,162.36,USD
2026-07-01,Auvik,Splice,ANM Essentials - Evergreen,CMS,10.0,11.23,112.35,USD
2026-07-01,Auvik,Stone Pigman Walther Wittman LLC,ANM Essentials - Evergreen,CW,18.0,11.23,202.23,USD
2026-07-01,Auvik,Stone Pigman Walther Wittman LLC,ANM Essentials Evergreen,CW,0.0,11.24,0.0,USD
2026-07-01,Auvik,Stone Pigman Walther Wittman LLC,Auvik SaaS Management - Evergreen,CW,120.0,1.58,189.6,USD
2026-07-01,Auvik,Stone Pigman Walther Wittman LLC,Auvik SaaS Management Evergreen,CW,0.0,1.58,0.0,USD
2026-07-01,Auvik,"Summit Advisors, LLC",ANM Essentials - Evergreen,CMS,100.0,8.99,899.23,USD
2026-07-01,Auvik,"Summit Advisors, LLC",ANM Essentials Evergreen,CMS,41.0,8.99,368.59,USD
2026-07-01,Auvik,"Summit Advisors, LLC",ANM Performance Add-On Evergreen,CMS,40.0,6.96,278.4,USD
2026-07-01,Auvik,"Summit Advisors, LLC",ANM Performance Add-Ons - Evergreen,CMS,1.0,6.96,6.96,USD
2026-07-01,Auvik,Supra ITS,ANM Essentials - Evergreen,CW,500.0,5.24,2620.05,USD
2026-07-01,Auvik,Supra ITS,ANM Essentials Evergreen,CW,46.0,5.24,241.04,USD
2026-07-01,Auvik,Supra ITS,ANM Performance Add-On Evergreen,CW,0.0,2.99,0.0,USD
2026-07-01,Auvik,Supra ITS,ANM Performance Add-Ons - Evergreen,CW,200.0,2.99,598.68,USD
2026-07-01,Auvik,Sweetwater Technology,ANM Essentials - Evergreen,CW,95.0,9.83,933.81,USD
2026-07-01,Auvik,Sweetwater Technology,ANM Essentials Evergreen,CW,36.0,9.83,353.88,USD
2026-07-01,Auvik,"Synergy IT Solutions, Inc.",ANM Essentials - Evergreen,CW,600.0,5.51,3304.5,USD
2026-07-01,Auvik,"Synergy IT Solutions, Inc.",ANM Essentials Evergreen,CW,0.0,5.51,0.0,USD
2026-07-01,Auvik,Synergy Technical,ANM Essentials - Evergreen,CW,250.0,6.29,1573.25,USD
2026-07-01,Auvik,Synergy Technical,ANM Essentials Evergreen,CW,0.0,6.29,0.0,USD
2026-07-01,Auvik,Synergy Technical,ANM Performance Add-Ons - Evergreen,CW,1.0,3.75,3.75,USD
2026-07-01,Auvik,Syrex,ANM Essentials - Evergreen,CW,250.0,5.6,1399.41,USD
2026-07-01,Auvik,Syrex,ANM Essentials Evergreen,CW,0.0,5.6,0.0,USD
2026-07-01,Auvik,Syrex,ANM Performance Add-Ons - Evergreen,CW,250.0,3.02,754.34,USD
2026-07-01,Auvik,Systems Support Corp,RM - ASM - 500 - Committed,CMS,615.0,0.91,559.65,USD
2026-07-01,Auvik,Systems Support Corp,RM - ASM - 500 - Overage,CMS,0.0,0.91,0.0,USD
2026-07-01,Auvik,TESYS Networks,ANM Essentials,CW,55.0,10.5,577.5,USD
2026-07-01,Auvik,TOTLCOM INC,ANM Essentials - Evergreen,CMS,46.0,9.84,452.44,USD
2026-07-01,Auvik,TOTLCOM INC,ANM Essentials Evergreen,CMS,0.0,9.84,0.0,USD
2026-07-01,Auvik,TVGconsulting,ANM Essentials - Evergreen,CMS,40.0,9.84,393.42,USD
2026-07-01,Auvik,TVGconsulting,ANM Essentials Evergreen,CMS,0.0,9.84,0.0,USD
2026-07-01,Auvik,Tech Mesa,ANM Essentials - Evergreen,CW,10.0,11.23,112.35,USD
2026-07-01,Auvik,Tech Mesa,ANM Essentials Evergreen,CW,4.0,11.24,44.96,USD
2026-07-01,Auvik,Tech Source,ANM Essentials - Evergreen,CW,10.0,11.23,112.35,USD
2026-07-01,Auvik,Tech Source,ANM Essentials Evergreen,CW,0.0,11.24,0.0,USD
2026-07-01,Auvik,Tech Source,ANM Performance Add-On Evergreen,CW,3.0,7.49,22.47,USD
2026-07-01,Auvik,Tech Source,ANM Performance Add-Ons - Evergreen,CW,4.0,7.49,29.96,USD
2026-07-01,Auvik,Techmedics,ANM Essentials,CW,52.0,9.17,476.84,USD
2026-07-01,Auvik,Technikel Solutions,ANM Essentials - Evergreen,CW,220.0,7.08,1556.94,USD
2026-07-01,Auvik,Technikel Solutions,ANM Essentials Evergreen,CW,0.0,7.08,0.0,USD
2026-07-01,Auvik,Technology Group Solutions,ANM Essentials - Evergreen,CMS,175.0,6.74,1179.52,USD
2026-07-01,Auvik,Technology Group Solutions,ANM Essentials Evergreen,CMS,68.0,6.74,458.32,USD
2026-07-01,Auvik,Technology Group Solutions,ANM Performance Add-On Evergreen,CMS,10.0,5.88,58.8,USD
2026-07-01,Auvik,TekScape,ANM Essentials - Evergreen,CMS,250.0,6.72,1680.0,USD
2026-07-01,Auvik,TekScape,ANM Essentials Evergreen,CMS,166.0,6.72,1115.52,USD
2026-07-01,Auvik,TekScape,ANM Performance Add-On Evergreen,CMS,397.0,4.0,1588.0,USD
2026-07-01,Auvik,Terminal B,ANM Essentials,CMS,75.0,8.64,648.32,USD
2026-07-01,Auvik,The Apex Technology Group,ANM Essentials - Evergreen,CW,256.0,6.29,1611.01,USD
2026-07-01,Auvik,The Data Pros,ANM Essentials - Evergreen,CMS,10.0,11.23,112.35,USD
2026-07-01,Auvik,The Data Pros,ANM Essentials Evergreen,CMS,0.0,11.24,0.0,USD
2026-07-01,Auvik,The Nine Minds Group LLC,ANM Essentials,CW,500.0,5.14,2572.5,USD
2026-07-01,Auvik,The Nine Minds Group LLC,ANM Essentials,CW,0.0,5.15,0.0,USD
2026-07-01,Auvik,The Nine Minds Group LLC,ANM Performance Add-Ons,CW,1.0,2.94,2.94,USD
2026-07-01,Auvik,The Nine Minds Group LLC,ANM Performance Add-on,CW,3.0,2.94,8.82,USD
2026-07-01,Auvik,The Walker Group,ANM Essentials - Evergreen,CW,250.0,5.99,1498.36,USD
2026-07-01,Auvik,The Walker Group,ANM Essentials Evergreen,CW,347.0,5.99,2078.53,USD
2026-07-01,Auvik,The Walker Group,Free of Charge,CW,0.0,0.0,0.0,USD
2026-07-01,Auvik,Total Computing Technology,ANM Essentials - Evergreen,CMS,40.0,9.36,374.58,USD
2026-07-01,Auvik,Total Computing Technology,ANM Essentials Evergreen,CMS,0.0,9.36,0.0,USD
2026-07-01,Auvik,Total Computing Technology,ANM Performance Add-On Evergreen,CMS,28.0,9.09,254.52,USD
2026-07-01,Auvik,Town of Parker,ANM Essentials - Evergreen,CW,100.0,8.99,899.23,USD
2026-07-01,Auvik,Town of Parker,ANM Essentials Evergreen,CW,0.0,8.99,0.0,USD
2026-07-01,Auvik,TrueITPros,ANM Essentials - Evergreen,CMS,10.0,11.23,112.35,USD
2026-07-01,Auvik,TrueITPros,ANM Essentials Evergreen,CMS,26.0,11.24,292.24,USD
2026-07-01,Auvik,Truewater,ANM Essentials - Evergreen,CW,47.0,9.36,440.13,USD
2026-07-01,Auvik,Truewater,ANM Essentials Evergreen,CW,43.0,9.36,402.48,USD
2026-07-01,Auvik,Turrito,ANM Essentials - Evergreen,CW,15.0,11.24,168.53,USD
2026-07-01,Auvik,Turrito,ANM Essentials Evergreen,CW,0.0,11.24,0.0,USD
2026-07-01,Auvik,Turrito,ANM Performance Add-Ons - Evergreen,CW,15.0,7.49,112.35,USD
2026-07-01,Auvik,Tusker Technology,ANM Essentials - Evergreen,CW,1300.0,4.72,6133.4,USD
2026-07-01,Auvik,Tusker Technology,ANM Essentials Evergreen,CW,0.0,4.72,0.0,USD
2026-07-01,Auvik,"TwinHats, LLC",Auvik SaaS Management,CW,198.0,1.57,311.85,USD
2026-07-01,Auvik,"TwinHats, LLC",Auvik SaaS Management,CW,156.0,1.58,246.48,USD
2026-07-01,Auvik,UberData Networks,ANM Essentials - Evergreen,CW,16.0,11.23,179.76,USD
2026-07-01,Auvik,UberData Networks,ANM Essentials Evergreen,CW,0.0,11.24,0.0,USD
2026-07-01,Auvik,UberData Networks,ANM Performance Add-On Evergreen,CW,2.0,7.49,14.98,USD
2026-07-01,Auvik,United Country Real Estate,ANM Essentials - Evergreen,CW,20.0,11.23,224.7,USD
2026-07-01,Auvik,United Country Real Estate,ANM Essentials Evergreen,CW,0.0,11.24,0.0,USD
2026-07-01,Auvik,United Datacom Networks,ANM Essentials - Evergreen,CMS,40.0,9.36,374.58,USD
2026-07-01,Auvik,United Datacom Networks,ANM Essentials Evergreen,CMS,0.0,9.36,0.0,USD
2026-07-01,Auvik,V2 technology,ANM Essentials - Evergreen,CW,75.0,8.8,660.24,USD
2026-07-01,Auvik,V2 technology,ANM Essentials Evergreen,CW,33.0,8.8,290.4,USD
2026-07-01,Auvik,VIRTUS DATA CENTRES (Oryx Align Ltd),ANM Essentials,CW,527.0,5.14,2711.37,USD
2026-07-01,Auvik,VIRTUS DATA CENTRES (Oryx Align Ltd),ANM Essentials,CW,207.0,5.15,1066.05,USD
2026-07-01,Auvik,VIRTUS DATA CENTRES (Oryx Align Ltd),ANM Performance Add-Ons,CW,527.0,2.94,1549.38,USD
2026-07-01,Auvik,VIRTUS DATA CENTRES (Oryx Align Ltd),ANM Performance Add-on,CW,207.0,2.94,608.58,USD
2026-07-01,Auvik,Veerman ICT,ANM Essentials - Evergreen,CW,100.0,7.87,786.8,USD
2026-07-01,Auvik,Veerman ICT,ANM Essentials Evergreen,CW,459.0,7.87,3612.33,USD
2026-07-01,Auvik,Veerman ICT,ANM Performance Add-On Evergreen,CW,298.0,5.1,1519.8,USD
2026-07-01,Auvik,Velocity Network,ANM Essentials - Evergreen,CMS,1000.0,5.39,5392.2,USD
2026-07-01,Auvik,Velocity Network,ANM Essentials Evergreen,CMS,231.0,5.39,1245.09,USD
2026-07-01,Auvik,Velonex Technologies,ANM Essentials,CW,100.0,7.35,735.0,USD
2026-07-01,Auvik,Vermeer Southeast,ANM Essentials - Evergreen,CMS,75.0,9.26,694.15,USD
2026-07-01,Auvik,Vermeer Southeast,ANM Essentials Evergreen,CMS,12.0,9.26,111.12,USD
2026-07-01,Auvik,Vertical IT,ANM Essentials - Evergreen,CW,10.0,11.23,112.35,USD
2026-07-01,Auvik,VeryPC Ltd,ANM Essentials - Evergreen,CW,40.0,9.36,374.58,USD
2026-07-01,Auvik,VeryPC Ltd,ANM Essentials Evergreen,CW,29.0,9.36,271.44,USD
2026-07-01,Auvik,Viatek,ANM Essentials - Evergreen,CW,403.0,6.29,2536.08,USD
2026-07-01,Auvik,Viatek,ANM Essentials Evergreen,CW,95.0,6.29,597.55,USD
2026-07-01,Auvik,Viperspace,CWANM-1 Committed Billable Devices,CW,40.0,9.19,367.6,USD
2026-07-01,Auvik,Visual Edge,ANM Essentials - Evergreen,CMS,175.0,7.08,1239.47,USD
2026-07-01,Auvik,Visual Edge,ANM Essentials Evergreen,CMS,817.0,7.08,5784.36,USD
2026-07-01,Auvik,Visual Edge,ANM Performance Add-On Evergreen,CMS,16.0,4.79,76.64,USD
2026-07-01,Auvik,WBM Office Systems,ANM Essentials - Evergreen,CW,1000.0,4.72,4718.0,USD
2026-07-01,Auvik,WBM Office Systems,ANM Essentials Evergreen,CW,101.0,4.72,476.72,USD
2026-07-01,Auvik,"WPG Consulting, LLC",ANM Essentials - Evergreen,CMS,175.0,8.09,1415.21,USD
2026-07-01,Auvik,"WPG Consulting, LLC",ANM Essentials Evergreen,CMS,0.0,8.09,0.0,USD
2026-07-01,Auvik,WTA Consulting,ANM Essentials - Evergreen,CW,20.0,11.23,224.7,USD
2026-07-01,Auvik,WTA Consulting,ANM Essentials Evergreen,CW,8.0,11.24,89.92,USD
2026-07-01,Auvik,Wavenet UK,EPRM-ANM-1000 Auvik Essentials -- Committed,CMS,1000.0,3.27,3270.0,USD
2026-07-01,Auvik,Wavenet UK,EPRM-ANM-1000 Auvik Essentials -- Overage,CMS,1285.0,3.27,4201.95,USD
2026-07-01,Auvik,Wavenet UK,PARM-ANM-1000 Auvik Performance Add On,CMS,1000.0,1.76,1760.0,USD
2026-07-01,Auvik,Wavenet UK,PARM-ANM-1000 Auvik Performance Add On -- Overage,CMS,1241.0,1.76,2184.16,USD
2026-07-01,Auvik,"Weaver Technologies, LLC",ANM Essentials,CMS,500.0,5.88,2940.0,USD
2026-07-01,Auvik,"Weaver Technologies, LLC",ANM Performance Add-Ons,CMS,500.0,3.36,1680.0,USD
2026-07-01,Auvik,"Weaver Technologies, LLC",ANM Performance Add-on,CMS,0.0,3.36,0.0,USD
2026-07-01,Auvik,Wipfli LLP,ANM Essentials,CMS,500.0,5.14,2572.5,USD
2026-07-01,Auvik,Wipfli LLP,ANM Essentials,CMS,0.0,5.15,0.0,USD
2026-07-01,Auvik,Wipfli LLP,ANM Performance Add-Ons,CMS,1.0,2.94,2.94,USD
2026-07-01,Auvik,Z-TECH Associates,ANM Essentials,CMS,124.0,8.4,1041.6,USD
2026-07-01,Auvik,Z-TECH Associates,ANM Performance Add-Ons,CMS,1.0,5.44,5.44,USD
2026-07-01,Auvik,Z-TECH Associates,ANM Performance Add-on,CMS,123.0,5.44,669.12,USD
2026-07-01,Auvik,ZINC LLC,ANM Essentials - Evergreen,CMS,10.0,11.23,112.35,USD
2026-07-01,Auvik,ZINC LLC,ANM Performance Add-Ons - Evergreen,CMS,5.0,7.49,37.45,USD
2026-07-01,Auvik,Zbrella,ANM Essentials - Evergreen,CMS,40.0,9.84,393.42,USD
2026-07-01,Auvik,Zephyr Networks,ANM Essentials - Evergreen,CMS,100.0,7.87,786.8,USD
2026-07-01,Auvik,Zephyr Networks,ANM Essentials Evergreen,CMS,5.0,7.87,39.35,USD
2026-07-01,Auvik,Zephyr Networks,ANM Performance Add-On Evergreen,CMS,105.0,5.24,550.2,USD
2026-07-01,Auvik,eMazzanti Technologies,COANM-1 Committed Billable Devices,CMS,40.0,9.19,367.6,USD
2026-07-01,Auvik,eMazzanti Technologies,COANM-2 Additional Billable Devices,CMS,52.0,9.19,477.88,USD
2026-07-01,Auvik,eMazzanti Technologies,COANM-4 Additional Performance Add-Ons,CMS,5.0,6.0,30.0,USD
2026-07-01,Auvik,i2m,CWANM-1 Additional Billable Devices,CW,106.0,9.19,974.14,USD
2026-07-01,Auvik,i2m,CWANM-1 Committed Billable Devices,CW,40.0,9.19,367.6,USD
2026-07-01,Auvik,iNetwork Management Inct,ANM Essentials - Evergreen,CW,40.0,9.84,393.42,USD
2026-07-01,Auvik,iNetwork Management Inct,ANM Essentials Evergreen,CW,0.0,9.84,0.0,USD
2026-07-01,Auvik,integraONE,ANM Essentials - Evergreen,CMS,250.0,6.29,1573.25,USD
2026-07-01,Auvik,integraONE,ANM Essentials Evergreen,CMS,141.0,6.29,886.89,USD
2026-07-01,Auvik,integraONE,ANM Performance Add-On Evergreen,CMS,3.0,4.32,12.96,USD
