map_row_id,vendor,vendor_sku_or_product,cw_sku,unit_price,currency,uom,price_basis,source_doc,notes,valid_from,valid_to,is_current,months_observed,observed_month_count,has_month_gap,data_window_start,data_window_end,seed_generated_on
CPX-00001,Acronis,SBATFNLOS,SBATFNLOS,0.67,USD,workload,INVOICE,Invoice-INVUS127109.pdf,price varies across months,2026-01-01,2026-02-28,FALSE,2026-01;2026-02,2,FALSE,2026-01,2026-06,2026-07-15
CPX-00002,Acronis,SBATFNLOS,SBATFNLOS,0.6745,USD,workload,INVOICE,Invoice-INVUS128521 (2).pdf; GetInvoiceFile - 2026-05-06T204958.530.pdf; Invoice-INVUS129857.pdf,price varies across months,2026-03-01,9999-12-31,TRUE,2026-03;2026-04;2026-05,3,FALSE,2026-01,2026-06,2026-07-15
CPX-00003,Acronis,SBDAMSENS,,59.64,USD,,INVOICE,GetInvoiceFile - 2026-05-06T204958.530.pdf,price varies across months,2026-04-01,2026-04-30,FALSE,2026-04,1,FALSE,2026-01,2026-06,2026-07-15
CPX-00004,Acronis,SBDAMSENS,,29.82,USD,,INVOICE,Invoice-INVUS128521 (2).pdf; Invoice-INVUS129857.pdf,price varies across months,2026-03-01,9999-12-31,TRUE,2026-03;2026-05,2,TRUE,2026-01,2026-06,2026-07-15
CPX-00005,Acronis,SBDBMSENS,,20.64,USD,workload,INVOICE,Invoice-INVUS127109.pdf; Invoice-INVUS128521 (2).pdf; GetInvoiceFile - 2026-05-06T204958.530.pdf; Invoice-INVUS129857.pdf,,2026-01-01,9999-12-31,TRUE,2026-01;2026-02;2026-03;2026-04;2026-05,5,FALSE,2026-01,2026-06,2026-07-15
CPX-00006,Acronis,SBDCMSENS,,3.63,USD,workload,INVOICE,Invoice-INVUS127109.pdf; Invoice-INVUS128521 (2).pdf; GetInvoiceFile - 2026-05-06T204958.530.pdf,price varies across months,2026-01-01,2026-04-30,FALSE,2026-01;2026-02;2026-03;2026-04,4,FALSE,2026-01,2026-06,2026-07-15
CPX-00007,Acronis,SBDCMSENS,,3.6275,USD,workload,INVOICE,Invoice-INVUS129857.pdf,price varies across months,2026-05-01,9999-12-31,TRUE,2026-05,1,FALSE,2026-01,2026-06,2026-07-15
CPX-00008,Acronis,SBDDMSENS,,1.44,USD,workload,INVOICE,Invoice-INVUS127109.pdf,price varies across months,2026-01-01,2026-02-28,FALSE,2026-01;2026-02,2,FALSE,2026-01,2026-06,2026-07-15
CPX-00009,Acronis,SBDDMSENS,,1.4413,USD,workload,INVOICE,Invoice-INVUS128521 (2).pdf; GetInvoiceFile - 2026-05-06T204958.530.pdf,price varies across months,2026-03-01,2026-04-30,FALSE,2026-03;2026-04,2,FALSE,2026-01,2026-06,2026-07-15
CPX-00010,Acronis,SBDDMSENS,,1.4425,USD,workload,INVOICE,Invoice-INVUS129857.pdf,price varies across months,2026-05-01,9999-12-31,TRUE,2026-05,1,FALSE,2026-01,2026-06,2026-07-15
CPX-00011,Acronis,SCVAMSENS,,0,USD,,INVOICE,Invoice-INVUS128521 (2).pdf; GetInvoiceFile - 2026-05-06T204958.530.pdf; Invoice-INVUS129857.pdf,,2026-02-01,9999-12-31,TRUE,2026-02;2026-03;2026-04;2026-05,4,FALSE,2026-01,2026-06,2026-07-15
CPX-00012,Acronis,SEDAMSENS,SEDAMSENS,1.38,USD,workload,INVOICE,Invoice-INVUS127109.pdf,price varies across months,2026-01-01,2026-02-28,FALSE,2026-01;2026-02,2,FALSE,2026-01,2026-06,2026-07-15
CPX-00013,Acronis,SEDAMSENS,SEDAMSENS,1.3775,USD,workload,INVOICE,Invoice-INVUS128521 (2).pdf; GetInvoiceFile - 2026-05-06T204958.530.pdf,price varies across months,2026-03-01,2026-04-30,FALSE,2026-03;2026-04,2,FALSE,2026-01,2026-06,2026-07-15
CPX-00014,Acronis,SEDAMSENS,SEDAMSENS,1.378,USD,workload,INVOICE,Invoice-INVUS129857.pdf,price varies across months,2026-05-01,9999-12-31,TRUE,2026-05,1,FALSE,2026-01,2026-06,2026-07-15
CPX-00015,Acronis,SESDMSENS,,0,USD,,INVOICE,Invoice-INVUS128521 (2).pdf; GetInvoiceFile - 2026-05-06T204958.530.pdf,,2026-03-01,2026-04-30,FALSE,2026-03;2026-04,2,FALSE,2026-01,2026-06,2026-07-15
CPX-00016,Acronis,SH1AMSENS,,0.0239,USD,,INVOICE,GetInvoiceFile - 2026-05-06T204958.530.pdf; Invoice-INVUS129857.pdf,price varies across months,2026-04-01,9999-12-31,TRUE,2026-04;2026-05,2,FALSE,2026-01,2026-06,2026-07-15
CPX-00017,Acronis,SH1AMSENS,,0.024,USD,,INVOICE,Invoice-INVUS128521 (2).pdf,price varies across months,2026-03-01,2026-03-31,FALSE,2026-03,1,FALSE,2026-01,2026-06,2026-07-15
CPX-00018,Acronis,SHAAMSENS,,0.4121,USD,,INVOICE,Invoice-INVUS128521 (2).pdf; GetInvoiceFile - 2026-05-06T204958.530.pdf; Invoice-INVUS129857.pdf,,2026-03-01,9999-12-31,TRUE,2026-03;2026-04;2026-05,3,FALSE,2026-01,2026-06,2026-07-15
CPX-00019,Acronis,SHJAMSENS,,0.6248,USD,,INVOICE,GetInvoiceFile - 2026-05-06T204958.530.pdf,price varies across months,2026-04-01,2026-04-30,FALSE,2026-04,1,FALSE,2026-01,2026-06,2026-07-15
CPX-00020,Acronis,SHJAMSENS,,0.62,USD,,INVOICE,Invoice-INVUS127109.pdf,price varies across months,2026-01-01,2026-02-28,FALSE,2026-01;2026-02,2,FALSE,2026-01,2026-06,2026-07-15
CPX-00021,Acronis,SHJAMSENS,,0.6246,USD,,INVOICE,Invoice-INVUS128521 (2).pdf,price varies across months,2026-03-01,2026-03-31,FALSE,2026-03,1,FALSE,2026-01,2026-06,2026-07-15
CPX-00022,Acronis,SHJAMSENS,,0.6249,USD,,INVOICE,Invoice-INVUS129857.pdf,price varies across months,2026-05-01,9999-12-31,TRUE,2026-05,1,FALSE,2026-01,2026-06,2026-07-15
CPX-00023,Acronis,SO4AMSENS,SO4AMSENS,1.33,USD,workload,INVOICE,Invoice-INVUS127109.pdf,price varies across months,2026-01-01,2026-02-28,FALSE,2026-01;2026-02,2,FALSE,2026-01,2026-06,2026-07-15
CPX-00024,Acronis,SO4AMSENS,SO4AMSENS,1.3348,USD,workload,INVOICE,Invoice-INVUS128521 (2).pdf; GetInvoiceFile - 2026-05-06T204958.530.pdf; Invoice-INVUS129857.pdf,price varies across months,2026-03-01,9999-12-31,TRUE,2026-03;2026-04;2026-05,3,FALSE,2026-01,2026-06,2026-07-15
CPX-00025,Acronis,SO6AMSENS,APP-SA-SO6AMSENS,0.7242,USD,,INVOICE,Invoice-INVUS128521 (2).pdf; GetInvoiceFile - 2026-05-06T204958.530.pdf; Invoice-INVUS129857.pdf,,2026-03-01,9999-12-31,TRUE,2026-03;2026-04;2026-05,3,FALSE,2026-01,2026-06,2026-07-15
CPX-00026,Acronis,SP1AMSENS,SP1AMSENS,0.05,USD,GB,INVOICE,Invoice-INVUS127109.pdf,price varies across months,2026-01-01,2026-02-28,FALSE,2026-01;2026-02,2,FALSE,2026-01,2026-06,2026-07-15
CPX-00027,Acronis,SP1AMSENS,SP1AMSENS,0.0545,USD,GB,INVOICE,Invoice-INVUS128521 (2).pdf; GetInvoiceFile - 2026-05-06T204958.530.pdf; Invoice-INVUS129857.pdf,price varies across months,2026-03-01,9999-12-31,TRUE,2026-03;2026-04;2026-05,3,FALSE,2026-01,2026-06,2026-07-15
CPX-00028,Acronis,SP3AMSENS,SP3AMSENS,0.06,USD,GB,INVOICE,Invoice-INVUS127109.pdf,price varies across months,2026-01-01,2026-02-28,FALSE,2026-01;2026-02,2,FALSE,2026-01,2026-06,2026-07-15
CPX-00029,Acronis,SP3AMSENS,SP3AMSENS,0.0646,USD,GB,INVOICE,Invoice-INVUS128521 (2).pdf,price varies across months,2026-03-01,2026-03-31,FALSE,2026-03,1,FALSE,2026-01,2026-06,2026-07-15
CPX-00030,Acronis,SP4BMSENS,SP4BMSENS,0.03,USD,GB,INVOICE,Invoice-INVUS127109.pdf,price varies across months,2026-01-01,2026-02-28,FALSE,2026-01;2026-02,2,FALSE,2026-01,2026-06,2026-07-15
CPX-00031,Acronis,SP4BMSENS,SP4BMSENS,0.0264,USD,GB,INVOICE,Invoice-INVUS128521 (2).pdf; GetInvoiceFile - 2026-05-06T204958.530.pdf; Invoice-INVUS129857.pdf,price varies across months,2026-03-01,9999-12-31,TRUE,2026-03;2026-04;2026-05,3,FALSE,2026-01,2026-06,2026-07-15
CPX-00032,Acronis,SP5AMSENS,SP5AMSENS,0.01,USD,workload,INVOICE,Invoice-INVUS127109.pdf,price varies across months,2026-01-01,2026-02-28,FALSE,2026-01;2026-02,2,FALSE,2026-01,2026-06,2026-07-15
CPX-00033,Acronis,SP5AMSENS,SP5AMSENS,0.0113,USD,workload,INVOICE,Invoice-INVUS128521 (2).pdf; GetInvoiceFile - 2026-05-06T204958.530.pdf; Invoice-INVUS129857.pdf,price varies across months,2026-03-01,9999-12-31,TRUE,2026-03;2026-04;2026-05,3,FALSE,2026-01,2026-06,2026-07-15
CPX-00034,Acronis,SPBAMSENS,SPBAMSENS,0.05,USD,GB,INVOICE,Invoice-INVUS127109.pdf,price varies across months,2026-01-01,2026-02-28,FALSE,2026-01;2026-02,2,FALSE,2026-01,2026-06,2026-07-15
CPX-00035,Acronis,SPBAMSENS,SPBAMSENS,0.0545,USD,GB,INVOICE,Invoice-INVUS128521 (2).pdf; GetInvoiceFile - 2026-05-06T204958.530.pdf; Invoice-INVUS129857.pdf,price varies across months,2026-03-01,9999-12-31,TRUE,2026-03;2026-04;2026-05,3,FALSE,2026-01,2026-06,2026-07-15
CPX-00036,Acronis,SPBBMSENS,APP-BC-SPBBMSENS,0.03,USD,,INVOICE,Invoice-INVUS127109.pdf,price varies across months,2026-01-01,2026-02-28,FALSE,2026-01;2026-02,2,FALSE,2026-01,2026-06,2026-07-15
CPX-00037,Acronis,SPBBMSENS,APP-BC-SPBBMSENS,0.0313,USD,,INVOICE,Invoice-INVUS128521 (2).pdf; GetInvoiceFile - 2026-05-06T204958.530.pdf; Invoice-INVUS129857.pdf,price varies across months,2026-03-01,9999-12-31,TRUE,2026-03;2026-04;2026-05,3,FALSE,2026-01,2026-06,2026-07-15
CPX-00038,Acronis,SPD5MSENS,SPD5MSENS,7.0573,USD,workload,INVOICE,GetInvoiceFile - 2026-05-06T204958.530.pdf,price varies across months,2026-04-01,2026-04-30,FALSE,2026-04,1,FALSE,2026-01,2026-06,2026-07-15
CPX-00039,Acronis,SPD5MSENS,SPD5MSENS,7.06,USD,workload,INVOICE,Invoice-INVUS127109.pdf; Invoice-INVUS129857.pdf,price varies across months,2026-01-01,9999-12-31,TRUE,2026-01;2026-02;2026-05,3,TRUE,2026-01,2026-06,2026-07-15
CPX-00040,Acronis,SPD5MSENS,SPD5MSENS,7.057,USD,workload,INVOICE,Invoice-INVUS128521 (2).pdf,price varies across months,2026-03-01,2026-03-31,FALSE,2026-03,1,FALSE,2026-01,2026-06,2026-07-15
CPX-00041,Acronis,SPDAMSENS,SPDAMSENS,0.0148,USD,GB,INVOICE,GetInvoiceFile - 2026-05-06T204958.530.pdf; Invoice-INVUS129857.pdf,price varies across months,2026-04-01,9999-12-31,TRUE,2026-04;2026-05,2,FALSE,2026-01,2026-06,2026-07-15
CPX-00042,Acronis,SPDAMSENS,SPDAMSENS,0.01,USD,GB,INVOICE,Invoice-INVUS127109.pdf,price varies across months,2026-01-01,2026-02-28,FALSE,2026-01;2026-02,2,FALSE,2026-01,2026-06,2026-07-15
CPX-00043,Acronis,SPDAMSENS,SPDAMSENS,0.014,USD,GB,INVOICE,Invoice-INVUS128521 (2).pdf,price varies across months,2026-03-01,2026-03-31,FALSE,2026-03,1,FALSE,2026-01,2026-06,2026-07-15
CPX-00044,Acronis,SPDCMSENS,SPDCMSENS,0,USD,,INVOICE,Invoice-INVUS127109.pdf; Invoice-INVUS128521 (2).pdf; GetInvoiceFile - 2026-05-06T204958.530.pdf; Invoice-INVUS129857.pdf,,2026-01-01,9999-12-31,TRUE,2026-01;2026-02;2026-03;2026-04;2026-05,5,FALSE,2026-01,2026-06,2026-07-15
CPX-00045,Acronis,SPEAMSENS,SPEAMSENS,10.3733,USD,workload,INVOICE,GetInvoiceFile - 2026-05-06T204958.530.pdf,price varies across months,2026-04-01,2026-04-30,FALSE,2026-04,1,FALSE,2026-01,2026-06,2026-07-15
CPX-00046,Acronis,SPEAMSENS,SPEAMSENS,10.37,USD,workload,INVOICE,Invoice-INVUS127109.pdf,price varies across months,2026-01-01,2026-02-28,FALSE,2026-01;2026-02,2,FALSE,2026-01,2026-06,2026-07-15
CPX-00047,Acronis,SPEAMSENS,SPEAMSENS,10.3731,USD,workload,INVOICE,Invoice-INVUS128521 (2).pdf; Invoice-INVUS129857.pdf,price varies across months,2026-03-01,9999-12-31,TRUE,2026-03;2026-05,2,TRUE,2026-01,2026-06,2026-07-15
CPX-00048,Acronis,SPFAMSENS,SPFAMSENS,3.66,USD,workload,INVOICE,Invoice-INVUS127109.pdf,price varies across months,2026-01-01,2026-02-28,FALSE,2026-01;2026-02,2,FALSE,2026-01,2026-06,2026-07-15
CPX-00049,Acronis,SPFAMSENS,SPFAMSENS,3.6565,USD,workload,INVOICE,Invoice-INVUS128521 (2).pdf; GetInvoiceFile - 2026-05-06T204958.530.pdf; Invoice-INVUS129857.pdf,price varies across months,2026-03-01,9999-12-31,TRUE,2026-03;2026-04;2026-05,3,FALSE,2026-01,2026-06,2026-07-15
CPX-00050,Acronis,SPGAMSENS,SPGAMSENS,1.7,USD,workload,INVOICE,Invoice-INVUS127109.pdf,price varies across months,2026-01-01,2026-02-28,FALSE,2026-01;2026-02,2,FALSE,2026-01,2026-06,2026-07-15
CPX-00051,Acronis,SPGAMSENS,SPGAMSENS,1.704,USD,workload,INVOICE,Invoice-INVUS128521 (2).pdf; GetInvoiceFile - 2026-05-06T204958.530.pdf; Invoice-INVUS129857.pdf,price varies across months,2026-03-01,9999-12-31,TRUE,2026-03;2026-04;2026-05,3,FALSE,2026-01,2026-06,2026-07-15
CPX-00052,Acronis,SPIAMSENS,SPIAMSENS,0.6321,USD,user,INVOICE,GetInvoiceFile - 2026-05-06T204958.530.pdf,price varies across months,2026-04-01,2026-04-30,FALSE,2026-04,1,FALSE,2026-01,2026-06,2026-07-15
CPX-00053,Acronis,SPIAMSENS,SPIAMSENS,0.63,USD,user,INVOICE,Invoice-INVUS127109.pdf,price varies across months,2026-01-01,2026-02-28,FALSE,2026-01;2026-02,2,FALSE,2026-01,2026-06,2026-07-15
CPX-00054,Acronis,SPIAMSENS,SPIAMSENS,0.6319,USD,user,INVOICE,Invoice-INVUS128521 (2).pdf,price varies across months,2026-03-01,2026-03-31,FALSE,2026-03,1,FALSE,2026-01,2026-06,2026-07-15
CPX-00055,Acronis,SPIAMSENS,SPIAMSENS,0.6325,USD,user,INVOICE,Invoice-INVUS129857.pdf,price varies across months,2026-05-01,9999-12-31,TRUE,2026-05,1,FALSE,2026-01,2026-06,2026-07-15
CPX-00056,Acronis,SPSAMSENS,,0.0149,USD,,INVOICE,GetInvoiceFile - 2026-05-06T204958.530.pdf; Invoice-INVUS129857.pdf,price varies across months,2026-04-01,9999-12-31,TRUE,2026-04;2026-05,2,FALSE,2026-01,2026-06,2026-07-15
CPX-00057,Acronis,SPSAMSENS,,0.01,USD,,INVOICE,Invoice-INVUS127109.pdf,price varies across months,2026-01-01,2026-02-28,FALSE,2026-01;2026-02,2,FALSE,2026-01,2026-06,2026-07-15
CPX-00058,Acronis,SPSAMSENS,,0.0148,USD,,INVOICE,Invoice-INVUS128521 (2).pdf,price varies across months,2026-03-01,2026-03-31,FALSE,2026-03,1,FALSE,2026-01,2026-06,2026-07-15
CPX-00059,Acronis,SPXAMSENS,SPXAMSENS,0.02,USD,GB,INVOICE,Invoice-INVUS127109.pdf,price varies across months,2026-01-01,2026-02-28,FALSE,2026-01;2026-02,2,FALSE,2026-01,2026-06,2026-07-15
CPX-00060,Acronis,SPXAMSENS,SPXAMSENS,0.0239,USD,GB,INVOICE,Invoice-INVUS128521 (2).pdf; GetInvoiceFile - 2026-05-06T204958.530.pdf; Invoice-INVUS129857.pdf,price varies across months,2026-03-01,9999-12-31,TRUE,2026-03;2026-04;2026-05,3,FALSE,2026-01,2026-06,2026-07-15
CPX-00061,Acronis,SPZBMSENS,,0.0593,USD,,INVOICE,GetInvoiceFile - 2026-05-06T204958.530.pdf; Invoice-INVUS129857.pdf,,2026-04-01,9999-12-31,TRUE,2026-04;2026-05,2,FALSE,2026-01,2026-06,2026-07-15
CPX-00062,Acronis,SQ1AMSENS,SQ1AMSENS,0.02,USD,workload,INVOICE,Invoice-INVUS127109.pdf,price varies across months,2026-01-01,2026-02-28,FALSE,2026-01;2026-02,2,FALSE,2026-01,2026-06,2026-07-15
CPX-00063,Acronis,SQ1AMSENS,SQ1AMSENS,0.0239,USD,workload,INVOICE,Invoice-INVUS128521 (2).pdf; GetInvoiceFile - 2026-05-06T204958.530.pdf; Invoice-INVUS129857.pdf,price varies across months,2026-03-01,9999-12-31,TRUE,2026-03;2026-04;2026-05,3,FALSE,2026-01,2026-06,2026-07-15
CPX-00064,Acronis,SQ2AMSENS,SQ2AMSENS,0.06,USD,GB,INVOICE,Invoice-INVUS127109.pdf,price varies across months,2026-01-01,2026-02-28,FALSE,2026-01;2026-02,2,FALSE,2026-01,2026-06,2026-07-15
CPX-00065,Acronis,SQ2AMSENS,SQ2AMSENS,0.0646,USD,GB,INVOICE,Invoice-INVUS128521 (2).pdf; GetInvoiceFile - 2026-05-06T204958.530.pdf; Invoice-INVUS129857.pdf,price varies across months,2026-03-01,9999-12-31,TRUE,2026-03;2026-04;2026-05,3,FALSE,2026-01,2026-06,2026-07-15
CPX-00066,Acronis,SQ6AMSENS,,0,USD,,INVOICE,Invoice-INVUS127109.pdf; Invoice-INVUS128521 (2).pdf; GetInvoiceFile - 2026-05-06T204958.530.pdf; Invoice-INVUS129857.pdf,,2026-01-01,9999-12-31,TRUE,2026-01;2026-02;2026-03;2026-04;2026-05,5,FALSE,2026-01,2026-06,2026-07-15
CPX-00067,Acronis,SQ7AMSENS,SQ7AMSENS,1.87,USD,workload,INVOICE,Invoice-INVUS127109.pdf,price varies across months,2026-01-01,2026-02-28,FALSE,2026-01;2026-02,2,FALSE,2026-01,2026-06,2026-07-15
CPX-00068,Acronis,SQ7AMSENS,SQ7AMSENS,1.875,USD,workload,INVOICE,Invoice-INVUS128521 (2).pdf; GetInvoiceFile - 2026-05-06T204958.530.pdf; Invoice-INVUS129857.pdf,price varies across months,2026-03-01,9999-12-31,TRUE,2026-03;2026-04;2026-05,3,FALSE,2026-01,2026-06,2026-07-15
CPX-00069,Acronis,SQ8AMSENS,SQ8AMSENS,1.15,USD,workload,INVOICE,Invoice-INVUS127109.pdf,price varies across months,2026-01-01,2026-02-28,FALSE,2026-01;2026-02,2,FALSE,2026-01,2026-06,2026-07-15
CPX-00070,Acronis,SQ8AMSENS,SQ8AMSENS,1.1503,USD,workload,INVOICE,Invoice-INVUS128521 (2).pdf; GetInvoiceFile - 2026-05-06T204958.530.pdf,price varies across months,2026-03-01,2026-04-30,FALSE,2026-03;2026-04,2,FALSE,2026-01,2026-06,2026-07-15
CPX-00071,Acronis,SQ8AMSENS,SQ8AMSENS,1.1502,USD,workload,INVOICE,Invoice-INVUS129857.pdf,price varies across months,2026-05-01,9999-12-31,TRUE,2026-05,1,FALSE,2026-01,2026-06,2026-07-15
CPX-00072,Acronis,SQACMSENS,,28.4,USD,,INVOICE,Invoice-INVUS127109.pdf; Invoice-INVUS128521 (2).pdf; GetInvoiceFile - 2026-05-06T204958.530.pdf; Invoice-INVUS129857.pdf,,2026-01-01,9999-12-31,TRUE,2026-01;2026-02;2026-03;2026-04;2026-05,5,FALSE,2026-01,2026-06,2026-07-15
CPX-00073,Acronis,SQBPMSENS,APP-SA-SQBPMSENS,0,USD,,INVOICE,GetInvoiceFile - 2026-05-06T204958.530.pdf,price varies across months,2026-04-01,2026-04-30,FALSE,2026-04,1,FALSE,2026-01,2026-06,2026-07-15
CPX-00074,Acronis,SQBPMSENS,APP-SA-SQBPMSENS,0.53,USD,,INVOICE,Invoice-INVUS127109.pdf,price varies across months,2026-01-01,2026-02-28,FALSE,2026-01;2026-02,2,FALSE,2026-01,2026-06,2026-07-15
CPX-00075,Acronis,SQBPMSENS,APP-SA-SQBPMSENS,0.535,USD,,INVOICE,Invoice-INVUS128521 (2).pdf,price varies across months,2026-03-01,2026-03-31,FALSE,2026-03,1,FALSE,2026-01,2026-06,2026-07-15
CPX-00076,Acronis,SQYAMSENS,SQYAMSENS,0.0276,USD,workload,INVOICE,GetInvoiceFile - 2026-05-06T204958.530.pdf,price varies across months,2026-04-01,2026-04-30,FALSE,2026-04,1,FALSE,2026-01,2026-06,2026-07-15
CPX-00077,Acronis,SQYAMSENS,SQYAMSENS,0.03,USD,workload,INVOICE,Invoice-INVUS127109.pdf,price varies across months,2026-01-01,2026-02-28,FALSE,2026-01;2026-02,2,FALSE,2026-01,2026-06,2026-07-15
CPX-00078,Acronis,SQYAMSENS,SQYAMSENS,0.0275,USD,workload,INVOICE,Invoice-INVUS128521 (2).pdf; Invoice-INVUS129857.pdf,price varies across months,2026-03-01,9999-12-31,TRUE,2026-03;2026-05,2,TRUE,2026-01,2026-06,2026-07-15
CPX-00079,Acronis,SR3AMSENS,,1.11,USD,,INVOICE,Invoice-INVUS127109.pdf,price varies across months,2026-01-01,2026-02-28,FALSE,2026-01;2026-02,2,FALSE,2026-01,2026-06,2026-07-15
CPX-00080,Acronis,SR3AMSENS,,0,USD,,INVOICE,Invoice-INVUS128521 (2).pdf; GetInvoiceFile - 2026-05-06T204958.530.pdf; Invoice-INVUS129857.pdf,price varies across months,2026-03-01,9999-12-31,TRUE,2026-03;2026-04;2026-05,3,FALSE,2026-01,2026-06,2026-07-15
CPX-00081,Acronis,SRAAMSENS,SRAAMSENS,0.5338,USD,workload,INVOICE,GetInvoiceFile - 2026-05-06T204958.530.pdf,price varies across months,2026-04-01,2026-04-30,FALSE,2026-04,1,FALSE,2026-01,2026-06,2026-07-15
CPX-00082,Acronis,SRAAMSENS,SRAAMSENS,0.53,USD,workload,INVOICE,Invoice-INVUS127109.pdf,price varies across months,2026-01-01,2026-02-28,FALSE,2026-01;2026-02,2,FALSE,2026-01,2026-06,2026-07-15
CPX-00083,Acronis,SRAAMSENS,SRAAMSENS,0.5332,USD,workload,INVOICE,Invoice-INVUS128521 (2).pdf,price varies across months,2026-03-01,2026-03-31,FALSE,2026-03,1,FALSE,2026-01,2026-06,2026-07-15
CPX-00084,Acronis,SRAAMSENS,SRAAMSENS,0.5333,USD,workload,INVOICE,Invoice-INVUS129857.pdf,price varies across months,2026-05-01,9999-12-31,TRUE,2026-05,1,FALSE,2026-01,2026-06,2026-07-15
CPX-00085,Acronis,SRBAMSENS,SRBAMSENS,0.74,USD,workload,INVOICE,GetInvoiceFile - 2026-05-06T204958.530.pdf,price varies across months,2026-04-01,2026-04-30,FALSE,2026-04,1,FALSE,2026-01,2026-06,2026-07-15
CPX-00086,Acronis,SRBAMSENS,SRBAMSENS,0.37,USD,workload,INVOICE,Invoice-INVUS127109.pdf; Invoice-INVUS128521 (2).pdf; Invoice-INVUS129857.pdf,price varies across months,2026-01-01,9999-12-31,TRUE,2026-01;2026-02;2026-03;2026-05,4,TRUE,2026-01,2026-06,2026-07-15
CPX-00087,Acronis,SRDUMSENS,,4.65,USD,workload,INVOICE,Invoice-INVUS127109.pdf; Invoice-INVUS128521 (2).pdf; GetInvoiceFile - 2026-05-06T204958.530.pdf; Invoice-INVUS129857.pdf,,2026-01-01,9999-12-31,TRUE,2026-01;2026-02;2026-03;2026-04;2026-05,5,FALSE,2026-01,2026-06,2026-07-15
CPX-00088,Acronis,SREUMSENS,,1.86,USD,workload,INVOICE,Invoice-INVUS127109.pdf; Invoice-INVUS129857.pdf,price varies across months,2026-01-01,9999-12-31,TRUE,2026-01;2026-02;2026-05,3,TRUE,2026-01,2026-06,2026-07-15
CPX-00089,Acronis,SREUMSENS,,1.8603,USD,workload,INVOICE,Invoice-INVUS128521 (2).pdf; GetInvoiceFile - 2026-05-06T204958.530.pdf,price varies across months,2026-03-01,2026-04-30,FALSE,2026-03;2026-04,2,FALSE,2026-01,2026-06,2026-07-15
CPX-00090,Acronis,SRFUMSENS,,0.38,USD,workload,INVOICE,Invoice-INVUS127109.pdf,price varies across months,2026-01-01,2026-02-28,FALSE,2026-01;2026-02,2,FALSE,2026-01,2026-06,2026-07-15
CPX-00091,Acronis,SRFUMSENS,,0.3834,USD,workload,INVOICE,Invoice-INVUS128521 (2).pdf; GetInvoiceFile - 2026-05-06T204958.530.pdf; Invoice-INVUS129857.pdf,price varies across months,2026-03-01,9999-12-31,TRUE,2026-03;2026-04;2026-05,3,FALSE,2026-01,2026-06,2026-07-15
CPX-00092,Acronis,SRHAMSENS,SRHAMSENS,0.7325,USD,workload,INVOICE,GetInvoiceFile - 2026-05-06T204958.530.pdf,price varies across months,2026-04-01,2026-04-30,FALSE,2026-04,1,FALSE,2026-01,2026-06,2026-07-15
CPX-00093,Acronis,SRHAMSENS,SRHAMSENS,0.73,USD,workload,INVOICE,Invoice-INVUS127109.pdf,price varies across months,2026-01-01,2026-02-28,FALSE,2026-01;2026-02,2,FALSE,2026-01,2026-06,2026-07-15
CPX-00094,Acronis,SRHAMSENS,SRHAMSENS,0.7317,USD,workload,INVOICE,Invoice-INVUS128521 (2).pdf,price varies across months,2026-03-01,2026-03-31,FALSE,2026-03,1,FALSE,2026-01,2026-06,2026-07-15
CPX-00095,Acronis,SRHAMSENS,SRHAMSENS,0.7313,USD,workload,INVOICE,Invoice-INVUS129857.pdf,price varies across months,2026-05-01,9999-12-31,TRUE,2026-05,1,FALSE,2026-01,2026-06,2026-07-15
CPX-00096,Acronis,SRI5MSENS,SRI5MSENS,1.15,USD,GB,INVOICE,Invoice-INVUS127109.pdf; Invoice-INVUS128521 (2).pdf; GetInvoiceFile - 2026-05-06T204958.530.pdf; Invoice-INVUS129857.pdf,,2026-01-01,9999-12-31,TRUE,2026-01;2026-02;2026-03;2026-04;2026-05,5,FALSE,2026-01,2026-06,2026-07-15
CPX-00097,Acronis,SRIAMSENS,SRIAMSENS,0.1725,USD,GB,INVOICE,GetInvoiceFile - 2026-05-06T204958.530.pdf; Invoice-INVUS129857.pdf,price varies across months,2026-04-01,9999-12-31,TRUE,2026-04;2026-05,2,FALSE,2026-01,2026-06,2026-07-15
CPX-00098,Acronis,SRIAMSENS,SRIAMSENS,0.17,USD,GB,INVOICE,Invoice-INVUS127109.pdf; Invoice-INVUS128521 (2).pdf,price varies across months,2026-01-01,2026-03-31,FALSE,2026-01;2026-02;2026-03,3,FALSE,2026-01,2026-06,2026-07-15
CPX-00099,Acronis,SRJAMSENS,SRJAMSENS,1.1503,USD,workload,INVOICE,GetInvoiceFile - 2026-05-06T204958.530.pdf,price varies across months,2026-04-01,2026-04-30,FALSE,2026-04,1,FALSE,2026-01,2026-06,2026-07-15
CPX-00100,Acronis,SRJAMSENS,SRJAMSENS,1.15,USD,workload,INVOICE,Invoice-INVUS127109.pdf,price varies across months,2026-01-01,2026-02-28,FALSE,2026-01;2026-02,2,FALSE,2026-01,2026-06,2026-07-15
CPX-00101,Acronis,SRJAMSENS,SRJAMSENS,1.1502,USD,workload,INVOICE,Invoice-INVUS128521 (2).pdf; Invoice-INVUS129857.pdf,price varies across months,2026-03-01,9999-12-31,TRUE,2026-03;2026-05,2,TRUE,2026-01,2026-06,2026-07-15
CPX-00102,Acronis,SRJGMSENS,APP-SA-SRJGMSENS,0.83,USD,,INVOICE,Invoice-INVUS127109.pdf,,2026-01-01,2026-02-28,FALSE,2026-01;2026-02,2,FALSE,2026-01,2026-06,2026-07-15
CPX-00103,Acronis,SRMAMSENS,SRMAMSENS,0.6675,USD,workload,INVOICE,GetInvoiceFile - 2026-05-06T204958.530.pdf; Invoice-INVUS129857.pdf,price varies across months,2026-04-01,9999-12-31,TRUE,2026-04;2026-05,2,FALSE,2026-01,2026-06,2026-07-15
CPX-00104,Acronis,SRMAMSENS,SRMAMSENS,0.67,USD,workload,INVOICE,Invoice-INVUS127109.pdf,price varies across months,2026-01-01,2026-02-28,FALSE,2026-01;2026-02,2,FALSE,2026-01,2026-06,2026-07-15
CPX-00105,Acronis,SRMAMSENS,SRMAMSENS,0.6674,USD,workload,INVOICE,Invoice-INVUS128521 (2).pdf,price varies across months,2026-03-01,2026-03-31,FALSE,2026-03,1,FALSE,2026-01,2026-06,2026-07-15
CPX-00106,Acronis,SRXAMSENS,,0.26,USD,,INVOICE,Invoice-INVUS127109.pdf,price varies across months,2026-01-01,2026-02-28,FALSE,2026-01;2026-02,2,FALSE,2026-01,2026-06,2026-07-15
CPX-00107,Acronis,SRXAMSENS,,0.2575,USD,,INVOICE,Invoice-INVUS128521 (2).pdf; GetInvoiceFile - 2026-05-06T204958.530.pdf,price varies across months,2026-03-01,2026-04-30,FALSE,2026-03;2026-04,2,FALSE,2026-01,2026-06,2026-07-15
CPX-00108,Acronis,SRXAMSENS,,0.2571,USD,,INVOICE,Invoice-INVUS129857.pdf,price varies across months,2026-05-01,9999-12-31,TRUE,2026-05,1,FALSE,2026-01,2026-06,2026-07-15
CPX-00109,Acronis,SUVAMSENS,SUVAMSENS,0.0149,USD,user,INVOICE,GetInvoiceFile - 2026-05-06T204958.530.pdf; Invoice-INVUS129857.pdf,price varies across months,2026-04-01,9999-12-31,TRUE,2026-04;2026-05,2,FALSE,2026-01,2026-06,2026-07-15
CPX-00110,Acronis,SUVAMSENS,SUVAMSENS,0.01,USD,user,INVOICE,Invoice-INVUS127109.pdf; Invoice-INVUS128521 (2).pdf,price varies across months,2026-01-01,2026-03-31,FALSE,2026-01;2026-02;2026-03,3,FALSE,2026-01,2026-06,2026-07-15
CPX-00111,Acronis,SVEAMSENS,SVEAMSENS,0.03,USD,GB,INVOICE,Invoice-INVUS127109.pdf,price varies across months,2026-01-01,2026-02-28,FALSE,2026-01;2026-02,2,FALSE,2026-01,2026-06,2026-07-15
CPX-00112,Acronis,SVEAMSENS,SVEAMSENS,0.0272,USD,GB,INVOICE,Invoice-INVUS128521 (2).pdf; GetInvoiceFile - 2026-05-06T204958.530.pdf; Invoice-INVUS129857.pdf,price varies across months,2026-03-01,9999-12-31,TRUE,2026-03;2026-04;2026-05,3,FALSE,2026-01,2026-06,2026-07-15
CPX-00113,Auvik CMS,ANM Essentials,,5.88,,device,OBSERVED,Auvik CMS Recon JAN 26.xlsx,vendor invoice unit price; family=Billable; src=Vendor Usage,2026-01-01,9999-12-31,TRUE,2026-01;2026-02;2026-03;2026-04;2026-05;2026-06,6,FALSE,2026-01,2026-06,2026-07-15
CPX-00114,Auvik CMS,ANM Essentials - Evergreen,,5.88,,device,OBSERVED,Auvik CMS Recon JAN 26.xlsx,vendor invoice unit price; family=Billable; src=Vendor Usage,2026-01-01,9999-12-31,TRUE,2026-01;2026-02;2026-03;2026-04;2026-05;2026-06,6,FALSE,2026-01,2026-06,2026-07-15
CPX-00115,Auvik CMS,ANM Full Performance - Evergreen,,7.41,,device,OBSERVED,Auvik CMS Recon FEB'26.xlsx,vendor invoice unit price; family=Performance; src=Vendor Usage,2026-02-01,9999-12-31,TRUE,2026-02;2026-03;2026-04;2026-05;2026-06,5,FALSE,2026-01,2026-06,2026-07-15
CPX-00116,Auvik CMS,ANM Performance Add-Ons,,3.36,,device,OBSERVED,Auvik CMS Recon JAN 26.xlsx,vendor invoice unit price; family=Performance; src=Vendor Usage,2026-01-01,9999-12-31,TRUE,2026-01;2026-02;2026-03;2026-04;2026-05;2026-06,6,FALSE,2026-01,2026-06,2026-07-15
CPX-00117,Auvik CMS,ANM Performance Add-Ons - Evergreen,,2.78,,device,OBSERVED,Auvik CMS Recon FEB'26.xlsx,vendor invoice unit price; family=Performance; src=Vendor Usage,2026-02-01,9999-12-31,TRUE,2026-02;2026-03;2026-04;2026-05;2026-06,5,FALSE,2026-01,2026-06,2026-07-15
CPX-00118,Auvik CMS,Auvik SaaS Management - Evergreen,,0.91,,device,OBSERVED,Auvik CMS Recon FEB'26.xlsx,vendor invoice unit price; family=ASM; src=Vendor Usage,2026-02-01,9999-12-31,TRUE,2026-02;2026-03;2026-04;2026-05;2026-06,5,FALSE,2026-01,2026-06,2026-07-15
CPX-00119,Auvik CMS,CMS ConnectWise RMM Network - Unmapped Sites,,22,USD,Each,INVOICE,Auvik CMS Recon April'26.xlsx,CW/Zuora charged price; family=Billable; src=Zuora Usage,2026-04-01,2026-04-30,FALSE,2026-04,1,FALSE,2026-01,2026-06,2026-07-15
CPX-00120,Auvik CMS,CMS ConnectWise RMM Networks,,17.3,USD,Each,INVOICE,Auvik CMS Recon April'26.xlsx,CW/Zuora charged price; family=Billable; src=Zuora Usage,2026-04-01,9999-12-31,TRUE,2026-04;2026-06,2,TRUE,2026-01,2026-06,2026-07-15
CPX-00121,Auvik CMS,CMS ConnectWise RMM Networks Performance,,11.2,USD,Each,INVOICE,Auvik CMS Recon April'26.xlsx,CW/Zuora charged price; family=Performance; src=Zuora Usage,2026-04-01,9999-12-31,TRUE,2026-04;2026-05;2026-06,3,FALSE,2026-01,2026-06,2026-07-15
CPX-00122,Auvik CMS,CMS EVG ConnectWise RMM Network - Performance Unmapped,,11.4,USD,Each,INVOICE,Auvik CMS Recon April'26.xlsx,CW/Zuora charged price; family=Performance; src=Zuora Usage,2026-04-01,9999-12-31,TRUE,2026-04;2026-05;2026-06,3,FALSE,2026-01,2026-06,2026-07-15
CPX-00123,Auvik CMS,CMS EVG ConnectWise RMM Network - Unmapped Sites,,14,USD,Each,INVOICE,Auvik CMS Recon April'26.xlsx,CW/Zuora charged price; family=Billable; src=Zuora Usage,2026-04-01,9999-12-31,TRUE,2026-04;2026-05;2026-06,3,FALSE,2026-01,2026-06,2026-07-15
CPX-00124,Auvik CMS,CMS EVG ConnectWise RMM Networks,,14,USD,Each,INVOICE,Auvik CMS Recon April'26.xlsx,CW/Zuora charged price; family=Billable; src=Zuora Usage,2026-04-01,9999-12-31,TRUE,2026-04;2026-05;2026-06,3,FALSE,2026-01,2026-06,2026-07-15
CPX-00125,Auvik CMS,CMS EVG ConnectWise RMM Networks Elite,,27.4,USD,Each,INVOICE,Auvik CMS Recon April'26.xlsx,CW/Zuora charged price; family=Billable; src=Zuora Usage,2026-04-01,9999-12-31,TRUE,2026-04;2026-05;2026-06,3,FALSE,2026-01,2026-06,2026-07-15
CPX-00126,Auvik CMS,COANM-0 Additional Billable Devices,,10.5,,device,OBSERVED,Auvik CMS Recon JAN 26.xlsx,vendor invoice unit price; family=Billable; src=Vendor Usage,2026-01-01,2026-01-31,FALSE,2026-01,1,FALSE,2026-01,2026-06,2026-07-15
CPX-00127,Auvik CMS,COANM-0 Additional Performance Add-Ons,,6.83,,device,OBSERVED,Auvik CMS Recon JAN 26.xlsx,vendor invoice unit price; family=Performance; src=Vendor Usage,2026-01-01,2026-01-31,FALSE,2026-01,1,FALSE,2026-01,2026-06,2026-07-15
CPX-00128,Auvik CMS,COANM-0 Committed Billable Devices,,5.88,,device,OBSERVED,Auvik CMS Recon JAN 26.xlsx,vendor invoice unit price; family=Billable; src=Vendor Usage,2026-01-01,2026-03-31,FALSE,2026-01;2026-02;2026-03,3,FALSE,2026-01,2026-06,2026-07-15
CPX-00129,Auvik CMS,COANM-1 Additional Billable Devices,,9.19,,device,OBSERVED,Auvik CMS Recon JAN 26.xlsx,vendor invoice unit price; family=Billable; src=Vendor Usage,2026-01-01,2026-04-30,FALSE,2026-01;2026-02;2026-04,3,TRUE,2026-01,2026-06,2026-07-15
CPX-00130,Auvik CMS,COANM-1 Committed Billable Devices,,9.19,,device,OBSERVED,Auvik CMS Recon JAN 26.xlsx,vendor invoice unit price; family=Billable; src=Vendor Usage,2026-01-01,9999-12-31,TRUE,2026-01;2026-02;2026-03;2026-04;2026-05;2026-06,6,FALSE,2026-01,2026-06,2026-07-15
CPX-00131,Auvik CMS,COANM-2 Additional Billable Devices,,9.19,,device,OBSERVED,Auvik CMS Recon JAN 26.xlsx,vendor invoice unit price; family=Billable; src=Vendor Usage,2026-01-01,9999-12-31,TRUE,2026-01;2026-02;2026-03;2026-04;2026-05;2026-06,6,FALSE,2026-01,2026-06,2026-07-15
CPX-00132,Auvik CMS,COANM-2 Committed Billable Devices,,7,,device,OBSERVED,Auvik CMS Recon JAN 26.xlsx,vendor invoice unit price; family=Billable; src=Vendor Usage,2026-01-01,9999-12-31,TRUE,2026-01;2026-02;2026-03;2026-04;2026-05;2026-06,6,FALSE,2026-01,2026-06,2026-07-15
CPX-00133,Auvik CMS,COANM-3 Additional Billable Devices,,6.62,,device,OBSERVED,Auvik CMS Recon JAN 26.xlsx,vendor invoice unit price; family=Billable; src=Vendor Usage,2026-01-01,2026-01-31,FALSE,2026-01,1,FALSE,2026-01,2026-06,2026-07-15
CPX-00134,Auvik CMS,COANM-3 Additional Performance Add-Ons,,4.48,,device,OBSERVED,Auvik CMS Recon JAN 26.xlsx,vendor invoice unit price; family=Performance; src=Vendor Usage,2026-01-01,2026-02-28,FALSE,2026-01;2026-02,2,FALSE,2026-01,2026-06,2026-07-15
CPX-00135,Auvik CMS,COANM-3 Committed Billable Devices,,6.62,,device,OBSERVED,Auvik CMS Recon JAN 26.xlsx,vendor invoice unit price; family=Billable; src=Vendor Usage,2026-01-01,2026-02-28,FALSE,2026-01;2026-02,2,FALSE,2026-01,2026-06,2026-07-15
CPX-00136,Auvik CMS,COANM-4 Additional Billable Devices,,5.88,,device,OBSERVED,Auvik CMS Recon JAN 26.xlsx,vendor invoice unit price; family=Billable; src=Vendor Usage,2026-01-01,2026-03-31,FALSE,2026-01;2026-02;2026-03,3,FALSE,2026-01,2026-06,2026-07-15
CPX-00137,Auvik CMS,COANM-4 Additional Performance Add-Ons,,4.66,,device,OBSERVED,Auvik CMS Recon JAN 26.xlsx,vendor invoice unit price; family=Performance; src=Vendor Usage,2026-01-01,9999-12-31,TRUE,2026-01;2026-02;2026-03;2026-04;2026-05;2026-06,6,FALSE,2026-01,2026-06,2026-07-15
CPX-00138,Auvik CMS,COANM-4 Committed Billable Devices,,5.88,,device,OBSERVED,Auvik CMS Recon JAN 26.xlsx,vendor invoice unit price; family=Billable; src=Vendor Usage,2026-01-01,2026-01-31,FALSE,2026-01,1,FALSE,2026-01,2026-06,2026-07-15
CPX-00139,Auvik CMS,COANM-5 Additional Billable Devices,,5.15,,device,OBSERVED,Auvik CMS Recon JAN 26.xlsx,vendor invoice unit price; family=Billable; src=Vendor Usage,2026-01-01,2026-01-31,FALSE,2026-01,1,FALSE,2026-01,2026-06,2026-07-15
CPX-00140,Auvik CMS,COANM-5 Additional Performance Add-Ons,,3.43,,device,OBSERVED,Auvik CMS Recon JAN 26.xlsx,vendor invoice unit price; family=Performance; src=Vendor Usage,2026-01-01,2026-01-31,FALSE,2026-01,1,FALSE,2026-01,2026-06,2026-07-15
CPX-00141,Auvik CMS,COANM-5 Committed Billable Devices,,4.9,,device,OBSERVED,Auvik CMS Recon JAN 26.xlsx,vendor invoice unit price; family=Billable; src=Vendor Usage,2026-01-01,2026-01-31,FALSE,2026-01,1,FALSE,2026-01,2026-06,2026-07-15
CPX-00142,Auvik CMS,Command for Network (Total Cost),,1,USD,Total Cost,INVOICE,Auvik CMS Recon JAN 26.xlsx,CW/Zuora charged price; family=Billable; src=Zuora Usage,2026-01-01,2026-02-28,FALSE,2026-01;2026-02,2,FALSE,2026-01,2026-06,2026-07-15
CPX-00143,Auvik CMS,Command for Network Elite (Total Cost),,1,USD,Total Cost,INVOICE,Auvik CMS Recon JAN 26.xlsx,CW/Zuora charged price; family=Billable; src=Zuora Usage,2026-01-01,2026-02-28,FALSE,2026-01;2026-02,2,FALSE,2026-01,2026-06,2026-07-15
CPX-00144,Auvik CMS,Command for Network Package MSP 10 (Recurring)Fixed Price,,150,USD,Each,INVOICE,Auvik CMS Recon JAN 26.xlsx,CW/Zuora charged price; family=Billable; src=Zuora Usage,2026-01-01,9999-12-31,TRUE,2026-01;2026-02;2026-03;2026-04;2026-05;2026-06,6,FALSE,2026-01,2026-06,2026-07-15
CPX-00145,Auvik CMS,Command for Network Package MSP 10 (Usage)Performance,,9.75,USD,Each,INVOICE,Auvik CMS Recon JAN 26.xlsx,CW/Zuora charged price; family=Performance; src=Zuora Usage,2026-01-01,2026-05-31,FALSE,2026-01;2026-02;2026-03;2026-04;2026-05,5,FALSE,2026-01,2026-06,2026-07-15
CPX-00146,Auvik CMS,Command for Network Package MSP 100 (Usage)AdditionalCharge -- Overage,,10,USD,Each,INVOICE,Auvik CMS Recon JAN 26.xlsx,CW/Zuora charged price; family=Billable; src=Zuora Usage,2026-01-01,9999-12-31,TRUE,2026-01;2026-02;2026-03;2026-04;2026-05;2026-06,6,FALSE,2026-01,2026-06,2026-07-15
CPX-00147,Auvik CMS,Command for Network Package MSP 40 (Usage)AdditionalCharge -- Overage,,12.5,USD,Each,INVOICE,Auvik CMS Recon JAN 26.xlsx,CW/Zuora charged price; family=Billable; src=Zuora Usage,2026-01-01,9999-12-31,TRUE,2026-01;2026-02;2026-03;2026-04;2026-05;2026-06,6,FALSE,2026-01,2026-06,2026-07-15
CPX-00148,Auvik CMS,Command for Network Package MSP 40 (Usage)Performance,,8.15,USD,Each,INVOICE,Auvik CMS Recon JAN 26.xlsx,CW/Zuora charged price; family=Performance; src=Zuora Usage,2026-01-01,2026-01-31,FALSE,2026-01,1,FALSE,2026-01,2026-06,2026-07-15
CPX-00149,Auvik CMS,Command for Network Performance (Total Cost),,1,USD,Total Cost,INVOICE,Auvik CMS Recon FEB'26.xlsx,CW/Zuora charged price; family=Performance; src=Zuora Usage,2026-02-01,2026-02-28,FALSE,2026-02,1,FALSE,2026-01,2026-06,2026-07-15
CPX-00150,Auvik CMS,ConnectWise Command Networks Package MSP 10 (Recurring)Fixed Price,,151.5,USD,Each,INVOICE,Auvik CMS Recon JAN 26.xlsx,CW/Zuora charged price; family=Billable; src=Zuora Usage,2026-01-01,9999-12-31,TRUE,2026-01;2026-02;2026-03;2026-04;2026-05;2026-06,6,FALSE,2026-01,2026-06,2026-07-15
CPX-00151,Auvik CMS,ConnectWise Command Networks Package MSP 10 (Usage)AdditionalCharge -- Overage,,15,USD,Each,INVOICE,Auvik CMS Recon JAN 26.xlsx,CW/Zuora charged price; family=Billable; src=Zuora Usage,2026-01-01,9999-12-31,TRUE,2026-01;2026-02;2026-03;2026-04;2026-05;2026-06,6,FALSE,2026-01,2026-06,2026-07-15
CPX-00152,Auvik CMS,ConnectWise Command Networks Package MSP 10 (Usage)Performance,,7.95,USD,Each,INVOICE,Auvik CMS Recon JAN 26.xlsx,CW/Zuora charged price; family=Performance; src=Zuora Usage,2026-01-01,9999-12-31,TRUE,2026-01;2026-02;2026-03;2026-04;2026-05;2026-06,6,FALSE,2026-01,2026-06,2026-07-15
CPX-00153,Auvik CMS,ConnectWise Command Networks Package MSP 1000 (Recurring)Fixed Price,,6000,USD,Each,INVOICE,Auvik CMS Recon JAN 26.xlsx,CW/Zuora charged price; family=Billable; src=Zuora Usage,2026-01-01,9999-12-31,TRUE,2026-01;2026-02;2026-03;2026-04;2026-05;2026-06,6,FALSE,2026-01,2026-06,2026-07-15
CPX-00154,Auvik CMS,ConnectWise Command Networks Package MSP 150 (Recurring)Fixed Price,,1350,USD,Each,INVOICE,Auvik CMS Recon JAN 26.xlsx,CW/Zuora charged price; family=Billable; src=Zuora Usage,2026-01-01,2026-03-31,FALSE,2026-01;2026-02;2026-03,3,FALSE,2026-01,2026-06,2026-07-15
CPX-00155,Auvik CMS,ConnectWise Command Networks Package MSP 150 (Usage)Performance,,6.1,USD,Each,INVOICE,Auvik CMS Recon JAN 26.xlsx,CW/Zuora charged price; family=Performance; src=Zuora Usage,2026-01-01,2026-03-31,FALSE,2026-01;2026-02;2026-03,3,FALSE,2026-01,2026-06,2026-07-15
CPX-00156,Auvik CMS,ConnectWise Command Networks Package MSP 175 (Usage)AdditionalCharge -- Overage,,9,USD,Each,INVOICE,Auvik CMS Recon JAN 26.xlsx,CW/Zuora charged price; family=Billable; src=Zuora Usage,2026-01-01,9999-12-31,TRUE,2026-01;2026-02;2026-03;2026-04;2026-05;2026-06,6,FALSE,2026-01,2026-06,2026-07-15
CPX-00157,Auvik CMS,ConnectWise Command Networks Package MSP 250 (Recurring)Fixed Price,,1600,USD,Each,INVOICE,Auvik CMS Recon JAN 26.xlsx,CW/Zuora charged price; family=Billable; src=Zuora Usage,2026-01-01,9999-12-31,TRUE,2026-01;2026-02;2026-03;2026-04;2026-05;2026-06,6,FALSE,2026-01,2026-06,2026-07-15
CPX-00158,Auvik CMS,ConnectWise Command Networks Package MSP 250 (Usage)AdditionalCharge -- Overage,,6.4,USD,Each,INVOICE,Auvik CMS Recon May'26.xlsx,CW/Zuora charged price; family=Billable; src=Zuora Usage,2026-05-01,9999-12-31,TRUE,2026-05;2026-06,2,FALSE,2026-01,2026-06,2026-07-15
CPX-00159,Auvik CMS,ConnectWise Command Networks Package MSP 250 (Usage)Performance,,4.4,USD,Each,INVOICE,Auvik CMS Recon JAN 26.xlsx,CW/Zuora charged price; family=Performance; src=Zuora Usage,2026-01-01,9999-12-31,TRUE,2026-01;2026-02;2026-03;2026-04;2026-05;2026-06,6,FALSE,2026-01,2026-06,2026-07-15
CPX-00160,Auvik CMS,ConnectWise Command Networks Package MSP 40 (Usage)AdditionalCharge -- Overage,,7.34,USD,Each,INVOICE,Auvik CMS Recon JAN 26.xlsx,CW/Zuora charged price; family=Billable; src=Zuora Usage,2026-01-01,9999-12-31,TRUE,2026-01;2026-02;2026-03;2026-04;2026-05;2026-06,6,FALSE,2026-01,2026-06,2026-07-15
CPX-00161,Auvik CMS,ConnectWise Command Networks Package MSP 500 (Recurring)Fixed Price,,3500,USD,Each,INVOICE,Auvik CMS Recon JAN 26.xlsx,CW/Zuora charged price; family=Billable; src=Zuora Usage,2026-01-01,9999-12-31,TRUE,2026-01;2026-02;2026-03;2026-04;2026-05;2026-06,6,FALSE,2026-01,2026-06,2026-07-15
CPX-00162,Auvik CMS,ConnectWise Command? Networks Package MSP 1500 (Usage)AdditionalCharge,,4.48,USD,Each,INVOICE,Auvik CMS Recon May'26.xlsx,CW/Zuora charged price; family=Billable; src=Zuora Usage,2026-05-01,2026-05-31,FALSE,2026-05,1,FALSE,2026-01,2026-06,2026-07-15
CPX-00163,Auvik CMS,ConnectWise RMM Networks Package MSP 10 (Recurring)Fixed Price,,201.42,USD,Each,INVOICE,Auvik CMS Recon JAN 26.xlsx,CW/Zuora charged price; family=Billable; src=Zuora Usage,2026-01-01,9999-12-31,TRUE,2026-01;2026-02;2026-03;2026-04;2026-05;2026-06,6,FALSE,2026-01,2026-06,2026-07-15
CPX-00164,Auvik CMS,ConnectWise RMM Networks Package MSP 10 (Usage)AdditionalCharge -- Overage,,12.96,USD,Each,INVOICE,Auvik CMS Recon JAN 26.xlsx,CW/Zuora charged price; family=Billable; src=Zuora Usage,2026-01-01,9999-12-31,TRUE,2026-01;2026-02;2026-03;2026-04;2026-05;2026-06,6,FALSE,2026-01,2026-06,2026-07-15
CPX-00165,Auvik CMS,ConnectWise RMM Networks Package MSP 10 (Usage)Performance,,7.8,USD,Each,INVOICE,Auvik CMS Recon JAN 26.xlsx,CW/Zuora charged price; family=Performance; src=Zuora Usage,2026-01-01,2026-02-28,FALSE,2026-01;2026-02,2,FALSE,2026-01,2026-06,2026-07-15
CPX-00166,Auvik CMS,ConnectWise RMM Networks Package MSP 100 (Recurring)Fixed Price,,784.4,USD,Each,INVOICE,Auvik CMS Recon JAN 26.xlsx,CW/Zuora charged price; family=Billable; src=Zuora Usage,2026-01-01,9999-12-31,TRUE,2026-01;2026-02;2026-03;2026-04;2026-05;2026-06,6,FALSE,2026-01,2026-06,2026-07-15
CPX-00167,Auvik CMS,ConnectWise RMM Networks Package MSP 100 (Usage)AdditionalCharge -- Overage,,7.95,USD,Each,INVOICE,Auvik CMS Recon JAN 26.xlsx,CW/Zuora charged price; family=Billable; src=Zuora Usage,2026-01-01,9999-12-31,TRUE,2026-01;2026-02;2026-03;2026-04;2026-05;2026-06,6,FALSE,2026-01,2026-06,2026-07-15
CPX-00168,Auvik CMS,ConnectWise RMM Networks Package MSP 100 (Usage)Performance,,5.29,USD,Each,INVOICE,Auvik CMS Recon JAN 26.xlsx,CW/Zuora charged price; family=Performance; src=Zuora Usage,2026-01-01,9999-12-31,TRUE,2026-01;2026-02;2026-03;2026-04;2026-05;2026-06,6,FALSE,2026-01,2026-06,2026-07-15
CPX-00169,Auvik CMS,ConnectWise RMM Networks Package MSP 1000 (Recurring)Fixed Price,,5400,USD,Each,INVOICE,Auvik CMS Recon JAN 26.xlsx,CW/Zuora charged price; family=Billable; src=Zuora Usage,2026-01-01,9999-12-31,TRUE,2026-01;2026-02;2026-03;2026-04;2026-05;2026-06,6,FALSE,2026-01,2026-06,2026-07-15
CPX-00170,Auvik CMS,ConnectWise RMM Networks Package MSP 1000 (Usage)AdditionalCharge -- Overage,,2.9,USD,Each,INVOICE,Auvik CMS Recon JAN 26.xlsx,CW/Zuora charged price; family=Billable; src=Zuora Usage,2026-01-01,9999-12-31,TRUE,2026-01;2026-02;2026-03;2026-04;2026-05;2026-06,6,FALSE,2026-01,2026-06,2026-07-15
CPX-00171,Auvik CMS,ConnectWise RMM Networks Package MSP 1000 (Usage)Performance,,3.75,USD,Each,INVOICE,Auvik CMS Recon JAN 26.xlsx,CW/Zuora charged price; family=Performance; src=Zuora Usage,2026-01-01,2026-01-31,FALSE,2026-01,1,FALSE,2026-01,2026-06,2026-07-15
CPX-00172,Auvik CMS,ConnectWise RMM Networks Package MSP 150 (Recurring)Fixed Price,,1350,USD,Each,INVOICE,Auvik CMS Recon JAN 26.xlsx,CW/Zuora charged price; family=Billable; src=Zuora Usage,2026-01-01,9999-12-31,TRUE,2026-01;2026-02;2026-03;2026-04;2026-05;2026-06,6,FALSE,2026-01,2026-06,2026-07-15
CPX-00173,Auvik CMS,ConnectWise RMM Networks Package MSP 1500 (Recurring)Fixed Price,,6000,USD,Each,INVOICE,Auvik CMS Recon JAN 26.xlsx,CW/Zuora charged price; family=Billable; src=Zuora Usage,2026-01-01,9999-12-31,TRUE,2026-01;2026-02;2026-03;2026-04;2026-05;2026-06,6,FALSE,2026-01,2026-06,2026-07-15
CPX-00174,Auvik CMS,ConnectWise RMM Networks Package MSP 1500 (Usage)AdditionalCharge -- Overage,,2.99,USD,Each,INVOICE,Auvik CMS Recon JAN 26.xlsx,CW/Zuora charged price; family=Billable; src=Zuora Usage,2026-01-01,2026-04-30,FALSE,2026-01;2026-02;2026-03;2026-04,4,FALSE,2026-01,2026-06,2026-07-15
CPX-00175,Auvik CMS,ConnectWise RMM Networks Package MSP 175 (Recurring)Fixed Price,,1575,USD,Each,INVOICE,Auvik CMS Recon JAN 26.xlsx,CW/Zuora charged price; family=Billable; src=Zuora Usage,2026-01-01,9999-12-31,TRUE,2026-01;2026-02;2026-03;2026-04;2026-05;2026-06,6,FALSE,2026-01,2026-06,2026-07-15
CPX-00176,Auvik CMS,ConnectWise RMM Networks Package MSP 175 (Usage)AdditionalCharge -- Overage,,9.55,USD,Each,INVOICE,Auvik CMS Recon JAN 26.xlsx,CW/Zuora charged price; family=Billable; src=Zuora Usage,2026-01-01,9999-12-31,TRUE,2026-01;2026-02;2026-03;2026-04;2026-05;2026-06,6,FALSE,2026-01,2026-06,2026-07-15
CPX-00177,Auvik CMS,ConnectWise RMM Networks Package MSP 175 (Usage)Performance,,6.1,USD,Each,INVOICE,Auvik CMS Recon JAN 26.xlsx,CW/Zuora charged price; family=Performance; src=Zuora Usage,2026-01-01,9999-12-31,TRUE,2026-01;2026-02;2026-03;2026-04;2026-05;2026-06,6,FALSE,2026-01,2026-06,2026-07-15
CPX-00178,Auvik CMS,ConnectWise RMM Networks Package MSP 250 (Recurring)Fixed Price,,1505.2,USD,Each,INVOICE,Auvik CMS Recon JAN 26.xlsx,CW/Zuora charged price; family=Billable; src=Zuora Usage,2026-01-01,9999-12-31,TRUE,2026-01;2026-02;2026-03;2026-04;2026-05;2026-06,6,FALSE,2026-01,2026-06,2026-07-15
CPX-00179,Auvik CMS,ConnectWise RMM Networks Package MSP 250 (Usage)AdditionalCharge -- Overage,,7.63,USD,Each,INVOICE,Auvik CMS Recon JAN 26.xlsx,CW/Zuora charged price; family=Billable; src=Zuora Usage,2026-01-01,9999-12-31,TRUE,2026-01;2026-02;2026-03;2026-04;2026-05;2026-06,6,FALSE,2026-01,2026-06,2026-07-15
CPX-00180,Auvik CMS,ConnectWise RMM Networks Package MSP 250 (Usage)Performance,,2,USD,Each,INVOICE,Auvik CMS Recon JAN 26.xlsx,CW/Zuora charged price; family=Performance; src=Zuora Usage,2026-01-01,9999-12-31,TRUE,2026-01;2026-02;2026-03;2026-04;2026-05;2026-06,6,FALSE,2026-01,2026-06,2026-07-15
CPX-00181,Auvik CMS,ConnectWise RMM Networks Package MSP 40 (Recurring)Fixed Price,,450,USD,Each,INVOICE,Auvik CMS Recon JAN 26.xlsx,CW/Zuora charged price; family=Billable; src=Zuora Usage,2026-01-01,9999-12-31,TRUE,2026-01;2026-02;2026-03;2026-04;2026-05;2026-06,6,FALSE,2026-01,2026-06,2026-07-15
CPX-00182,Auvik CMS,ConnectWise RMM Networks Package MSP 40 (Usage)AdditionalCharge -- Overage,,13.25,USD,Each,INVOICE,Auvik CMS Recon JAN 26.xlsx,CW/Zuora charged price; family=Billable; src=Zuora Usage,2026-01-01,9999-12-31,TRUE,2026-01;2026-02;2026-03;2026-04;2026-05;2026-06,6,FALSE,2026-01,2026-06,2026-07-15
CPX-00183,Auvik CMS,ConnectWise RMM Networks Package MSP 40 (Usage)Performance,,8.15,USD,Each,INVOICE,Auvik CMS Recon JAN 26.xlsx,CW/Zuora charged price; family=Performance; src=Zuora Usage,2026-01-01,9999-12-31,TRUE,2026-01;2026-02;2026-03;2026-04;2026-05;2026-06,6,FALSE,2026-01,2026-06,2026-07-15
CPX-00184,Auvik CMS,ConnectWise RMM Networks Package MSP 500 (Recurring)Fixed Price,,2800,USD,Each,INVOICE,Auvik CMS Recon JAN 26.xlsx,CW/Zuora charged price; family=Billable; src=Zuora Usage,2026-01-01,9999-12-31,TRUE,2026-01;2026-02;2026-03;2026-04;2026-05;2026-06,6,FALSE,2026-01,2026-06,2026-07-15
CPX-00185,Auvik CMS,ConnectWise RMM Networks Package MSP 500 (Usage)AdditionalCharge -- Overage,,5.7,USD,Each,INVOICE,Auvik CMS Recon JAN 26.xlsx,CW/Zuora charged price; family=Billable; src=Zuora Usage,2026-01-01,9999-12-31,TRUE,2026-01;2026-02;2026-03;2026-04;2026-05;2026-06,6,FALSE,2026-01,2026-06,2026-07-15
CPX-00186,Auvik CMS,ConnectWise RMM Networks Package MSP 500 (Usage)Performance,,4,USD,Each,INVOICE,Auvik CMS Recon JAN 26.xlsx,CW/Zuora charged price; family=Performance; src=Zuora Usage,2026-01-01,9999-12-31,TRUE,2026-01;2026-02;2026-03;2026-04;2026-05;2026-06,6,FALSE,2026-01,2026-06,2026-07-15
CPX-00187,Auvik CMS,ConnectWise RMM Networks Package MSP 75 (Recurring)Fixed Price,,881.25,USD,Each,INVOICE,Auvik CMS Recon JAN 26.xlsx,CW/Zuora charged price; family=Billable; src=Zuora Usage,2026-01-01,9999-12-31,TRUE,2026-01;2026-02;2026-03;2026-04;2026-05;2026-06,6,FALSE,2026-01,2026-06,2026-07-15
CPX-00188,Auvik CMS,ConnectWise RMM Networks Package MSP 75 (Usage)AdditionalCharge -- Overage,,12.46,USD,Each,INVOICE,Auvik CMS Recon JAN 26.xlsx,CW/Zuora charged price; family=Billable; src=Zuora Usage,2026-01-01,9999-12-31,TRUE,2026-01;2026-02;2026-03;2026-04;2026-05;2026-06,6,FALSE,2026-01,2026-06,2026-07-15
CPX-00189,Auvik CMS,ConnectWise RMM Networks Package MSP 750 (Recurring)Fixed Price,,4651.2,USD,Each,INVOICE,Auvik CMS Recon JAN 26.xlsx,CW/Zuora charged price; family=Billable; src=Zuora Usage,2026-01-01,9999-12-31,TRUE,2026-01;2026-02;2026-03;2026-04;2026-05;2026-06,6,FALSE,2026-01,2026-06,2026-07-15
CPX-00190,Auvik CMS,ConnectWise RMM Networks Package MSP 750 (Usage)AdditionalCharge -- Overage,,6.9,USD,Each,INVOICE,Auvik CMS Recon April'26.xlsx,CW/Zuora charged price; family=Billable; src=Zuora Usage,2026-04-01,9999-12-31,TRUE,2026-04;2026-05;2026-06,3,FALSE,2026-01,2026-06,2026-07-15
CPX-00191,Auvik CMS,ConnectWise RMM Servers Elite,,53.37,USD,Each,INVOICE,Auvik CMS Recon June'26.xlsx,CW/Zuora charged price; family=Billable; src=Zuora Usage,2026-06-01,9999-12-31,TRUE,2026-06,1,FALSE,2026-01,2026-06,2026-07-15
CPX-00192,Auvik CMS,Continuum Monthly Plan,,0,,device,OBSERVED,Auvik CMS Recon JAN 26.xlsx,vendor invoice unit price; family=Billable; src=Vendor Usage,2026-01-01,9999-12-31,TRUE,2026-01;2026-02;2026-03;2026-04;2026-05;2026-06,6,FALSE,2026-01,2026-06,2026-07-15
CPX-00193,Auvik CMS,EPRM-ANM-10 Auvik Essentials -- Committed,,12,,device,OBSERVED,Auvik CMS Recon JAN 26.xlsx,vendor invoice unit price; family=Billable; src=Vendor Usage,2026-01-01,2026-01-31,FALSE,2026-01,1,FALSE,2026-01,2026-06,2026-07-15
CPX-00194,Auvik CMS,EPRM-ANM-10 Auvik Essentials -- Overage,,10.5,,device,OBSERVED,Auvik CMS Recon JAN 26.xlsx,vendor invoice unit price; family=Billable; src=Vendor Usage,2026-01-01,2026-01-31,FALSE,2026-01,1,FALSE,2026-01,2026-06,2026-07-15
CPX-00195,Auvik CMS,EPRM-ANM-100 Auvik Essentials -- Committed,,7.35,,device,OBSERVED,Auvik CMS Recon JAN 26.xlsx,vendor invoice unit price; family=Billable; src=Vendor Usage,2026-01-01,9999-12-31,TRUE,2026-01;2026-02;2026-03;2026-04;2026-05;2026-06,6,FALSE,2026-01,2026-06,2026-07-15
CPX-00196,Auvik CMS,EPRM-ANM-100 Auvik Essentials -- Overage,,8.4,,device,OBSERVED,Auvik CMS Recon JAN 26.xlsx,vendor invoice unit price; family=Billable; src=Vendor Usage,2026-01-01,9999-12-31,TRUE,2026-01;2026-02;2026-03;2026-04;2026-05;2026-06,6,FALSE,2026-01,2026-06,2026-07-15
CPX-00197,Auvik CMS,EPRM-ANM-1000 Auvik Essentials -- Committed,,4.8,,device,OBSERVED,Auvik CMS Recon JAN 26.xlsx,vendor invoice unit price; family=Billable; src=Vendor Usage,2026-01-01,9999-12-31,TRUE,2026-01;2026-02;2026-03;2026-04;2026-05;2026-06,6,FALSE,2026-01,2026-06,2026-07-15
CPX-00198,Auvik CMS,EPRM-ANM-1000 Auvik Essentials -- Overage,,4.8,,device,OBSERVED,Auvik CMS Recon JAN 26.xlsx,vendor invoice unit price; family=Billable; src=Vendor Usage,2026-01-01,9999-12-31,TRUE,2026-01;2026-02;2026-03;2026-04;2026-05;2026-06,6,FALSE,2026-01,2026-06,2026-07-15
CPX-00199,Auvik CMS,EPRM-ANM-175 Auvik Essentials -- Committed,,7.56,,device,OBSERVED,Auvik CMS Recon JAN 26.xlsx,vendor invoice unit price; family=Billable; src=Vendor Usage,2026-01-01,2026-04-30,FALSE,2026-01;2026-02;2026-03;2026-04,4,FALSE,2026-01,2026-06,2026-07-15
CPX-00200,Auvik CMS,EPRM-ANM-175 Auvik Essentials -- Overage,,7.56,,device,OBSERVED,Auvik CMS Recon JAN 26.xlsx,vendor invoice unit price; family=Billable; src=Vendor Usage,2026-01-01,2026-04-30,FALSE,2026-01;2026-02;2026-03;2026-04,4,FALSE,2026-01,2026-06,2026-07-15
CPX-00201,Auvik CMS,EPRM-ANM-250 Auvik Essentials -- Committed,,5.88,,device,OBSERVED,Auvik CMS Recon JAN 26.xlsx,vendor invoice unit price; family=Billable; src=Vendor Usage,2026-01-01,9999-12-31,TRUE,2026-01;2026-02;2026-03;2026-04;2026-05;2026-06,6,FALSE,2026-01,2026-06,2026-07-15
CPX-00202,Auvik CMS,EPRM-ANM-250 Auvik Essentials -- Overage,,5.88,,device,OBSERVED,Auvik CMS Recon JAN 26.xlsx,vendor invoice unit price; family=Billable; src=Vendor Usage,2026-01-01,2026-04-30,FALSE,2026-01;2026-02;2026-03;2026-04,4,FALSE,2026-01,2026-06,2026-07-15
CPX-00203,Auvik CMS,EPRM-ANM-40 Auvik Essentials -- Committed,,8.75,,device,OBSERVED,Auvik CMS Recon JAN 26.xlsx,vendor invoice unit price; family=Billable; src=Vendor Usage,2026-01-01,9999-12-31,TRUE,2026-01;2026-02;2026-03;2026-04;2026-05;2026-06,6,FALSE,2026-01,2026-06,2026-07-15
CPX-00204,Auvik CMS,EPRM-ANM-40 Auvik Essentials -- Overage,,9.19,,device,OBSERVED,Auvik CMS Recon JAN 26.xlsx,vendor invoice unit price; family=Billable; src=Vendor Usage,2026-01-01,9999-12-31,TRUE,2026-01;2026-02;2026-03;2026-04;2026-05;2026-06,6,FALSE,2026-01,2026-06,2026-07-15
CPX-00205,Auvik CMS,EPRM-ANM-500 Auvik Essentials -- Committed,,5.88,,device,OBSERVED,Auvik CMS Recon JAN 26.xlsx,vendor invoice unit price; family=Billable; src=Vendor Usage,2026-01-01,9999-12-31,TRUE,2026-01;2026-02;2026-03;2026-04;2026-05;2026-06,6,FALSE,2026-01,2026-06,2026-07-15
CPX-00206,Auvik CMS,EPRM-ANM-500 Auvik Essentials -- Overage,,5.88,,device,OBSERVED,Auvik CMS Recon JAN 26.xlsx,vendor invoice unit price; family=Billable; src=Vendor Usage,2026-01-01,9999-12-31,TRUE,2026-01;2026-02;2026-03;2026-04;2026-05;2026-06,6,FALSE,2026-01,2026-06,2026-07-15
CPX-00207,Auvik CMS,EPRM-ANM-75 Auvik Essentials -- Committed,,8.65,,device,OBSERVED,Auvik CMS Recon JAN 26.xlsx,vendor invoice unit price; family=Billable; src=Vendor Usage,2026-01-01,9999-12-31,TRUE,2026-01;2026-02;2026-03;2026-04;2026-05;2026-06,6,FALSE,2026-01,2026-06,2026-07-15
CPX-00208,Auvik CMS,EPRM-ANM-75 Auvik Essentials -- Overage,,8.64,,device,OBSERVED,Auvik CMS Recon JAN 26.xlsx,vendor invoice unit price; family=Billable; src=Vendor Usage,2026-01-01,9999-12-31,TRUE,2026-01;2026-02;2026-03;2026-04;2026-05;2026-06,6,FALSE,2026-01,2026-06,2026-07-15
CPX-00209,Auvik CMS,EPRM-ANM-750 Auvik Essentials -- Committed,,5.46,,device,OBSERVED,Auvik CMS Recon JAN 26.xlsx,vendor invoice unit price; family=Billable; src=Vendor Usage,2026-01-01,2026-01-31,FALSE,2026-01,1,FALSE,2026-01,2026-06,2026-07-15
CPX-00210,Auvik CMS,EPRM-ANM-750 Auvik Essentials -- Overage,,5.46,,device,OBSERVED,Auvik CMS Recon JAN 26.xlsx,vendor invoice unit price; family=Billable; src=Vendor Usage,2026-01-01,2026-01-31,FALSE,2026-01,1,FALSE,2026-01,2026-06,2026-07-15
CPX-00211,Auvik CMS,ERM-ANM-250 Auvik Essentials -- Committed,,5.6,,device,OBSERVED,Auvik CMS Recon JAN 26.xlsx,vendor invoice unit price; family=Billable; src=Vendor Usage,2026-01-01,2026-01-31,FALSE,2026-01,1,FALSE,2026-01,2026-06,2026-07-15
CPX-00212,Auvik CMS,ERM-ANM-40 Auvik Essentials -- Committed,,10,,device,OBSERVED,Auvik CMS Recon JAN 26.xlsx,vendor invoice unit price; family=Billable; src=Vendor Usage,2026-01-01,2026-01-31,FALSE,2026-01,1,FALSE,2026-01,2026-06,2026-07-15
CPX-00213,Auvik CMS,ERM-ANM-500 Auvik Essentials -- Committed,,5.88,,device,OBSERVED,Auvik CMS Recon JAN 26.xlsx,vendor invoice unit price; family=Billable; src=Vendor Usage,2026-01-01,2026-01-31,FALSE,2026-01,1,FALSE,2026-01,2026-06,2026-07-15
CPX-00214,Auvik CMS,ERM-ANM-500 Auvik Essentials -- Overage,,5.88,,device,OBSERVED,Auvik CMS Recon JAN 26.xlsx,vendor invoice unit price; family=Billable; src=Vendor Usage,2026-01-01,2026-01-31,FALSE,2026-01,1,FALSE,2026-01,2026-06,2026-07-15
CPX-00215,Auvik CMS,Licenses,,10.5,,device,OBSERVED,Auvik CMS Recon JAN 26.xlsx,vendor invoice unit price; family=Billable; src=Vendor Usage,2026-01-01,9999-12-31,TRUE,2026-01;2026-02;2026-03;2026-04;2026-05;2026-06,6,FALSE,2026-01,2026-06,2026-07-15
CPX-00216,Auvik CMS,M2M-ConnectWise Command Networks Elite (Total Cost),,1,USD,Total Cost,INVOICE,Auvik CMS Recon JAN 26.xlsx,CW/Zuora charged price; family=Billable; src=Zuora Usage,2026-01-01,2026-02-28,FALSE,2026-01;2026-02,2,FALSE,2026-01,2026-06,2026-07-15
CPX-00217,Auvik CMS,Overage - ANM Essentials,,5.88,,device,OBSERVED,Auvik CMS Recon JAN 26.xlsx,vendor invoice unit price; family=Billable; src=Vendor Usage,2026-01-01,9999-12-31,TRUE,2026-01;2026-02;2026-03;2026-04;2026-05;2026-06,6,FALSE,2026-01,2026-06,2026-07-15
CPX-00218,Auvik CMS,Overage - ANM Essentials Evergreen,,6.72,,device,OBSERVED,Auvik CMS Recon JAN 26.xlsx,vendor invoice unit price; family=Billable; src=Vendor Usage,2026-01-01,9999-12-31,TRUE,2026-01;2026-02;2026-03;2026-04;2026-05;2026-06,6,FALSE,2026-01,2026-06,2026-07-15
CPX-00219,Auvik CMS,Overage - ANM Full Performance Evergreen,,7.41,,device,OBSERVED,Auvik CMS Recon FEB'26.xlsx,vendor invoice unit price; family=Performance; src=Vendor Usage,2026-02-01,9999-12-31,TRUE,2026-02;2026-03;2026-04;2026-05;2026-06,5,FALSE,2026-01,2026-06,2026-07-15
CPX-00220,Auvik CMS,Overage - ANM Performance Add-On Evergreen,,4,,device,OBSERVED,Auvik CMS Recon JAN 26.xlsx,vendor invoice unit price; family=Performance; src=Vendor Usage,2026-01-01,9999-12-31,TRUE,2026-01;2026-02;2026-03;2026-04;2026-05;2026-06,6,FALSE,2026-01,2026-06,2026-07-15
CPX-00221,Auvik CMS,Overage - ANM Performance Add-on,,2.77,,device,OBSERVED,Auvik CMS Recon JAN 26.xlsx,vendor invoice unit price; family=Performance; src=Vendor Usage,2026-01-01,9999-12-31,TRUE,2026-01;2026-02;2026-03;2026-04;2026-05;2026-06,6,FALSE,2026-01,2026-06,2026-07-15
CPX-00222,Auvik CMS,Overage - Auvik SaaS Management Evergreen,,1.35,,device,OBSERVED,Auvik CMS Recon FEB'26.xlsx,vendor invoice unit price; family=ASM; src=Vendor Usage,2026-02-01,9999-12-31,TRUE,2026-02;2026-03;2026-04;2026-05;2026-06,5,FALSE,2026-01,2026-06,2026-07-15
CPX-00223,Auvik CMS,PARM-ANM-10 Auvik Performance Add On,,7,,device,OBSERVED,Auvik CMS Recon JAN 26.xlsx,vendor invoice unit price; family=Performance; src=Vendor Usage,2026-01-01,2026-01-31,FALSE,2026-01,1,FALSE,2026-01,2026-06,2026-07-15
CPX-00224,Auvik CMS,PARM-ANM-10 Auvik Performance Add On -- Overage,,7,,device,OBSERVED,Auvik CMS Recon JAN 26.xlsx,vendor invoice unit price; family=Performance; src=Vendor Usage,2026-01-01,2026-01-31,FALSE,2026-01,1,FALSE,2026-01,2026-06,2026-07-15
CPX-00225,Auvik CMS,PARM-ANM-100 Auvik Performance Add On,,5.46,,device,OBSERVED,Auvik CMS Recon JAN 26.xlsx,vendor invoice unit price; family=Performance; src=Vendor Usage,2026-01-01,9999-12-31,TRUE,2026-01;2026-02;2026-03;2026-04;2026-05;2026-06,6,FALSE,2026-01,2026-06,2026-07-15
CPX-00226,Auvik CMS,PARM-ANM-100 Auvik Performance Add On -- Overage,,5.46,,device,OBSERVED,Auvik CMS Recon JAN 26.xlsx,vendor invoice unit price; family=Performance; src=Vendor Usage,2026-01-01,9999-12-31,TRUE,2026-01;2026-02;2026-03;2026-04;2026-05;2026-06,6,FALSE,2026-01,2026-06,2026-07-15
CPX-00227,Auvik CMS,PARM-ANM-1000 Auvik Performance Add On,,2.6,,device,OBSERVED,Auvik CMS Recon JAN 26.xlsx,vendor invoice unit price; family=Performance; src=Vendor Usage,2026-01-01,9999-12-31,TRUE,2026-01;2026-02;2026-03;2026-04;2026-05;2026-06,6,FALSE,2026-01,2026-06,2026-07-15
CPX-00228,Auvik CMS,PARM-ANM-1000 Auvik Performance Add On -- Overage,,1.76,,device,OBSERVED,Auvik CMS Recon JAN 26.xlsx,vendor invoice unit price; family=Performance; src=Vendor Usage,2026-01-01,9999-12-31,TRUE,2026-01;2026-02;2026-03;2026-04;2026-05;2026-06,6,FALSE,2026-01,2026-06,2026-07-15
CPX-00229,Auvik CMS,PARM-ANM-175 Auvik Performance Add On -- Overage,,4.62,,device,OBSERVED,Auvik CMS Recon JAN 26.xlsx,vendor invoice unit price; family=Performance; src=Vendor Usage,2026-01-01,2026-02-28,FALSE,2026-01;2026-02,2,FALSE,2026-01,2026-06,2026-07-15
CPX-00230,Auvik CMS,PARM-ANM-250 Auvik Performance Add On -- Overage,,3.5,,device,OBSERVED,Auvik CMS Recon JAN 26.xlsx,vendor invoice unit price; family=Performance; src=Vendor Usage,2026-01-01,2026-03-31,FALSE,2026-01;2026-02;2026-03,3,FALSE,2026-01,2026-06,2026-07-15
CPX-00231,Auvik CMS,PARM-ANM-40 Auvik Performance Add On,,6.8,,device,OBSERVED,Auvik CMS Recon JAN 26.xlsx,vendor invoice unit price; family=Performance; src=Vendor Usage,2026-01-01,2026-01-31,FALSE,2026-01,1,FALSE,2026-01,2026-06,2026-07-15
CPX-00232,Auvik CMS,PARM-ANM-40 Auvik Performance Add On -- Overage,,6.25,,device,OBSERVED,Auvik CMS Recon JAN 26.xlsx,vendor invoice unit price; family=Performance; src=Vendor Usage,2026-01-01,9999-12-31,TRUE,2026-01;2026-02;2026-03;2026-04;2026-05;2026-06,6,FALSE,2026-01,2026-06,2026-07-15
CPX-00233,Auvik CMS,PARM-ANM-500 Auvik Performance Add On -- Overage,,2.94,,device,OBSERVED,Auvik CMS Recon JAN 26.xlsx,vendor invoice unit price; family=Performance; src=Vendor Usage,2026-01-01,9999-12-31,TRUE,2026-01;2026-02;2026-03;2026-04;2026-05;2026-06,6,FALSE,2026-01,2026-06,2026-07-15
CPX-00234,Auvik CMS,PARM-ANM-75 Auvik Performance Add On -- Overage,,5.88,,device,OBSERVED,Auvik CMS Recon April'26.xlsx,vendor invoice unit price; family=Performance; src=Vendor Usage,2026-04-01,9999-12-31,TRUE,2026-04;2026-05;2026-06,3,FALSE,2026-01,2026-06,2026-07-15
CPX-00235,Auvik CMS,PRM-ANM-500 Auvik Performance -- Committed,,6.92,,device,OBSERVED,Auvik CMS Recon JAN 26.xlsx,vendor invoice unit price; family=Performance; src=Vendor Usage,2026-01-01,2026-01-31,FALSE,2026-01,1,FALSE,2026-01,2026-06,2026-07-15
CPX-00236,Auvik CMS,PRM-ANM-500 Auvik Performance -- Overage,,6.92,,device,OBSERVED,Auvik CMS Recon JAN 26.xlsx,vendor invoice unit price; family=Performance; src=Vendor Usage,2026-01-01,2026-01-31,FALSE,2026-01,1,FALSE,2026-01,2026-06,2026-07-15
CPX-00237,Auvik CMS,RM - ASM - 100 - Committed,,1.05,,device,OBSERVED,Auvik CMS Recon JAN 26.xlsx,vendor invoice unit price; family=ASM; src=Vendor Usage,2026-01-01,2026-01-31,FALSE,2026-01,1,FALSE,2026-01,2026-06,2026-07-15
CPX-00238,Auvik CMS,RM - ASM - 250 - Committed,,1.26,,device,OBSERVED,Auvik CMS Recon JAN 26.xlsx,vendor invoice unit price; family=ASM; src=Vendor Usage,2026-01-01,2026-01-31,FALSE,2026-01,1,FALSE,2026-01,2026-06,2026-07-15
CPX-00239,Auvik CMS,RM - ASM - 250 - Overage,,1.26,,device,OBSERVED,Auvik CMS Recon JAN 26.xlsx,vendor invoice unit price; family=ASM; src=Vendor Usage,2026-01-01,2026-01-31,FALSE,2026-01,1,FALSE,2026-01,2026-06,2026-07-15
CPX-00240,Auvik CMS,RM - ASM - 50 - Committed,,2.1,,device,OBSERVED,Auvik CMS Recon JAN 26.xlsx,vendor invoice unit price; family=ASM; src=Vendor Usage,2026-01-01,2026-01-31,FALSE,2026-01,1,FALSE,2026-01,2026-06,2026-07-15
CPX-00241,Auvik CMS,RM - ASM - 500 - Committed,,0.91,,device,OBSERVED,Auvik CMS Recon JAN 26.xlsx,vendor invoice unit price; family=ASM; src=Vendor Usage,2026-01-01,9999-12-31,TRUE,2026-01;2026-02;2026-03;2026-04;2026-05;2026-06,6,FALSE,2026-01,2026-06,2026-07-15
CPX-00242,Auvik CMS,RM - ASM - 500 - Overage,,0.91,,device,OBSERVED,Auvik CMS Recon April'26.xlsx,vendor invoice unit price; family=ASM; src=Vendor Usage,2026-04-01,2026-04-30,FALSE,2026-04,1,FALSE,2026-01,2026-06,2026-07-15
CPX-00243,Auvik CMS,RMM Network Care Auvik Performance Unmapped (Total Cost),,1,USD,Total Cost,INVOICE,Auvik CMS Recon JAN 26.xlsx,CW/Zuora charged price; family=Performance; src=Zuora Usage,2026-01-01,2026-02-28,FALSE,2026-01;2026-02,2,FALSE,2026-01,2026-06,2026-07-15
CPX-00244,Auvik CMS,RMM Network Care Unmapped Sites (Total Cost),,1,USD,Total Cost,INVOICE,Auvik CMS Recon JAN 26.xlsx,CW/Zuora charged price; family=Billable; src=Zuora Usage,2026-01-01,2026-02-28,FALSE,2026-01;2026-02,2,FALSE,2026-01,2026-06,2026-07-15
CPX-00245,Auvik CMS,SRM - ASM - MSP - Committed,,1.05,,device,OBSERVED,Auvik CMS Recon JAN 26.xlsx,vendor invoice unit price; family=ASM; src=Vendor Usage,2026-01-01,2026-01-31,FALSE,2026-01,1,FALSE,2026-01,2026-06,2026-07-15
CPX-00246,Auvik CMS,Usage - Licenses,,8.75,,device,OBSERVED,Auvik CMS Recon JAN 26.xlsx,vendor invoice unit price; family=Billable; src=Vendor Usage,2026-01-01,9999-12-31,TRUE,2026-01;2026-02;2026-03;2026-04;2026-05;2026-06,6,FALSE,2026-01,2026-06,2026-07-15
CPX-00247,Auvik CW,ANM Essentials,,5.38,,device,OBSERVED,Auvik CW Recon JAN 2026.xlsx,vendor invoice unit price; family=Billable; src=Vendor Usage,2026-01-01,9999-12-31,TRUE,2026-01;2026-02;2026-03;2026-04;2026-05;2026-06,6,FALSE,2026-01,2026-06,2026-07-15
CPX-00248,Auvik CW,ANM Essentials - Evergreen,,7.35,,device,OBSERVED,Auvik CW Recon JAN 2026.xlsx,vendor invoice unit price; family=Billable; src=Vendor Usage,2026-01-01,9999-12-31,TRUE,2026-01;2026-02;2026-03;2026-04;2026-05;2026-06,6,FALSE,2026-01,2026-06,2026-07-15
CPX-00249,Auvik CW,ANM Full Performance - Evergreen,,16.52,,device,OBSERVED,Auvik Recon Feb 2026.xlsx,vendor invoice unit price; family=Performance; src=Vendor Usage,2026-02-01,9999-12-31,TRUE,2026-02;2026-03;2026-04;2026-05;2026-06,5,FALSE,2026-01,2026-06,2026-07-15
CPX-00250,Auvik CW,ANM Performance Add-Ons,,3.2,,device,OBSERVED,Auvik CW Recon JAN 2026.xlsx,vendor invoice unit price; family=Performance; src=Vendor Usage,2026-01-01,9999-12-31,TRUE,2026-01;2026-02;2026-03;2026-04;2026-05;2026-06,6,FALSE,2026-01,2026-06,2026-07-15
CPX-00251,Auvik CW,ANM Performance Add-Ons - Evergreen,,4.76,,device,OBSERVED,Auvik CW Recon JAN 2026.xlsx,vendor invoice unit price; family=Performance; src=Vendor Usage,2026-01-01,9999-12-31,TRUE,2026-01;2026-02;2026-03;2026-04;2026-05;2026-06,6,FALSE,2026-01,2026-06,2026-07-15
CPX-00252,Auvik CW,Auvik 10 AddOn Device NTWK Monitoring and Mgnt,,17.25,USD,Each,INVOICE,Auvik CW Recon JAN 2026.xlsx,CW/Zuora charged price; family=Billable; src=Zuora Usage,2026-01-01,9999-12-31,TRUE,2026-01;2026-02;2026-03;2026-04;2026-05;2026-06,6,FALSE,2026-01,2026-06,2026-07-15
CPX-00253,Auvik CW,Auvik 10 Network Monitoring and Management,,159,USD,Each,INVOICE,Auvik CW Recon JAN 2026.xlsx,CW/Zuora charged price; family=Billable; src=Zuora Usage,2026-01-01,9999-12-31,TRUE,2026-01;2026-02;2026-03;2026-04;2026-05;2026-06,6,FALSE,2026-01,2026-06,2026-07-15
CPX-00254,Auvik CW,Auvik 100 Network Monitoring and Management,,1060,USD,Each,INVOICE,Auvik CW Recon JAN 2026.xlsx,CW/Zuora charged price; family=Billable; src=Zuora Usage,2026-01-01,9999-12-31,TRUE,2026-01;2026-02;2026-03;2026-04;2026-05;2026-06,6,FALSE,2026-01,2026-06,2026-07-15
CPX-00255,Auvik CW,Auvik 250 Network Monitoring and Management,,2120,USD,Each,INVOICE,Auvik CW Recon JAN 2026.xlsx,CW/Zuora charged price; family=Billable; src=Zuora Usage,2026-01-01,9999-12-31,TRUE,2026-01;2026-02;2026-03;2026-04;2026-05;2026-06,6,FALSE,2026-01,2026-06,2026-07-15
CPX-00256,Auvik CW,Auvik 40 Network Monitoring and Management,,530,USD,Each,INVOICE,Auvik CW Recon JAN 2026.xlsx,CW/Zuora charged price; family=Billable; src=Zuora Usage,2026-01-01,9999-12-31,TRUE,2026-01;2026-02;2026-03;2026-04;2026-05;2026-06,6,FALSE,2026-01,2026-06,2026-07-15
CPX-00257,Auvik CW,Auvik 500 Network Monitoring and Management,,3710,USD,Each,INVOICE,Auvik CW Recon JAN 2026.xlsx,CW/Zuora charged price; family=Billable; src=Zuora Usage,2026-01-01,2026-02-28,FALSE,2026-01;2026-02,2,FALSE,2026-01,2026-06,2026-07-15
CPX-00258,Auvik CW,Auvik AMN - Performance AddOn - Committed,,7.23,USD,Each,INVOICE,Auvik CW Recon JAN 2026.xlsx,CW/Zuora charged price; family=Performance; src=Zuora Usage,2026-01-01,9999-12-31,TRUE,2026-01;2026-02;2026-03;2026-04;2026-05;2026-06,6,FALSE,2026-01,2026-06,2026-07-15
CPX-00259,Auvik CW,Auvik AMN - Performance AddOn - Committed -- Proration,,10.3,USD,Each,INVOICE,Auvik CW Recon JAN 2026.xlsx,CW/Zuora charged price; family=Performance; src=Zuora Usage,2026-01-01,9999-12-31,TRUE,2026-01;2026-02;2026-03;2026-04;2026-05;2026-06,6,FALSE,2026-01,2026-06,2026-07-15
CPX-00260,Auvik CW,"Auvik AMN - Performance AddOn - Committed, 100-174 Tier",,10.5,USD,Each,INVOICE,Auvik CW Recon JAN 2026.xlsx,CW/Zuora charged price; family=Performance; src=Zuora Usage,2026-01-01,9999-12-31,TRUE,2026-01;2026-02;2026-03;2026-04;2026-05;2026-06,6,FALSE,2026-01,2026-06,2026-07-15
CPX-00261,Auvik CW,"Auvik AMN - Performance AddOn - Committed, 40-74 Tier",,13.1,USD,Each,INVOICE,Auvik CW Recon JAN 2026.xlsx,CW/Zuora charged price; family=Performance; src=Zuora Usage,2026-01-01,9999-12-31,TRUE,2026-01;2026-02;2026-03;2026-04;2026-05;2026-06,6,FALSE,2026-01,2026-06,2026-07-15
CPX-00262,Auvik CW,"Auvik AMN - PerformanceAddOn - Committed, 1-39 Tier",,15.9,USD,Each,INVOICE,Auvik CW Recon JAN 2026.xlsx,CW/Zuora charged price; family=Performance; src=Zuora Usage,2026-01-01,9999-12-31,TRUE,2026-01;2026-02;2026-03;2026-04;2026-05;2026-06,6,FALSE,2026-01,2026-06,2026-07-15
CPX-00263,Auvik CW,Auvik ANM - Full Performance - Committed,,10.22,USD,Each,INVOICE,Auvik CW reconciliation June'26.xlsx,CW/Zuora charged price; family=Performance; src=Zuora Usage,2026-06-01,9999-12-31,TRUE,2026-06,1,FALSE,2026-01,2026-06,2026-07-15
CPX-00264,Auvik CW,Auvik ANM - Full Performance - Committed -- Proration,,10.22,USD,Each,INVOICE,Auvik CW Recon May 2026.xlsx,CW/Zuora charged price; family=Performance; src=Zuora Usage,2026-05-01,2026-05-31,FALSE,2026-05,1,FALSE,2026-01,2026-06,2026-07-15
CPX-00265,Auvik CW,Auvik ASM - Standard - Committed,,1.91,USD,Each,INVOICE,Auvik CW Recon JAN 2026.xlsx,CW/Zuora charged price; family=ASM; src=Zuora Usage,2026-01-01,9999-12-31,TRUE,2026-01;2026-02;2026-03;2026-04;2026-05;2026-06,6,FALSE,2026-01,2026-06,2026-07-15
CPX-00266,Auvik CW,Auvik ASM - Standard - Committed (IIT) -- Proration,,13.34,USD,Each,INVOICE,Auvik CW Recon April'26.xlsx,CW/Zuora charged price; family=ASM; src=Zuora Usage,2026-04-01,2026-04-30,FALSE,2026-04,1,FALSE,2026-01,2026-06,2026-07-15
CPX-00267,Auvik CW,Auvik ASM - Standard - Committed -- Proration,,1.3,USD,Each,INVOICE,Auvik Recon Feb 2026.xlsx,CW/Zuora charged price; family=ASM; src=Zuora Usage,2026-02-01,9999-12-31,TRUE,2026-02;2026-03;2026-05;2026-06,4,TRUE,2026-01,2026-06,2026-07-15
CPX-00268,Auvik CW,Auvik Essentials,,11.13,USD,Each,INVOICE,Auvik CW Recon JAN 2026.xlsx,CW/Zuora charged price; family=Billable; src=Zuora Usage,2026-01-01,9999-12-31,TRUE,2026-01;2026-02;2026-03;2026-04;2026-05;2026-06,6,FALSE,2026-01,2026-06,2026-07-15
CPX-00269,Auvik CW,Auvik Essentials -- Proration,,13.52,USD,Each,INVOICE,Auvik CW Recon JAN 2026.xlsx,CW/Zuora charged price; family=Billable; src=Zuora Usage,2026-01-01,9999-12-31,TRUE,2026-01;2026-02;2026-03;2026-04;2026-05;2026-06,6,FALSE,2026-01,2026-06,2026-07-15
CPX-00270,Auvik CW,"Auvik Essentials NMM, 1-39 Tier",,15.9,USD,Each,INVOICE,Auvik CW Recon JAN 2026.xlsx,CW/Zuora charged price; family=Billable; src=Zuora Usage,2026-01-01,9999-12-31,TRUE,2026-01;2026-02;2026-03;2026-04;2026-05;2026-06,6,FALSE,2026-01,2026-06,2026-07-15
CPX-00271,Auvik CW,"Auvik Essentials NMM, 100-174 Tier",,10.5,USD,Each,INVOICE,Auvik CW Recon JAN 2026.xlsx,CW/Zuora charged price; family=Billable; src=Zuora Usage,2026-01-01,9999-12-31,TRUE,2026-01;2026-02;2026-03;2026-04;2026-05;2026-06,6,FALSE,2026-01,2026-06,2026-07-15
CPX-00272,Auvik CW,"Auvik Essentials NMM, 1000+",,4.35,USD,Each,INVOICE,Auvik CW Recon JAN 2026.xlsx,CW/Zuora charged price; family=Billable; src=Zuora Usage,2026-01-01,2026-01-31,FALSE,2026-01,1,FALSE,2026-01,2026-06,2026-07-15
CPX-00273,Auvik CW,"Auvik Essentials NMM, 1000+ -- Proration",,4.35,USD,Each,INVOICE,Auvik Recon Feb 2026.xlsx,CW/Zuora charged price; family=Billable; src=Zuora Usage,2026-02-01,2026-02-28,FALSE,2026-02,1,FALSE,2026-01,2026-06,2026-07-15
CPX-00274,Auvik CW,"Auvik Essentials NMM, 175-249 Tier",,9.45,USD,Each,INVOICE,Auvik CW Recon JAN 2026.xlsx,CW/Zuora charged price; family=Billable; src=Zuora Usage,2026-01-01,9999-12-31,TRUE,2026-01;2026-02;2026-03;2026-04;2026-05;2026-06,6,FALSE,2026-01,2026-06,2026-07-15
CPX-00275,Auvik CW,"Auvik Essentials NMM, 250-499 Tier",,8,USD,Each,INVOICE,Auvik CW Recon JAN 2026.xlsx,CW/Zuora charged price; family=Billable; src=Zuora Usage,2026-01-01,9999-12-31,TRUE,2026-01;2026-02;2026-03;2026-04;2026-05;2026-06,6,FALSE,2026-01,2026-06,2026-07-15
CPX-00276,Auvik CW,"Auvik Essentials NMM, 250-499 Tier -- Proration",,8.2849,USD,Each,INVOICE,Auvik CW reconciliation June'26.xlsx,CW/Zuora charged price; family=Billable; src=Zuora Usage,2026-06-01,9999-12-31,TRUE,2026-06,1,FALSE,2026-01,2026-06,2026-07-15
CPX-00277,Auvik CW,"Auvik Essentials NMM, 40-99 Tier",,13.1,USD,Each,INVOICE,Auvik CW Recon JAN 2026.xlsx,CW/Zuora charged price; family=Billable; src=Zuora Usage,2026-01-01,9999-12-31,TRUE,2026-01;2026-02;2026-03;2026-04;2026-05;2026-06,6,FALSE,2026-01,2026-06,2026-07-15
CPX-00278,Auvik CW,"Auvik Essentials NMM, 40-99 Tier -- Proration",,13.25,USD,Each,INVOICE,Auvik CW Recon March 2026.xlsx,CW/Zuora charged price; family=Billable; src=Zuora Usage,2026-03-01,2026-04-30,FALSE,2026-03;2026-04,2,FALSE,2026-01,2026-06,2026-07-15
CPX-00279,Auvik CW,"Auvik Essentials NMM, 500-749 Tier",,7.35,USD,Each,INVOICE,Auvik CW Recon JAN 2026.xlsx,CW/Zuora charged price; family=Billable; src=Zuora Usage,2026-01-01,9999-12-31,TRUE,2026-01;2026-02;2026-03;2026-04;2026-05;2026-06,6,FALSE,2026-01,2026-06,2026-07-15
CPX-00280,Auvik CW,Auvik MSP Monthly Plan Fee,,156.8,,device,OBSERVED,Auvik CW Recon JAN 2026.xlsx,vendor invoice unit price; family=Billable; src=Vendor Usage,2026-01-01,2026-01-31,FALSE,2026-01,1,FALSE,2026-01,2026-06,2026-07-15
CPX-00281,Auvik CW,Auvik NFR License - NTWK Monitoring and Management,,0,USD,Each,INVOICE,Auvik CW Recon JAN 2026.xlsx,CW/Zuora charged price; family=Billable; src=Zuora Usage,2026-01-01,2026-01-31,FALSE,2026-01,1,FALSE,2026-01,2026-06,2026-07-15
CPX-00282,Auvik CW,"Auvik NTWK M&M, Account Trsfr to CW",,0,USD,Each,INVOICE,Auvik CW Recon April'26.xlsx,CW/Zuora charged price; family=Billable; src=Zuora Usage,2026-04-01,2026-04-30,FALSE,2026-04,1,FALSE,2026-01,2026-06,2026-07-15
CPX-00283,Auvik CW,Auvik NTWK Monitoring and Mgmt,,8.48,USD,Each,INVOICE,Auvik CW Recon JAN 2026.xlsx,CW/Zuora charged price; family=Billable; src=Zuora Usage,2026-01-01,9999-12-31,TRUE,2026-01;2026-02;2026-03;2026-04;2026-05;2026-06,6,FALSE,2026-01,2026-06,2026-07-15
CPX-00284,Auvik CW,"Auvik NTWK Monitoring and Mgmt, 1-39 Tier",,16.75,USD,Each,INVOICE,Auvik CW Recon JAN 2026.xlsx,CW/Zuora charged price; family=Billable; src=Zuora Usage,2026-01-01,9999-12-31,TRUE,2026-01;2026-02;2026-03;2026-04;2026-05;2026-06,6,FALSE,2026-01,2026-06,2026-07-15
CPX-00285,Auvik CW,"Auvik NTWK Monitoring and Mgmt, 1-39 Tier -- Proration",,16.58,USD,Each,INVOICE,Auvik CW Recon March 2026.xlsx,CW/Zuora charged price; family=Billable; src=Zuora Usage,2026-03-01,2026-04-30,FALSE,2026-03;2026-04,2,FALSE,2026-01,2026-06,2026-07-15
CPX-00286,Auvik CW,"Auvik NTWK Monitoring and Mgmt, 40-99 Tier",,13.95,USD,Each,INVOICE,Auvik CW Recon JAN 2026.xlsx,CW/Zuora charged price; family=Billable; src=Zuora Usage,2026-01-01,9999-12-31,TRUE,2026-01;2026-02;2026-03;2026-04;2026-05;2026-06,6,FALSE,2026-01,2026-06,2026-07-15
CPX-00287,Auvik CW,"Auvik NTWK Monitoring and Mgmt, 40-99 Tier -- Proration",,165.82,USD,Each,INVOICE,Auvik CW Recon JAN 2026.xlsx,CW/Zuora charged price; family=Billable; src=Zuora Usage,2026-01-01,9999-12-31,TRUE,2026-01;2026-02;2026-06,3,TRUE,2026-01,2026-06,2026-07-15
CPX-00288,Auvik CW,Auvik Performance Add-On,,3.75,USD,Each,INVOICE,Auvik CW Recon JAN 2026.xlsx,CW/Zuora charged price; family=Performance; src=Zuora Usage,2026-01-01,9999-12-31,TRUE,2026-01;2026-02;2026-03;2026-04;2026-05;2026-06,6,FALSE,2026-01,2026-06,2026-07-15
CPX-00289,Auvik CW,Auvik Performance Addon,,4.45,USD,Each,INVOICE,Auvik CW Recon JAN 2026.xlsx,CW/Zuora charged price; family=Performance; src=Zuora Usage,2026-01-01,9999-12-31,TRUE,2026-01;2026-02;2026-03;2026-04;2026-05;2026-06,6,FALSE,2026-01,2026-06,2026-07-15
CPX-00290,Auvik CW,Auvik Performance Addon -- Proration,,4.45,USD,Each,INVOICE,Auvik CW Recon April'26.xlsx,CW/Zuora charged price; family=Performance; src=Zuora Usage,2026-04-01,2026-04-30,FALSE,2026-04,1,FALSE,2026-01,2026-06,2026-07-15
CPX-00291,Auvik CW,Auvik SaaS Application Management,,1.59,USD,Each,INVOICE,Auvik CW Recon JAN 2026.xlsx,CW/Zuora charged price; family=ASM; src=Zuora Usage,2026-01-01,9999-12-31,TRUE,2026-01;2026-02;2026-03;2026-04;2026-05;2026-06,6,FALSE,2026-01,2026-06,2026-07-15
CPX-00292,Auvik CW,Auvik SaaS Application Management -- Proration,,1.59,USD,Each,INVOICE,Auvik CW Recon April'26.xlsx,CW/Zuora charged price; family=ASM; src=Zuora Usage,2026-04-01,9999-12-31,TRUE,2026-04;2026-06,2,TRUE,2026-01,2026-06,2026-07-15
CPX-00293,Auvik CW,Auvik SaaS Management,,2.1,,device,OBSERVED,Auvik CW Recon JAN 2026.xlsx,vendor invoice unit price; family=ASM; src=Vendor Usage,2026-01-01,9999-12-31,TRUE,2026-01;2026-02;2026-03;2026-04;2026-05;2026-06,6,FALSE,2026-01,2026-06,2026-07-15
CPX-00294,Auvik CW,Auvik SaaS Management - Evergreen,,0.63,,device,OBSERVED,Auvik CW Recon JAN 2026.xlsx,vendor invoice unit price; family=ASM; src=Vendor Usage,2026-01-01,9999-12-31,TRUE,2026-01;2026-02;2026-03;2026-04;2026-05;2026-06,6,FALSE,2026-01,2026-06,2026-07-15
CPX-00295,Auvik CW,Auvik Transfer - Essentials,,11.26,USD,Each,INVOICE,Auvik CW Recon JAN 2026.xlsx,CW/Zuora charged price; family=Billable; src=Zuora Usage,2026-01-01,9999-12-31,TRUE,2026-01;2026-02;2026-03;2026-04;2026-05;2026-06,6,FALSE,2026-01,2026-06,2026-07-15
CPX-00296,Auvik CW,Auvik Transfer - Essentials -- Proration,,5.25,USD,Each,INVOICE,Auvik CW Recon April'26.xlsx,CW/Zuora charged price; family=Billable; src=Zuora Usage,2026-04-01,9999-12-31,TRUE,2026-04;2026-06,2,TRUE,2026-01,2026-06,2026-07-15
CPX-00297,Auvik CW,Auvik Transfer - Essentials Annual,,7.48,USD,Each,INVOICE,Auvik CW Recon JAN 2026.xlsx,CW/Zuora charged price; family=Billable; src=Zuora Usage,2026-01-01,9999-12-31,TRUE,2026-01;2026-02;2026-03;2026-04;2026-05;2026-06,6,FALSE,2026-01,2026-06,2026-07-15
CPX-00298,Auvik CW,Auvik Transfer - Essentials Annual -- Proration,,7.48,USD,Each,INVOICE,Auvik CW Recon April'26.xlsx,CW/Zuora charged price; family=Billable; src=Zuora Usage,2026-04-01,9999-12-31,TRUE,2026-04;2026-06,2,TRUE,2026-01,2026-06,2026-07-15
CPX-00299,Auvik CW,Billable Devices,,8.75,,device,OBSERVED,Auvik CW Recon JAN 2026.xlsx,vendor invoice unit price; family=Billable; src=Vendor Usage,2026-01-01,2026-04-30,FALSE,2026-01;2026-02;2026-03;2026-04,4,FALSE,2026-01,2026-06,2026-07-15
CPX-00300,Auvik CW,CWANM-0 Additional Billable Devices,,10.5,,device,OBSERVED,Auvik CW Recon JAN 2026.xlsx,vendor invoice unit price; family=Billable; src=Vendor Usage,2026-01-01,2026-01-31,FALSE,2026-01,1,FALSE,2026-01,2026-06,2026-07-15
CPX-00301,Auvik CW,CWANM-0 Committed Billable Devices,,10.5,,device,OBSERVED,Auvik CW Recon JAN 2026.xlsx,vendor invoice unit price; family=Billable; src=Vendor Usage,2026-01-01,2026-02-28,FALSE,2026-01;2026-02,2,FALSE,2026-01,2026-06,2026-07-15
CPX-00302,Auvik CW,CWANM-0 Committed Performance Add-Ons,,6.83,,device,OBSERVED,Auvik CW Recon JAN 2026.xlsx,vendor invoice unit price; family=Performance; src=Vendor Usage,2026-01-01,2026-02-28,FALSE,2026-01;2026-02,2,FALSE,2026-01,2026-06,2026-07-15
CPX-00303,Auvik CW,CWANM-1 Additional Billable Devices,,9.19,,device,OBSERVED,Auvik CW Recon JAN 2026.xlsx,vendor invoice unit price; family=Billable; src=Vendor Usage,2026-01-01,9999-12-31,TRUE,2026-01;2026-02;2026-03;2026-04;2026-05;2026-06,6,FALSE,2026-01,2026-06,2026-07-15
CPX-00304,Auvik CW,CWANM-1 Additional Performance Add-Ons,,5.71,,device,OBSERVED,Auvik CW Recon JAN 2026.xlsx,vendor invoice unit price; family=Performance; src=Vendor Usage,2026-01-01,2026-01-31,FALSE,2026-01,1,FALSE,2026-01,2026-06,2026-07-15
CPX-00305,Auvik CW,CWANM-1 Committed Billable Devices,,7.81,,device,OBSERVED,Auvik CW Recon JAN 2026.xlsx,vendor invoice unit price; family=Billable; src=Vendor Usage,2026-01-01,9999-12-31,TRUE,2026-01;2026-02;2026-03;2026-04;2026-05;2026-06,6,FALSE,2026-01,2026-06,2026-07-15
CPX-00306,Auvik CW,CWANM-1 Committed Performance Add-Ons,,3,,device,OBSERVED,Auvik CW Recon JAN 2026.xlsx,vendor invoice unit price; family=Performance; src=Vendor Usage,2026-01-01,2026-01-31,FALSE,2026-01,1,FALSE,2026-01,2026-06,2026-07-15
CPX-00307,Auvik CW,CWANM-2 Additional Billable Devices,,7.35,,device,OBSERVED,Auvik CW Recon JAN 2026.xlsx,vendor invoice unit price; family=Billable; src=Vendor Usage,2026-01-01,2026-01-31,FALSE,2026-01,1,FALSE,2026-01,2026-06,2026-07-15
CPX-00308,Auvik CW,CWANM-2 Committed Billable Devices,,7.35,,device,OBSERVED,Auvik CW Recon JAN 2026.xlsx,vendor invoice unit price; family=Billable; src=Vendor Usage,2026-01-01,2026-01-31,FALSE,2026-01,1,FALSE,2026-01,2026-06,2026-07-15
CPX-00309,Auvik CW,CWANM-2 Committed Performance Add-Ons,,4.66,,device,OBSERVED,Auvik CW Recon JAN 2026.xlsx,vendor invoice unit price; family=Performance; src=Vendor Usage,2026-01-01,2026-01-31,FALSE,2026-01,1,FALSE,2026-01,2026-06,2026-07-15
CPX-00310,Auvik CW,CWANM-3 Additional Billable Devices,,6.3,,device,OBSERVED,Auvik CW Recon JAN 2026.xlsx,vendor invoice unit price; family=Billable; src=Vendor Usage,2026-01-01,2026-01-31,FALSE,2026-01,1,FALSE,2026-01,2026-06,2026-07-15
CPX-00311,Auvik CW,CWANM-3 Committed Billable Devices,,6.3,,device,OBSERVED,Auvik CW Recon JAN 2026.xlsx,vendor invoice unit price; family=Billable; src=Vendor Usage,2026-01-01,2026-04-30,FALSE,2026-01;2026-02;2026-03;2026-04,4,FALSE,2026-01,2026-06,2026-07-15
CPX-00312,Auvik CW,CWANM-3 Committed Performance Add-Ons,,3.85,,device,OBSERVED,Auvik CW Recon JAN 2026.xlsx,vendor invoice unit price; family=Performance; src=Vendor Usage,2026-01-01,2026-01-31,FALSE,2026-01,1,FALSE,2026-01,2026-06,2026-07-15
CPX-00313,Auvik CW,CWANM-4 Additional Billable Devices,,5.6,,device,OBSERVED,Auvik CW Recon JAN 2026.xlsx,vendor invoice unit price; family=Billable; src=Vendor Usage,2026-01-01,2026-01-31,FALSE,2026-01,1,FALSE,2026-01,2026-06,2026-07-15
CPX-00314,Auvik CW,CWANM-4 Additional Performance Add-Ons,,3.85,,device,OBSERVED,Auvik CW Recon JAN 2026.xlsx,vendor invoice unit price; family=Performance; src=Vendor Usage,2026-01-01,2026-01-31,FALSE,2026-01,1,FALSE,2026-01,2026-06,2026-07-15
CPX-00315,Auvik CW,CWANM-4 Committed Billable Devices,,5.6,,device,OBSERVED,Auvik CW Recon JAN 2026.xlsx,vendor invoice unit price; family=Billable; src=Vendor Usage,2026-01-01,2026-01-31,FALSE,2026-01,1,FALSE,2026-01,2026-06,2026-07-15
CPX-00316,Auvik CW,CWANM-5 Additional Billable Devices,,4.9,,device,OBSERVED,Auvik CW Recon JAN 2026.xlsx,vendor invoice unit price; family=Billable; src=Vendor Usage,2026-01-01,2026-01-31,FALSE,2026-01,1,FALSE,2026-01,2026-06,2026-07-15
CPX-00317,Auvik CW,CWANM-5 Committed Billable Devices,,4.9,,device,OBSERVED,Auvik CW Recon JAN 2026.xlsx,vendor invoice unit price; family=Billable; src=Vendor Usage,2026-01-01,2026-01-31,FALSE,2026-01,1,FALSE,2026-01,2026-06,2026-07-15
CPX-00318,Auvik CW,CWANM-5 Committed Performance Add-Ons,,3.43,,device,OBSERVED,Auvik CW Recon JAN 2026.xlsx,vendor invoice unit price; family=Performance; src=Vendor Usage,2026-01-01,2026-01-31,FALSE,2026-01,1,FALSE,2026-01,2026-06,2026-07-15
CPX-00319,Auvik CW,CWANM-7 Additional Billable Devices,,3.41,,device,OBSERVED,Auvik CW Recon JAN 2026.xlsx,vendor invoice unit price; family=Billable; src=Vendor Usage,2026-01-01,2026-01-31,FALSE,2026-01,1,FALSE,2026-01,2026-06,2026-07-15
CPX-00320,Auvik CW,CWANM-7 Committed Billable Devices,,3.41,,device,OBSERVED,Auvik CW Recon JAN 2026.xlsx,vendor invoice unit price; family=Billable; src=Vendor Usage,2026-01-01,2026-01-31,FALSE,2026-01,1,FALSE,2026-01,2026-06,2026-07-15
CPX-00321,Auvik CW,EPRM-ANM-10 Auvik Essentials -- Committed,,10.5,,device,OBSERVED,Auvik CW Recon JAN 2026.xlsx,vendor invoice unit price; family=Billable; src=Vendor Usage,2026-01-01,9999-12-31,TRUE,2026-01;2026-02;2026-03;2026-04;2026-05;2026-06,6,FALSE,2026-01,2026-06,2026-07-15
CPX-00322,Auvik CW,EPRM-ANM-10 Auvik Essentials -- Overage,,10.5,,device,OBSERVED,Auvik CW Recon JAN 2026.xlsx,vendor invoice unit price; family=Billable; src=Vendor Usage,2026-01-01,2026-04-30,FALSE,2026-01;2026-02;2026-03;2026-04,4,FALSE,2026-01,2026-06,2026-07-15
CPX-00323,Auvik CW,EPRM-ANM-100 Auvik Essentials -- Committed,,7,,device,OBSERVED,Auvik CW Recon JAN 2026.xlsx,vendor invoice unit price; family=Billable; src=Vendor Usage,2026-01-01,9999-12-31,TRUE,2026-01;2026-02;2026-03;2026-04;2026-05;2026-06,6,FALSE,2026-01,2026-06,2026-07-15
CPX-00324,Auvik CW,EPRM-ANM-100 Auvik Essentials -- Overage,,7,,device,OBSERVED,Auvik CW Recon JAN 2026.xlsx,vendor invoice unit price; family=Billable; src=Vendor Usage,2026-01-01,2026-04-30,FALSE,2026-01;2026-02;2026-03;2026-04,4,FALSE,2026-01,2026-06,2026-07-15
CPX-00325,Auvik CW,EPRM-ANM-1000 Auvik Essentials -- Committed,,4.41,,device,OBSERVED,Auvik CW Recon JAN 2026.xlsx,vendor invoice unit price; family=Billable; src=Vendor Usage,2026-01-01,2026-03-31,FALSE,2026-01;2026-02;2026-03,3,FALSE,2026-01,2026-06,2026-07-15
CPX-00326,Auvik CW,EPRM-ANM-1000 Auvik Essentials -- Overage,,4.41,,device,OBSERVED,Auvik CW Recon JAN 2026.xlsx,vendor invoice unit price; family=Billable; src=Vendor Usage,2026-01-01,2026-03-31,FALSE,2026-01;2026-02;2026-03,3,FALSE,2026-01,2026-06,2026-07-15
CPX-00327,Auvik CW,EPRM-ANM-175 Auvik Essentials -- Committed,,6.62,,device,OBSERVED,Auvik CW Recon JAN 2026.xlsx,vendor invoice unit price; family=Billable; src=Vendor Usage,2026-01-01,2026-04-30,FALSE,2026-01;2026-02;2026-03;2026-04,4,FALSE,2026-01,2026-06,2026-07-15
CPX-00328,Auvik CW,EPRM-ANM-175 Auvik Essentials -- Overage,,6.62,,device,OBSERVED,Auvik CW Recon JAN 2026.xlsx,vendor invoice unit price; family=Billable; src=Vendor Usage,2026-01-01,2026-04-30,FALSE,2026-01;2026-02;2026-03;2026-04,4,FALSE,2026-01,2026-06,2026-07-15
CPX-00329,Auvik CW,EPRM-ANM-250 Auvik Essentials -- Committed,,5.23,,device,OBSERVED,Auvik CW Recon JAN 2026.xlsx,vendor invoice unit price; family=Billable; src=Vendor Usage,2026-01-01,2026-05-31,FALSE,2026-01;2026-02;2026-03;2026-04;2026-05,5,FALSE,2026-01,2026-06,2026-07-15
CPX-00330,Auvik CW,EPRM-ANM-250 Auvik Essentials -- Overage,,6.4,,device,OBSERVED,Auvik CW Recon JAN 2026.xlsx,vendor invoice unit price; family=Billable; src=Vendor Usage,2026-01-01,2026-04-30,FALSE,2026-01;2026-02;2026-03;2026-04,4,FALSE,2026-01,2026-06,2026-07-15
CPX-00331,Auvik CW,EPRM-ANM-40 Auvik Essentials -- Committed,,8.75,,device,OBSERVED,Auvik CW Recon JAN 2026.xlsx,vendor invoice unit price; family=Billable; src=Vendor Usage,2026-01-01,2026-03-31,FALSE,2026-01;2026-02;2026-03,3,FALSE,2026-01,2026-06,2026-07-15
CPX-00332,Auvik CW,EPRM-ANM-40 Auvik Essentials -- Overage,,8.75,,device,OBSERVED,Auvik CW Recon JAN 2026.xlsx,vendor invoice unit price; family=Billable; src=Vendor Usage,2026-01-01,2026-03-31,FALSE,2026-01;2026-02;2026-03,3,FALSE,2026-01,2026-06,2026-07-15
CPX-00333,Auvik CW,EPRM-ANM-500 Auvik Essentials -- Committed,,5.15,,device,OBSERVED,Auvik CW Recon JAN 2026.xlsx,vendor invoice unit price; family=Billable; src=Vendor Usage,2026-01-01,2026-02-28,FALSE,2026-01;2026-02,2,FALSE,2026-01,2026-06,2026-07-15
CPX-00334,Auvik CW,EPRM-ANM-500 Auvik Essentials -- Overage,,4.9,,device,OBSERVED,Auvik CW Recon JAN 2026.xlsx,vendor invoice unit price; family=Billable; src=Vendor Usage,2026-01-01,2026-01-31,FALSE,2026-01,1,FALSE,2026-01,2026-06,2026-07-15
CPX-00335,Auvik CW,EPRM-ANM-75 Auvik Essentials -- Committed,,8.23,,device,OBSERVED,Auvik CW Recon JAN 2026.xlsx,vendor invoice unit price; family=Billable; src=Vendor Usage,2026-01-01,2026-01-31,FALSE,2026-01,1,FALSE,2026-01,2026-06,2026-07-15
CPX-00336,Auvik CW,EPRM-ANM-75 Auvik Essentials -- Overage,,8.23,,device,OBSERVED,Auvik CW Recon JAN 2026.xlsx,vendor invoice unit price; family=Billable; src=Vendor Usage,2026-01-01,2026-01-31,FALSE,2026-01,1,FALSE,2026-01,2026-06,2026-07-15
CPX-00337,Auvik CW,EPRM-ANM-750 Auvik Essentials -- Committed,,4.76,,device,OBSERVED,Auvik CW Recon JAN 2026.xlsx,vendor invoice unit price; family=Billable; src=Vendor Usage,2026-01-01,9999-12-31,TRUE,2026-01;2026-02;2026-03;2026-04;2026-05;2026-06,6,FALSE,2026-01,2026-06,2026-07-15
CPX-00338,Auvik CW,EPRM-ANM-750 Auvik Essentials -- Overage,,4.76,,device,OBSERVED,Auvik CW Recon JAN 2026.xlsx,vendor invoice unit price; family=Billable; src=Vendor Usage,2026-01-01,2026-04-30,FALSE,2026-01;2026-02;2026-03;2026-04,4,FALSE,2026-01,2026-06,2026-07-15
CPX-00339,Auvik CW,ERM-ANM-10 Auvik Essentials -- Committed,,10.5,,device,OBSERVED,Auvik CW Recon JAN 2026.xlsx,vendor invoice unit price; family=Billable; src=Vendor Usage,2026-01-01,9999-12-31,TRUE,2026-01;2026-02;2026-03;2026-04;2026-05;2026-06,6,FALSE,2026-01,2026-06,2026-07-15
CPX-00340,Auvik CW,ERM-ANM-10 Auvik Essentials -- Overage,,10.5,,device,OBSERVED,Auvik CW Recon JAN 2026.xlsx,vendor invoice unit price; family=Billable; src=Vendor Usage,2026-01-01,2026-01-31,FALSE,2026-01,1,FALSE,2026-01,2026-06,2026-07-15
CPX-00341,Auvik CW,ERM-ANM-100 Auvik Essentials -- Committed,,7,,device,OBSERVED,Auvik CW Recon JAN 2026.xlsx,vendor invoice unit price; family=Billable; src=Vendor Usage,2026-01-01,2026-01-31,FALSE,2026-01,1,FALSE,2026-01,2026-06,2026-07-15
CPX-00342,Auvik CW,ERM-ANM-100 Auvik Essentials -- Overage,,7.35,,device,OBSERVED,Auvik CW Recon JAN 2026.xlsx,vendor invoice unit price; family=Billable; src=Vendor Usage,2026-01-01,2026-01-31,FALSE,2026-01,1,FALSE,2026-01,2026-06,2026-07-15
CPX-00343,Auvik CW,ERM-ANM-1000 Auvik Essentials -- Committed,,4.2,,device,OBSERVED,Auvik CW Recon JAN 2026.xlsx,vendor invoice unit price; family=Billable; src=Vendor Usage,2026-01-01,2026-01-31,FALSE,2026-01,1,FALSE,2026-01,2026-06,2026-07-15
CPX-00344,Auvik CW,ERM-ANM-175 Auvik Essentials -- Committed,,6.3,,device,OBSERVED,Auvik CW Recon JAN 2026.xlsx,vendor invoice unit price; family=Billable; src=Vendor Usage,2026-01-01,2026-01-31,FALSE,2026-01,1,FALSE,2026-01,2026-06,2026-07-15
CPX-00345,Auvik CW,ERM-ANM-175 Auvik Essentials -- Overage,,6.3,,device,OBSERVED,Auvik CW Recon JAN 2026.xlsx,vendor invoice unit price; family=Billable; src=Vendor Usage,2026-01-01,2026-01-31,FALSE,2026-01,1,FALSE,2026-01,2026-06,2026-07-15
CPX-00346,Auvik CW,ERM-ANM-250 Auvik Essentials -- Committed,,5.6,,device,OBSERVED,Auvik CW Recon JAN 2026.xlsx,vendor invoice unit price; family=Billable; src=Vendor Usage,2026-01-01,2026-05-31,FALSE,2026-01;2026-02;2026-03;2026-04;2026-05,5,FALSE,2026-01,2026-06,2026-07-15
CPX-00347,Auvik CW,ERM-ANM-250 Auvik Essentials -- Overage,,5.88,,device,OBSERVED,Auvik CW Recon JAN 2026.xlsx,vendor invoice unit price; family=Billable; src=Vendor Usage,2026-01-01,2026-04-30,FALSE,2026-01;2026-02;2026-03;2026-04,4,FALSE,2026-01,2026-06,2026-07-15
CPX-00348,Auvik CW,ERM-ANM-40 Auvik Essentials -- Committed,,9.19,,device,OBSERVED,Auvik CW Recon JAN 2026.xlsx,vendor invoice unit price; family=Billable; src=Vendor Usage,2026-01-01,9999-12-31,TRUE,2026-01;2026-02;2026-03;2026-04;2026-05;2026-06,6,FALSE,2026-01,2026-06,2026-07-15
CPX-00349,Auvik CW,ERM-ANM-40 Auvik Essentials -- Overage,,8.75,,device,OBSERVED,Auvik CW Recon JAN 2026.xlsx,vendor invoice unit price; family=Billable; src=Vendor Usage,2026-01-01,9999-12-31,TRUE,2026-01;2026-02;2026-03;2026-04;2026-06,5,TRUE,2026-01,2026-06,2026-07-15
CPX-00350,Auvik CW,ERM-ANM-500 Auvik Essentials -- Committed,,5.88,,device,OBSERVED,Auvik CW Recon JAN 2026.xlsx,vendor invoice unit price; family=Billable; src=Vendor Usage,2026-01-01,2026-01-31,FALSE,2026-01,1,FALSE,2026-01,2026-06,2026-07-15
CPX-00351,Auvik CW,ERM-ANM-75 Auvik Essentials -- Committed,,8.65,,device,OBSERVED,Auvik CW Recon JAN 2026.xlsx,vendor invoice unit price; family=Billable; src=Vendor Usage,2026-01-01,9999-12-31,TRUE,2026-01;2026-02;2026-03;2026-04;2026-05;2026-06,6,FALSE,2026-01,2026-06,2026-07-15
CPX-00352,Auvik CW,ERM-ANM-75 Auvik Essentials -- Overage,,8.65,,device,OBSERVED,Auvik CW Recon JAN 2026.xlsx,vendor invoice unit price; family=Billable; src=Vendor Usage,2026-01-01,2026-01-31,FALSE,2026-01,1,FALSE,2026-01,2026-06,2026-07-15
CPX-00353,Auvik CW,Overage - ANM Essentials,,9.17,,device,OBSERVED,Auvik CW Recon JAN 2026.xlsx,vendor invoice unit price; family=Billable; src=Vendor Usage,2026-01-01,9999-12-31,TRUE,2026-01;2026-02;2026-03;2026-04;2026-05;2026-06,6,FALSE,2026-01,2026-06,2026-07-15
CPX-00354,Auvik CW,Overage - ANM Essentials Evergreen,,5.88,,device,OBSERVED,Auvik CW Recon JAN 2026.xlsx,vendor invoice unit price; family=Billable; src=Vendor Usage,2026-01-01,9999-12-31,TRUE,2026-01;2026-02;2026-03;2026-04;2026-05;2026-06,6,FALSE,2026-01,2026-06,2026-07-15
CPX-00355,Auvik CW,Overage - ANM Full Performance Evergreen,,10.31,,device,OBSERVED,Auvik CW Recon May 2026.xlsx,vendor invoice unit price; family=Performance; src=Vendor Usage,2026-05-01,9999-12-31,TRUE,2026-05;2026-06,2,FALSE,2026-01,2026-06,2026-07-15
CPX-00356,Auvik CW,Overage - ANM Performance Add-On Evergreen,,7,,device,OBSERVED,Auvik CW Recon JAN 2026.xlsx,vendor invoice unit price; family=Performance; src=Vendor Usage,2026-01-01,9999-12-31,TRUE,2026-01;2026-02;2026-03;2026-04;2026-05;2026-06,6,FALSE,2026-01,2026-06,2026-07-15
CPX-00357,Auvik CW,Overage - ANM Performance Add-on,,5.88,,device,OBSERVED,Auvik CW Recon JAN 2026.xlsx,vendor invoice unit price; family=Performance; src=Vendor Usage,2026-01-01,9999-12-31,TRUE,2026-01;2026-02;2026-03;2026-04;2026-05;2026-06,6,FALSE,2026-01,2026-06,2026-07-15
CPX-00358,Auvik CW,Overage - Auvik SaaS Management,,1.58,,device,OBSERVED,Auvik CW Recon JAN 2026.xlsx,vendor invoice unit price; family=ASM; src=Vendor Usage,2026-01-01,9999-12-31,TRUE,2026-01;2026-02;2026-03;2026-04;2026-05;2026-06,6,FALSE,2026-01,2026-06,2026-07-15
CPX-00359,Auvik CW,Overage - Auvik SaaS Management Evergreen,,0.63,,device,OBSERVED,Auvik CW Recon JAN 2026.xlsx,vendor invoice unit price; family=ASM; src=Vendor Usage,2026-01-01,9999-12-31,TRUE,2026-01;2026-02;2026-03;2026-04;2026-05;2026-06,6,FALSE,2026-01,2026-06,2026-07-15
CPX-00360,Auvik CW,PARM-ANM-10 Auvik Performance Add On,,7,,device,OBSERVED,Auvik CW Recon JAN 2026.xlsx,vendor invoice unit price; family=Performance; src=Vendor Usage,2026-01-01,9999-12-31,TRUE,2026-01;2026-02;2026-03;2026-04;2026-05;2026-06,6,FALSE,2026-01,2026-06,2026-07-15
CPX-00361,Auvik CW,PARM-ANM-10 Auvik Performance Add On -- Overage,,8,,device,OBSERVED,Auvik CW Recon JAN 2026.xlsx,vendor invoice unit price; family=Performance; src=Vendor Usage,2026-01-01,2026-04-30,FALSE,2026-01;2026-04,2,TRUE,2026-01,2026-06,2026-07-15
CPX-00362,Auvik CW,PARM-ANM-100 Auvik Performance Add On,,4.55,,device,OBSERVED,Auvik CW Recon JAN 2026.xlsx,vendor invoice unit price; family=Performance; src=Vendor Usage,2026-01-01,9999-12-31,TRUE,2026-01;2026-02;2026-03;2026-04;2026-05;2026-06,6,FALSE,2026-01,2026-06,2026-07-15
CPX-00363,Auvik CW,PARM-ANM-100 Auvik Performance Add On -- Overage,,4.55,,device,OBSERVED,Auvik CW Recon JAN 2026.xlsx,vendor invoice unit price; family=Performance; src=Vendor Usage,2026-01-01,2026-01-31,FALSE,2026-01,1,FALSE,2026-01,2026-06,2026-07-15
CPX-00364,Auvik CW,PARM-ANM-1000 Auvik Performance Add On -- Overage,,2.38,,device,OBSERVED,Auvik CW Recon JAN 2026.xlsx,vendor invoice unit price; family=Performance; src=Vendor Usage,2026-01-01,2026-03-31,FALSE,2026-01;2026-02;2026-03,3,FALSE,2026-01,2026-06,2026-07-15
CPX-00365,Auvik CW,PARM-ANM-175 Auvik Performance Add On,,4.04,,device,OBSERVED,Auvik CW Recon JAN 2026.xlsx,vendor invoice unit price; family=Performance; src=Vendor Usage,2026-01-01,2026-04-30,FALSE,2026-01;2026-02;2026-03;2026-04,4,FALSE,2026-01,2026-06,2026-07-15
CPX-00366,Auvik CW,PARM-ANM-175 Auvik Performance Add On -- Overage,,4.04,,device,OBSERVED,Auvik CW Recon JAN 2026.xlsx,vendor invoice unit price; family=Performance; src=Vendor Usage,2026-01-01,2026-04-30,FALSE,2026-01;2026-02;2026-03;2026-04,4,FALSE,2026-01,2026-06,2026-07-15
CPX-00367,Auvik CW,PARM-ANM-250 Auvik Performance Add On,,2.82,,device,OBSERVED,Auvik CW Recon JAN 2026.xlsx,vendor invoice unit price; family=Performance; src=Vendor Usage,2026-01-01,2026-01-31,FALSE,2026-01,1,FALSE,2026-01,2026-06,2026-07-15
CPX-00368,Auvik CW,PARM-ANM-250 Auvik Performance Add On -- Overage,,3.49,,device,OBSERVED,Auvik CW Recon JAN 2026.xlsx,vendor invoice unit price; family=Performance; src=Vendor Usage,2026-01-01,2026-04-30,FALSE,2026-01;2026-02;2026-03;2026-04,4,FALSE,2026-01,2026-06,2026-07-15
CPX-00369,Auvik CW,PARM-ANM-40 Auvik Performance Add On,,6.25,,device,OBSERVED,Auvik CW Recon JAN 2026.xlsx,vendor invoice unit price; family=Performance; src=Vendor Usage,2026-01-01,2026-01-31,FALSE,2026-01,1,FALSE,2026-01,2026-06,2026-07-15
CPX-00370,Auvik CW,PARM-ANM-500 Auvik Performance Add On,,2.94,,device,OBSERVED,Auvik CW Recon JAN 2026.xlsx,vendor invoice unit price; family=Performance; src=Vendor Usage,2026-01-01,2026-02-28,FALSE,2026-01;2026-02,2,FALSE,2026-01,2026-06,2026-07-15
CPX-00371,Auvik CW,PARM-ANM-500 Auvik Performance Add On -- Overage,,2.94,,device,OBSERVED,Auvik Recon Feb 2026.xlsx,vendor invoice unit price; family=Performance; src=Vendor Usage,2026-02-01,2026-02-28,FALSE,2026-02,1,FALSE,2026-01,2026-06,2026-07-15
CPX-00372,Auvik CW,PARM-ANM-75 Auvik Performance Add On -- Overage,,5.6,,device,OBSERVED,Auvik CW Recon JAN 2026.xlsx,vendor invoice unit price; family=Performance; src=Vendor Usage,2026-01-01,2026-01-31,FALSE,2026-01,1,FALSE,2026-01,2026-06,2026-07-15
CPX-00373,Auvik CW,PARM-ANM-750 Auvik Performance Add On,,2.77,,device,OBSERVED,Auvik CW Recon JAN 2026.xlsx,vendor invoice unit price; family=Performance; src=Vendor Usage,2026-01-01,9999-12-31,TRUE,2026-01;2026-02;2026-03;2026-04;2026-05;2026-06,6,FALSE,2026-01,2026-06,2026-07-15
CPX-00374,Auvik CW,PARM-ANM-750 Auvik Performance Add On -- Overage,,2.77,,device,OBSERVED,Auvik CW Recon JAN 2026.xlsx,vendor invoice unit price; family=Performance; src=Vendor Usage,2026-01-01,2026-04-30,FALSE,2026-01;2026-02;2026-03;2026-04,4,FALSE,2026-01,2026-06,2026-07-15
CPX-00375,Auvik CW,PRM-ANM-10 Auvik Performance -- Committed,,17.5,,device,OBSERVED,Auvik CW Recon JAN 2026.xlsx,vendor invoice unit price; family=Performance; src=Vendor Usage,2026-01-01,2026-01-31,FALSE,2026-01,1,FALSE,2026-01,2026-06,2026-07-15
CPX-00376,Auvik CW,PRM-ANM-10 Auvik Performance -- Overage,,17.5,,device,OBSERVED,Auvik CW Recon JAN 2026.xlsx,vendor invoice unit price; family=Performance; src=Vendor Usage,2026-01-01,2026-01-31,FALSE,2026-01,1,FALSE,2026-01,2026-06,2026-07-15
CPX-00377,Auvik CW,PRM-ANM-100 Auvik Performance -- Committed,,10.66,,device,OBSERVED,Auvik CW Recon JAN 2026.xlsx,vendor invoice unit price; family=Performance; src=Vendor Usage,2026-01-01,2026-01-31,FALSE,2026-01,1,FALSE,2026-01,2026-06,2026-07-15
CPX-00378,Auvik CW,PRM-ANM-250 Auvik Performance -- Committed,,8.45,,device,OBSERVED,Auvik CW Recon JAN 2026.xlsx,vendor invoice unit price; family=Performance; src=Vendor Usage,2026-01-01,2026-04-30,FALSE,2026-01;2026-02;2026-03;2026-04,4,FALSE,2026-01,2026-06,2026-07-15
CPX-00379,Auvik CW,PRM-ANM-250 Auvik Performance -- Overage,,8.45,,device,OBSERVED,Auvik Recon Feb 2026.xlsx,vendor invoice unit price; family=Performance; src=Vendor Usage,2026-02-01,2026-04-30,FALSE,2026-02;2026-03;2026-04,3,FALSE,2026-01,2026-06,2026-07-15
CPX-00380,Auvik CW,PRM-ANM-40 Auvik Performance -- Committed,,15.44,,device,OBSERVED,Auvik CW Recon JAN 2026.xlsx,vendor invoice unit price; family=Performance; src=Vendor Usage,2026-01-01,9999-12-31,TRUE,2026-01;2026-02;2026-03;2026-04;2026-05;2026-06,6,FALSE,2026-01,2026-06,2026-07-15
CPX-00381,Auvik CW,PRM-ANM-40 Auvik Performance -- Overage,,15.44,,device,OBSERVED,Auvik CW Recon JAN 2026.xlsx,vendor invoice unit price; family=Performance; src=Vendor Usage,2026-01-01,9999-12-31,TRUE,2026-01;2026-02;2026-03;2026-04;2026-05;2026-06,6,FALSE,2026-01,2026-06,2026-07-15
CPX-00382,Auvik CW,PRM-ANM-500 Auvik Performance -- Committed,,7.27,,device,OBSERVED,Auvik CW Recon JAN 2026.xlsx,vendor invoice unit price; family=Performance; src=Vendor Usage,2026-01-01,2026-01-31,FALSE,2026-01,1,FALSE,2026-01,2026-06,2026-07-15
CPX-00383,Auvik CW,RM - ASM - 100 - Committed,,1.58,,device,OBSERVED,Auvik CW Recon JAN 2026.xlsx,vendor invoice unit price; family=ASM; src=Vendor Usage,2026-01-01,2026-02-28,FALSE,2026-01;2026-02,2,FALSE,2026-01,2026-06,2026-07-15
CPX-00384,Auvik CW,RM - ASM - 100 - Overage,,1.58,,device,OBSERVED,Auvik CW Recon JAN 2026.xlsx,vendor invoice unit price; family=ASM; src=Vendor Usage,2026-01-01,2026-02-28,FALSE,2026-01;2026-02,2,FALSE,2026-01,2026-06,2026-07-15
CPX-00385,Auvik CW,RM - ASM - 1000 - Committed,,0.57,,device,OBSERVED,Auvik CW Recon JAN 2026.xlsx,vendor invoice unit price; family=ASM; src=Vendor Usage,2026-01-01,2026-01-31,FALSE,2026-01,1,FALSE,2026-01,2026-06,2026-07-15
CPX-00386,Auvik CW,RM - ASM - 1000 - Overage,,0.57,,device,OBSERVED,Auvik CW Recon JAN 2026.xlsx,vendor invoice unit price; family=ASM; src=Vendor Usage,2026-01-01,2026-01-31,FALSE,2026-01,1,FALSE,2026-01,2026-06,2026-07-15
CPX-00387,Auvik CW,RM - ASM - 250 - Committed,,1.05,,device,OBSERVED,Auvik CW Recon JAN 2026.xlsx,vendor invoice unit price; family=ASM; src=Vendor Usage,2026-01-01,9999-12-31,TRUE,2026-01;2026-02;2026-03;2026-04;2026-05;2026-06,6,FALSE,2026-01,2026-06,2026-07-15
CPX-00388,Auvik CW,RM - ASM - 250 - Overage,,1.44,,device,OBSERVED,Auvik CW Recon JAN 2026.xlsx,vendor invoice unit price; family=ASM; src=Vendor Usage,2026-01-01,2026-01-31,FALSE,2026-01,1,FALSE,2026-01,2026-06,2026-07-15
CPX-00389,Auvik CW,Usage - Billable Devices,,8.75,,device,OBSERVED,Auvik CW Recon JAN 2026.xlsx,vendor invoice unit price; family=Billable; src=Vendor Usage,2026-01-01,9999-12-31,TRUE,2026-01;2026-02;2026-03;2026-04;2026-05;2026-06,6,FALSE,2026-01,2026-06,2026-07-15
CPX-00390,Bitdefender,BitDefender Security for VE VDI hourly per EndPnt,,0.01,USD,device/mo,ROYALTY,BD RR monthly recon : Info tab 'Cost Chart',,2026-01-01,9999-12-31,TRUE,2026-01;2026-02;2026-03;2026-04;2026-05,5,FALSE,2026-01,2026-06,2026-07-15
CPX-00391,Bitdefender,BitDefender Security for VE VS,,3.14,USD,device/mo,ROYALTY,BD RR monthly recon : Info tab 'Cost Chart',,2026-01-01,9999-12-31,TRUE,2026-01;2026-02;2026-03;2026-04;2026-05,5,FALSE,2026-01,2026-06,2026-07-15
CPX-00392,Bitdefender,Bitdefender 1YR Cloud Security Gravity Zone,,5.04,USD,device/mo,ROYALTY,BD RR monthly recon : Info tab 'Cost Chart',,2026-01-01,9999-12-31,TRUE,2026-01;2026-02;2026-03;2026-04;2026-05,5,FALSE,2026-01,2026-06,2026-07-15
CPX-00393,Bitdefender,Bitdefender ATS & EDR,,1.05,USD,device/mo,ROYALTY,BD RR monthly recon : Info tab 'Cost Chart',alt/negotiated cost 0.76,2026-01-01,9999-12-31,TRUE,2026-01;2026-02;2026-03;2026-04;2026-05,5,FALSE,2026-01,2026-06,2026-07-15
CPX-00394,Bitdefender,Bitdefender Advanced Threat Security,,0.55,USD,device/mo,ROYALTY,BD RR monthly recon : Info tab 'Cost Chart',,2026-01-01,9999-12-31,TRUE,2026-01;2026-02;2026-03;2026-04;2026-05,5,FALSE,2026-01,2026-06,2026-07-15
CPX-00395,Bitdefender,Bitdefender Cloud Encryption,,0.4,USD,device/mo,ROYALTY,BD RR monthly recon : Info tab 'Cost Chart',,2026-01-01,9999-12-31,TRUE,2026-01;2026-02;2026-03;2026-04;2026-05,5,FALSE,2026-01,2026-06,2026-07-15
CPX-00396,Bitdefender,Bitdefender Cloud Sec GravityZone,,0.42,USD,device/mo,ROYALTY,BD RR monthly recon : Info tab 'Cost Chart',,2026-01-01,9999-12-31,TRUE,2026-01;2026-02;2026-03;2026-04;2026-05,5,FALSE,2026-01,2026-06,2026-07-15
CPX-00397,Bitdefender,Bitdefender Cloud Security Exchange,,0.42,USD,device/mo,ROYALTY,BD RR monthly recon : Info tab 'Cost Chart',,2026-01-01,9999-12-31,TRUE,2026-01;2026-02;2026-03;2026-04;2026-05,5,FALSE,2026-01,2026-06,2026-07-15
CPX-00398,Bitdefender,Bitdefender EDR (MSP Secure),,1.47,USD,device/mo,ROYALTY,BD RR monthly recon : Info tab 'Cost Chart',,2026-01-01,9999-12-31,TRUE,2026-01;2026-02;2026-03;2026-04;2026-05,5,FALSE,2026-01,2026-06,2026-07-15
CPX-00399,Bitdefender,Bitdefender GravityZone Email Security,,0.82,USD,device/mo,ROYALTY,BD RR monthly recon : Info tab 'Cost Chart',,2026-01-01,9999-12-31,TRUE,2026-01;2026-02;2026-03;2026-04;2026-05,5,FALSE,2026-01,2026-06,2026-07-15
CPX-00400,Bitdefender,Bitdefender Patch Management,,0.62,USD,device/mo,ROYALTY,BD RR monthly recon : Info tab 'Cost Chart',,2026-01-01,9999-12-31,TRUE,2026-01;2026-02;2026-03;2026-04;2026-05,5,FALSE,2026-01,2026-06,2026-07-15
CPX-00401,Bitdefender,Bitdefender Security TSP CW Automate,,0.46,USD,device/mo,ROYALTY,BD RR monthly recon : Info tab 'Cost Chart',,2026-01-01,9999-12-31,TRUE,2026-01;2026-02;2026-03;2026-04;2026-05,5,FALSE,2026-01,2026-06,2026-07-15
CPX-00402,Bitdefender,Bitdefender Security for Mobile,,0.72,USD,device/mo,ROYALTY,BD RR monthly recon : Info tab 'Cost Chart',,2026-01-01,9999-12-31,TRUE,2026-01;2026-02;2026-03;2026-04;2026-05,5,FALSE,2026-01,2026-06,2026-07-15
CPX-00403,Bitdefender,Msp Secure Extra,,3.3,USD,device/mo,ROYALTY,BD RR monthly recon : Info tab 'Cost Chart',,2026-04-01,9999-12-31,TRUE,2026-04;2026-05,2,FALSE,2026-01,2026-06,2026-07-15
CPX-00404,Bitdefender,Msp Secure Plus,,2.3,USD,device/mo,ROYALTY,BD RR monthly recon : Info tab 'Cost Chart',,2026-04-01,9999-12-31,TRUE,2026-04;2026-05,2,FALSE,2026-01,2026-06,2026-07-15
CPX-00405,Bitdefender,Phasr,,1.11,USD,device/mo,ROYALTY,BD RR monthly recon : Info tab 'Cost Chart',,2026-04-01,9999-12-31,TRUE,2026-04;2026-05,2,FALSE,2026-01,2026-06,2026-07-15
CPX-00406,Bitdefender,XDR Identity,,0.65,USD,device/mo,ROYALTY,BD RR monthly recon : Info tab 'Cost Chart',,2026-04-01,9999-12-31,TRUE,2026-04;2026-05,2,FALSE,2026-01,2026-06,2026-07-15
CPX-00407,Cylance,AW-CYL-USG-PROTECT,,0.98,USD,per license,INVOICE,Arctic Wolf usage/invoice (Vendor Usage sheet),,2026-01-01,9999-12-31,TRUE,2026-01;2026-02;2026-03;2026-04;2026-05;2026-06,6,FALSE,2026-01,2026-06,2026-07-15
CPX-00408,ESET,3PARTYONPREMEPPROADV,3PARTYONPREMEPPROADV,1.5775,GBP,per seat/month,OBSERVED,MP Usage / Marketplace tab (ESET Recon workbook),ESET PROTECT Entry On-Prem (WW); channel=Contract; PartnerPrice Local Currency per seat (tiered CW SKU),2026-01-01,9999-12-31,TRUE,2026-01;2026-02;2026-03;2026-04;2026-05,5,FALSE,2026-01,2026-06,2026-07-15
CPX-00409,ESET,3PARTYONPREMESETENDP,3PARTYONPREMESETENDP,1.5,USD,per seat/month,OBSERVED,MP Usage / Marketplace tab (ESET Recon workbook),ESET Endpoint Security; channel=Contract; PartnerPrice Local Currency per seat (tiered CW SKU),2026-01-01,9999-12-31,TRUE,2026-01;2026-02;2026-03;2026-04;2026-05,5,FALSE,2026-01,2026-06,2026-07-15
CPX-00410,ESET,3PARTYONPREMESETEPAV,3PARTYONPREMESETEPAV,1.3458,USD,per seat/month,OBSERVED,MP Usage / Marketplace tab (ESET Recon workbook),ESET Endpoint Antivirus; channel=Contract; PartnerPrice Local Currency per seat (tiered CW SKU),2026-01-01,2026-03-31,FALSE,2026-01;2026-02;2026-03,3,FALSE,2026-01,2026-06,2026-07-15
CPX-00411,ESET,3PARTYONPREMESETESLP,3PARTYONPREMESETESLP,0.65,USD,per seat/month,OBSERVED,MP Usage / Marketplace tab (ESET Recon workbook),ESET Mail Security for MS Exch Svr Legacy Partners; channel=Contract; PartnerPrice Local Currency per seat (tiered CW SKU),2026-01-01,9999-12-31,TRUE,2026-01;2026-02;2026-03;2026-04;2026-05,5,FALSE,2026-01,2026-06,2026-07-15
CPX-00412,ESET,3PARTYONPREMESETWFSS,3PARTYONPREMESETWFSS,2.18,AUD,per seat/month,OBSERVED,MP Usage / Marketplace tab (ESET Recon workbook),ESET File Security for MS Win Server; channel=Contract; PartnerPrice Local Currency per seat (tiered CW SKU),2026-01-01,9999-12-31,TRUE,2026-01;2026-02;2026-03;2026-04;2026-05,5,FALSE,2026-01,2026-06,2026-07-15
CPX-00413,ESET,3PARTYONPREMESETWSLP,3PARTYONPREMESETWSLP,2.05,CAD,per seat/month,OBSERVED,MP Usage / Marketplace tab (ESET Recon workbook),ESET File Security for MS Win Svr Legacy Partners; channel=Contract; PartnerPrice Local Currency per seat (tiered CW SKU),2026-01-01,9999-12-31,TRUE,2026-01;2026-02;2026-03;2026-04;2026-05,5,FALSE,2026-01,2026-06,2026-07-15
CPX-00414,ESET,3PARTYONPREMESETWSLP,3PARTYONPREMESETWSLP,1.5,USD,per seat/month,OBSERVED,MP Usage / Marketplace tab (ESET Recon workbook),ESET File Security for MS Win Svr Legacy Partners; channel=Contract; PartnerPrice Local Currency per seat (tiered CW SKU),2026-01-01,9999-12-31,TRUE,2026-01;2026-02;2026-03;2026-04;2026-05,5,FALSE,2026-01,2026-06,2026-07-15
CPX-00415,ESET,3PARTYONPREMESWWEPAV,3PARTYONPREMESWWEPAV,1.87,AUD,per seat/month,OBSERVED,MP Usage / Marketplace tab (ESET Recon workbook),ESET V6 Endpoint Antivirus Legacy; channel=Contract; PartnerPrice Local Currency per seat (tiered CW SKU),2026-01-01,9999-12-31,TRUE,2026-01;2026-02;2026-03;2026-04;2026-05,5,FALSE,2026-01,2026-06,2026-07-15
CPX-00416,ESET,3PARTYONPREMESWWEPAV,3PARTYONPREMESWWEPAV,1.2986,GBP,per seat/month,OBSERVED,MP Usage / Marketplace tab (ESET Recon workbook),ESET V6 Endpoint Antivirus Legacy; channel=Contract; PartnerPrice Local Currency per seat (tiered CW SKU),2026-01-01,9999-12-31,TRUE,2026-01;2026-02;2026-03;2026-04;2026-05,5,FALSE,2026-01,2026-06,2026-07-15
CPX-00417,ESET,3PARTYONPREMESWWFSVR,3PARTYONPREMESWWFSVR,2.18,AUD,per seat/month,OBSERVED,MP Usage / Marketplace tab (ESET Recon workbook),ESET WW ESET for File Server; channel=Contract; PartnerPrice Local Currency per seat (tiered CW SKU),2026-01-01,9999-12-31,TRUE,2026-01;2026-02;2026-03;2026-04;2026-05,5,FALSE,2026-01,2026-06,2026-07-15
CPX-00418,ESET,3PARTYONPREMESWWFSVR,3PARTYONPREMESWWFSVR,1.1378,GBP,per seat/month,OBSERVED,MP Usage / Marketplace tab (ESET Recon workbook),ESET WW ESET for File Server; channel=Contract; PartnerPrice Local Currency per seat (tiered CW SKU),2026-01-01,9999-12-31,TRUE,2026-01;2026-02;2026-03;2026-04;2026-05,5,FALSE,2026-01,2026-06,2026-07-15
CPX-00419,ESET,EAVBM,EAVBM,1.35,USD,per seat/month,OBSERVED,MP Usage / Marketplace tab (ESET Recon workbook),ESET WW ESET for Mac OS X; channel=Contract; PartnerPrice Local Currency per seat (tiered CW SKU),2026-01-01,9999-12-31,TRUE,2026-01;2026-02;2026-03;2026-04;2026-05,5,FALSE,2026-01,2026-06,2026-07-15
CPX-00420,ESET,EAVBM,EAVBM,1.19,GBP,per seat/month,OBSERVED,MP Usage / Marketplace tab (ESET Recon workbook),ESET WW ESET for Mac OS X; channel=Contract; PartnerPrice Local Currency per seat (tiered CW SKU),2026-01-01,9999-12-31,TRUE,2026-01;2026-02;2026-03;2026-04;2026-05,5,FALSE,2026-01,2026-06,2026-07-15
CPX-00421,ESET,EEPA-GE-N3-E,EEPA-GE-N3-E,0.2917,USD,per seat/month,OBSERVED,MP Usage / Marketplace tab (ESET Recon workbook),ESET 3yr STRD ESET PROTECT Entry On-Prem-G/E/N 100-249; channel=Contract; PartnerPrice Local Currency per seat (tiered CW SKU),2026-01-01,9999-12-31,TRUE,2026-01;2026-02;2026-03;2026-04;2026-05,5,FALSE,2026-01,2026-06,2026-07-15
CPX-00422,ESET,EEPA-N1-E,EEPA-N1-E,0.8025,USD,per seat/month,OBSERVED,MP Usage / Marketplace tab (ESET Recon workbook),ESET 1yr STRD ESET PROTECT Entry On-Prem 100-249; channel=Contract; PartnerPrice Local Currency per seat (tiered CW SKU),2026-01-01,9999-12-31,TRUE,2026-01;2026-02;2026-03;2026-04;2026-05,5,FALSE,2026-01,2026-06,2026-07-15
CPX-00423,ESET,EEPA-N3-E,EEPA-N3-E,0.9792,USD,per seat/month,OBSERVED,MP Usage / Marketplace tab (ESET Recon workbook),ESET 3yr STRD ESET PROTECT Entry On-Prem 100-249; channel=Contract; PartnerPrice Local Currency per seat (tiered CW SKU),2026-01-01,2026-01-31,FALSE,2026-01,1,FALSE,2026-01,2026-06,2026-07-15
CPX-00424,ESET,EEPA-N3-E,EEPA-N3-E,1.0292,USD,per seat/month,OBSERVED,MP Usage / Marketplace tab (ESET Recon workbook),ESET 3yr STRD ESET PROTECT Entry On-Prem 100-249; channel=Contract; PartnerPrice Local Currency per seat (tiered CW SKU),2026-03-01,9999-12-31,TRUE,2026-03;2026-04;2026-05,3,FALSE,2026-01,2026-06,2026-07-15
CPX-00425,ESET,EEPS-GE-N3-G,EEPS-GE-N3-G,0.3589,USD,per seat/month,OBSERVED,MP Usage / Marketplace tab (ESET Recon workbook),ESET 3yr STRD ESET PROTECT Essential On-Prem -G/E/N 500-999; channel=Contract; PartnerPrice Local Currency per seat (tiered CW SKU),2026-01-01,2026-03-31,FALSE,2026-01;2026-02;2026-03,3,FALSE,2026-01,2026-06,2026-07-15
CPX-00426,ESET,EESX,EESX,1.52,CAD,per seat/month,OBSERVED,MP Usage / Marketplace tab (ESET Recon workbook),ESET AntiVirus Business Ed for Mac OS 9; channel=Contract; PartnerPrice Local Currency per seat (tiered CW SKU),2026-01-01,9999-12-31,TRUE,2026-01;2026-02;2026-03;2026-04;2026-05,5,FALSE,2026-01,2026-06,2026-07-15
CPX-00427,ESET,EPA-Y1,EPA-Y1,2.0767,USD,per seat/month,OBSERVED,MP Usage / Marketplace tab (ESET Recon workbook),ESET 1YR Protect Advanced; channel=Contract; PartnerPrice Local Currency per seat (tiered CW SKU),2026-03-01,9999-12-31,TRUE,2026-03;2026-04;2026-05,3,FALSE,2026-01,2026-06,2026-07-15
CPX-00428,ESET,EPA-Y3,EPA-Y3,1.9311,USD,per seat/month,OBSERVED,MP Usage / Marketplace tab (ESET Recon workbook),ESET 3YR Protect Advanced; channel=Contract; PartnerPrice Local Currency per seat (tiered CW SKU),2026-01-01,2026-01-31,FALSE,2026-01,1,FALSE,2026-01,2026-06,2026-07-15
CPX-00429,ESET,EPE-Y1,EPE-Y1,1.6042,USD,per seat/month,OBSERVED,MP Usage / Marketplace tab (ESET Recon workbook),ESET 1YR Protect Entry; channel=Contract; PartnerPrice Local Currency per seat (tiered CW SKU),2026-01-01,9999-12-31,TRUE,2026-01;2026-02;2026-03;2026-04;2026-05,5,FALSE,2026-01,2026-06,2026-07-15
CPX-00430,ESET,EPEN-Y1,EPEN-Y1,2.9058,USD,per seat/month,OBSERVED,MP Usage / Marketplace tab (ESET Recon workbook),ESET 1YR Protect Enterprise; channel=Contract; PartnerPrice Local Currency per seat (tiered CW SKU),2026-01-01,2026-04-30,FALSE,2026-01;2026-02;2026-03;2026-04,4,FALSE,2026-01,2026-06,2026-07-15
CPX-00431,ESET,ESET Cybersecurity Awareness Training (1yr),,15.40,USD,per unit,INVOICE,Invoice_021751186.pdf,US one-off contract invoice (Fireside Office Solutions); UNIT PRICE; Jan (parsed Jan only),2026-01-01,2026-01-31,FALSE,2026-01,1,FALSE,2026-01,2026-06,2026-07-15
CPX-00432,ESET,ESET Inspect,,0.0303,USD,per seat/month,INVOICE,"US_Invoice_021732938.pdf,US_Invoice_021809376.pdf,US_Invoice_021862494.pdf","US MSP invoice (ESET LLC / North America); vendor unit rate (blended, varies by month)",2026-01-01,9999-12-31,TRUE,2026-01;2026-03;2026-05,3,TRUE,2026-01,2026-06,2026-07-15
CPX-00433,ESET,ESET Inspect,,0.0336,USD,per seat/month,INVOICE,US_Invoice_021768500.pdf,"US MSP invoice (ESET LLC / North America); vendor unit rate (blended, varies by month)",2026-02-01,2026-02-28,FALSE,2026-02,1,FALSE,2026-01,2026-06,2026-07-15
CPX-00434,ESET,ESET Inspect,,0.0313,USD,per seat/month,INVOICE,US_Invoice_021837396.pdf,"US MSP invoice (ESET LLC / North America); vendor unit rate (blended, varies by month)",2026-04-01,2026-04-30,FALSE,2026-04,1,FALSE,2026-01,2026-06,2026-07-15
CPX-00435,ESET,EXCH,EXCH,0.75,USD,per seat/month,OBSERVED,MP Usage / Marketplace tab (ESET Recon workbook),ESET Mail Security for MS Exch Svr 9; channel=Contract; PartnerPrice Local Currency per seat (tiered CW SKU),2026-01-01,9999-12-31,TRUE,2026-01;2026-02;2026-03;2026-04;2026-05,5,FALSE,2026-01,2026-06,2026-07-15
CPX-00436,ESET,Endpoint Antivirus,,0.0194,USD,per seat/month,INVOICE,"US_Invoice_021732938.pdf,US_Invoice_021809376.pdf","US MSP invoice (ESET LLC / North America); vendor unit rate (blended, varies by month)",2026-01-01,2026-03-31,FALSE,2026-01;2026-03,2,TRUE,2026-01,2026-06,2026-07-15
CPX-00437,ESET,Endpoint Antivirus,,0.0218,USD,per seat/month,INVOICE,US_Invoice_021768500.pdf,"US MSP invoice (ESET LLC / North America); vendor unit rate (blended, varies by month)",2026-02-01,2026-02-28,FALSE,2026-02,1,FALSE,2026-01,2026-06,2026-07-15
CPX-00438,ESET,Endpoint Antivirus,,0.0202,USD,per seat/month,INVOICE,US_Invoice_021837396.pdf,"US MSP invoice (ESET LLC / North America); vendor unit rate (blended, varies by month)",2026-04-01,2026-04-30,FALSE,2026-04,1,FALSE,2026-01,2026-06,2026-07-15
CPX-00439,ESET,Endpoint Antivirus,,0.0198,USD,per seat/month,INVOICE,US_Invoice_021862494.pdf,"US MSP invoice (ESET LLC / North America); vendor unit rate (blended, varies by month)",2026-05-01,9999-12-31,TRUE,2026-05,1,FALSE,2026-01,2026-06,2026-07-15
CPX-00440,ESET,Endpoint Antivirus,,0.016452,USD,per seat/month,INVOICE,"AUS_Invoice_12238732.pdf,AUS_Invoice_12238733.pdf",AU-NZ entity (ESET Software Australia Pty Ltd); billed in USD; Jan invoice (parsed Jan only),2026-01-01,2026-01-31,FALSE,2026-01,1,FALSE,2026-01,2026-06,2026-07-15
CPX-00441,ESET,Endpoint Encryption Pro,,0.2187,USD,per seat/month,INVOICE,US_Invoice_021732938.pdf,"US MSP invoice (ESET LLC / North America); vendor unit rate (blended, varies by month)",2026-01-01,2026-01-31,FALSE,2026-01,1,FALSE,2026-01,2026-06,2026-07-15
CPX-00442,ESET,Endpoint Encryption Pro,,1.3319,USD,per seat/month,INVOICE,Encryption_Invoice_021733689.pdf,ESET Encryption entity (Non-EMA Encryption Pro) invoice; USD; Jan (parsed Jan only),2026-01-01,2026-01-31,FALSE,2026-01,1,FALSE,2026-01,2026-06,2026-07-15
CPX-00443,ESET,Endpoint Security,,0.0258,USD,per seat/month,INVOICE,US_Invoice_021732938.pdf,"US MSP invoice (ESET LLC / North America); vendor unit rate (blended, varies by month)",2026-01-01,2026-01-31,FALSE,2026-01,1,FALSE,2026-01,2026-06,2026-07-15
CPX-00444,ESET,Endpoint Security,,0.0286,USD,per seat/month,INVOICE,US_Invoice_021768500.pdf,"US MSP invoice (ESET LLC / North America); vendor unit rate (blended, varies by month)",2026-02-01,2026-02-28,FALSE,2026-02,1,FALSE,2026-01,2026-06,2026-07-15
CPX-00445,ESET,Endpoint Security,,0.0259,USD,per seat/month,INVOICE,"US_Invoice_021809376.pdf,US_Invoice_021862494.pdf","US MSP invoice (ESET LLC / North America); vendor unit rate (blended, varies by month)",2026-03-01,9999-12-31,TRUE,2026-03;2026-05,2,TRUE,2026-01,2026-06,2026-07-15
CPX-00446,ESET,Endpoint Security,,0.0273,USD,per seat/month,INVOICE,US_Invoice_021837396.pdf,"US MSP invoice (ESET LLC / North America); vendor unit rate (blended, varies by month)",2026-04-01,2026-04-30,FALSE,2026-04,1,FALSE,2026-01,2026-06,2026-07-15
CPX-00447,ESET,Full Disk Encryption,,0.0256,USD,per seat/month,INVOICE,US_Invoice_021732938.pdf,"US MSP invoice (ESET LLC / North America); vendor unit rate (blended, varies by month)",2026-01-01,2026-01-31,FALSE,2026-01,1,FALSE,2026-01,2026-06,2026-07-15
CPX-00448,ESET,Full Disk Encryption,,0.0382,USD,per seat/month,INVOICE,US_Invoice_021768500.pdf,"US MSP invoice (ESET LLC / North America); vendor unit rate (blended, varies by month)",2026-02-01,2026-02-28,FALSE,2026-02,1,FALSE,2026-01,2026-06,2026-07-15
CPX-00449,ESET,Full Disk Encryption,,0.0242,USD,per seat/month,INVOICE,US_Invoice_021809376.pdf,"US MSP invoice (ESET LLC / North America); vendor unit rate (blended, varies by month)",2026-03-01,2026-03-31,FALSE,2026-03,1,FALSE,2026-01,2026-06,2026-07-15
CPX-00450,ESET,Full Disk Encryption,,0.0261,USD,per seat/month,INVOICE,US_Invoice_021837396.pdf,"US MSP invoice (ESET LLC / North America); vendor unit rate (blended, varies by month)",2026-04-01,2026-04-30,FALSE,2026-04,1,FALSE,2026-01,2026-06,2026-07-15
CPX-00451,ESET,Full Disk Encryption,,0.0243,USD,per seat/month,INVOICE,US_Invoice_021862494.pdf,"US MSP invoice (ESET LLC / North America); vendor unit rate (blended, varies by month)",2026-05-01,9999-12-31,TRUE,2026-05,1,FALSE,2026-01,2026-06,2026-07-15
CPX-00452,ESET,ITN-EESX,ITN-EESX,2.15,CAD,per seat/month,OBSERVED,MP Usage / Marketplace tab (ESET Recon workbook),ESET Endpoint Security for macOS Per Device; channel=Contract; PartnerPrice Local Currency per seat (tiered CW SKU),2026-01-01,9999-12-31,TRUE,2026-01;2026-02;2026-03;2026-04;2026-05,5,FALSE,2026-01,2026-06,2026-07-15
CPX-00453,ESET,ITN-EESX,ITN-EESX,1.45,USD,per seat/month,OBSERVED,MP Usage / Marketplace tab (ESET Recon workbook),ESET Endpoint Security for macOS Per Device; channel=Contract; PartnerPrice Local Currency per seat (tiered CW SKU),2026-01-01,9999-12-31,TRUE,2026-01;2026-02;2026-03;2026-04;2026-05,5,FALSE,2026-01,2026-06,2026-07-15
CPX-00454,ESET,LEGACYSKUESETMOLP,LEGACYSKUESETMOLP,1.35,USD,per seat/month,OBSERVED,MP Usage / Marketplace tab (ESET Recon workbook),ESET AV Business Ed for MacOSX Legacy Partners; channel=Contract; PartnerPrice Local Currency per seat (tiered CW SKU),2026-01-01,9999-12-31,TRUE,2026-01;2026-02;2026-03;2026-04;2026-05,5,FALSE,2026-01,2026-06,2026-07-15
CPX-00455,ESET,MSP-ECAT-Y1,MSP-ECAT-Y1,1.0125,USD,per seat/month,OBSERVED,MP Usage / Marketplace tab (ESET Recon workbook),"ESET MSP 1YR Cybersecurity Awareness Training, Hosted, New, ; channel=Contract; PartnerPrice Local Currency per seat (tiered CW SKU)",2026-02-01,9999-12-31,TRUE,2026-02;2026-03;2026-04;2026-05,4,FALSE,2026-01,2026-06,2026-07-15
CPX-00456,ESET,MSP2-PA,MSP2-PA,2.19,GBP,per seat/month,OBSERVED,MP Usage / Marketplace tab (ESET Recon workbook),ESET Protect Advanced; channel=Contract; PartnerPrice Local Currency per seat (tiered CW SKU),2026-01-01,9999-12-31,TRUE,2026-01;2026-02;2026-03;2026-04;2026-05,5,FALSE,2026-01,2026-06,2026-07-15
CPX-00457,ESET,MSP2-PA-IIT,MSP2-PA-IIT,1.89,USD,per seat/month,OBSERVED,MP Usage / Marketplace tab (ESET Recon workbook),ESET Protect Advanced - Internal IT; channel=Contract; PartnerPrice Local Currency per seat (tiered CW SKU),2026-01-01,9999-12-31,TRUE,2026-01;2026-02;2026-03;2026-04;2026-05,5,FALSE,2026-01,2026-06,2026-07-15
CPX-00458,ESET,MSP2-PC,MSP2-PC,1.75,USD,per seat/month,OBSERVED,MP Usage / Marketplace tab (ESET Recon workbook),ESET Protect Complete; channel=Contract; PartnerPrice Local Currency per seat (tiered CW SKU),2026-01-01,2026-02-28,FALSE,2026-01;2026-02,2,FALSE,2026-01,2026-06,2026-07-15
CPX-00459,ESET,MSP2-PC,MSP2-PC-IIT,2.59,USD,per seat/month,OBSERVED,MP Usage / Marketplace tab (ESET Recon workbook),ESET Protect Complete - Internal IT; channel=Contract; PartnerPrice Local Currency per seat (tiered CW SKU),2026-01-01,2026-04-30,FALSE,2026-01;2026-02;2026-04,3,TRUE,2026-01,2026-06,2026-07-15
CPX-00460,ESET,MSP2-PC,MSP2-PC,2.7,AUD,per seat/month,OBSERVED,MP Usage / Marketplace tab (ESET Recon workbook),ESET Protect Complete; channel=Contract; PartnerPrice Local Currency per seat (tiered CW SKU),2026-01-01,9999-12-31,TRUE,2026-01;2026-02;2026-03;2026-04;2026-05,5,FALSE,2026-01,2026-06,2026-07-15
CPX-00461,ESET,MSP2-PC,MSP2-PC,1.2768,CAD,per seat/month,OBSERVED,MP Usage / Marketplace tab (ESET Recon workbook),ESET Protect Complete; channel=Contract; PartnerPrice Local Currency per seat (tiered CW SKU),2026-02-01,2026-02-28,FALSE,2026-02,1,FALSE,2026-01,2026-06,2026-07-15
CPX-00462,ESET,MSP2-PC,MSP2-PC,2.75,CAD,per seat/month,OBSERVED,MP Usage / Marketplace tab (ESET Recon workbook),ESET Protect Complete; channel=Contract; PartnerPrice Local Currency per seat (tiered CW SKU),2026-03-01,9999-12-31,TRUE,2026-03;2026-04;2026-05,3,FALSE,2026-01,2026-06,2026-07-15
CPX-00463,ESET,MSP2-PC,MSP2-PC-IIT,2.35,USD,per seat/month,OBSERVED,MP Usage / Marketplace tab (ESET Recon workbook),ESET Protect Complete - Internal IT; channel=Contract; PartnerPrice Local Currency per seat (tiered CW SKU),2026-05-01,9999-12-31,TRUE,2026-05,1,FALSE,2026-01,2026-06,2026-07-15
CPX-00464,ESET,MSP2-PE,MSP2-PE,1.39,AUD,per seat/month,OBSERVED,MP Usage / Marketplace tab (ESET Recon workbook),ESET Protect Entry; channel=Contract; PartnerPrice Local Currency per seat (tiered CW SKU),2026-01-01,9999-12-31,TRUE,2026-01;2026-02;2026-03;2026-04;2026-05,5,FALSE,2026-01,2026-06,2026-07-15
CPX-00465,ESET,MSP2-PE,MSP2-PE,1.24,GBP,per seat/month,OBSERVED,MP Usage / Marketplace tab (ESET Recon workbook),ESET Protect Entry; channel=Contract; PartnerPrice Local Currency per seat (tiered CW SKU),2026-01-01,9999-12-31,TRUE,2026-01;2026-02;2026-03;2026-04;2026-05,5,FALSE,2026-01,2026-06,2026-07-15
CPX-00466,ESET,MSP2-PE,MSP2-PE,1.5,CAD,per seat/month,OBSERVED,MP Usage / Marketplace tab (ESET Recon workbook),ESET Protect Entry; channel=Contract; PartnerPrice Local Currency per seat (tiered CW SKU),2026-01-01,2026-02-28,FALSE,2026-01;2026-02,2,FALSE,2026-01,2026-06,2026-07-15
CPX-00467,ESET,MSP2-PE,MSP2-PE,2.26,CAD,per seat/month,OBSERVED,MP Usage / Marketplace tab (ESET Recon workbook),ESET Protect Entry; channel=Contract; PartnerPrice Local Currency per seat (tiered CW SKU),2026-04-01,9999-12-31,TRUE,2026-04;2026-05,2,FALSE,2026-01,2026-06,2026-07-15
CPX-00468,ESET,MSP2-PEN,MSP2-PEN,3.27,GBP,per seat/month,OBSERVED,MP Usage / Marketplace tab (ESET Recon workbook),ESET Protect Enterprise; channel=Contract; PartnerPrice Local Currency per seat (tiered CW SKU),2026-01-01,9999-12-31,TRUE,2026-01;2026-02;2026-03;2026-04;2026-05,5,FALSE,2026-01,2026-06,2026-07-15
CPX-00469,ESET,Mail Security,,0.01,USD,per seat/month,INVOICE,"US_Invoice_021732938.pdf,US_Invoice_021809376.pdf,US_Invoice_021862494.pdf","US MSP invoice (ESET LLC / North America); vendor unit rate (blended, varies by month)",2026-01-01,9999-12-31,TRUE,2026-01;2026-03;2026-05,3,TRUE,2026-01,2026-06,2026-07-15
CPX-00470,ESET,Mail Security,,0.0111,USD,per seat/month,INVOICE,US_Invoice_021768500.pdf,"US MSP invoice (ESET LLC / North America); vendor unit rate (blended, varies by month)",2026-02-01,2026-02-28,FALSE,2026-02,1,FALSE,2026-01,2026-06,2026-07-15
CPX-00471,ESET,Mail Security,,0.0103,USD,per seat/month,INVOICE,US_Invoice_021837396.pdf,"US MSP invoice (ESET LLC / North America); vendor unit rate (blended, varies by month)",2026-04-01,2026-04-30,FALSE,2026-04,1,FALSE,2026-01,2026-06,2026-07-15
CPX-00472,ESET,Mail Security,,0.007419,USD,per seat/month,INVOICE,"AUS_Invoice_12238732.pdf,AUS_Invoice_12238733.pdf",AU-NZ entity (ESET Software Australia Pty Ltd); billed in USD; Jan invoice (parsed Jan only),2026-01-01,2026-01-31,FALSE,2026-01,1,FALSE,2026-01,2026-06,2026-07-15
CPX-00473,ESET,PREMSUPP-N1,PREMSUPP-N1,0.24,USD,per seat/month,OBSERVED,MP Usage / Marketplace tab (ESET Recon workbook),ESET 1YR Premium Support; channel=Contract; PartnerPrice Local Currency per seat (tiered CW SKU),2026-01-01,2026-04-30,FALSE,2026-01;2026-02;2026-03;2026-04,4,FALSE,2026-01,2026-06,2026-07-15
CPX-00474,ESET,PROTECT Advanced,,0.034,USD,per seat/month,INVOICE,US_Invoice_021732938.pdf,"US MSP invoice (ESET LLC / North America); vendor unit rate (blended, varies by month)",2026-01-01,2026-01-31,FALSE,2026-01,1,FALSE,2026-01,2026-06,2026-07-15
CPX-00475,ESET,PROTECT Advanced,,0.0432,USD,per seat/month,INVOICE,US_Invoice_021768500.pdf,"US MSP invoice (ESET LLC / North America); vendor unit rate (blended, varies by month)",2026-02-01,2026-02-28,FALSE,2026-02,1,FALSE,2026-01,2026-06,2026-07-15
CPX-00476,ESET,PROTECT Advanced,,0.033,USD,per seat/month,INVOICE,US_Invoice_021809376.pdf,"US MSP invoice (ESET LLC / North America); vendor unit rate (blended, varies by month)",2026-03-01,2026-03-31,FALSE,2026-03,1,FALSE,2026-01,2026-06,2026-07-15
CPX-00477,ESET,PROTECT Advanced,,0.0475,USD,per seat/month,INVOICE,US_Invoice_021837396.pdf,"US MSP invoice (ESET LLC / North America); vendor unit rate (blended, varies by month)",2026-04-01,2026-04-30,FALSE,2026-04,1,FALSE,2026-01,2026-06,2026-07-15
CPX-00478,ESET,PROTECT Advanced,,0.0329,USD,per seat/month,INVOICE,US_Invoice_021862494.pdf,"US MSP invoice (ESET LLC / North America); vendor unit rate (blended, varies by month)",2026-05-01,9999-12-31,TRUE,2026-05,1,FALSE,2026-01,2026-06,2026-07-15
CPX-00479,ESET,PROTECT Advanced,,0.035484,USD,per seat/month,INVOICE,"AUS_Invoice_12238732.pdf,AUS_Invoice_12238733.pdf",AU-NZ entity (ESET Software Australia Pty Ltd); billed in USD; Jan invoice (parsed Jan only),2026-01-01,2026-01-31,FALSE,2026-01,1,FALSE,2026-01,2026-06,2026-07-15
CPX-00480,ESET,PROTECT Complete,,0.0411,USD,per seat/month,INVOICE,US_Invoice_021732938.pdf,"US MSP invoice (ESET LLC / North America); vendor unit rate (blended, varies by month)",2026-01-01,2026-01-31,FALSE,2026-01,1,FALSE,2026-01,2026-06,2026-07-15
CPX-00481,ESET,PROTECT Complete,,0.0563,USD,per seat/month,INVOICE,US_Invoice_021768500.pdf,"US MSP invoice (ESET LLC / North America); vendor unit rate (blended, varies by month)",2026-02-01,2026-02-28,FALSE,2026-02,1,FALSE,2026-01,2026-06,2026-07-15
CPX-00482,ESET,PROTECT Complete,,0.0406,USD,per seat/month,INVOICE,"US_Invoice_021809376.pdf,US_Invoice_021862494.pdf","US MSP invoice (ESET LLC / North America); vendor unit rate (blended, varies by month)",2026-03-01,9999-12-31,TRUE,2026-03;2026-05,2,TRUE,2026-01,2026-06,2026-07-15
CPX-00483,ESET,PROTECT Complete,,0.0424,USD,per seat/month,INVOICE,US_Invoice_021837396.pdf,"US MSP invoice (ESET LLC / North America); vendor unit rate (blended, varies by month)",2026-04-01,2026-04-30,FALSE,2026-04,1,FALSE,2026-01,2026-06,2026-07-15
CPX-00484,ESET,PROTECT Complete,,0.043548,USD,per seat/month,INVOICE,"AUS_Invoice_12238732.pdf,AUS_Invoice_12238733.pdf",AU-NZ entity (ESET Software Australia Pty Ltd); billed in USD; Jan invoice (parsed Jan only),2026-01-01,2026-01-31,FALSE,2026-01,1,FALSE,2026-01,2026-06,2026-07-15
CPX-00485,ESET,PROTECT Enterprise,,0.0703,USD,per seat/month,INVOICE,US_Invoice_021732938.pdf,"US MSP invoice (ESET LLC / North America); vendor unit rate (blended, varies by month)",2026-01-01,2026-01-31,FALSE,2026-01,1,FALSE,2026-01,2026-06,2026-07-15
CPX-00486,ESET,PROTECT Enterprise,,0.0779,USD,per seat/month,INVOICE,US_Invoice_021768500.pdf,"US MSP invoice (ESET LLC / North America); vendor unit rate (blended, varies by month)",2026-02-01,2026-02-28,FALSE,2026-02,1,FALSE,2026-01,2026-06,2026-07-15
CPX-00487,ESET,PROTECT Enterprise,,0.0702,USD,per seat/month,INVOICE,US_Invoice_021809376.pdf,"US MSP invoice (ESET LLC / North America); vendor unit rate (blended, varies by month)",2026-03-01,2026-03-31,FALSE,2026-03,1,FALSE,2026-01,2026-06,2026-07-15
CPX-00488,ESET,PROTECT Enterprise,,0.0723,USD,per seat/month,INVOICE,US_Invoice_021837396.pdf,"US MSP invoice (ESET LLC / North America); vendor unit rate (blended, varies by month)",2026-04-01,2026-04-30,FALSE,2026-04,1,FALSE,2026-01,2026-06,2026-07-15
CPX-00489,ESET,PROTECT Enterprise,,0.0701,USD,per seat/month,INVOICE,US_Invoice_021862494.pdf,"US MSP invoice (ESET LLC / North America); vendor unit rate (blended, varies by month)",2026-05-01,9999-12-31,TRUE,2026-05,1,FALSE,2026-01,2026-06,2026-07-15
CPX-00490,ESET,PROTECT Entry,,0.0256,USD,per seat/month,INVOICE,US_Invoice_021732938.pdf,"US MSP invoice (ESET LLC / North America); vendor unit rate (blended, varies by month)",2026-01-01,2026-01-31,FALSE,2026-01,1,FALSE,2026-01,2026-06,2026-07-15
CPX-00491,ESET,PROTECT Entry,,0.0289,USD,per seat/month,INVOICE,US_Invoice_021768500.pdf,"US MSP invoice (ESET LLC / North America); vendor unit rate (blended, varies by month)",2026-02-01,2026-02-28,FALSE,2026-02,1,FALSE,2026-01,2026-06,2026-07-15
CPX-00492,ESET,PROTECT Entry,,0.026,USD,per seat/month,INVOICE,US_Invoice_021809376.pdf,"US MSP invoice (ESET LLC / North America); vendor unit rate (blended, varies by month)",2026-03-01,2026-03-31,FALSE,2026-03,1,FALSE,2026-01,2026-06,2026-07-15
CPX-00493,ESET,PROTECT Entry,,0.0264,USD,per seat/month,INVOICE,US_Invoice_021837396.pdf,"US MSP invoice (ESET LLC / North America); vendor unit rate (blended, varies by month)",2026-04-01,2026-04-30,FALSE,2026-04,1,FALSE,2026-01,2026-06,2026-07-15
CPX-00494,ESET,PROTECT Entry,,0.0261,USD,per seat/month,INVOICE,US_Invoice_021862494.pdf,"US MSP invoice (ESET LLC / North America); vendor unit rate (blended, varies by month)",2026-05-01,9999-12-31,TRUE,2026-05,1,FALSE,2026-01,2026-06,2026-07-15
CPX-00495,ESET,PROTECT Entry,,0.021282,USD,per seat/month,INVOICE,"AUS_Invoice_12238732.pdf,AUS_Invoice_12238733.pdf",AU-NZ entity (ESET Software Australia Pty Ltd); billed in USD; Jan invoice (parsed Jan only),2026-01-01,2026-01-31,FALSE,2026-01,1,FALSE,2026-01,2026-06,2026-07-15
CPX-00496,ESET,PROTECT Entry,,0.027419,USD,per seat/month,INVOICE,"AUS_Invoice_12238732.pdf,AUS_Invoice_12238733.pdf",AU-NZ entity (ESET Software Australia Pty Ltd); billed in USD; Jan invoice (parsed Jan only),2026-01-01,2026-01-31,FALSE,2026-01,1,FALSE,2026-01,2026-06,2026-07-15
CPX-00497,ESET,PROTECT Entry On-Prem,,0.0286,USD,per seat/month,INVOICE,"US_Invoice_021732938.pdf,US_Invoice_021768500.pdf","US MSP invoice (ESET LLC / North America); vendor unit rate (blended, varies by month)",2026-01-01,2026-02-28,FALSE,2026-01;2026-02,2,FALSE,2026-01,2026-06,2026-07-15
CPX-00498,ESET,PROTECT Entry On-Prem,,0.0269,USD,per seat/month,INVOICE,US_Invoice_021809376.pdf,"US MSP invoice (ESET LLC / North America); vendor unit rate (blended, varies by month)",2026-03-01,2026-03-31,FALSE,2026-03,1,FALSE,2026-01,2026-06,2026-07-15
CPX-00499,ESET,PROTECT Entry On-Prem,,0.0268,USD,per seat/month,INVOICE,US_Invoice_021837396.pdf,"US MSP invoice (ESET LLC / North America); vendor unit rate (blended, varies by month)",2026-04-01,2026-04-30,FALSE,2026-04,1,FALSE,2026-01,2026-06,2026-07-15
CPX-00500,ESET,PROTECT Entry On-Prem,,0.0271,USD,per seat/month,INVOICE,US_Invoice_021862494.pdf,"US MSP invoice (ESET LLC / North America); vendor unit rate (blended, varies by month)",2026-05-01,9999-12-31,TRUE,2026-05,1,FALSE,2026-01,2026-06,2026-07-15
CPX-00501,ESET,PROTECT Mail Plus,,0.017419,USD,per seat/month,INVOICE,"AUS_Invoice_12238732.pdf,AUS_Invoice_12238733.pdf",AU-NZ entity (ESET Software Australia Pty Ltd); billed in USD; Jan invoice (parsed Jan only),2026-01-01,2026-01-31,FALSE,2026-01,1,FALSE,2026-01,2026-06,2026-07-15
CPX-00502,ESET,RMM-EAVB,RMM-EAVB,0.78,USD,per seat/month,OBSERVED,MP Usage / Marketplace tab (ESET Recon workbook),"ESET NOD32 Anit-Virus, Business Edition; channel=Contract; PartnerPrice Local Currency per seat (tiered CW SKU)",2026-01-01,9999-12-31,TRUE,2026-01;2026-02;2026-03;2026-04;2026-05,5,FALSE,2026-01,2026-06,2026-07-15
CPX-00503,ESET,RMM-EAVBM,RMM-EAVBM,1.35,USD,per seat/month,OBSERVED,MP Usage / Marketplace tab (ESET Recon workbook),ESET NOD32 Antivirus Business Edition for Mac OSX; channel=Contract; PartnerPrice Local Currency per seat (tiered CW SKU),2026-01-01,9999-12-31,TRUE,2026-01;2026-02;2026-03;2026-04;2026-05,5,FALSE,2026-01,2026-06,2026-07-15
CPX-00504,ESET,Secure Authentication,,0.0206,USD,per seat/month,INVOICE,"US_Invoice_021732938.pdf,US_Invoice_021809376.pdf,US_Invoice_021862494.pdf","US MSP invoice (ESET LLC / North America); vendor unit rate (blended, varies by month)",2026-01-01,9999-12-31,TRUE,2026-01;2026-03;2026-05,3,TRUE,2026-01,2026-06,2026-07-15
CPX-00505,ESET,Secure Authentication,,0.0229,USD,per seat/month,INVOICE,US_Invoice_021768500.pdf,"US MSP invoice (ESET LLC / North America); vendor unit rate (blended, varies by month)",2026-02-01,2026-02-28,FALSE,2026-02,1,FALSE,2026-01,2026-06,2026-07-15
CPX-00506,ESET,Secure Authentication,,0.0213,USD,per seat/month,INVOICE,US_Invoice_021837396.pdf,"US MSP invoice (ESET LLC / North America); vendor unit rate (blended, varies by month)",2026-04-01,2026-04-30,FALSE,2026-04,1,FALSE,2026-01,2026-06,2026-07-15
CPX-00507,ESET,Server Security,,0.0291,USD,per seat/month,INVOICE,"US_Invoice_021732938.pdf,US_Invoice_021809376.pdf","US MSP invoice (ESET LLC / North America); vendor unit rate (blended, varies by month)",2026-01-01,2026-03-31,FALSE,2026-01;2026-03,2,TRUE,2026-01,2026-06,2026-07-15
CPX-00508,ESET,Server Security,,0.0327,USD,per seat/month,INVOICE,US_Invoice_021768500.pdf,"US MSP invoice (ESET LLC / North America); vendor unit rate (blended, varies by month)",2026-02-01,2026-02-28,FALSE,2026-02,1,FALSE,2026-01,2026-06,2026-07-15
CPX-00509,ESET,Server Security,,0.0302,USD,per seat/month,INVOICE,US_Invoice_021837396.pdf,"US MSP invoice (ESET LLC / North America); vendor unit rate (blended, varies by month)",2026-04-01,2026-04-30,FALSE,2026-04,1,FALSE,2026-01,2026-06,2026-07-15
CPX-00510,ESET,Server Security,,0.0301,USD,per seat/month,INVOICE,US_Invoice_021862494.pdf,"US MSP invoice (ESET LLC / North America); vendor unit rate (blended, varies by month)",2026-05-01,9999-12-31,TRUE,2026-05,1,FALSE,2026-01,2026-06,2026-07-15
CPX-00511,ESET,Server Security,,0.027419,USD,per seat/month,INVOICE,"AUS_Invoice_12238732.pdf,AUS_Invoice_12238733.pdf",AU-NZ entity (ESET Software Australia Pty Ltd); billed in USD; Jan invoice (parsed Jan only),2026-01-01,2026-01-31,FALSE,2026-01,1,FALSE,2026-01,2026-06,2026-07-15
CPX-00512,ESET,TA-MSP2-EI,ESS-USD-M01-TA-MSP2-EI,3.3,USD,per seat/month,OBSERVED,MP Usage / Marketplace tab (ESET Recon workbook),ESET Enterprise Inspector (EDR) - 1-10; channel=Marketplace; PartnerPrice Local Currency per seat (tiered CW SKU),2026-01-01,9999-12-31,TRUE,2026-01;2026-02;2026-03;2026-04;2026-05,5,FALSE,2026-01,2026-06,2026-07-15
CPX-00513,ESET,TA-MSP2-EI,ESS-USD-M04-TA-MSP2-EI,2.31,USD,per seat/month,OBSERVED,MP Usage / Marketplace tab (ESET Recon workbook),ESET Enterprise Inspector (EDR) - 50-99; channel=Marketplace; PartnerPrice Local Currency per seat (tiered CW SKU),2026-01-01,9999-12-31,TRUE,2026-01;2026-02;2026-03;2026-04;2026-05,5,FALSE,2026-01,2026-06,2026-07-15
CPX-00514,ESET,TA-MSP2-EI,ESS-USD-M06-TA-MSP2-EI,1.98,USD,per seat/month,OBSERVED,MP Usage / Marketplace tab (ESET Recon workbook),ESET Enterprise Inspector (EDR) - 250-499; channel=Marketplace; PartnerPrice Local Currency per seat (tiered CW SKU),2026-01-01,9999-12-31,TRUE,2026-01;2026-02;2026-03;2026-04;2026-05,5,FALSE,2026-01,2026-06,2026-07-15
CPX-00515,ESET,TAMSP2--PA-M01,ESS-AUD-M01-TAMSP2--PA,5.34,AUD,per seat/month,OBSERVED,MP Usage / Marketplace tab (ESET Recon workbook),ESET Protect Advanced - 1-5; channel=Marketplace; PartnerPrice Local Currency per seat (tiered CW SKU),2026-01-01,9999-12-31,TRUE,2026-01;2026-02;2026-03;2026-04;2026-05,5,FALSE,2026-01,2026-06,2026-07-15
CPX-00516,ESET,TAMSP2--PA-M01,ESS-USD-M01-TAMSP2--PA,4.14,USD,per seat/month,OBSERVED,MP Usage / Marketplace tab (ESET Recon workbook),ESET Protect Advanced - 1-5; channel=Marketplace; PartnerPrice Local Currency per seat (tiered CW SKU),2026-01-01,9999-12-31,TRUE,2026-01;2026-02;2026-03;2026-04;2026-05,5,FALSE,2026-01,2026-06,2026-07-15
CPX-00517,ESET,TAMSP2--PA-M01,ESS-USD-M01-TAMSP2--PA,4.14,AUD,per seat/month,OBSERVED,MP Usage / Marketplace tab (ESET Recon workbook),ESET Protect Advanced - 1-5; channel=Marketplace; PartnerPrice Local Currency per seat (tiered CW SKU),2026-01-01,9999-12-31,TRUE,2026-01;2026-02;2026-03;2026-04;2026-05,5,FALSE,2026-01,2026-06,2026-07-15
CPX-00518,ESET,TAMSP2--PA-M03,ESS-USD-M03-TAMSP2--PA,3.04,USD,per seat/month,OBSERVED,MP Usage / Marketplace tab (ESET Recon workbook),ESET Protect Advanced - 11-25; channel=Marketplace; PartnerPrice Local Currency per seat (tiered CW SKU),2026-01-01,9999-12-31,TRUE,2026-01;2026-02;2026-03;2026-04;2026-05,5,FALSE,2026-01,2026-06,2026-07-15
CPX-00519,ESET,TAMSP2--PA-M03,ESS-CAD-M03-TAMSP2--PA,4.16,CDN,per seat/month,OBSERVED,MP Usage / Marketplace tab (ESET Recon workbook),ESET Protect Advanced - 11-25; channel=Marketplace; PartnerPrice Local Currency per seat (tiered CW SKU),2026-01-01,9999-12-31,TRUE,2026-01;2026-02;2026-03;2026-04;2026-05,5,FALSE,2026-01,2026-06,2026-07-15
CPX-00520,ESET,TAMSP2--PA-M04,ESS-USD-M04-TAMSP2--PA,2.69,USD,per seat/month,OBSERVED,MP Usage / Marketplace tab (ESET Recon workbook),ESET Protect Advanced - 26-49; channel=Marketplace; PartnerPrice Local Currency per seat (tiered CW SKU),2026-01-01,9999-12-31,TRUE,2026-01;2026-02;2026-03;2026-04;2026-05,5,FALSE,2026-01,2026-06,2026-07-15
CPX-00521,ESET,TAMSP2--PA-M06,ESS-USD-M06-TAMSP2--PA,2.33,USD,per seat/month,OBSERVED,MP Usage / Marketplace tab (ESET Recon workbook),ESET Protect Advanced - 100-249; channel=Marketplace; PartnerPrice Local Currency per seat (tiered CW SKU),2026-01-01,9999-12-31,TRUE,2026-01;2026-02;2026-03;2026-04;2026-05,5,FALSE,2026-01,2026-06,2026-07-15
CPX-00522,ESET,TAMSP2--PA-M06,ESS-CAD-M06-TAMSP2--PA,3.2,CDN,per seat/month,OBSERVED,MP Usage / Marketplace tab (ESET Recon workbook),ESET Protect Advanced - 100-249; channel=Marketplace; PartnerPrice Local Currency per seat (tiered CW SKU),2026-01-01,9999-12-31,TRUE,2026-01;2026-02;2026-03;2026-04;2026-05,5,FALSE,2026-01,2026-06,2026-07-15
CPX-00523,ESET,TAMSP2--PA-M07,ESS-USD-M07-TAMSP2--PA,2.15,USD,per seat/month,OBSERVED,MP Usage / Marketplace tab (ESET Recon workbook),ESET Protect Advanced - 250-499; channel=Marketplace; PartnerPrice Local Currency per seat (tiered CW SKU),2026-01-01,9999-12-31,TRUE,2026-01;2026-02;2026-03;2026-04;2026-05,5,FALSE,2026-01,2026-06,2026-07-15
CPX-00524,ESET,TAMSP2--PA-M08,ESS-USD-M08-TAMSP2--PA,1.97,USD,per seat/month,OBSERVED,MP Usage / Marketplace tab (ESET Recon workbook),ESET Protect Advanced - 500-999; channel=Marketplace; PartnerPrice Local Currency per seat (tiered CW SKU),2026-01-01,9999-12-31,TRUE,2026-01;2026-02;2026-03;2026-04;2026-05,5,FALSE,2026-01,2026-06,2026-07-15
CPX-00525,ESET,TAMSP2--PA-M09,ESS-USD-M09-TAMSP2--PA,1.79,USD,per seat/month,OBSERVED,MP Usage / Marketplace tab (ESET Recon workbook),ESET Protect Advanced - 1000-1999; channel=Marketplace; PartnerPrice Local Currency per seat (tiered CW SKU),2026-01-01,9999-12-31,TRUE,2026-01;2026-02;2026-03;2026-04;2026-05,5,FALSE,2026-01,2026-06,2026-07-15
CPX-00526,ESET,TAMSP2--PA-M09,ESS-UKD-M09-TAMSP2--PA,1.46,GBP,per seat/month,OBSERVED,MP Usage / Marketplace tab (ESET Recon workbook),ESET Protect Advanced - 1000-1999; channel=Marketplace; PartnerPrice Local Currency per seat (tiered CW SKU),2026-01-01,9999-12-31,TRUE,2026-01;2026-02;2026-03;2026-04;2026-05,5,FALSE,2026-01,2026-06,2026-07-15
CPX-00527,ESET,TAMSP2--PC-M01,ESS-USD-M01-TAMSP2--PC,5.1,USD,per seat/month,OBSERVED,MP Usage / Marketplace tab (ESET Recon workbook),ESET Protect Complete - 1-5; channel=Marketplace; PartnerPrice Local Currency per seat (tiered CW SKU),2026-01-01,9999-12-31,TRUE,2026-01;2026-02;2026-03;2026-04;2026-05,5,FALSE,2026-01,2026-06,2026-07-15
CPX-00528,ESET,TAMSP2--PC-M04,ESS-USD-M04-TAMSP2--PC,3.31,USD,per seat/month,OBSERVED,MP Usage / Marketplace tab (ESET Recon workbook),ESET Protect Complete - 26-49; channel=Marketplace; PartnerPrice Local Currency per seat (tiered CW SKU),2026-01-01,9999-12-31,TRUE,2026-01;2026-02;2026-03;2026-04;2026-05,5,FALSE,2026-01,2026-06,2026-07-15
CPX-00529,ESET,TAMSP2--PC-M05,ESS-USD-M05-TAMSP2--PC,3.08,AUD,per seat/month,OBSERVED,MP Usage / Marketplace tab (ESET Recon workbook),ESET Protect Complete - 50-99; channel=Marketplace; PartnerPrice Local Currency per seat (tiered CW SKU),2026-01-01,9999-12-31,TRUE,2026-01;2026-02;2026-03;2026-04;2026-05,5,FALSE,2026-01,2026-06,2026-07-15
CPX-00530,ESET,TAMSP2--PC-M05,ESS-USD-M05-TAMSP2--PC,3.08,USD,per seat/month,OBSERVED,MP Usage / Marketplace tab (ESET Recon workbook),ESET Protect Complete - 50-99; channel=Marketplace; PartnerPrice Local Currency per seat (tiered CW SKU),2026-01-01,9999-12-31,TRUE,2026-01;2026-02;2026-03;2026-04;2026-05,5,FALSE,2026-01,2026-06,2026-07-15
CPX-00531,ESET,TAMSP2--PC-M07,ESS-CAD-M07-TAMSP2--PC,3.62,CDN,per seat/month,OBSERVED,MP Usage / Marketplace tab (ESET Recon workbook),ESET Protect Complete - 250-499; channel=Marketplace; PartnerPrice Local Currency per seat (tiered CW SKU),2026-01-01,2026-02-28,FALSE,2026-01;2026-02,2,FALSE,2026-01,2026-06,2026-07-15
CPX-00532,ESET,TAMSP2--PC-M08,ESS-CAD-M08-TAMSP2--PC,3.33,CDN,per seat/month,OBSERVED,MP Usage / Marketplace tab (ESET Recon workbook),ESET Protect Complete - 500-999; channel=Marketplace; PartnerPrice Local Currency per seat (tiered CW SKU),2026-02-01,2026-03-31,FALSE,2026-02;2026-03,2,FALSE,2026-01,2026-06,2026-07-15
CPX-00533,ESET,TAMSP2--PE-M01,ESS-USD-M01-TAMSP2--PE,3.19,USD,per seat/month,OBSERVED,MP Usage / Marketplace tab (ESET Recon workbook),ESET Protect Entry - 1-5; channel=Marketplace; PartnerPrice Local Currency per seat (tiered CW SKU),2026-01-01,9999-12-31,TRUE,2026-01;2026-02;2026-03;2026-04;2026-05,5,FALSE,2026-01,2026-06,2026-07-15
CPX-00534,ESET,TAMSP2--PE-M02,ESS-USD-M02-TAMSP2--PE,2.75,USD,per seat/month,OBSERVED,MP Usage / Marketplace tab (ESET Recon workbook),ESET Protect Entry - 6-10; channel=Marketplace; PartnerPrice Local Currency per seat (tiered CW SKU),2026-01-01,9999-12-31,TRUE,2026-01;2026-02;2026-03;2026-04;2026-05,5,FALSE,2026-01,2026-06,2026-07-15
CPX-00535,ESET,TAMSP2--PE-M03,ESS-CAD-M03-TAMSP2--PE,3.2,CDN,per seat/month,OBSERVED,MP Usage / Marketplace tab (ESET Recon workbook),ESET Protect Entry - 11-25; channel=Marketplace; PartnerPrice Local Currency per seat (tiered CW SKU),2026-01-01,9999-12-31,TRUE,2026-01;2026-02;2026-03;2026-04;2026-05,5,FALSE,2026-01,2026-06,2026-07-15
CPX-00536,ESET,TAMSP2--PE-M03,ESS-USD-M03-TAMSP2--PE,2.34,USD,per seat/month,OBSERVED,MP Usage / Marketplace tab (ESET Recon workbook),ESET Protect Entry - 11-25; channel=Marketplace; PartnerPrice Local Currency per seat (tiered CW SKU),2026-05-01,9999-12-31,TRUE,2026-05,1,FALSE,2026-01,2026-06,2026-07-15
CPX-00537,ESET,TAMSP2--PE-M07,ESS-USD-M07-TAMSP2--PE,1.65,AUD,per seat/month,OBSERVED,MP Usage / Marketplace tab (ESET Recon workbook),ESET Protect Entry - 250-499; channel=Marketplace; PartnerPrice Local Currency per seat (tiered CW SKU),2026-01-01,9999-12-31,TRUE,2026-01;2026-02;2026-03;2026-04;2026-05,5,FALSE,2026-01,2026-06,2026-07-15
CPX-00538,ESET,TAMSP2--PE-M09,ESS-USD-M09-TAMSP2--PE,1.37,USD,per seat/month,OBSERVED,MP Usage / Marketplace tab (ESET Recon workbook),ESET Protect Entry - 1000-1999; channel=Marketplace; PartnerPrice Local Currency per seat (tiered CW SKU),2026-01-01,2026-02-28,FALSE,2026-01;2026-02,2,FALSE,2026-01,2026-06,2026-07-15
CPX-00539,ESET,TAMSP2--PE-M09,ESS-AUD-M09-TAMSP2--PE,1.77,AUD,per seat/month,OBSERVED,MP Usage / Marketplace tab (ESET Recon workbook),ESET Protect Entry - 1000-1999; channel=Marketplace; PartnerPrice Local Currency per seat (tiered CW SKU),2026-01-01,9999-12-31,TRUE,2026-01;2026-02;2026-03;2026-04;2026-05,5,FALSE,2026-01,2026-06,2026-07-15
CPX-00540,ESET,TAMSP2-PEN,ESS-USD-M05-TAMSP2-PEN,4,USD,per seat/month,OBSERVED,MP Usage / Marketplace tab (ESET Recon workbook),ESET Protect Enterprise 50-99; channel=Marketplace; PartnerPrice Local Currency per seat (tiered CW SKU),2026-01-01,9999-12-31,TRUE,2026-01;2026-02;2026-03;2026-04;2026-05,5,FALSE,2026-01,2026-06,2026-07-15
CPX-00541,ESET,TAMSP2-PEN,ESS-USD-M06-TAMSP2-PEN,3.6,USD,per seat/month,OBSERVED,MP Usage / Marketplace tab (ESET Recon workbook),ESET Protect Enterprise 100-249; channel=Marketplace; PartnerPrice Local Currency per seat (tiered CW SKU),2026-01-01,9999-12-31,TRUE,2026-01;2026-02;2026-03;2026-04;2026-05,5,FALSE,2026-01,2026-06,2026-07-15
CPX-00542,ESET,TAMSP2-PEN,ESS-USD-M07-TAMSP2-PEN,3.3,USD,per seat/month,OBSERVED,MP Usage / Marketplace tab (ESET Recon workbook),ESET Protect Enterprise 250-499; channel=Marketplace; PartnerPrice Local Currency per seat (tiered CW SKU),2026-01-01,9999-12-31,TRUE,2026-01;2026-02;2026-03;2026-04;2026-05,5,FALSE,2026-01,2026-06,2026-07-15
CPX-00543,ESET,TAMSP2-PEN,ESS-USD-M09-TAMSP2-PEN,2.75,USD,per seat/month,OBSERVED,MP Usage / Marketplace tab (ESET Recon workbook),ESET Protect Enterprise 1000-1999; channel=Marketplace; PartnerPrice Local Currency per seat (tiered CW SKU),2026-01-01,9999-12-31,TRUE,2026-01;2026-02;2026-03;2026-04;2026-05,5,FALSE,2026-01,2026-06,2026-07-15
CPX-00544,ESET,TAMSP2-PMP-M04,ESS-AUD-M04-TAMSP2-PMP,1.59,AUD,per seat/month,OBSERVED,MP Usage / Marketplace tab (ESET Recon workbook),ESET Protect Mail Plus - 50-99; channel=Marketplace; PartnerPrice Local Currency per seat (tiered CW SKU),2026-01-01,9999-12-31,TRUE,2026-01;2026-02;2026-03;2026-04;2026-05,5,FALSE,2026-01,2026-06,2026-07-15
CPX-00545,ESET,TAMSP2FDE1,ESS-USD-M01-TAMSP2FDE1,1.54,USD,per seat/month,OBSERVED,MP Usage / Marketplace tab (ESET Recon workbook),ESET Full Disk Encryption 1-99; channel=Marketplace; PartnerPrice Local Currency per seat (tiered CW SKU),2026-01-01,9999-12-31,TRUE,2026-01;2026-02;2026-03;2026-04;2026-05,5,FALSE,2026-01,2026-06,2026-07-15
CPX-00546,ESET,TAMSP2FDE1,ESS-CAD-M01-TAMSP2FDE1,2.1,CDN,per seat/month,OBSERVED,MP Usage / Marketplace tab (ESET Recon workbook),ESET Full Disk Encryption 1-99; channel=Marketplace; PartnerPrice Local Currency per seat (tiered CW SKU),2026-01-01,9999-12-31,TRUE,2026-01;2026-02;2026-03;2026-04;2026-05,5,FALSE,2026-01,2026-06,2026-07-15
CPX-00547,ESET,TBDESLOCKP,ESS-USD-M01-TBDESLOCKP,3,USD,per seat/month,OBSERVED,MP Usage / Marketplace tab (ESET Recon workbook),ESET Endpoint Encryption Pro 1-99; channel=Marketplace; PartnerPrice Local Currency per seat (tiered CW SKU),2026-01-01,2026-02-28,FALSE,2026-01;2026-02,2,FALSE,2026-01,2026-06,2026-07-15
CPX-00548,ESET,TBEPPROADV,ESS-USD-M01-TBEPPROADV,1.8,USD,per seat/month,OBSERVED,MP Usage / Marketplace tab (ESET Recon workbook),ESET PROTECT Entry On-Prem (NA) 1-99; channel=Marketplace; PartnerPrice Local Currency per seat (tiered CW SKU),2026-01-01,9999-12-31,TRUE,2026-01;2026-02;2026-03;2026-04;2026-05,5,FALSE,2026-01,2026-06,2026-07-15
CPX-00549,ESET,TBEPPROADV,ESS-USD-M02-TBEPPROADV,1.7,USD,per seat/month,OBSERVED,MP Usage / Marketplace tab (ESET Recon workbook),ESET PROTECT Entry On-Prem (NA) 100-249; channel=Marketplace; PartnerPrice Local Currency per seat (tiered CW SKU),2026-01-01,9999-12-31,TRUE,2026-01;2026-02;2026-03;2026-04;2026-05,5,FALSE,2026-01,2026-06,2026-07-15
CPX-00550,ESET,TBEPPROADV,ESS-USD-M03-TBEPPROADV,1.63,USD,per seat/month,OBSERVED,MP Usage / Marketplace tab (ESET Recon workbook),ESET PROTECT Entry On-Prem (NA) 250-499; channel=Marketplace; PartnerPrice Local Currency per seat (tiered CW SKU),2026-01-01,9999-12-31,TRUE,2026-01;2026-02;2026-03;2026-04;2026-05,5,FALSE,2026-01,2026-06,2026-07-15
CPX-00551,ESET,TBEPPROADV,ESS-USD-M04-TBEPPROADV,1.58,USD,per seat/month,OBSERVED,MP Usage / Marketplace tab (ESET Recon workbook),ESET PROTECT Entry On-Prem (NA) 500-749; channel=Marketplace; PartnerPrice Local Currency per seat (tiered CW SKU),2026-01-01,9999-12-31,TRUE,2026-01;2026-02;2026-03;2026-04;2026-05,5,FALSE,2026-01,2026-06,2026-07-15
CPX-00552,ESET,TBEPPROADV,ESS-CAD-M05-TBEPPROADV,2.08,CDN,per seat/month,OBSERVED,MP Usage / Marketplace tab (ESET Recon workbook),ESET PROTECT Entry On-Prem (NA) 750-999; channel=Marketplace; PartnerPrice Local Currency per seat (tiered CW SKU),2026-01-01,9999-12-31,TRUE,2026-01;2026-02;2026-03;2026-04;2026-05,5,FALSE,2026-01,2026-06,2026-07-15
CPX-00553,ESET,TBEPPROADV,ESS-USD-M06-TBEPPROADV,1.49,USD,per seat/month,OBSERVED,MP Usage / Marketplace tab (ESET Recon workbook),ESET PROTECT Entry On-Prem (NA) 1000+; channel=Marketplace; PartnerPrice Local Currency per seat (tiered CW SKU),2026-01-01,9999-12-31,TRUE,2026-01;2026-02;2026-03;2026-04;2026-05,5,FALSE,2026-01,2026-06,2026-07-15
CPX-00554,ESET,TBESV6ENDP,ESS-CAD-M01-TBESV6ENDP,2.15,CDN,per seat/month,OBSERVED,MP Usage / Marketplace tab (ESET Recon workbook),ESET Endpoint Security 1-99; channel=Marketplace; PartnerPrice Local Currency per seat (tiered CW SKU),2026-01-01,9999-12-31,TRUE,2026-01;2026-02;2026-03;2026-04;2026-05,5,FALSE,2026-01,2026-06,2026-07-15
CPX-00555,ESET,TBESV6ENDP,ESS-USD-M01-TBESV6ENDP,1.7,USD,per seat/month,OBSERVED,MP Usage / Marketplace tab (ESET Recon workbook),ESET Endpoint Security 1-99; channel=Marketplace; PartnerPrice Local Currency per seat (tiered CW SKU),2026-01-01,9999-12-31,TRUE,2026-01;2026-02;2026-03;2026-04;2026-05,5,FALSE,2026-01,2026-06,2026-07-15
CPX-00556,ESET,TBESV6ENDP,ESS-USD-M02-TBESV6ENDP,1.6,USD,per seat/month,OBSERVED,MP Usage / Marketplace tab (ESET Recon workbook),ESET Endpoint Security 100-249; channel=Marketplace; PartnerPrice Local Currency per seat (tiered CW SKU),2026-01-01,9999-12-31,TRUE,2026-01;2026-02;2026-03;2026-04;2026-05,5,FALSE,2026-01,2026-06,2026-07-15
CPX-00557,ESET,TBESV6ENDP,ESS-USD-M03-TBESV6ENDP,1.5,USD,per seat/month,OBSERVED,MP Usage / Marketplace tab (ESET Recon workbook),ESET Endpoint Security 250-499; channel=Marketplace; PartnerPrice Local Currency per seat (tiered CW SKU),2026-01-01,9999-12-31,TRUE,2026-01;2026-02;2026-03;2026-04;2026-05,5,FALSE,2026-01,2026-06,2026-07-15
CPX-00558,ESET,TBESV6ENDP,ESS-USD-M06-TBESV6ENDP,1.35,USD,per seat/month,OBSERVED,MP Usage / Marketplace tab (ESET Recon workbook),ESET Endpoint Security 1000+; channel=Marketplace; PartnerPrice Local Currency per seat (tiered CW SKU),2026-01-01,9999-12-31,TRUE,2026-01;2026-02;2026-03;2026-04;2026-05,5,FALSE,2026-01,2026-06,2026-07-15
CPX-00559,ESET,TBESV6ENDP,ESS-CAD-M06-TBESV6ENDP,1.71,CDN,per seat/month,OBSERVED,MP Usage / Marketplace tab (ESET Recon workbook),ESET Endpoint Security 1000+; channel=Marketplace; PartnerPrice Local Currency per seat (tiered CW SKU),2026-01-01,9999-12-31,TRUE,2026-01;2026-02;2026-03;2026-04;2026-05,5,FALSE,2026-01,2026-06,2026-07-15
CPX-00560,ESET,TBESV6EPAV,ESS-USD-M01-TBESV6EPAV,1.35,USD,per seat/month,OBSERVED,MP Usage / Marketplace tab (ESET Recon workbook),ESET Endpoint AntiVirus 1-99; channel=Marketplace; PartnerPrice Local Currency per seat (tiered CW SKU),2026-01-01,9999-12-31,TRUE,2026-01;2026-02;2026-03;2026-04;2026-05,5,FALSE,2026-01,2026-06,2026-07-15
CPX-00561,ESET,TBESV6EPAV,ESS-CAD-M01-TBESV6EPAV,1.7,CDN,per seat/month,OBSERVED,MP Usage / Marketplace tab (ESET Recon workbook),ESET Endpoint AntiVirus 1-99; channel=Marketplace; PartnerPrice Local Currency per seat (tiered CW SKU),2026-01-01,9999-12-31,TRUE,2026-01;2026-02;2026-03;2026-04;2026-05,5,FALSE,2026-01,2026-06,2026-07-15
CPX-00562,ESET,TBESV6EPAV,ESS-AUD-M01-TBESV6EPAV,2.45,AUD,per seat/month,OBSERVED,MP Usage / Marketplace tab (ESET Recon workbook),ESET Endpoint AntiVirus 1-99; channel=Marketplace; PartnerPrice Local Currency per seat (tiered CW SKU),2026-01-01,9999-12-31,TRUE,2026-01;2026-02;2026-03;2026-04;2026-05,5,FALSE,2026-01,2026-06,2026-07-15
CPX-00563,ESET,TBESV6EPAV,ESS-USD-M02-TBESV6EPAV,1.25,USD,per seat/month,OBSERVED,MP Usage / Marketplace tab (ESET Recon workbook),ESET Endpoint AntiVirus 100-249; channel=Marketplace; PartnerPrice Local Currency per seat (tiered CW SKU),2026-01-01,9999-12-31,TRUE,2026-01;2026-02;2026-03;2026-04;2026-05,5,FALSE,2026-01,2026-06,2026-07-15
CPX-00564,ESET,TBESV6EPAV,ESS-CAD-M02-TBESV6EPAV,1.57,CDN,per seat/month,OBSERVED,MP Usage / Marketplace tab (ESET Recon workbook),ESET Endpoint AntiVirus 100-249; channel=Marketplace; PartnerPrice Local Currency per seat (tiered CW SKU),2026-01-01,9999-12-31,TRUE,2026-01;2026-02;2026-03;2026-04;2026-05,5,FALSE,2026-01,2026-06,2026-07-15
CPX-00565,ESET,TBESV6EPAV,ESS-CAD-M03-TBESV6EPAV,1.45,CDN,per seat/month,OBSERVED,MP Usage / Marketplace tab (ESET Recon workbook),ESET Endpoint AntiVirus 250-499; channel=Marketplace; PartnerPrice Local Currency per seat (tiered CW SKU),2026-01-01,9999-12-31,TRUE,2026-01;2026-02;2026-03;2026-04;2026-05,5,FALSE,2026-01,2026-06,2026-07-15
CPX-00566,ESET,TBESV6EPAV,ESS-USD-M03-TBESV6EPAV,1.15,USD,per seat/month,OBSERVED,MP Usage / Marketplace tab (ESET Recon workbook),ESET Endpoint AntiVirus 250-499; channel=Marketplace; PartnerPrice Local Currency per seat (tiered CW SKU),2026-01-01,9999-12-31,TRUE,2026-01;2026-02;2026-03;2026-04;2026-05,5,FALSE,2026-01,2026-06,2026-07-15
CPX-00567,ESET,TBESV6EPAV,ESS-USD-M04-TBESV6EPAV,1.1,USD,per seat/month,OBSERVED,MP Usage / Marketplace tab (ESET Recon workbook),ESET Endpoint AntiVirus 500-749; channel=Marketplace; PartnerPrice Local Currency per seat (tiered CW SKU),2026-01-01,9999-12-31,TRUE,2026-01;2026-02;2026-03;2026-04;2026-05,5,FALSE,2026-01,2026-06,2026-07-15
CPX-00568,ESET,TBESV6EPAV,ESS-USD-M05-TBESV6EPAV,1.05,USD,per seat/month,OBSERVED,MP Usage / Marketplace tab (ESET Recon workbook),ESET Endpoint AntiVirus 750-999; channel=Marketplace; PartnerPrice Local Currency per seat (tiered CW SKU),2026-01-01,9999-12-31,TRUE,2026-01;2026-02;2026-03;2026-04;2026-05,5,FALSE,2026-01,2026-06,2026-07-15
CPX-00569,ESET,TBESV6EPAV,ESS-USD-M06-TBESV6EPAV,1,USD,per seat/month,OBSERVED,MP Usage / Marketplace tab (ESET Recon workbook),ESET Endpoint AntiVirus 1000+; channel=Marketplace; PartnerPrice Local Currency per seat (tiered CW SKU),2026-01-01,9999-12-31,TRUE,2026-01;2026-02;2026-03;2026-04;2026-05,5,FALSE,2026-01,2026-06,2026-07-15
CPX-00570,ESET,TBESV6EPAV,ESS-CAD-M06-TBESV6EPAV,1.26,CDN,per seat/month,OBSERVED,MP Usage / Marketplace tab (ESET Recon workbook),ESET Endpoint AntiVirus 1000+; channel=Marketplace; PartnerPrice Local Currency per seat (tiered CW SKU),2026-01-01,9999-12-31,TRUE,2026-01;2026-02;2026-03;2026-04;2026-05,5,FALSE,2026-01,2026-06,2026-07-15
CPX-00571,ESET,TBESV6MEXC,ESS-USD-M01-TBESV6MEXC,0.8,USD,per seat/month,OBSERVED,MP Usage / Marketplace tab (ESET Recon workbook),ESET Mail Security for MS Exch Svr 1-99; channel=Marketplace; PartnerPrice Local Currency per seat (tiered CW SKU),2026-01-01,9999-12-31,TRUE,2026-01;2026-02;2026-03;2026-04;2026-05,5,FALSE,2026-01,2026-06,2026-07-15
CPX-00572,ESET,TBESV6MEXC,ESS-USD-M02-TBESV6MEXC,0.75,USD,per seat/month,OBSERVED,MP Usage / Marketplace tab (ESET Recon workbook),ESET Mail Security for MS Exch Svr 100-249; channel=Marketplace; PartnerPrice Local Currency per seat (tiered CW SKU),2026-01-01,9999-12-31,TRUE,2026-01;2026-02;2026-03;2026-04;2026-05,5,FALSE,2026-01,2026-06,2026-07-15
CPX-00573,ESET,TBESV6MOSX,ESS-USD-M01-TBESV6MOSX,1.6,USD,per seat/month,OBSERVED,MP Usage / Marketplace tab (ESET Recon workbook),ESET AntiVirus Business Ed for Mac OS 1-99; channel=Marketplace; PartnerPrice Local Currency per seat (tiered CW SKU),2026-01-01,9999-12-31,TRUE,2026-01;2026-02;2026-03;2026-04;2026-05,5,FALSE,2026-01,2026-06,2026-07-15
CPX-00574,ESET,TBESV6MOSX,ESS-USD-M02-TBESV6MOSX,1.55,USD,per seat/month,OBSERVED,MP Usage / Marketplace tab (ESET Recon workbook),ESET AntiVirus Business Ed for Mac OS 100-249; channel=Marketplace; PartnerPrice Local Currency per seat (tiered CW SKU),2026-01-01,9999-12-31,TRUE,2026-01;2026-02;2026-03;2026-04;2026-05,5,FALSE,2026-01,2026-06,2026-07-15
CPX-00575,ESET,TBESV6MOSX,ESS-CAD-M01-TBESV6MOSX,2,CDN,per seat/month,OBSERVED,MP Usage / Marketplace tab (ESET Recon workbook),ESET AntiVirus Business Ed for Mac OS 1-99; channel=Marketplace; PartnerPrice Local Currency per seat (tiered CW SKU),2026-04-01,9999-12-31,TRUE,2026-04;2026-05,2,FALSE,2026-01,2026-06,2026-07-15
CPX-00576,ESET,TBESV6WFSS,ESS-CAD-M01-TBESV6WFSS,2.2,CDN,per seat/month,OBSERVED,MP Usage / Marketplace tab (ESET Recon workbook),ESET File Security for MS Win Server 1-99; channel=Marketplace; PartnerPrice Local Currency per seat (tiered CW SKU),2026-01-01,9999-12-31,TRUE,2026-01;2026-02;2026-03;2026-04;2026-05,5,FALSE,2026-01,2026-06,2026-07-15
CPX-00577,ESET,TBESV6WFSS,ESS-USD-M01-TBESV6WFSS,1.75,USD,per seat/month,OBSERVED,MP Usage / Marketplace tab (ESET Recon workbook),ESET File Security for MS Win Server 1-99; channel=Marketplace; PartnerPrice Local Currency per seat (tiered CW SKU),2026-01-01,9999-12-31,TRUE,2026-01;2026-02;2026-03;2026-04;2026-05,5,FALSE,2026-01,2026-06,2026-07-15
CPX-00578,ESET,TBESV6WFSS,ESS-USD-M02-TBESV6WFSS,1.7,USD,per seat/month,OBSERVED,MP Usage / Marketplace tab (ESET Recon workbook),ESET File Security for MS Win Server 100-249; channel=Marketplace; PartnerPrice Local Currency per seat (tiered CW SKU),2026-01-01,9999-12-31,TRUE,2026-01;2026-02;2026-03;2026-04;2026-05,5,FALSE,2026-01,2026-06,2026-07-15
CPX-00579,ESET,TBESV6WFSS,ESS-CAD-M02-TBESV6WFSS,2.14,CDN,per seat/month,OBSERVED,MP Usage / Marketplace tab (ESET Recon workbook),ESET File Security for MS Win Server 100-249; channel=Marketplace; PartnerPrice Local Currency per seat (tiered CW SKU),2026-01-01,9999-12-31,TRUE,2026-01;2026-02;2026-03;2026-04;2026-05,5,FALSE,2026-01,2026-06,2026-07-15
CPX-00580,ESET,TBESV6WFSS,ESS-CAD-M04-TBESV6WFSS,2.01,CDN,per seat/month,OBSERVED,MP Usage / Marketplace tab (ESET Recon workbook),ESET File Security for MS Win Server 500-749; channel=Marketplace; PartnerPrice Local Currency per seat (tiered CW SKU),2026-01-01,9999-12-31,TRUE,2026-01;2026-02;2026-03;2026-04;2026-05,5,FALSE,2026-01,2026-06,2026-07-15
CPX-00581,ESET,TBESV6WFSS,ESS-AUD-M01-TBESV6WFSS,2.9,AUD,per seat/month,OBSERVED,MP Usage / Marketplace tab (ESET Recon workbook),ESET File Security for MS Win Server 1-99; channel=Marketplace; PartnerPrice Local Currency per seat (tiered CW SKU),2026-04-01,9999-12-31,TRUE,2026-04;2026-05,2,FALSE,2026-01,2026-06,2026-07-15
CPX-00582,ESET,TBITN-EESX,ESS-USD-M01-TBITN-EESX,1.7,USD,per seat/month,OBSERVED,MP Usage / Marketplace tab (ESET Recon workbook),ESET Endpoint Security for macOS Per Device 1-99; channel=Marketplace; PartnerPrice Local Currency per seat (tiered CW SKU),2026-01-01,9999-12-31,TRUE,2026-01;2026-02;2026-03;2026-04;2026-05,5,FALSE,2026-01,2026-06,2026-07-15
CPX-00583,ESET,TBITN-EESX,ESS-CAD-M01-TBITN-EESX,2.15,CDN,per seat/month,OBSERVED,MP Usage / Marketplace tab (ESET Recon workbook),ESET Endpoint Security for macOS Per Device 1-99; channel=Marketplace; PartnerPrice Local Currency per seat (tiered CW SKU),2026-01-01,9999-12-31,TRUE,2026-01;2026-02;2026-03;2026-04;2026-05,5,FALSE,2026-01,2026-06,2026-07-15
CPX-00584,ESET,WFS,WFS,2.36,AUD,per seat/month,OBSERVED,MP Usage / Marketplace tab (ESET Recon workbook),ESET File Security for MS Win Server; channel=Contract; PartnerPrice Local Currency per seat (tiered CW SKU),2026-01-01,9999-12-31,TRUE,2026-01;2026-02;2026-03;2026-04;2026-05,5,FALSE,2026-01,2026-06,2026-07-15
CPX-00585,ESET,WFS,WFS,1.9056,CAD,per seat/month,OBSERVED,MP Usage / Marketplace tab (ESET Recon workbook),ESET File Security for MS Win Server; channel=Contract; PartnerPrice Local Currency per seat (tiered CW SKU),2026-01-01,9999-12-31,TRUE,2026-01;2026-02;2026-03;2026-04;2026-05,5,FALSE,2026-01,2026-06,2026-07-15
CPX-00586,Exium,EX-CGW,EXIUM_CGW,22.5,USD,Agent,INVOICE,Exium Recon workbook - Vendor Usage tab (vendor invoice price),,2026-01-01,9999-12-31,TRUE,2026-01;2026-02;2026-03;2026-04;2026-05,5,FALSE,2026-01,2026-06,2026-07-15
CPX-00587,Exium,EX-CGW-NEW,,50,USD,Agent,INVOICE,Exium Recon workbook - Vendor Usage tab (vendor invoice price),"vendor-only, no CW subscription (CW qty/amt=0 in recon)",2026-01-01,9999-12-31,TRUE,2026-01;2026-02;2026-03;2026-04;2026-05,5,FALSE,2026-01,2026-06,2026-07-15
CPX-00588,Exium,EX-SASE-ESSENTIALS,EX-SASE-ESSENTIALS,5.5,USD,Agent,INVOICE,Exium Recon workbook - Vendor Usage tab (vendor invoice price),,2026-01-01,9999-12-31,TRUE,2026-01;2026-02;2026-03;2026-04;2026-05,5,FALSE,2026-01,2026-06,2026-07-15
CPX-00589,Exium,EX-SASE-PRO,EX-SASE-PRO,8.75,USD,Agent,INVOICE,Exium Recon workbook - Vendor Usage tab (vendor invoice price),,2026-01-01,9999-12-31,TRUE,2026-01;2026-02;2026-03;2026-04;2026-05,5,FALSE,2026-01,2026-06,2026-07-15
CPX-00590,Exium,EX-SIA,EXIUM_SIA,5.5,USD,Agent,INVOICE,Exium Recon workbook - Vendor Usage tab (vendor invoice price),,2026-01-01,9999-12-31,TRUE,2026-01;2026-02;2026-03;2026-04;2026-05,5,FALSE,2026-01,2026-06,2026-07-15
CPX-00591,Exium,EX-SPA,EXIUM_SPA,5.5,USD,Agent,INVOICE,Exium Recon workbook - Vendor Usage tab (vendor invoice price),,2026-01-01,9999-12-31,TRUE,2026-01;2026-02;2026-03;2026-04;2026-05,5,FALSE,2026-01,2026-06,2026-07-15
CPX-00592,Gozynta,acomba,,44.0,,per subscription/month,INVOICE,Gozynta Inc invoice (Vendor Usage sheet),currency not stated in recon; multi-currency vendor,2026-01-01,9999-12-31,TRUE,2026-01;2026-02;2026-03;2026-04;2026-05,5,FALSE,2026-01,2026-06,2026-07-15
CPX-00593,Gozynta,dtools,,25.0,,per subscription/month,INVOICE,Gozynta Inc invoice (Vendor Usage sheet),currency not stated in recon; multi-currency vendor,2026-01-01,9999-12-31,TRUE,2026-01;2026-02;2026-03;2026-04;2026-05,5,FALSE,2026-01,2026-06,2026-07-15
CPX-00594,Gozynta,sage_50_uk,,44.0,,per subscription/month,INVOICE,Gozynta Inc invoice (Vendor Usage sheet),currency not stated in recon; multi-currency vendor,2026-01-01,9999-12-31,TRUE,2026-01;2026-02;2026-03;2026-04;2026-05,5,FALSE,2026-01,2026-06,2026-07-15
CPX-00595,Gozynta,sage_50_us,,44.0,,per subscription/month,INVOICE,Gozynta Inc invoice (Vendor Usage sheet),currency not stated in recon; multi-currency vendor,2026-01-01,9999-12-31,TRUE,2026-01;2026-02;2026-03;2026-04;2026-05,5,FALSE,2026-01,2026-06,2026-07-15
CPX-00596,Kaseya,Base,,11.0,USD,per agent/unit,INVOICE,Kaseya/Continuum invoice (Pricing sheet),,2026-01-01,9999-12-31,TRUE,2026-01;2026-02;2026-03;2026-04;2026-05;2026-06,6,FALSE,2026-01,2026-06,2026-07-15
CPX-00597,Kaseya,Client Connector,,15.0,USD,per agent/unit,INVOICE,Kaseya/Continuum invoice (Pricing sheet),,2026-01-01,9999-12-31,TRUE,2026-01;2026-02;2026-03;2026-04;2026-05;2026-06,6,FALSE,2026-01,2026-06,2026-07-15
CPX-00598,Kaseya,Exchange,,41.0,USD,per agent/unit,INVOICE,Kaseya/Continuum invoice (Pricing sheet),,2026-01-01,9999-12-31,TRUE,2026-01;2026-02;2026-03;2026-04;2026-05;2026-06,6,FALSE,2026-01,2026-06,2026-07-15
CPX-00599,Kaseya,Hipaa,,125.0,USD,per agent/unit,INVOICE,Kaseya/Continuum invoice (Pricing sheet),,2026-01-01,9999-12-31,TRUE,2026-01;2026-02;2026-03;2026-04;2026-05;2026-06,6,FALSE,2026-01,2026-06,2026-07-15
CPX-00600,Kaseya,PCI Compliance,,100.0,USD,per agent/unit,INVOICE,Kaseya/Continuum invoice (Pricing sheet),,2026-01-01,9999-12-31,TRUE,2026-01;2026-02;2026-03;2026-04;2026-05;2026-06,6,FALSE,2026-01,2026-06,2026-07-15
CPX-00601,Kaseya,Premium,,16.0,USD,per agent/unit,INVOICE,Kaseya/Continuum invoice (Pricing sheet),,2026-01-01,9999-12-31,TRUE,2026-01;2026-02;2026-03;2026-04;2026-05;2026-06,6,FALSE,2026-01,2026-06,2026-07-15
CPX-00602,Kaseya,SQL,,41.0,USD,per agent/unit,INVOICE,Kaseya/Continuum invoice (Pricing sheet),,2026-01-01,9999-12-31,TRUE,2026-01;2026-02;2026-03;2026-04;2026-05;2026-06,6,FALSE,2026-01,2026-06,2026-07-15
CPX-00603,Kaseya,Security,,41.0,USD,per agent/unit,INVOICE,Kaseya/Continuum invoice (Pricing sheet),,2026-01-01,9999-12-31,TRUE,2026-01;2026-02;2026-03;2026-04;2026-05;2026-06,6,FALSE,2026-01,2026-06,2026-07-15
CPX-00604,KeepIT,KI-AZUR-CSP,CW-RMM-SB-AZ-ADV,0.35,USD,Each,INVOICE,KeepIT Recon workbook - Vendor Usage tab (KeepIT invoice unit-price1),tiered per-partner vendor invoice rate,2026-01-01,2026-03-31,FALSE,2026-01;2026-02;2026-03,3,FALSE,2026-01,2026-06,2026-07-15
CPX-00605,KeepIT,KI-AZUR-CSP,CW-RMM-SB-AZ-ADV,0.65,USD,Each,INVOICE,KeepIT Recon workbook - Vendor Usage tab (KeepIT invoice unit-price1),tiered per-partner vendor invoice rate,2026-01-01,2026-03-31,FALSE,2026-01;2026-02;2026-03,3,FALSE,2026-01,2026-06,2026-07-15
CPX-00606,KeepIT,KI-AZUR-CSP,CW-RMM-SB-AZ-ADV,0.75,USD,Each,INVOICE,KeepIT Recon workbook - Vendor Usage tab (KeepIT invoice unit-price1),tiered per-partner vendor invoice rate,2026-04-01,9999-12-31,TRUE,2026-04;2026-05,2,FALSE,2026-01,2026-06,2026-07-15
CPX-00607,KeepIT,KI-AZUR-CSP,CW-RMM-SB-AZ-ADV,1.0,USD,Each,INVOICE,KeepIT Recon workbook - Vendor Usage tab (KeepIT invoice unit-price1),tiered per-partner vendor invoice rate,2026-01-01,2026-03-31,FALSE,2026-01;2026-02;2026-03,3,FALSE,2026-01,2026-06,2026-07-15
CPX-00608,KeepIT,KI-D365-FUL,CW-RMM-SB-DYNMCS,0.65,USD,Each,INVOICE,KeepIT Recon workbook - Vendor Usage tab (KeepIT invoice unit-price1),tiered per-partner vendor invoice rate,2026-01-01,2026-03-31,FALSE,2026-01;2026-02;2026-03,3,FALSE,2026-01,2026-06,2026-07-15
CPX-00609,KeepIT,KI-D365-FUL,CW-RMM-SB-DYNMCS,1.0,USD,Each,INVOICE,KeepIT Recon workbook - Vendor Usage tab (KeepIT invoice unit-price1),tiered per-partner vendor invoice rate,2026-01-01,9999-12-31,TRUE,2026-01;2026-02;2026-03;2026-04;2026-05,5,FALSE,2026-01,2026-06,2026-07-15
CPX-00610,KeepIT,KI-GOOG-FUL,CW-RMM-SB-GW,0.35,USD,Each,INVOICE,KeepIT Recon workbook - Vendor Usage tab (KeepIT invoice unit-price1),tiered per-partner vendor invoice rate,2026-01-01,2026-03-31,FALSE,2026-01;2026-02;2026-03,3,FALSE,2026-01,2026-06,2026-07-15
CPX-00611,KeepIT,KI-GOOG-FUL,CW-RMM-SB-GW,0.65,USD,Each,INVOICE,KeepIT Recon workbook - Vendor Usage tab (KeepIT invoice unit-price1),tiered per-partner vendor invoice rate,2026-01-01,2026-03-31,FALSE,2026-01;2026-02;2026-03,3,FALSE,2026-01,2026-06,2026-07-15
CPX-00612,KeepIT,KI-GOOG-FUL,CW-RMM-SB-GW,1.0,USD,Each,INVOICE,KeepIT Recon workbook - Vendor Usage tab (KeepIT invoice unit-price1),tiered per-partner vendor invoice rate,2026-01-01,9999-12-31,TRUE,2026-01;2026-02;2026-03;2026-04;2026-05,5,FALSE,2026-01,2026-06,2026-07-15
CPX-00613,KeepIT,KI-M365-FUL,CW-RMM-SB-M365,0.35,USD,Each,INVOICE,KeepIT Recon workbook - Vendor Usage tab (KeepIT invoice unit-price1),tiered per-partner vendor invoice rate,2026-01-01,2026-03-31,FALSE,2026-01;2026-02;2026-03,3,FALSE,2026-01,2026-06,2026-07-15
CPX-00614,KeepIT,KI-M365-FUL,CW-RMM-SB-M365,0.65,USD,Each,INVOICE,KeepIT Recon workbook - Vendor Usage tab (KeepIT invoice unit-price1),tiered per-partner vendor invoice rate,2026-01-01,2026-03-31,FALSE,2026-01;2026-02;2026-03,3,FALSE,2026-01,2026-06,2026-07-15
CPX-00615,KeepIT,KI-M365-FUL,CW-RMM-SB-M365,1.0,USD,Each,INVOICE,KeepIT Recon workbook - Vendor Usage tab (KeepIT invoice unit-price1),tiered per-partner vendor invoice rate,2026-01-01,9999-12-31,TRUE,2026-01;2026-02;2026-03;2026-04;2026-05,5,FALSE,2026-01,2026-06,2026-07-15
CPX-00616,KeepIT,KI-SFDC-FUL,CW-RMM-SB-SF,0.65,USD,Each,INVOICE,KeepIT Recon workbook - Vendor Usage tab (KeepIT invoice unit-price1),tiered per-partner vendor invoice rate,2026-01-01,2026-03-31,FALSE,2026-01;2026-02;2026-03,3,FALSE,2026-01,2026-06,2026-07-15
CPX-00617,KeepIT,KI-SFDC-FUL,CW-RMM-SB-SF,1.0,USD,Each,INVOICE,KeepIT Recon workbook - Vendor Usage tab (KeepIT invoice unit-price1),tiered per-partner vendor invoice rate,2026-01-01,9999-12-31,TRUE,2026-01;2026-02;2026-03;2026-04;2026-05,5,FALSE,2026-01,2026-06,2026-07-15
CPX-00618,Malwarebytes,EPP12N,EPP12N,0.5,USD,per license,ROYALTY,Malwarebytes Royalty Report,Malwarebytes Endpoint Security,2026-01-01,9999-12-31,TRUE,2026-01;2026-02;2026-03;2026-04;2026-05;2026-06,6,FALSE,2026-01,2026-06,2026-07-15
CPX-00619,Malwarebytes,EPP12N-EP-PROTECTION,EPP12N-EP-PROTECTION,0.98,USD,per license,ROYALTY,Malwarebytes Royalty Report,Malwarebytes Endpoint Protection,2026-01-01,9999-12-31,TRUE,2026-01;2026-02;2026-03;2026-04;2026-05;2026-06,6,FALSE,2026-01,2026-06,2026-07-15
CPX-00620,Malwarebytes,MAM12N10,MAM12N,0.3,USD,per license,ROYALTY,Malwarebytes Royalty Report,Malwarebytes Anti-Malware for Business,2026-01-01,9999-12-31,TRUE,2026-01;2026-02;2026-03;2026-04;2026-05;2026-06,6,FALSE,2026-01,2026-06,2026-07-15
CPX-00621,Malwarebytes,MEPR12N,MEPR12N,1.85,USD,per license,ROYALTY,Malwarebytes Royalty Report,Malwarebytes Endpoint Protection and Response,2026-01-01,9999-12-31,TRUE,2026-01;2026-02;2026-03;2026-04;2026-05;2026-06,6,FALSE,2026-01,2026-06,2026-07-15
CPX-00622,Piriform,LEGACYTBSVPICCNDM00,LEGACYTBSVPICCNDM00,,USD,per seat/license,ROYALTY,CCleaner Royalty Report,"Piriform CC Mtly Subscription; observed unit cost varies: 0.275,0.285,0.3",2026-01-01,9999-12-31,TRUE,2026-01;2026-02;2026-03;2026-04;2026-05,5,FALSE,2026-01,2026-06,2026-07-15
CPX-00623,Piriform,PCC10-99,PCC10-99,,USD,per seat/license,ROYALTY,CCleaner Royalty Report,"Piriform CCleaner 10-99; observed unit cost varies: 0.255,0.3",2026-01-01,9999-12-31,TRUE,2026-01;2026-02;2026-03;2026-04;2026-05,5,FALSE,2026-01,2026-06,2026-07-15
CPX-00624,Piriform,PCC100-249,PCC100-249,,USD,per seat/license,ROYALTY,CCleaner Royalty Report,"Piriform CCleaner 100-249; observed unit cost varies: 0.2684,0.3,0.3075,0.3118",2026-01-01,9999-12-31,TRUE,2026-01;2026-02;2026-03;2026-04;2026-05,5,FALSE,2026-01,2026-06,2026-07-15
CPX-00625,Piriform,PCC1000,PCC1000,0.27,USD,per seat/license,ROYALTY,CCleaner Royalty Report,Piriform CCleaner 1000+,2026-01-01,2026-01-31,FALSE,2026-01,1,FALSE,2026-01,2026-06,2026-07-15
CPX-00626,Piriform,PCC250-499,PCC250-499,,USD,per seat/license,ROYALTY,CCleaner Royalty Report,"Piriform CCleaner 250-499; observed unit cost varies: 0.3,0.3109",2026-01-01,9999-12-31,TRUE,2026-01;2026-02;2026-03;2026-04;2026-05,5,FALSE,2026-01,2026-06,2026-07-15
CPX-00627,Piriform,PCC500-749,PCC500-749,,USD,per seat/license,ROYALTY,CCleaner Royalty Report,"Piriform CCleaner 500-749; observed unit cost varies: 0.3,0.312,0.354",2026-01-01,2026-04-30,FALSE,2026-01;2026-02;2026-03;2026-04,4,FALSE,2026-01,2026-06,2026-07-15
CPX-00628,Piriform,PCC750-999,PCC750-999,,USD,per seat/license,ROYALTY,CCleaner Royalty Report,"Piriform CCleaner 750-999; observed unit cost varies: 0.2742,0.2836,0.2856,0.2905,0.2938",2026-01-01,9999-12-31,TRUE,2026-01;2026-02;2026-03;2026-04;2026-05,5,FALSE,2026-01,2026-06,2026-07-15
CPX-00629,Piriform,TBSVPICCNM,PII-USD-M01-TBSVPICCNM,0.3,USD,per seat/license,ROYALTY,CCleaner Royalty Report,Piriform Ccleaner 1-99,2026-04-01,9999-12-31,TRUE,2026-04;2026-05,2,FALSE,2026-01,2026-06,2026-07-15
CPX-00630,Proofpoint,Advanced,CU-Proofpoint Advanced,1.49,USD,User,INVOICE,Proofpoint Recon workbook - Vendor Usage tab (UNIT VALUE),per-customer vendor unit value (tiered),2026-01-01,9999-12-31,TRUE,2026-01;2026-02;2026-03;2026-04;2026-05;2026-06,6,FALSE,2026-01,2026-06,2026-07-15
CPX-00631,Proofpoint,Advanced,CU-Proofpoint Advanced,1.58,USD,User,INVOICE,Proofpoint Recon workbook - Vendor Usage tab (UNIT VALUE),per-customer vendor unit value (tiered),2026-01-01,9999-12-31,TRUE,2026-01;2026-02;2026-03;2026-04;2026-05;2026-06,6,FALSE,2026-01,2026-06,2026-07-15
CPX-00632,Proofpoint,Advanced,CU-Proofpoint Advanced,1.65,USD,User,INVOICE,Proofpoint Recon workbook - Vendor Usage tab (UNIT VALUE),per-customer vendor unit value (tiered),2026-01-01,9999-12-31,TRUE,2026-01;2026-02;2026-03;2026-04;2026-05;2026-06,6,FALSE,2026-01,2026-06,2026-07-15
CPX-00633,Proofpoint,Advanced,CU-Proofpoint Advanced,,USD,User,OBSERVED,Proofpoint Recon workbook - Zuora Usage tab (Invoice Item: Unit Price),"tiered per-partner CW billing; 46 distinct rates, range 1.25-3.1",2026-01-01,9999-12-31,TRUE,2026-01;2026-02;2026-03;2026-04;2026-05;2026-06,6,FALSE,2026-01,2026-06,2026-07-15
CPX-00634,Proofpoint,Advanced,CU-Proofpoint Advanced,,CAD,User,OBSERVED,Proofpoint Recon workbook - Zuora Usage tab (Invoice Item: Unit Price),"tiered per-partner CW billing; 5 distinct rates, range 3.37-4.25",2026-01-01,9999-12-31,TRUE,2026-01;2026-02;2026-03;2026-04;2026-05;2026-06,6,FALSE,2026-01,2026-06,2026-07-15
CPX-00635,Proofpoint,Advanced,CU-Proofpoint Advanced,,GBP,User,OBSERVED,Proofpoint Recon workbook - Zuora Usage tab (Invoice Item: Unit Price),"tiered per-partner CW billing; 3 distinct rates, range 1.98-2.42",2026-01-01,9999-12-31,TRUE,2026-01;2026-02;2026-03;2026-04;2026-05;2026-06,6,FALSE,2026-01,2026-06,2026-07-15
CPX-00636,Proofpoint,Advanced,CU-Proofpoint Advanced,,AUD,User,OBSERVED,Proofpoint Recon workbook - Zuora Usage tab (Invoice Item: Unit Price),"tiered per-partner CW billing; 3 distinct rates, range 2.63-4.53",2026-01-01,9999-12-31,TRUE,2026-01;2026-02;2026-03;2026-04;2026-05;2026-06,6,FALSE,2026-01,2026-06,2026-07-15
CPX-00637,Proofpoint,Advanced,CU-Proofpoint Advanced,2.45,EUR,User,OBSERVED,Proofpoint Recon workbook - Zuora Usage tab (Invoice Item: Unit Price),CW billed unit price (single observed value),2026-01-01,9999-12-31,TRUE,2026-01;2026-02;2026-03;2026-04;2026-05;2026-06,6,FALSE,2026-01,2026-06,2026-07-15
CPX-00638,Proofpoint,Advanced +,CU-Proofpoint Advanced Plus,2.94,AUD,User,INVOICE,Proofpoint Recon workbook - Vendor Usage tab (UNIT VALUE),per-customer vendor unit value (tiered),2026-01-01,9999-12-31,TRUE,2026-01;2026-02;2026-03;2026-04;2026-05;2026-06,6,FALSE,2026-01,2026-06,2026-07-15
CPX-00639,Proofpoint,Advanced +,CU-Proofpoint Advanced Plus,1.05,USD,User,INVOICE,Proofpoint Recon workbook - Vendor Usage tab (UNIT VALUE),per-customer vendor unit value (tiered),2026-01-01,9999-12-31,TRUE,2026-01;2026-02;2026-03;2026-04;2026-05;2026-06,6,FALSE,2026-01,2026-06,2026-07-15
CPX-00640,Proofpoint,Advanced +,CU-Proofpoint Advanced Plus,1.97,USD,User,INVOICE,Proofpoint Recon workbook - Vendor Usage tab (UNIT VALUE),per-customer vendor unit value (tiered),2026-01-01,9999-12-31,TRUE,2026-01;2026-02;2026-03;2026-04;2026-05;2026-06,6,FALSE,2026-01,2026-06,2026-07-15
CPX-00641,Proofpoint,Advanced +,CU-Proofpoint Advanced Plus,2.05,USD,User,INVOICE,Proofpoint Recon workbook - Vendor Usage tab (UNIT VALUE),per-customer vendor unit value (tiered),2026-01-01,9999-12-31,TRUE,2026-01;2026-02;2026-03;2026-04;2026-05;2026-06,6,FALSE,2026-01,2026-06,2026-07-15
CPX-00642,Proofpoint,Advanced +,CU-Proofpoint Advanced Plus,,USD,User,OBSERVED,Proofpoint Recon workbook - Zuora Usage tab (Invoice Item: Unit Price),"tiered per-partner CW billing; 50 distinct rates, range 1.85-3.89",2026-01-01,9999-12-31,TRUE,2026-01;2026-02;2026-03;2026-04;2026-05;2026-06,6,FALSE,2026-01,2026-06,2026-07-15
CPX-00643,Proofpoint,Advanced +,CU-Proofpoint Advanced Plus,,CAD,User,OBSERVED,Proofpoint Recon workbook - Zuora Usage tab (Invoice Item: Unit Price),"tiered per-partner CW billing; 11 distinct rates, range 3.08-5.05",2026-01-01,9999-12-31,TRUE,2026-01;2026-02;2026-03;2026-04;2026-05;2026-06,6,FALSE,2026-01,2026-06,2026-07-15
CPX-00644,Proofpoint,Advanced +,CU-Proofpoint Advanced Plus,,GBP,User,OBSERVED,Proofpoint Recon workbook - Zuora Usage tab (Invoice Item: Unit Price),"tiered per-partner CW billing; 6 distinct rates, range 1.57-3.01",2026-01-01,9999-12-31,TRUE,2026-01;2026-02;2026-03;2026-04;2026-05;2026-06,6,FALSE,2026-01,2026-06,2026-07-15
CPX-00645,Proofpoint,Advanced +,CU-Proofpoint Advanced Plus,,AUD,User,OBSERVED,Proofpoint Recon workbook - Zuora Usage tab (Invoice Item: Unit Price),"tiered per-partner CW billing; 5 distinct rates, range 4.0-5.39",2026-01-01,9999-12-31,TRUE,2026-01;2026-02;2026-03;2026-04;2026-05;2026-06,6,FALSE,2026-01,2026-06,2026-07-15
CPX-00646,Proofpoint,Advanced +,CU-Proofpoint Advanced Plus,,EUR,User,OBSERVED,Proofpoint Recon workbook - Zuora Usage tab (Invoice Item: Unit Price),"tiered per-partner CW billing; 4 distinct rates, range 2.0-3.45",2026-01-01,9999-12-31,TRUE,2026-01;2026-02;2026-03;2026-04;2026-05;2026-06,6,FALSE,2026-01,2026-06,2026-07-15
CPX-00647,Proofpoint,Advanced OEM,SwO ConnectWise Email Security Advanced,2.04,USD,User,INVOICE,Proofpoint Recon workbook - Vendor Usage tab (UNIT VALUE),per-customer vendor unit value (tiered),2026-01-01,9999-12-31,TRUE,2026-01;2026-02;2026-03;2026-04;2026-05;2026-06,6,FALSE,2026-01,2026-06,2026-07-15
CPX-00648,Proofpoint,Advanced OEM,SwO ConnectWise Email Security Advanced,,USD,User,OBSERVED,Proofpoint Recon workbook - Zuora Usage tab (Invoice Item: Unit Price),"tiered per-partner CW billing; 24 distinct rates, range 0.249-3.75",2026-01-01,9999-12-31,TRUE,2026-01;2026-02;2026-03;2026-04;2026-05;2026-06,6,FALSE,2026-01,2026-06,2026-07-15
CPX-00649,Proofpoint,Advanced OEM,SwO ConnectWise Email Security Advanced,,CAD,User,OBSERVED,Proofpoint Recon workbook - Zuora Usage tab (Invoice Item: Unit Price),"tiered per-partner CW billing; 11 distinct rates, range 1.9887-3.33",2026-01-01,9999-12-31,TRUE,2026-01;2026-02;2026-03;2026-04;2026-05;2026-06,6,FALSE,2026-01,2026-06,2026-07-15
CPX-00650,Proofpoint,Advanced OEM,SwO ConnectWise Email Security Advanced,2.17,GBP,User,OBSERVED,Proofpoint Recon workbook - Zuora Usage tab (Invoice Item: Unit Price),CW billed unit price (single observed value),2026-05-01,9999-12-31,TRUE,2026-05;2026-06,2,FALSE,2026-01,2026-06,2026-07-15
CPX-00651,Proofpoint,Advanced OEM,SwO ConnectWise Email Security Advanced,,AUD,User,OBSERVED,Proofpoint Recon workbook - Zuora Usage tab (Invoice Item: Unit Price),"tiered per-partner CW billing; 2 distinct rates, range 2.4524-3.71",2026-01-01,9999-12-31,TRUE,2026-01;2026-02;2026-03;2026-04;2026-05;2026-06,6,FALSE,2026-01,2026-06,2026-07-15
CPX-00652,Proofpoint,Advanced OEM,SwO ConnectWise Email Security Advanced,3.43,EUR,User,OBSERVED,Proofpoint Recon workbook - Zuora Usage tab (Invoice Item: Unit Price),CW billed unit price (single observed value),2026-01-01,9999-12-31,TRUE,2026-01;2026-02;2026-03;2026-04;2026-05;2026-06,6,FALSE,2026-01,2026-06,2026-07-15
CPX-00653,Proofpoint,Basic OEM,SwO ConnectWise Email Security Essentials,1.6,USD,User,INVOICE,Proofpoint Recon workbook - Vendor Usage tab (UNIT VALUE),per-customer vendor unit value (tiered),2026-01-01,9999-12-31,TRUE,2026-01;2026-02;2026-03;2026-04;2026-05;2026-06,6,FALSE,2026-01,2026-06,2026-07-15
CPX-00654,Proofpoint,Basic OEM,SwO ConnectWise Email Security Essentials,,USD,User,OBSERVED,Proofpoint Recon workbook - Zuora Usage tab (Invoice Item: Unit Price),"tiered per-partner CW billing; 11 distinct rates, range 0.207-3.78",2026-01-01,9999-12-31,TRUE,2026-01;2026-02;2026-03;2026-04;2026-05;2026-06,6,FALSE,2026-01,2026-06,2026-07-15
CPX-00655,Proofpoint,Basic OEM,SwO ConnectWise Email Security Essentials,,CAD,User,OBSERVED,Proofpoint Recon workbook - Zuora Usage tab (Invoice Item: Unit Price),"tiered per-partner CW billing; 8 distinct rates, range 0.1129-2.69",2026-01-01,9999-12-31,TRUE,2026-01;2026-02;2026-03;2026-04;2026-05;2026-06,6,FALSE,2026-01,2026-06,2026-07-15
CPX-00656,Proofpoint,Basic OEM,SwO ConnectWise Email Security Essentials,,GBP,User,OBSERVED,Proofpoint Recon workbook - Zuora Usage tab (Invoice Item: Unit Price),"tiered per-partner CW billing; 2 distinct rates, range 1.32-1.58",2026-01-01,9999-12-31,TRUE,2026-01;2026-02;2026-03;2026-04;2026-05;2026-06,6,FALSE,2026-01,2026-06,2026-07-15
CPX-00657,Proofpoint,Basic OEM,SwO ConnectWise Email Security Essentials,,AUD,User,OBSERVED,Proofpoint Recon workbook - Zuora Usage tab (Invoice Item: Unit Price),"tiered per-partner CW billing; 3 distinct rates, range 2.96-4.24",2026-01-01,9999-12-31,TRUE,2026-01;2026-02;2026-03;2026-04;2026-05;2026-06,6,FALSE,2026-01,2026-06,2026-07-15
CPX-00658,Proofpoint,Basic OEM,SwO ConnectWise Email Security Essentials,,EUR,User,OBSERVED,Proofpoint Recon workbook - Zuora Usage tab (Invoice Item: Unit Price),"tiered per-partner CW billing; 2 distinct rates, range 2.0-2.75",2026-01-01,9999-12-31,TRUE,2026-01;2026-02;2026-03;2026-04;2026-05;2026-06,6,FALSE,2026-01,2026-06,2026-07-15
CPX-00659,Proofpoint,Beginner,CU-Proofpoint Beginner,0.59,USD,User,INVOICE,Proofpoint Recon workbook - Vendor Usage tab (UNIT VALUE),per-customer vendor unit value (tiered),2026-01-01,9999-12-31,TRUE,2026-01;2026-02;2026-03;2026-04;2026-05;2026-06,6,FALSE,2026-01,2026-06,2026-07-15
CPX-00660,Proofpoint,Beginner,CU-Proofpoint Beginner,0.66,USD,User,INVOICE,Proofpoint Recon workbook - Vendor Usage tab (UNIT VALUE),per-customer vendor unit value (tiered),2026-01-01,9999-12-31,TRUE,2026-01;2026-02;2026-03;2026-04;2026-05;2026-06,6,FALSE,2026-01,2026-06,2026-07-15
CPX-00661,Proofpoint,Beginner,CU-Proofpoint Beginner,,USD,User,OBSERVED,Proofpoint Recon workbook - Zuora Usage tab (Invoice Item: Unit Price),"tiered per-partner CW billing; 16 distinct rates, range 0.08-1.4",2026-01-01,9999-12-31,TRUE,2026-01;2026-02;2026-03;2026-04;2026-05;2026-06,6,FALSE,2026-01,2026-06,2026-07-15
CPX-00662,Proofpoint,Beginner,CU-Proofpoint Beginner,,CAD,User,OBSERVED,Proofpoint Recon workbook - Zuora Usage tab (Invoice Item: Unit Price),"tiered per-partner CW billing; 3 distinct rates, range 1.44-1.77",2026-01-01,9999-12-31,TRUE,2026-01;2026-02;2026-03;2026-04;2026-05;2026-06,6,FALSE,2026-01,2026-06,2026-07-15
CPX-00663,Proofpoint,Beginner,CU-Proofpoint Beginner,2.05,AUD,User,OBSERVED,Proofpoint Recon workbook - Zuora Usage tab (Invoice Item: Unit Price),CW billed unit price (single observed value),2026-01-01,9999-12-31,TRUE,2026-01;2026-02;2026-03;2026-04;2026-05;2026-06,6,FALSE,2026-01,2026-06,2026-07-15
CPX-00664,Proofpoint,Business,CU-Proofpoint Business,1.58,AUD,User,INVOICE,Proofpoint Recon workbook - Vendor Usage tab (UNIT VALUE),per-customer vendor unit value (tiered),2026-01-01,9999-12-31,TRUE,2026-01;2026-02;2026-03;2026-04;2026-05;2026-06,6,FALSE,2026-01,2026-06,2026-07-15
CPX-00665,Proofpoint,Business,CU-Proofpoint Business,1.09,USD,User,INVOICE,Proofpoint Recon workbook - Vendor Usage tab (UNIT VALUE),per-customer vendor unit value (tiered),2026-01-01,9999-12-31,TRUE,2026-01;2026-02;2026-03;2026-04;2026-05;2026-06,6,FALSE,2026-01,2026-06,2026-07-15
CPX-00666,Proofpoint,Business,CU-Proofpoint Business,1.21,USD,User,INVOICE,Proofpoint Recon workbook - Vendor Usage tab (UNIT VALUE),per-customer vendor unit value (tiered),2026-01-01,9999-12-31,TRUE,2026-01;2026-02;2026-03;2026-04;2026-05;2026-06,6,FALSE,2026-01,2026-06,2026-07-15
CPX-00667,Proofpoint,Business,CU-Proofpoint Business,,USD,User,OBSERVED,Proofpoint Recon workbook - Zuora Usage tab (Invoice Item: Unit Price),"tiered per-partner CW billing; 40 distinct rates, range 0.9-2.18",2026-01-01,9999-12-31,TRUE,2026-01;2026-02;2026-03;2026-04;2026-05;2026-06,6,FALSE,2026-01,2026-06,2026-07-15
CPX-00668,Proofpoint,Business,CU-Proofpoint Business,,CAD,User,OBSERVED,Proofpoint Recon workbook - Zuora Usage tab (Invoice Item: Unit Price),"tiered per-partner CW billing; 6 distinct rates, range 1.79-2.99",2026-01-01,9999-12-31,TRUE,2026-01;2026-02;2026-03;2026-04;2026-05;2026-06,6,FALSE,2026-01,2026-06,2026-07-15
CPX-00669,Proofpoint,Business,CU-Proofpoint Business,,GBP,User,OBSERVED,Proofpoint Recon workbook - Zuora Usage tab (Invoice Item: Unit Price),"tiered per-partner CW billing; 5 distinct rates, range 1.25-1.78",2026-01-01,9999-12-31,TRUE,2026-01;2026-02;2026-03;2026-04;2026-05;2026-06,6,FALSE,2026-01,2026-06,2026-07-15
CPX-00670,Proofpoint,Business,CU-Proofpoint Business,,AUD,User,OBSERVED,Proofpoint Recon workbook - Zuora Usage tab (Invoice Item: Unit Price),"tiered per-partner CW billing; 4 distinct rates, range 2.31-3.19",2026-01-01,9999-12-31,TRUE,2026-01;2026-02;2026-03;2026-04;2026-05;2026-06,6,FALSE,2026-01,2026-06,2026-07-15
CPX-00671,Proofpoint,Business,CU-Proofpoint Business,1.8,EUR,User,OBSERVED,Proofpoint Recon workbook - Zuora Usage tab (Invoice Item: Unit Price),CW billed unit price (single observed value),2026-01-01,9999-12-31,TRUE,2026-01;2026-02;2026-03;2026-04;2026-05;2026-06,6,FALSE,2026-01,2026-06,2026-07-15
CPX-00672,Proofpoint,Business +,CU-Proofpoint Business Plus,1.93,AUD,User,INVOICE,Proofpoint Recon workbook - Vendor Usage tab (UNIT VALUE),per-customer vendor unit value (tiered),2026-06-01,9999-12-31,TRUE,2026-06,1,FALSE,2026-01,2026-06,2026-07-15
CPX-00673,Proofpoint,Business +,CU-Proofpoint Business Plus,1.21,USD,User,INVOICE,Proofpoint Recon workbook - Vendor Usage tab (UNIT VALUE),per-customer vendor unit value (tiered),2026-01-01,9999-12-31,TRUE,2026-01;2026-02;2026-03;2026-04;2026-05;2026-06,6,FALSE,2026-01,2026-06,2026-07-15
CPX-00674,Proofpoint,Business +,CU-Proofpoint Business Plus,1.34,USD,User,INVOICE,Proofpoint Recon workbook - Vendor Usage tab (UNIT VALUE),per-customer vendor unit value (tiered),2026-01-01,9999-12-31,TRUE,2026-01;2026-02;2026-03;2026-04;2026-05;2026-06,6,FALSE,2026-01,2026-06,2026-07-15
CPX-00675,Proofpoint,Business +,CU-Proofpoint Business Plus,,USD,User,OBSERVED,Proofpoint Recon workbook - Zuora Usage tab (Invoice Item: Unit Price),"tiered per-partner CW billing; 17 distinct rates, range 1.23-2.42",2026-01-01,9999-12-31,TRUE,2026-01;2026-02;2026-03;2026-04;2026-05;2026-06,6,FALSE,2026-01,2026-06,2026-07-15
CPX-00676,Proofpoint,Business +,CU-Proofpoint Business Plus,,CAD,User,OBSERVED,Proofpoint Recon workbook - Zuora Usage tab (Invoice Item: Unit Price),"tiered per-partner CW billing; 6 distinct rates, range 1.66-3.31",2026-01-01,9999-12-31,TRUE,2026-01;2026-02;2026-03;2026-04;2026-05;2026-06,6,FALSE,2026-01,2026-06,2026-07-15
CPX-00677,Proofpoint,Business +,CU-Proofpoint Business Plus,,GBP,User,OBSERVED,Proofpoint Recon workbook - Zuora Usage tab (Invoice Item: Unit Price),"tiered per-partner CW billing; 6 distinct rates, range 1.38-1.9",2026-01-01,9999-12-31,TRUE,2026-01;2026-02;2026-03;2026-04;2026-05;2026-06,6,FALSE,2026-01,2026-06,2026-07-15
CPX-00678,Proofpoint,Business +,CU-Proofpoint Business Plus,,AUD,User,OBSERVED,Proofpoint Recon workbook - Zuora Usage tab (Invoice Item: Unit Price),"tiered per-partner CW billing; 3 distinct rates, range 2.83-3.12",2026-01-01,9999-12-31,TRUE,2026-01;2026-02;2026-03;2026-04;2026-05;2026-06,6,FALSE,2026-01,2026-06,2026-07-15
CPX-00679,Proofpoint,Professional,CU-Proofpoint Professional,3.05,AUD,User,INVOICE,Proofpoint Recon workbook - Vendor Usage tab (UNIT VALUE),per-customer vendor unit value (tiered),2026-01-01,9999-12-31,TRUE,2026-01;2026-02;2026-03;2026-04;2026-05;2026-06,6,FALSE,2026-01,2026-06,2026-07-15
CPX-00680,Proofpoint,Professional,CU-Proofpoint Professional,2.11,USD,User,INVOICE,Proofpoint Recon workbook - Vendor Usage tab (UNIT VALUE),per-customer vendor unit value (tiered),2026-01-01,9999-12-31,TRUE,2026-01;2026-02;2026-03;2026-04;2026-05;2026-06,6,FALSE,2026-01,2026-06,2026-07-15
CPX-00681,Proofpoint,Professional,CU-Proofpoint Professional,2.34,USD,User,INVOICE,Proofpoint Recon workbook - Vendor Usage tab (UNIT VALUE),per-customer vendor unit value (tiered),2026-01-01,9999-12-31,TRUE,2026-01;2026-02;2026-03;2026-04;2026-05;2026-06,6,FALSE,2026-01,2026-06,2026-07-15
CPX-00682,Proofpoint,Professional,CU-Proofpoint Professional,,USD,User,OBSERVED,Proofpoint Recon workbook - Zuora Usage tab (Invoice Item: Unit Price),"tiered per-partner CW billing; 36 distinct rates, range 2.32-4.68",2026-01-01,9999-12-31,TRUE,2026-01;2026-02;2026-03;2026-04;2026-05;2026-06,6,FALSE,2026-01,2026-06,2026-07-15
CPX-00683,Proofpoint,Professional,CU-Proofpoint Professional,,CAD,User,OBSERVED,Proofpoint Recon workbook - Zuora Usage tab (Invoice Item: Unit Price),"tiered per-partner CW billing; 2 distinct rates, range 4.62-5.05",2026-01-01,9999-12-31,TRUE,2026-01;2026-02;2026-03;2026-04;2026-05;2026-06,6,FALSE,2026-01,2026-06,2026-07-15
CPX-00684,Proofpoint,Professional,CU-Proofpoint Professional,,GBP,User,OBSERVED,Proofpoint Recon workbook - Zuora Usage tab (Invoice Item: Unit Price),"tiered per-partner CW billing; 2 distinct rates, range 2.92-3.44",2026-01-01,9999-12-31,TRUE,2026-01;2026-02;2026-03;2026-04;2026-05;2026-06,6,FALSE,2026-01,2026-06,2026-07-15
CPX-00685,Proofpoint,Professional,CU-Proofpoint Professional,4.4,AUD,User,OBSERVED,Proofpoint Recon workbook - Zuora Usage tab (Invoice Item: Unit Price),CW billed unit price (single observed value),2026-03-01,9999-12-31,TRUE,2026-03;2026-04;2026-05;2026-06,4,FALSE,2026-01,2026-06,2026-07-15
CPX-00686,Proofpoint,Professional +,CU-Proofpoint Professional Plus,2.74,USD,User,INVOICE,Proofpoint Recon workbook - Vendor Usage tab (UNIT VALUE),per-customer vendor unit value (tiered),2026-01-01,9999-12-31,TRUE,2026-01;2026-02;2026-03;2026-04;2026-05;2026-06,6,FALSE,2026-01,2026-06,2026-07-15
CPX-00687,Proofpoint,Professional +,CU-Proofpoint Professional Plus,,USD,User,OBSERVED,Proofpoint Recon workbook - Zuora Usage tab (Invoice Item: Unit Price),"tiered per-partner CW billing; 34 distinct rates, range 2.68-5.04",2026-01-01,9999-12-31,TRUE,2026-01;2026-02;2026-03;2026-04;2026-05;2026-06,6,FALSE,2026-01,2026-06,2026-07-15
CPX-00688,Proofpoint,Professional +,CU-Proofpoint Professional Plus,,CAD,User,OBSERVED,Proofpoint Recon workbook - Zuora Usage tab (Invoice Item: Unit Price),"tiered per-partner CW billing; 6 distinct rates, range 3.5-6.77",2026-01-01,9999-12-31,TRUE,2026-01;2026-02;2026-03;2026-04;2026-05;2026-06,6,FALSE,2026-01,2026-06,2026-07-15
CPX-00689,Proofpoint,Professional +,CU-Proofpoint Professional Plus,4.03,GBP,User,OBSERVED,Proofpoint Recon workbook - Zuora Usage tab (Invoice Item: Unit Price),CW billed unit price (single observed value),2026-01-01,9999-12-31,TRUE,2026-01;2026-02;2026-03;2026-04;2026-05;2026-06,6,FALSE,2026-01,2026-06,2026-07-15
CPX-00690,Proofpoint,Professional +,CU-Proofpoint Professional Plus,7.22,AUD,User,OBSERVED,Proofpoint Recon workbook - Zuora Usage tab (Invoice Item: Unit Price),CW billed unit price (single observed value),2026-01-01,9999-12-31,TRUE,2026-01;2026-02;2026-03;2026-04;2026-05;2026-06,6,FALSE,2026-01,2026-06,2026-07-15
CPX-00691,Proofpoint,Professional +,CU-Proofpoint Professional Plus,4.41,EUR,User,OBSERVED,Proofpoint Recon workbook - Zuora Usage tab (Invoice Item: Unit Price),CW billed unit price (single observed value),2026-03-01,9999-12-31,TRUE,2026-03;2026-04;2026-05;2026-06,4,FALSE,2026-01,2026-06,2026-07-15
CPX-00692,Proofpoint,Security Awareness,CU-Proofpoint PESA,0.57,AUD,User,INVOICE,Proofpoint Recon workbook - Vendor Usage tab (UNIT VALUE),per-customer vendor unit value (tiered),2026-01-01,9999-12-31,TRUE,2026-01;2026-02;2026-03;2026-04;2026-05;2026-06,6,FALSE,2026-01,2026-06,2026-07-15
CPX-00693,Proofpoint,Security Awareness,CU-Proofpoint PESA,0.4,USD,User,INVOICE,Proofpoint Recon workbook - Vendor Usage tab (UNIT VALUE),per-customer vendor unit value (tiered),2026-01-01,9999-12-31,TRUE,2026-01;2026-02;2026-03;2026-04;2026-05;2026-06,6,FALSE,2026-01,2026-06,2026-07-15
CPX-00694,Proofpoint,Security Awareness,CU-Proofpoint PESA,0.55,USD,User,INVOICE,Proofpoint Recon workbook - Vendor Usage tab (UNIT VALUE),per-customer vendor unit value (tiered),2026-01-01,9999-12-31,TRUE,2026-01;2026-02;2026-03;2026-04;2026-05;2026-06,6,FALSE,2026-01,2026-06,2026-07-15
CPX-00695,Proofpoint,Security Awareness,CU-Proofpoint PESA,,USD,User,OBSERVED,Proofpoint Recon workbook - Zuora Usage tab (Invoice Item: Unit Price),"tiered per-partner CW billing; 30 distinct rates, range 0.25-1.0",2026-01-01,9999-12-31,TRUE,2026-01;2026-02;2026-03;2026-04;2026-05;2026-06,6,FALSE,2026-01,2026-06,2026-07-15
CPX-00696,Proofpoint,Security Awareness,CU-Proofpoint PESA,,CAD,User,OBSERVED,Proofpoint Recon workbook - Zuora Usage tab (Invoice Item: Unit Price),"tiered per-partner CW billing; 5 distinct rates, range 0.66-1.2",2026-01-01,9999-12-31,TRUE,2026-01;2026-02;2026-03;2026-04;2026-05;2026-06,6,FALSE,2026-01,2026-06,2026-07-15
CPX-00697,Proofpoint,Security Awareness,CU-Proofpoint PESA,,GBP,User,OBSERVED,Proofpoint Recon workbook - Zuora Usage tab (Invoice Item: Unit Price),"tiered per-partner CW billing; 5 distinct rates, range 0.41-0.7",2026-01-01,9999-12-31,TRUE,2026-01;2026-02;2026-03;2026-04;2026-05;2026-06,6,FALSE,2026-01,2026-06,2026-07-15
CPX-00698,Proofpoint,Security Awareness,CU-Proofpoint PESA,,AUD,User,OBSERVED,Proofpoint Recon workbook - Zuora Usage tab (Invoice Item: Unit Price),"tiered per-partner CW billing; 4 distinct rates, range 0.75-1.3",2026-01-01,9999-12-31,TRUE,2026-01;2026-02;2026-03;2026-04;2026-05;2026-06,6,FALSE,2026-01,2026-06,2026-07-15
CPX-00699,Proofpoint,Security Awareness,CU-Proofpoint PESA,,EUR,User,OBSERVED,Proofpoint Recon workbook - Zuora Usage tab (Invoice Item: Unit Price),"tiered per-partner CW billing; 2 distinct rates, range 0.8-0.89",2026-01-01,9999-12-31,TRUE,2026-01;2026-02;2026-03;2026-04;2026-05;2026-06,6,FALSE,2026-01,2026-06,2026-07-15
CPX-00700,SentinelOne,Cloud Funnel,,0.3,USD,Endpoint,INVOICE,Vendor usage tab (rate formula); S1 invoice,add-on; =0.3*[Cloud Funnel Active Agents],2026-01-01,9999-12-31,TRUE,2026-01;2026-02;2026-03;2026-04;2026-05,5,FALSE,2026-01,2026-06,2026-07-15
CPX-00701,SentinelOne,Complete,SentinelOne Complete,1.01,USD,Endpoint,INVOICE,Vendor usage tab (Unit Price col); S1 invoice,base tier; Unit Price=1.01 all rows,2026-01-01,9999-12-31,TRUE,2026-01;2026-02;2026-03;2026-04;2026-05,5,FALSE,2026-01,2026-06,2026-07-15
CPX-00702,SentinelOne,Control,SentinelOne Control,0.72,USD,Endpoint,INVOICE,Vendor usage tab (Unit Price col); S1 invoice,base tier; Unit Price=0.72 all rows,2026-01-01,9999-12-31,TRUE,2026-01;2026-02;2026-03;2026-04;2026-05,5,FALSE,2026-01,2026-06,2026-07-15
CPX-00703,SentinelOne,Core,,1.28,USD,Endpoint,INVOICE,Vendor usage tab (Unit Price col); S1 invoice,base tier; first appears Feb 2026; Unit Price=1.28,2026-02-01,9999-12-31,TRUE,2026-02;2026-03;2026-04;2026-05,4,FALSE,2026-01,2026-06,2026-07-15
CPX-00704,SentinelOne,Data Retention (DR),,0.09,USD,Endpoint,INVOICE,Vendor usage tab (rate formula); S1 invoice,add-on; =0.09*[Data Retention Agents]; applies to 30/90/180/365 tiers,2026-01-01,9999-12-31,TRUE,2026-01;2026-02;2026-03;2026-04;2026-05,5,FALSE,2026-01,2026-06,2026-07-15
CPX-00705,SentinelOne,Forensics,,0.3,USD,Endpoint,INVOICE,Vendor usage tab (rate formula); S1 invoice,add-on; =0.3*[Forensics Active Agents],2026-01-01,9999-12-31,TRUE,2026-01;2026-02;2026-03;2026-04;2026-05,5,FALSE,2026-01,2026-06,2026-07-15
CPX-00706,SentinelOne,Purple AI,,0.5,USD,Endpoint,INVOICE,Vendor usage tab (rate formula); S1 invoice,add-on; =0.5*[Purple AI Agents],2026-01-01,9999-12-31,TRUE,2026-01;2026-02;2026-03;2026-04;2026-05,5,FALSE,2026-01,2026-06,2026-07-15
CPX-00707,SentinelOne,RSO,,0,USD,Endpoint,INVOICE,Vendor usage tab (rate formula); S1 invoice,present but not separately charged; =0*[RSO Active Agents],2026-01-01,9999-12-31,TRUE,2026-01;2026-02;2026-03;2026-04;2026-05,5,FALSE,2026-01,2026-06,2026-07-15
CPX-00708,SentinelOne,Ranger,SentinelOne Singularity Ranger,0.38,USD,Endpoint,INVOICE,Vendor usage tab (rate formula); S1 invoice,add-on; =0.38*[Ranger Active Agents],2026-01-01,9999-12-31,TRUE,2026-01;2026-02;2026-03;2026-04;2026-05,5,FALSE,2026-01,2026-06,2026-07-15
CPX-00709,SentinelOne,Threat Intel,,0.88,USD,Endpoint,INVOICE,Vendor usage tab (rate formula); S1 invoice,add-on; =0.88*[Threat Intelligence Agents],2026-01-01,9999-12-31,TRUE,2026-01;2026-02;2026-03;2026-04;2026-05,5,FALSE,2026-01,2026-06,2026-07-15
CPX-00710,StorageCraft,3PARTYONPREMDSKTOPST,3PARTYONPREMDSKTOPST,4.75,USD,per license/month,OBSERVED,StorageCraft reconciliation (USD sheet),CW Amt/CW Qty (vendor did not bill),2026-03-01,2026-03-31,FALSE,2026-03,1,FALSE,2026-01,2026-06,2026-07-15
CPX-00711,StorageCraft,BSBM50EUNS011MZZZ,,10.02,AUD,per license/month,INVOICE,StorageCraft reconciliation (AUD sheet),vendor SC Amt/SC Qty,2026-01-01,9999-12-31,TRUE,2026-01;2026-02;2026-03;2026-04;2026-05,5,FALSE,2026-01,2026-06,2026-07-15
CPX-00712,StorageCraft,BSBM50EUNS011MZZZ,,8.17,EUR,per license/month,INVOICE,StorageCraft reconciliation (EUR sheet),vendor SC Amt/SC Qty,2026-01-01,9999-12-31,TRUE,2026-01;2026-02;2026-03;2026-04;2026-05,5,FALSE,2026-01,2026-06,2026-07-15
CPX-00713,StorageCraft,BSBM50USNS011MZZZ,,,USD,per license/month,INVOICE,StorageCraft reconciliation (USD sheet),"vendor SC Amt/SC Qty; varies: 4.4,10.02",2026-01-01,9999-12-31,TRUE,2026-01;2026-02;2026-03;2026-04;2026-05,5,FALSE,2026-01,2026-06,2026-07-15
CPX-00714,StorageCraft,CSTM60USNS011MZZZ,,5.99,USD,per license/month,INVOICE,StorageCraft reconciliation (USD sheet),vendor SC Amt/SC Qty,2026-01-01,9999-12-31,TRUE,2026-01;2026-02;2026-03;2026-04;2026-05,5,FALSE,2026-01,2026-06,2026-07-15
CPX-00715,StorageCraft,DSDM50EUNS011MZZZ,,2.45,AUD,per license/month,INVOICE,StorageCraft reconciliation (AUD sheet),vendor SC Amt/SC Qty,2026-01-01,9999-12-31,TRUE,2026-01;2026-02;2026-03;2026-04;2026-05,5,FALSE,2026-01,2026-06,2026-07-15
CPX-00716,StorageCraft,DSDM50EUNS011MZZZ,,1.99,EUR,per license/month,INVOICE,StorageCraft reconciliation (EUR sheet),vendor SC Amt/SC Qty,2026-01-01,2026-01-31,FALSE,2026-01,1,FALSE,2026-01,2026-06,2026-07-15
CPX-00717,StorageCraft,DSDM50USNS011MZZZ,,,USD,per license/month,INVOICE,StorageCraft reconciliation (USD sheet),"vendor SC Amt/SC Qty; varies: 1.94,2.45",2026-01-01,9999-12-31,TRUE,2026-01;2026-02;2026-03;2026-04;2026-05,5,FALSE,2026-01,2026-06,2026-07-15
CPX-00718,StorageCraft,DSDM50USNS011MZZZ,,3.501,AUD,per license/month,OBSERVED,StorageCraft reconciliation (AUD sheet),CW Amt/CW Qty (vendor did not bill),2026-04-01,2026-04-30,FALSE,2026-04,1,FALSE,2026-01,2026-06,2026-07-15
CPX-00719,StorageCraft,GMSP70EUNS011MZZZ,,4.97,AUD,per license/month,INVOICE,StorageCraft reconciliation (AUD sheet),vendor SC Amt/SC Qty,2026-01-01,2026-01-31,FALSE,2026-01,1,FALSE,2026-01,2026-06,2026-07-15
CPX-00720,StorageCraft,GMSP70EUNS011MZZZ,,4.94,EUR,per license/month,INVOICE,StorageCraft reconciliation (EUR sheet),vendor SC Amt/SC Qty,2026-01-01,9999-12-31,TRUE,2026-01;2026-02;2026-03;2026-04;2026-05,5,FALSE,2026-01,2026-06,2026-07-15
CPX-00721,StorageCraft,GMSP70USNS011MZZZ,SCB-CAD-M00-TBSPGREMSP,5.97,CAD,per license/month,INVOICE,StorageCraft reconciliation (CAD sheet),vendor SC Amt/SC Qty,2026-01-01,9999-12-31,TRUE,2026-01;2026-02;2026-03;2026-04;2026-05,5,FALSE,2026-01,2026-06,2026-07-15
CPX-00722,StorageCraft,GMSP70USNS011MZZZ,SCB-USD-M00-TBSPGREMSP,4.97,USD,per license/month,INVOICE,StorageCraft reconciliation (USD sheet),vendor SC Amt/SC Qty,2026-01-01,9999-12-31,TRUE,2026-01;2026-02;2026-03;2026-04;2026-05,5,FALSE,2026-01,2026-06,2026-07-15
CPX-00723,StorageCraft,KXDM00EUNS011MZZZ,SCB-AUD-M01-TBKXDMEUNS,2.45,AUD,per license/month,INVOICE,StorageCraft reconciliation (AUD sheet),vendor SC Amt/SC Qty,2026-01-01,9999-12-31,TRUE,2026-01;2026-02;2026-03;2026-04;2026-05,5,FALSE,2026-01,2026-06,2026-07-15
CPX-00724,StorageCraft,KXDM00EUNS011MZZZ,,1.99,EUR,per license/month,INVOICE,StorageCraft reconciliation (EUR sheet),vendor SC Amt/SC Qty,2026-01-01,9999-12-31,TRUE,2026-01;2026-02;2026-03;2026-04;2026-05,5,FALSE,2026-01,2026-06,2026-07-15
CPX-00725,StorageCraft,KXDM00USNS011MZZZ,SCB-CAD-M01-TBSPDKTMSP,,CAD,per license/month,INVOICE,StorageCraft reconciliation (CAD sheet),"vendor SC Amt/SC Qty; varies: 2.83,2.94",2026-01-01,9999-12-31,TRUE,2026-01;2026-02;2026-03;2026-04;2026-05,5,FALSE,2026-01,2026-06,2026-07-15
CPX-00726,StorageCraft,KXDM00USNS011MZZZ,,,USD,per license/month,INVOICE,StorageCraft reconciliation (USD sheet),"vendor SC Amt/SC Qty; varies: 2.36,2.45",2026-01-01,9999-12-31,TRUE,2026-01;2026-02;2026-03;2026-04;2026-05,5,FALSE,2026-01,2026-06,2026-07-15
CPX-00727,StorageCraft,LEGACYSKULTSCDSK5,LEGACYSKULTSCDSK5,5.0,USD,per license/month,OBSERVED,StorageCraft reconciliation (USD sheet),CW Amt/CW Qty (vendor did not bill),2026-03-01,2026-03-31,FALSE,2026-03,1,FALSE,2026-01,2026-06,2026-07-15
CPX-00728,StorageCraft,SSSM50EUNS011MZZZ,,18.01,AUD,per license/month,INVOICE,StorageCraft reconciliation (AUD sheet),vendor SC Amt/SC Qty,2026-01-01,9999-12-31,TRUE,2026-01;2026-02;2026-03;2026-04;2026-05,5,FALSE,2026-01,2026-06,2026-07-15
CPX-00729,StorageCraft,SSSM50EUNS011MZZZ,,12.76,EUR,per license/month,INVOICE,StorageCraft reconciliation (EUR sheet),vendor SC Amt/SC Qty,2026-01-01,9999-12-31,TRUE,2026-01;2026-02;2026-03;2026-04;2026-05,5,FALSE,2026-01,2026-06,2026-07-15
CPX-00730,StorageCraft,SSSM50USNS011MZZZ,,,USD,per license/month,INVOICE,StorageCraft reconciliation (USD sheet),"vendor SC Amt/SC Qty; varies: 13.13,15.04,16.72,18.01",2026-01-01,9999-12-31,TRUE,2026-01;2026-02;2026-03;2026-04;2026-05,5,FALSE,2026-01,2026-06,2026-07-15
CPX-00731,StorageCraft,SSVM50EUNS011MZZZ,,12.5,AUD,per license/month,INVOICE,StorageCraft reconciliation (AUD sheet),vendor SC Amt/SC Qty,2026-01-01,9999-12-31,TRUE,2026-01;2026-02;2026-03;2026-04;2026-05,5,FALSE,2026-01,2026-06,2026-07-15
CPX-00732,StorageCraft,SSVM50EUNS011MZZZ,,9.99,EUR,per license/month,INVOICE,StorageCraft reconciliation (EUR sheet),vendor SC Amt/SC Qty,2026-01-01,9999-12-31,TRUE,2026-01;2026-02;2026-03;2026-04;2026-05,5,FALSE,2026-01,2026-06,2026-07-15
CPX-00733,StorageCraft,SSVM50USNS011MZZZ,SCB-CAD-M00-TBVIRSVMSP,13.88,CAD,per license/month,INVOICE,StorageCraft reconciliation (CAD sheet),vendor SC Amt/SC Qty,2026-01-01,9999-12-31,TRUE,2026-01;2026-02;2026-03;2026-04;2026-05,5,FALSE,2026-01,2026-06,2026-07-15
CPX-00734,StorageCraft,SSVM50USNS011MZZZ,,12.5,USD,per license/month,INVOICE,StorageCraft reconciliation (USD sheet),vendor SC Amt/SC Qty,2026-01-01,9999-12-31,TRUE,2026-01;2026-02;2026-03;2026-04;2026-05,5,FALSE,2026-01,2026-06,2026-07-15
CPX-00735,StorageCraft,SSVM50USNS011MZZZ,,16.5603,AUD,per license/month,OBSERVED,StorageCraft reconciliation (AUD sheet),CW Amt/CW Qty (vendor did not bill),2026-04-01,2026-04-30,FALSE,2026-04,1,FALSE,2026-01,2026-06,2026-07-15
CPX-00736,StorageCraft,XPBM00EUNS011MZZZ,,8.17,EUR,per license/month,INVOICE,StorageCraft reconciliation (EUR sheet),vendor SC Amt/SC Qty,2026-01-01,9999-12-31,TRUE,2026-01;2026-02;2026-03;2026-04;2026-05,5,FALSE,2026-01,2026-06,2026-07-15
CPX-00737,StorageCraft,XPBM00EUNS011MZZZ,,10.02,AUD,per license/month,INVOICE,StorageCraft reconciliation (AUD sheet),vendor SC Amt/SC Qty,2026-02-01,2026-03-31,FALSE,2026-02;2026-03,2,FALSE,2026-01,2026-06,2026-07-15
CPX-00738,StorageCraft,XPBM00USNS011MZZZ,SCB-CAD-M01-TBSBSVRMSP,12.02,CAD,per license/month,INVOICE,StorageCraft reconciliation (CAD sheet),vendor SC Amt/SC Qty,2026-01-01,9999-12-31,TRUE,2026-01;2026-02;2026-03;2026-04;2026-05,5,FALSE,2026-01,2026-06,2026-07-15
CPX-00739,StorageCraft,XPBM00USNS011MZZZ,SCB-USD-M01-TBSBSVRMSP,10.02,USD,per license/month,INVOICE,StorageCraft reconciliation (USD sheet),vendor SC Amt/SC Qty,2026-01-01,9999-12-31,TRUE,2026-01;2026-02;2026-03;2026-04;2026-05,5,FALSE,2026-01,2026-06,2026-07-15
CPX-00740,StorageCraft,XPXM00USNS011MZZZ,,13.88,CAD,per license/month,INVOICE,StorageCraft reconciliation (CAD sheet),vendor SC Amt/SC Qty,2026-01-01,9999-12-31,TRUE,2026-01;2026-02;2026-03;2026-04;2026-05,5,FALSE,2026-01,2026-06,2026-07-15
CPX-00741,StorageCraft,XPXW00EUNS011MZZZ,SCB-AUD-M01-TAXPXWEUNS,,AUD,per license/month,INVOICE,StorageCraft reconciliation (AUD sheet),"vendor SC Amt/SC Qty; varies: 16.72,18.01",2026-01-01,9999-12-31,TRUE,2026-01;2026-02;2026-03;2026-04;2026-05,5,FALSE,2026-01,2026-06,2026-07-15
CPX-00742,StorageCraft,XPXW00EUNS011MZZZ,,12.76,EUR,per license/month,INVOICE,StorageCraft reconciliation (EUR sheet),vendor SC Amt/SC Qty,2026-01-01,9999-12-31,TRUE,2026-01;2026-02;2026-03;2026-04;2026-05,5,FALSE,2026-01,2026-06,2026-07-15
CPX-00743,StorageCraft,XPXW00USNS011MZZZ,SCB-CAD-M01-TBSSSM50NS,,CAD,per license/month,INVOICE,StorageCraft reconciliation (CAD sheet),"vendor SC Amt/SC Qty; varies: 13.88,21.61",2026-01-01,9999-12-31,TRUE,2026-01;2026-02;2026-03;2026-04;2026-05,5,FALSE,2026-01,2026-06,2026-07-15
CPX-00744,StorageCraft,XPXW00USNS011MZZZ,,,USD,per license/month,INVOICE,StorageCraft reconciliation (USD sheet),"vendor SC Amt/SC Qty; varies: 13.13,15.04,16.72,18.01",2026-01-01,9999-12-31,TRUE,2026-01;2026-02;2026-03;2026-04;2026-05,5,FALSE,2026-01,2026-06,2026-07-15
CPX-00745,StorageCraft,XVWX00EUNS011MZZZ,,12.5,AUD,per license/month,INVOICE,StorageCraft reconciliation (AUD sheet),vendor SC Amt/SC Qty,2026-01-01,9999-12-31,TRUE,2026-01;2026-02;2026-03;2026-04;2026-05,5,FALSE,2026-01,2026-06,2026-07-15
CPX-00746,StorageCraft,XVWX00EUNS011MZZZ,,9.99,EUR,per license/month,INVOICE,StorageCraft reconciliation (EUR sheet),vendor SC Amt/SC Qty,2026-01-01,9999-12-31,TRUE,2026-01;2026-02;2026-03;2026-04;2026-05,5,FALSE,2026-01,2026-06,2026-07-15
CPX-00747,StorageCraft,XVWX00USNS011MZZZ,SCB-CAD-M00-TAXVWXUSNS,,CAD,per license/month,INVOICE,StorageCraft reconciliation (CAD sheet),"vendor SC Amt/SC Qty; varies: 13.88,15.0",2026-01-01,9999-12-31,TRUE,2026-01;2026-02;2026-03;2026-04;2026-05,5,FALSE,2026-01,2026-06,2026-07-15
CPX-00748,StorageCraft,XVWX00USNS011MZZZ,,12.5,USD,per license/month,INVOICE,StorageCraft reconciliation (USD sheet),vendor SC Amt/SC Qty,2026-01-01,9999-12-31,TRUE,2026-01;2026-02;2026-03;2026-04;2026-05,5,FALSE,2026-01,2026-06,2026-07-15
CPX-00749,StorageCraft,XVXM00USNS011MZZZ,,13.88,CAD,per license/month,INVOICE,StorageCraft reconciliation (CAD sheet),vendor SC Amt/SC Qty,2026-01-01,9999-12-31,TRUE,2026-01;2026-02;2026-03;2026-04;2026-05,5,FALSE,2026-01,2026-06,2026-07-15
CPX-00750,StorageCraft,XVXM00USNS011MZZZ,,12.5,USD,per license/month,INVOICE,StorageCraft reconciliation (USD sheet),vendor SC Amt/SC Qty,2026-01-01,9999-12-31,TRUE,2026-01;2026-02;2026-03;2026-04;2026-05,5,FALSE,2026-01,2026-06,2026-07-15
CPX-00751,Webroot CMS,,3P-SAAS30020015PARNT,0.77,USD,Each,OBSERVED,Zuora usage tab,GSM bucket,2026-01-01,2026-01-31,FALSE,2026-01,1,FALSE,2026-01,2026-06,2026-07-15
CPX-00752,Webroot CMS,,3P-SAAS30020015PARNT,1.0,USD,Each,OBSERVED,Zuora usage tab,GSM bucket,2026-01-01,2026-01-31,FALSE,2026-01,1,FALSE,2026-01,2026-06,2026-07-15
CPX-00753,Webroot CMS,,3P-SAAS30020015PARNT,1.05,USD,Each,OBSERVED,Zuora usage tab,GSM bucket,2026-01-01,2026-01-31,FALSE,2026-01,1,FALSE,2026-01,2026-06,2026-07-15
CPX-00754,Webroot CMS,,3P-SAAS30020015PARNT,1.22,USD,Each,OBSERVED,Zuora usage tab,GSM bucket,2026-01-01,2026-01-31,FALSE,2026-01,1,FALSE,2026-01,2026-06,2026-07-15
CPX-00755,Webroot CMS,,3P-SAAS30020015PARNT,1.32,USD,Each,OBSERVED,Zuora usage tab,GSM bucket,2026-01-01,2026-01-31,FALSE,2026-01,1,FALSE,2026-01,2026-06,2026-07-15
CPX-00756,Webroot CMS,,3P-SAAS30020015PARNT,1.35,USD,Each,OBSERVED,Zuora usage tab,GSM bucket,2026-01-01,2026-01-31,FALSE,2026-01,1,FALSE,2026-01,2026-06,2026-07-15
CPX-00757,Webroot CMS,,3P-SAAS30020015PARNT,1.5,USD,Each,OBSERVED,Zuora usage tab,GSM bucket,2026-01-01,2026-01-31,FALSE,2026-01,1,FALSE,2026-01,2026-06,2026-07-15
CPX-00758,Webroot CMS,,3P-SAAS30020015PARNT,1.55,USD,Each,OBSERVED,Zuora usage tab,GSM bucket,2026-01-01,2026-01-31,FALSE,2026-01,1,FALSE,2026-01,2026-06,2026-07-15
CPX-00759,Webroot CMS,,3P-SAAS30020015PARNT,1.58,USD,Each,OBSERVED,Zuora usage tab,GSM bucket,2026-01-01,2026-01-31,FALSE,2026-01,1,FALSE,2026-01,2026-06,2026-07-15
CPX-00760,Webroot CMS,,3P-SAAS30020015PARNT,1.95,USD,Each,OBSERVED,Zuora usage tab,GSM bucket,2026-01-01,2026-01-31,FALSE,2026-01,1,FALSE,2026-01,2026-06,2026-07-15
CPX-00761,Webroot CMS,,3P-SAAS30020015PARNT,2.05,USD,Each,OBSERVED,Zuora usage tab,GSM bucket,2026-01-01,2026-01-31,FALSE,2026-01,1,FALSE,2026-01,2026-06,2026-07-15
CPX-00762,Webroot CMS,,3P-SAAS30020015PARNT,2.19,USD,Each,OBSERVED,Zuora usage tab,GSM bucket,2026-01-01,2026-01-31,FALSE,2026-01,1,FALSE,2026-01,2026-06,2026-07-15
CPX-00763,Webroot CMS,,3P-SAAS30021010FFDNS,0.6,USD,Each,OBSERVED,Zuora usage tab,DNS bucket,2026-01-01,9999-12-31,TRUE,2026-01;2026-02;2026-03;2026-04;2026-05,5,FALSE,2026-01,2026-06,2026-07-15
CPX-00764,Webroot CMS,,3P-SAAS30021010FFDNS,0.64,USD,Each,OBSERVED,Zuora usage tab,DNS bucket,2026-02-01,2026-04-30,FALSE,2026-02;2026-03;2026-04,3,FALSE,2026-01,2026-06,2026-07-15
CPX-00765,Webroot CMS,,3P-SAAS30021010FFDNS,0.65,USD,Each,OBSERVED,Zuora usage tab,DNS bucket,2026-01-01,9999-12-31,TRUE,2026-01;2026-02;2026-03;2026-04;2026-05,5,FALSE,2026-01,2026-06,2026-07-15
CPX-00766,Webroot CMS,,3P-SAAS30021010FFDNS,0.69,USD,Each,OBSERVED,Zuora usage tab,DNS bucket,2026-01-01,9999-12-31,TRUE,2026-01;2026-02;2026-03;2026-04;2026-05,5,FALSE,2026-01,2026-06,2026-07-15
CPX-00767,Webroot CMS,,3P-SAAS30021010FFDNS,0.75,USD,Each,OBSERVED,Zuora usage tab,DNS bucket,2026-01-01,9999-12-31,TRUE,2026-01;2026-02;2026-03;2026-04;2026-05,5,FALSE,2026-01,2026-06,2026-07-15
CPX-00768,Webroot CMS,,3P-SAAS30021010FFDNS,0.77,USD,Each,OBSERVED,Zuora usage tab,DNS bucket,2026-01-01,9999-12-31,TRUE,2026-01;2026-02;2026-03;2026-04;2026-05,5,FALSE,2026-01,2026-06,2026-07-15
CPX-00769,Webroot CMS,,3P-SAAS30021010FFDNS,0.78,USD,Each,OBSERVED,Zuora usage tab,DNS bucket,2026-01-01,9999-12-31,TRUE,2026-01;2026-02;2026-03;2026-04;2026-05,5,FALSE,2026-01,2026-06,2026-07-15
CPX-00770,Webroot CMS,,3P-SAAS30021010FFDNS,0.8,USD,Each,OBSERVED,Zuora usage tab,DNS bucket,2026-01-01,9999-12-31,TRUE,2026-01;2026-02;2026-03;2026-04;2026-05,5,FALSE,2026-01,2026-06,2026-07-15
CPX-00771,Webroot CMS,,3P-SAAS30021010FFDNS,0.85,USD,Each,OBSERVED,Zuora usage tab,DNS bucket,2026-01-01,9999-12-31,TRUE,2026-01;2026-02;2026-03;2026-04;2026-05,5,FALSE,2026-01,2026-06,2026-07-15
CPX-00772,Webroot CMS,,3P-SAAS30021010FFDNS,0.95,USD,Each,OBSERVED,Zuora usage tab,DNS bucket,2026-01-01,9999-12-31,TRUE,2026-01;2026-02;2026-03;2026-04;2026-05,5,FALSE,2026-01,2026-06,2026-07-15
CPX-00773,Webroot CMS,,3P-SAAS30021010FFDNS,1.0,USD,Each,OBSERVED,Zuora usage tab,DNS bucket,2026-01-01,9999-12-31,TRUE,2026-01;2026-02;2026-03;2026-04;2026-05,5,FALSE,2026-01,2026-06,2026-07-15
CPX-00774,Webroot CMS,,3P-SAAS30021010FFDNS,1.05,USD,Each,OBSERVED,Zuora usage tab,DNS bucket,2026-01-01,9999-12-31,TRUE,2026-01;2026-02;2026-03;2026-04;2026-05,5,FALSE,2026-01,2026-06,2026-07-15
CPX-00775,Webroot CMS,,3P-SAAS30021010FFDNS,1.08,USD,Each,OBSERVED,Zuora usage tab,DNS bucket,2026-01-01,9999-12-31,TRUE,2026-01;2026-02;2026-03;2026-04;2026-05,5,FALSE,2026-01,2026-06,2026-07-15
CPX-00776,Webroot CMS,,3P-SAAS30021010FFDNS,1.1,USD,Each,OBSERVED,Zuora usage tab,DNS bucket,2026-01-01,9999-12-31,TRUE,2026-01;2026-02;2026-03;2026-04;2026-05,5,FALSE,2026-01,2026-06,2026-07-15
CPX-00777,Webroot CMS,,3P-SAAS30021010FFDNS,1.2,USD,Each,OBSERVED,Zuora usage tab,DNS bucket,2026-01-01,2026-04-30,FALSE,2026-01;2026-02;2026-03;2026-04,4,FALSE,2026-01,2026-06,2026-07-15
CPX-00778,Webroot CMS,,3P-SAAS30021010FFDNS,1.25,USD,Each,OBSERVED,Zuora usage tab,DNS bucket,2026-01-01,9999-12-31,TRUE,2026-01;2026-02;2026-03;2026-04;2026-05,5,FALSE,2026-01,2026-06,2026-07-15
CPX-00779,Webroot CMS,,3P-SAAS30021010FFDNS,1.29,USD,Each,OBSERVED,Zuora usage tab,DNS bucket,2026-01-01,9999-12-31,TRUE,2026-01;2026-02;2026-03;2026-04;2026-05,5,FALSE,2026-01,2026-06,2026-07-15
CPX-00780,Webroot CMS,,3P-SAAS30021010FFDNS,1.3,USD,Each,OBSERVED,Zuora usage tab,DNS bucket,2026-01-01,9999-12-31,TRUE,2026-01;2026-02;2026-03;2026-04;2026-05,5,FALSE,2026-01,2026-06,2026-07-15
CPX-00781,Webroot CMS,,3P-SAAS30021010FFDNS,1.31,USD,Each,OBSERVED,Zuora usage tab,DNS bucket,2026-02-01,9999-12-31,TRUE,2026-02;2026-03;2026-04;2026-05,4,FALSE,2026-01,2026-06,2026-07-15
CPX-00782,Webroot CMS,,3P-SAAS30021010FFDNS,1.32,USD,Each,OBSERVED,Zuora usage tab,DNS bucket,2026-01-01,2026-01-31,FALSE,2026-01,1,FALSE,2026-01,2026-06,2026-07-15
CPX-00783,Webroot CMS,,3P-SAAS30021010FFDNS,1.35,USD,Each,OBSERVED,Zuora usage tab,DNS bucket,2026-01-01,9999-12-31,TRUE,2026-01;2026-02;2026-03;2026-04;2026-05,5,FALSE,2026-01,2026-06,2026-07-15
CPX-00784,Webroot CMS,,3P-SAAS30021010FFDNS,1.37,USD,Each,OBSERVED,Zuora usage tab,DNS bucket,2026-01-01,9999-12-31,TRUE,2026-01;2026-02;2026-03;2026-04;2026-05,5,FALSE,2026-01,2026-06,2026-07-15
CPX-00785,Webroot CMS,,3P-SAAS30021010FFDNS,1.4,USD,Each,OBSERVED,Zuora usage tab,DNS bucket,2026-01-01,2026-04-30,FALSE,2026-01;2026-04,2,TRUE,2026-01,2026-06,2026-07-15
CPX-00786,Webroot CMS,,3P-SAAS30021010FFDNS,1.43,USD,Each,OBSERVED,Zuora usage tab,DNS bucket,2026-01-01,9999-12-31,TRUE,2026-01;2026-02;2026-03;2026-04;2026-05,5,FALSE,2026-01,2026-06,2026-07-15
CPX-00787,Webroot CMS,,3P-SAAS30021010FFDNS,1.49,USD,Each,OBSERVED,Zuora usage tab,DNS bucket,2026-01-01,9999-12-31,TRUE,2026-01;2026-02;2026-03;2026-04;2026-05,5,FALSE,2026-01,2026-06,2026-07-15
CPX-00788,Webroot CMS,,3P-SAAS30021010FFDNS,1.5,USD,Each,OBSERVED,Zuora usage tab,DNS bucket,2026-01-01,9999-12-31,TRUE,2026-01;2026-02;2026-03;2026-04;2026-05,5,FALSE,2026-01,2026-06,2026-07-15
CPX-00789,Webroot CMS,,3P-SAAS30021010FFDNS,1.7,USD,Each,OBSERVED,Zuora usage tab,DNS bucket,2026-03-01,9999-12-31,TRUE,2026-03;2026-04;2026-05,3,FALSE,2026-01,2026-06,2026-07-15
CPX-00790,Webroot CMS,,3P-SAAS30021010FFDNS,1.75,USD,Each,OBSERVED,Zuora usage tab,DNS bucket,2026-01-01,9999-12-31,TRUE,2026-01;2026-02;2026-03;2026-04;2026-05,5,FALSE,2026-01,2026-06,2026-07-15
CPX-00791,Webroot CMS,,3P-SAAS30021010FFDNS,1.85,USD,Each,OBSERVED,Zuora usage tab,DNS bucket,2026-01-01,9999-12-31,TRUE,2026-01;2026-02;2026-03;2026-04;2026-05,5,FALSE,2026-01,2026-06,2026-07-15
CPX-00792,Webroot CMS,,3P-SAAS30021010FFDNS,1.93,USD,Each,OBSERVED,Zuora usage tab,DNS bucket,2026-01-01,9999-12-31,TRUE,2026-01;2026-02;2026-03;2026-04;2026-05,5,FALSE,2026-01,2026-06,2026-07-15
CPX-00793,Webroot CMS,,3P-SAAS30021010FFDNS,2.56,USD,Each,OBSERVED,Zuora usage tab,DNS bucket,2026-01-01,9999-12-31,TRUE,2026-01;2026-02;2026-03;2026-04;2026-05,5,FALSE,2026-01,2026-06,2026-07-15
CPX-00794,Webroot CMS,,3P-SAAS30022019FFSAT,0.33,USD,Each,OBSERVED,Zuora usage tab,SAT bucket,2026-01-01,2026-02-28,FALSE,2026-01;2026-02,2,FALSE,2026-01,2026-06,2026-07-15
CPX-00795,Webroot CMS,,3P-SAAS30022019FFSAT,0.47,USD,Each,OBSERVED,Zuora usage tab,SAT bucket,2026-01-01,9999-12-31,TRUE,2026-01;2026-02;2026-03;2026-04;2026-05,5,FALSE,2026-01,2026-06,2026-07-15
CPX-00796,Webroot CMS,,3P-SAAS30022019FFSAT,0.66,USD,Each,OBSERVED,Zuora usage tab,SAT bucket,2026-01-01,9999-12-31,TRUE,2026-01;2026-02;2026-03;2026-04;2026-05,5,FALSE,2026-01,2026-06,2026-07-15
CPX-00797,Webroot CMS,,3P-SAAS30022019FFSAT,0.67,USD,Each,OBSERVED,Zuora usage tab,SAT bucket,2026-01-01,2026-02-28,FALSE,2026-01;2026-02,2,FALSE,2026-01,2026-06,2026-07-15
CPX-00798,Webroot CMS,,3P-SAAS30022019FFSAT,0.7,USD,Each,OBSERVED,Zuora usage tab,SAT bucket,2026-01-01,9999-12-31,TRUE,2026-01;2026-02;2026-03;2026-04;2026-05,5,FALSE,2026-01,2026-06,2026-07-15
CPX-00799,Webroot CMS,,3P-SAAS30022019FFSAT,0.71,USD,Each,OBSERVED,Zuora usage tab,SAT bucket,2026-03-01,9999-12-31,TRUE,2026-03;2026-04;2026-05,3,FALSE,2026-01,2026-06,2026-07-15
CPX-00800,Webroot CMS,,3P-SAAS30022019FFSAT,0.72,USD,Each,OBSERVED,Zuora usage tab,SAT bucket,2026-01-01,9999-12-31,TRUE,2026-01;2026-02;2026-03;2026-04;2026-05,5,FALSE,2026-01,2026-06,2026-07-15
CPX-00801,Webroot CMS,,3P-SAAS30022019FFSAT,0.75,USD,Each,OBSERVED,Zuora usage tab,SAT bucket,2026-01-01,9999-12-31,TRUE,2026-01;2026-02;2026-03;2026-04;2026-05,5,FALSE,2026-01,2026-06,2026-07-15
CPX-00802,Webroot CMS,,3P-SAAS30022019FFSAT,0.78,USD,Each,OBSERVED,Zuora usage tab,SAT bucket,2026-03-01,9999-12-31,TRUE,2026-03;2026-04;2026-05,3,FALSE,2026-01,2026-06,2026-07-15
CPX-00803,Webroot CMS,,3P-SAAS30022019FFSAT,0.8,USD,Each,OBSERVED,Zuora usage tab,SAT bucket,2026-01-01,9999-12-31,TRUE,2026-01;2026-02;2026-03;2026-04;2026-05,5,FALSE,2026-01,2026-06,2026-07-15
CPX-00804,Webroot CMS,,3P-SAAS30022019FFSAT,0.85,USD,Each,OBSERVED,Zuora usage tab,SAT bucket,2026-01-01,9999-12-31,TRUE,2026-01;2026-02;2026-03;2026-04;2026-05,5,FALSE,2026-01,2026-06,2026-07-15
CPX-00805,Webroot CMS,,3P-SAAS30022019FFSAT,0.88,USD,Each,OBSERVED,Zuora usage tab,SAT bucket,2026-03-01,9999-12-31,TRUE,2026-03;2026-04;2026-05,3,FALSE,2026-01,2026-06,2026-07-15
CPX-00806,Webroot CMS,,3P-SAAS30022019FFSAT,0.9,USD,Each,OBSERVED,Zuora usage tab,SAT bucket,2026-01-01,9999-12-31,TRUE,2026-01;2026-02;2026-03;2026-04;2026-05,5,FALSE,2026-01,2026-06,2026-07-15
CPX-00807,Webroot CMS,,3P-SAAS30022019FFSAT,1.0,USD,Each,OBSERVED,Zuora usage tab,SAT bucket,2026-01-01,9999-12-31,TRUE,2026-01;2026-02;2026-03;2026-04;2026-05,5,FALSE,2026-01,2026-06,2026-07-15
CPX-00808,Webroot CMS,,3P-SAAS30022019FFSAT,1.02,USD,Each,OBSERVED,Zuora usage tab,SAT bucket,2026-01-01,9999-12-31,TRUE,2026-01;2026-02;2026-03;2026-04;2026-05,5,FALSE,2026-01,2026-06,2026-07-15
CPX-00809,Webroot CMS,,3P-SAAS30022019FFSAT,1.06,USD,Each,OBSERVED,Zuora usage tab,SAT bucket,2026-01-01,9999-12-31,TRUE,2026-01;2026-02;2026-03;2026-04;2026-05,5,FALSE,2026-01,2026-06,2026-07-15
CPX-00810,Webroot CMS,,3P-SAAS30022019FFSAT,1.08,USD,Each,OBSERVED,Zuora usage tab,SAT bucket,2026-01-01,9999-12-31,TRUE,2026-01;2026-02;2026-03;2026-04;2026-05,5,FALSE,2026-01,2026-06,2026-07-15
CPX-00811,Webroot CMS,,3P-SAAS30022019FFSAT,1.25,USD,Each,OBSERVED,Zuora usage tab,SAT bucket,2026-01-01,9999-12-31,TRUE,2026-01;2026-02;2026-03;2026-04;2026-05,5,FALSE,2026-01,2026-06,2026-07-15
CPX-00812,Webroot CMS,,3P-SAAS30022019FFSAT,1.38,USD,Each,OBSERVED,Zuora usage tab,SAT bucket,2026-01-01,9999-12-31,TRUE,2026-01;2026-02;2026-03;2026-04;2026-05,5,FALSE,2026-01,2026-06,2026-07-15
CPX-00813,Webroot CMS,,3P-SAAS30022019FFSAT,1.71,USD,Each,OBSERVED,Zuora usage tab,SAT bucket,2026-01-01,2026-04-30,FALSE,2026-01;2026-02;2026-03;2026-04,4,FALSE,2026-01,2026-06,2026-07-15
CPX-00814,Webroot CMS,,3P-SAAS30022019FFSAT,1.83,USD,Each,OBSERVED,Zuora usage tab,SAT bucket,2026-01-01,9999-12-31,TRUE,2026-01;2026-02;2026-03;2026-04;2026-05,5,FALSE,2026-01,2026-06,2026-07-15
CPX-00815,Webroot CMS,,3P-SAAS3002315EPPRMM,0.88,USD,Each,OBSERVED,Zuora usage tab,GSM bucket,2026-01-01,2026-01-31,FALSE,2026-01,1,FALSE,2026-01,2026-06,2026-07-15
CPX-00816,Webroot CMS,,3P-SAAS3002315EPPRMM,1.1,USD,Each,OBSERVED,Zuora usage tab,GSM bucket,2026-01-01,2026-01-31,FALSE,2026-01,1,FALSE,2026-01,2026-06,2026-07-15
CPX-00817,Webroot CMS,,3P-SAAS3002315EPPRMM,1.2,USD,Each,OBSERVED,Zuora usage tab,GSM bucket,2026-01-01,2026-01-31,FALSE,2026-01,1,FALSE,2026-01,2026-06,2026-07-15
CPX-00818,Webroot CMS,,3P-SAAS3002315EPPRMM,1.31,USD,Each,OBSERVED,Zuora usage tab,GSM bucket,2026-01-01,2026-01-31,FALSE,2026-01,1,FALSE,2026-01,2026-06,2026-07-15
CPX-00819,Webroot CMS,,3P-SAAS3002315EPPRMM,1.35,USD,Each,OBSERVED,Zuora usage tab,GSM bucket,2026-01-01,2026-01-31,FALSE,2026-01,1,FALSE,2026-01,2026-06,2026-07-15
CPX-00820,Webroot CMS,,3P-SAAS3002315EPPRMM,1.76,USD,Each,OBSERVED,Zuora usage tab,GSM bucket,2026-01-01,2026-01-31,FALSE,2026-01,1,FALSE,2026-01,2026-06,2026-07-15
CPX-00821,Webroot CMS,,3P-SAAS3002315EPPRMM,1.8,USD,Each,OBSERVED,Zuora usage tab,GSM bucket,2026-01-01,2026-01-31,FALSE,2026-01,1,FALSE,2026-01,2026-06,2026-07-15
CPX-00822,Webroot CMS,,3P-SAAS3002315EPPRMM,1.85,USD,Each,OBSERVED,Zuora usage tab,GSM bucket,2026-01-01,2026-01-31,FALSE,2026-01,1,FALSE,2026-01,2026-06,2026-07-15
CPX-00823,Webroot CMS,,3P-SAAS3002315EPPRMM,1.95,USD,Each,OBSERVED,Zuora usage tab,GSM bucket,2026-01-01,2026-01-31,FALSE,2026-01,1,FALSE,2026-01,2026-06,2026-07-15
CPX-00824,Webroot CMS,,3P-SAAS3002315EPPRMM,2.0,USD,Each,OBSERVED,Zuora usage tab,GSM bucket,2026-01-01,2026-01-31,FALSE,2026-01,1,FALSE,2026-01,2026-06,2026-07-15
CPX-00825,Webroot CMS,,3P-SAAS3002315EPPRMM,2.07,USD,Each,OBSERVED,Zuora usage tab,GSM bucket,2026-01-01,2026-01-31,FALSE,2026-01,1,FALSE,2026-01,2026-06,2026-07-15
CPX-00826,Webroot CMS,,3P-SAAS3002315EPPRMM,2.6,USD,Each,OBSERVED,Zuora usage tab,GSM bucket,2026-01-01,2026-01-31,FALSE,2026-01,1,FALSE,2026-01,2026-06,2026-07-15
CPX-00827,Webroot CMS,,CMS-EG-CYBR-SOLP-SAAS-MDRDSKTP,1.1,USD,Each,OBSERVED,Zuora usage tab,GSM bucket,2026-02-01,9999-12-31,TRUE,2026-02;2026-03;2026-04;2026-05,4,FALSE,2026-01,2026-06,2026-07-15
CPX-00828,Webroot CMS,,CMS-EG-CYBR-SOLP-SAAS-MDRDSKTP,1.35,USD,Each,OBSERVED,Zuora usage tab,GSM bucket,2026-02-01,9999-12-31,TRUE,2026-02;2026-03;2026-04;2026-05,4,FALSE,2026-01,2026-06,2026-07-15
CPX-00829,Webroot CMS,,CMS-EG-CYBR-SOLP-SAAS-MDRDSKTP,1.5,USD,Each,OBSERVED,Zuora usage tab,GSM bucket,2026-02-01,9999-12-31,TRUE,2026-02;2026-03;2026-04;2026-05,4,FALSE,2026-01,2026-06,2026-07-15
CPX-00830,Webroot CMS,,CMS-EG-CYBR-SOLP-SAAS-MDRDSKTP,1.66,USD,Each,OBSERVED,Zuora usage tab,GSM bucket,2026-02-01,9999-12-31,TRUE,2026-02;2026-03;2026-04;2026-05,4,FALSE,2026-01,2026-06,2026-07-15
CPX-00831,Webroot CMS,,CMS-EG-CYBR-SOLP-SAAS-MDRDSKTP,1.8,USD,Each,OBSERVED,Zuora usage tab,GSM bucket,2026-02-01,9999-12-31,TRUE,2026-02;2026-03;2026-05,3,TRUE,2026-01,2026-06,2026-07-15
CPX-00832,Webroot CMS,,CMS-EG-CYBR-SOLP-SAAS-MDRDSKTP,1.92,USD,Each,OBSERVED,Zuora usage tab,GSM bucket,2026-02-01,9999-12-31,TRUE,2026-02;2026-03;2026-04;2026-05,4,FALSE,2026-01,2026-06,2026-07-15
CPX-00833,Webroot CMS,,CMS-EG-CYBR-SOLP-SAAS-MDRDSKTP,2.0,USD,Each,OBSERVED,Zuora usage tab,GSM bucket,2026-02-01,9999-12-31,TRUE,2026-02;2026-03;2026-04;2026-05,4,FALSE,2026-01,2026-06,2026-07-15
CPX-00834,Webroot CMS,,CMS-EG-CYBR-SOLP-SAAS-MDRDSKTP,2.1,USD,Each,OBSERVED,Zuora usage tab,GSM bucket,2026-02-01,9999-12-31,TRUE,2026-02;2026-03;2026-04;2026-05,4,FALSE,2026-01,2026-06,2026-07-15
CPX-00835,Webroot CMS,,CMS-EG-CYBR-SOLP-SAAS-MDRDSKTP,2.6,USD,Each,OBSERVED,Zuora usage tab,GSM bucket,2026-02-01,9999-12-31,TRUE,2026-02;2026-03;2026-04;2026-05,4,FALSE,2026-01,2026-06,2026-07-15
CPX-00836,Webroot CMS,,CMS-EG-CYBR-SOLP-SAAS-MDRDSKTP,2.8,USD,Each,OBSERVED,Zuora usage tab,GSM bucket,2026-02-01,9999-12-31,TRUE,2026-02;2026-03;2026-04;2026-05,4,FALSE,2026-01,2026-06,2026-07-15
CPX-00837,Webroot CMS,,CMS-EG-CYBR-SOLP-SAAS-MDRDSKTP,3.13,USD,Each,OBSERVED,Zuora usage tab,GSM bucket,2026-02-01,9999-12-31,TRUE,2026-02;2026-03;2026-04;2026-05,4,FALSE,2026-01,2026-06,2026-07-15
CPX-00838,Webroot CMS,,CMS-EG-CYBR-SOLP-SAAS-MDRSERVR,0.99,USD,Each,OBSERVED,Zuora usage tab,GSM bucket,2026-05-01,9999-12-31,TRUE,2026-05,1,FALSE,2026-01,2026-06,2026-07-15
CPX-00839,Webroot CMS,,CMS-EG-CYBR-SOLP-SAAS-MDRSERVR,1.1,USD,Each,OBSERVED,Zuora usage tab,GSM bucket,2026-02-01,9999-12-31,TRUE,2026-02;2026-03;2026-04;2026-05,4,FALSE,2026-01,2026-06,2026-07-15
CPX-00840,Webroot CMS,,CMS-EG-CYBR-SOLP-SAAS-MDRSERVR,1.22,USD,Each,OBSERVED,Zuora usage tab,GSM bucket,2026-02-01,2026-03-31,FALSE,2026-02;2026-03,2,FALSE,2026-01,2026-06,2026-07-15
CPX-00841,Webroot CMS,,CMS-EG-CYBR-SOLP-SAAS-MDRSERVR,1.32,USD,Each,OBSERVED,Zuora usage tab,GSM bucket,2026-02-01,2026-02-28,FALSE,2026-02,1,FALSE,2026-01,2026-06,2026-07-15
CPX-00842,Webroot CMS,,CMS-EG-CYBR-SOLP-SAAS-MDRSERVR,1.35,USD,Each,OBSERVED,Zuora usage tab,GSM bucket,2026-02-01,2026-04-30,FALSE,2026-02;2026-03;2026-04,3,FALSE,2026-01,2026-06,2026-07-15
CPX-00843,Webroot CMS,,CMS-EG-CYBR-SOLP-SAAS-MDRSERVR,1.49,USD,Each,OBSERVED,Zuora usage tab,GSM bucket,2026-02-01,9999-12-31,TRUE,2026-02;2026-03;2026-04;2026-05,4,FALSE,2026-01,2026-06,2026-07-15
CPX-00844,Webroot CMS,,CMS-EG-CYBR-SOLP-SAAS-MDRSERVR,1.5,USD,Each,OBSERVED,Zuora usage tab,GSM bucket,2026-02-01,9999-12-31,TRUE,2026-02;2026-03;2026-04;2026-05,4,FALSE,2026-01,2026-06,2026-07-15
CPX-00845,Webroot CMS,,CMS-EG-CYBR-SOLP-SAAS-MDRSERVR,1.51,USD,Each,OBSERVED,Zuora usage tab,GSM bucket,2026-02-01,9999-12-31,TRUE,2026-02;2026-03;2026-04;2026-05,4,FALSE,2026-01,2026-06,2026-07-15
CPX-00846,Webroot CMS,,CMS-EG-CYBR-SOLP-SAAS-MDRSERVR,1.52,USD,Each,OBSERVED,Zuora usage tab,GSM bucket,2026-02-01,9999-12-31,TRUE,2026-02;2026-03;2026-04;2026-05,4,FALSE,2026-01,2026-06,2026-07-15
CPX-00847,Webroot CMS,,CMS-EG-CYBR-SOLP-SAAS-MDRSERVR,1.55,USD,Each,OBSERVED,Zuora usage tab,GSM bucket,2026-02-01,9999-12-31,TRUE,2026-02;2026-03;2026-04;2026-05,4,FALSE,2026-01,2026-06,2026-07-15
CPX-00848,Webroot CMS,,CMS-EG-CYBR-SOLP-SAAS-MDRSERVR,1.56,USD,Each,OBSERVED,Zuora usage tab,GSM bucket,2026-02-01,9999-12-31,TRUE,2026-02;2026-03;2026-04;2026-05,4,FALSE,2026-01,2026-06,2026-07-15
CPX-00849,Webroot CMS,,CMS-EG-CYBR-SOLP-SAAS-MDRSERVR,1.58,USD,Each,OBSERVED,Zuora usage tab,GSM bucket,2026-02-01,9999-12-31,TRUE,2026-02;2026-03;2026-04;2026-05,4,FALSE,2026-01,2026-06,2026-07-15
CPX-00850,Webroot CMS,,CMS-EG-CYBR-SOLP-SAAS-MDRSERVR,1.59,USD,Each,OBSERVED,Zuora usage tab,GSM bucket,2026-02-01,9999-12-31,TRUE,2026-02;2026-03;2026-04;2026-05,4,FALSE,2026-01,2026-06,2026-07-15
CPX-00851,Webroot CMS,,CMS-EG-CYBR-SOLP-SAAS-MDRSERVR,1.6,USD,Each,OBSERVED,Zuora usage tab,GSM bucket,2026-02-01,9999-12-31,TRUE,2026-02;2026-03;2026-04;2026-05,4,FALSE,2026-01,2026-06,2026-07-15
CPX-00852,Webroot CMS,,CMS-EG-CYBR-SOLP-SAAS-MDRSERVR,1.62,USD,Each,OBSERVED,Zuora usage tab,GSM bucket,2026-02-01,9999-12-31,TRUE,2026-02;2026-03;2026-04;2026-05,4,FALSE,2026-01,2026-06,2026-07-15
CPX-00853,Webroot CMS,,CMS-EG-CYBR-SOLP-SAAS-MDRSERVR,1.63,USD,Each,OBSERVED,Zuora usage tab,GSM bucket,2026-02-01,9999-12-31,TRUE,2026-02;2026-03;2026-04;2026-05,4,FALSE,2026-01,2026-06,2026-07-15
CPX-00854,Webroot CMS,,CMS-EG-CYBR-SOLP-SAAS-MDRSERVR,1.65,USD,Each,OBSERVED,Zuora usage tab,GSM bucket,2026-02-01,9999-12-31,TRUE,2026-02;2026-03;2026-04;2026-05,4,FALSE,2026-01,2026-06,2026-07-15
CPX-00855,Webroot CMS,,CMS-EG-CYBR-SOLP-SAAS-MDRSERVR,1.66,USD,Each,OBSERVED,Zuora usage tab,GSM bucket,2026-02-01,9999-12-31,TRUE,2026-02;2026-03;2026-04;2026-05,4,FALSE,2026-01,2026-06,2026-07-15
CPX-00856,Webroot CMS,,CMS-EG-CYBR-SOLP-SAAS-MDRSERVR,1.7,USD,Each,OBSERVED,Zuora usage tab,GSM bucket,2026-02-01,9999-12-31,TRUE,2026-02;2026-03;2026-04;2026-05,4,FALSE,2026-01,2026-06,2026-07-15
CPX-00857,Webroot CMS,,CMS-EG-CYBR-SOLP-SAAS-MDRSERVR,1.74,USD,Each,OBSERVED,Zuora usage tab,GSM bucket,2026-02-01,9999-12-31,TRUE,2026-02;2026-03;2026-04;2026-05,4,FALSE,2026-01,2026-06,2026-07-15
CPX-00858,Webroot CMS,,CMS-EG-CYBR-SOLP-SAAS-MDRSERVR,1.75,USD,Each,OBSERVED,Zuora usage tab,GSM bucket,2026-02-01,9999-12-31,TRUE,2026-02;2026-03;2026-04;2026-05,4,FALSE,2026-01,2026-06,2026-07-15
CPX-00859,Webroot CMS,,CMS-EG-CYBR-SOLP-SAAS-MDRSERVR,1.78,USD,Each,OBSERVED,Zuora usage tab,GSM bucket,2026-02-01,9999-12-31,TRUE,2026-02;2026-03;2026-04;2026-05,4,FALSE,2026-01,2026-06,2026-07-15
CPX-00860,Webroot CMS,,CMS-EG-CYBR-SOLP-SAAS-MDRSERVR,1.84,USD,Each,OBSERVED,Zuora usage tab,GSM bucket,2026-02-01,9999-12-31,TRUE,2026-02;2026-03;2026-04;2026-05,4,FALSE,2026-01,2026-06,2026-07-15
CPX-00861,Webroot CMS,,CMS-EG-CYBR-SOLP-SAAS-MDRSERVR,1.92,USD,Each,OBSERVED,Zuora usage tab,GSM bucket,2026-02-01,9999-12-31,TRUE,2026-02;2026-03;2026-04;2026-05,4,FALSE,2026-01,2026-06,2026-07-15
CPX-00862,Webroot CMS,,CMS-EG-CYBR-SOLP-SAAS-MDRSERVR,1.93,USD,Each,OBSERVED,Zuora usage tab,GSM bucket,2026-02-01,9999-12-31,TRUE,2026-02;2026-03;2026-04;2026-05,4,FALSE,2026-01,2026-06,2026-07-15
CPX-00863,Webroot CMS,,CMS-EG-CYBR-SOLP-SAAS-MDRSERVR,2.0,USD,Each,OBSERVED,Zuora usage tab,GSM bucket,2026-02-01,9999-12-31,TRUE,2026-02;2026-03;2026-04;2026-05,4,FALSE,2026-01,2026-06,2026-07-15
CPX-00864,Webroot CMS,,CMS-EG-CYBR-SOLP-SAAS-MDRSERVR,2.1,USD,Each,OBSERVED,Zuora usage tab,GSM bucket,2026-02-01,9999-12-31,TRUE,2026-02;2026-03;2026-04;2026-05,4,FALSE,2026-01,2026-06,2026-07-15
CPX-00865,Webroot CMS,,CMS-EG-CYBR-SOLP-SAAS-MDRSERVR,2.6,USD,Each,OBSERVED,Zuora usage tab,GSM bucket,2026-02-01,9999-12-31,TRUE,2026-02;2026-03;2026-04;2026-05,4,FALSE,2026-01,2026-06,2026-07-15
CPX-00866,Webroot CMS,,CMS-EG-CYBR-SOLP-SAAS-MDRSERVR,2.8,USD,Each,OBSERVED,Zuora usage tab,GSM bucket,2026-02-01,9999-12-31,TRUE,2026-02;2026-03;2026-04;2026-05,4,FALSE,2026-01,2026-06,2026-07-15
CPX-00867,Webroot CMS,,CMS-EG-CYBR-SOLP-SAAS-MDRSERVR,3.13,USD,Each,OBSERVED,Zuora usage tab,GSM bucket,2026-02-01,9999-12-31,TRUE,2026-02;2026-03;2026-04;2026-05,4,FALSE,2026-01,2026-06,2026-07-15
CPX-00868,Webroot CMS,,CMS-IH-CYBR-SOLP-SAAS-MDRDSKTP,1.1,USD,Each,OBSERVED,Zuora usage tab,GSM bucket,2026-02-01,9999-12-31,TRUE,2026-02;2026-03;2026-04;2026-05,4,FALSE,2026-01,2026-06,2026-07-15
CPX-00869,Webroot CMS,,CMS-IH-CYBR-SOLP-SAAS-MDRDSKTP,1.2,USD,Each,OBSERVED,Zuora usage tab,GSM bucket,2026-02-01,9999-12-31,TRUE,2026-02;2026-03;2026-04;2026-05,4,FALSE,2026-01,2026-06,2026-07-15
CPX-00870,Webroot CMS,,CMS-IH-CYBR-SOLP-SAAS-MDRDSKTP,1.35,USD,Each,OBSERVED,Zuora usage tab,GSM bucket,2026-02-01,9999-12-31,TRUE,2026-02;2026-03;2026-04;2026-05,4,FALSE,2026-01,2026-06,2026-07-15
CPX-00871,Webroot CMS,,CMS-IH-CYBR-SOLP-SAAS-MDRDSKTP,1.5,USD,Each,OBSERVED,Zuora usage tab,GSM bucket,2026-02-01,2026-02-28,FALSE,2026-02,1,FALSE,2026-01,2026-06,2026-07-15
CPX-00872,Webroot CMS,,CMS-IH-CYBR-SOLP-SAAS-MDRDSKTP,2.0,USD,Each,OBSERVED,Zuora usage tab,GSM bucket,2026-02-01,9999-12-31,TRUE,2026-02;2026-03;2026-04;2026-05,4,FALSE,2026-01,2026-06,2026-07-15
CPX-00873,Webroot CMS,,CMS-IH-CYBR-SOLP-SAAS-MDRDSKTP,2.07,USD,Each,OBSERVED,Zuora usage tab,GSM bucket,2026-05-01,9999-12-31,TRUE,2026-05,1,FALSE,2026-01,2026-06,2026-07-15
CPX-00874,Webroot CMS,,CMS-IH-CYBR-SOLP-SAAS-MDRDSKTP,2.1,USD,Each,OBSERVED,Zuora usage tab,GSM bucket,2026-02-01,9999-12-31,TRUE,2026-02;2026-03;2026-04;2026-05,4,FALSE,2026-01,2026-06,2026-07-15
CPX-00875,Webroot CMS,,CMS-IH-CYBR-SOLP-SAAS-MDRSERVR,0.77,USD,Each,OBSERVED,Zuora usage tab,GSM bucket,2026-02-01,9999-12-31,TRUE,2026-02;2026-03;2026-04;2026-05,4,FALSE,2026-01,2026-06,2026-07-15
CPX-00876,Webroot CMS,,CMS-IH-CYBR-SOLP-SAAS-MDRSERVR,0.88,USD,Each,OBSERVED,Zuora usage tab,GSM bucket,2026-02-01,9999-12-31,TRUE,2026-02;2026-03;2026-04;2026-05,4,FALSE,2026-01,2026-06,2026-07-15
CPX-00877,Webroot CMS,,CMS-IH-CYBR-SOLP-SAAS-MDRSERVR,0.97,USD,Each,OBSERVED,Zuora usage tab,GSM bucket,2026-02-01,9999-12-31,TRUE,2026-02;2026-03;2026-04;2026-05,4,FALSE,2026-01,2026-06,2026-07-15
CPX-00878,Webroot CMS,,CMS-IH-CYBR-SOLP-SAAS-MDRSERVR,1.0,USD,Each,OBSERVED,Zuora usage tab,GSM bucket,2026-02-01,9999-12-31,TRUE,2026-02;2026-03;2026-04;2026-05,4,FALSE,2026-01,2026-06,2026-07-15
CPX-00879,Webroot CMS,,CMS-IH-CYBR-SOLP-SAAS-MDRSERVR,1.06,USD,Each,OBSERVED,Zuora usage tab,GSM bucket,2026-02-01,9999-12-31,TRUE,2026-02;2026-03;2026-04;2026-05,4,FALSE,2026-01,2026-06,2026-07-15
CPX-00880,Webroot CMS,,CMS-IH-CYBR-SOLP-SAAS-MDRSERVR,1.1,USD,Each,OBSERVED,Zuora usage tab,GSM bucket,2026-02-01,9999-12-31,TRUE,2026-02;2026-03;2026-04;2026-05,4,FALSE,2026-01,2026-06,2026-07-15
CPX-00881,Webroot CMS,,CMS-IH-CYBR-SOLP-SAAS-MDRSERVR,1.14,USD,Each,OBSERVED,Zuora usage tab,GSM bucket,2026-02-01,9999-12-31,TRUE,2026-02;2026-03;2026-04;2026-05,4,FALSE,2026-01,2026-06,2026-07-15
CPX-00882,Webroot CMS,,CMS-IH-CYBR-SOLP-SAAS-MDRSERVR,1.16,USD,Each,OBSERVED,Zuora usage tab,GSM bucket,2026-02-01,2026-04-30,FALSE,2026-02;2026-03;2026-04,3,FALSE,2026-01,2026-06,2026-07-15
CPX-00883,Webroot CMS,,CMS-IH-CYBR-SOLP-SAAS-MDRSERVR,1.17,USD,Each,OBSERVED,Zuora usage tab,GSM bucket,2026-02-01,9999-12-31,TRUE,2026-02;2026-03;2026-04;2026-05,4,FALSE,2026-01,2026-06,2026-07-15
CPX-00884,Webroot CMS,,CMS-IH-CYBR-SOLP-SAAS-MDRSERVR,1.21,USD,Each,OBSERVED,Zuora usage tab,GSM bucket,2026-02-01,9999-12-31,TRUE,2026-02;2026-03;2026-04;2026-05,4,FALSE,2026-01,2026-06,2026-07-15
CPX-00885,Webroot CMS,,CMS-IH-CYBR-SOLP-SAAS-MDRSERVR,1.22,USD,Each,OBSERVED,Zuora usage tab,GSM bucket,2026-02-01,9999-12-31,TRUE,2026-02;2026-03;2026-04;2026-05,4,FALSE,2026-01,2026-06,2026-07-15
CPX-00886,Webroot CMS,,CMS-IH-CYBR-SOLP-SAAS-MDRSERVR,1.32,USD,Each,OBSERVED,Zuora usage tab,GSM bucket,2026-02-01,9999-12-31,TRUE,2026-02;2026-03;2026-04;2026-05,4,FALSE,2026-01,2026-06,2026-07-15
CPX-00887,Webroot CMS,,CMS-IH-CYBR-SOLP-SAAS-MDRSERVR,1.37,USD,Each,OBSERVED,Zuora usage tab,GSM bucket,2026-05-01,9999-12-31,TRUE,2026-05,1,FALSE,2026-01,2026-06,2026-07-15
CPX-00888,Webroot CMS,,CMS-IH-CYBR-SOLP-SAAS-MDRSERVR,1.44,USD,Each,OBSERVED,Zuora usage tab,GSM bucket,2026-02-01,9999-12-31,TRUE,2026-02;2026-03;2026-04;2026-05,4,FALSE,2026-01,2026-06,2026-07-15
CPX-00889,Webroot CMS,,CMS-IH-CYBR-SOLP-SAAS-MDRSERVR,1.46,USD,Each,OBSERVED,Zuora usage tab,GSM bucket,2026-05-01,9999-12-31,TRUE,2026-05,1,FALSE,2026-01,2026-06,2026-07-15
CPX-00890,Webroot CMS,,CMS-IH-CYBR-SOLP-SAAS-MDRSERVR,1.47,USD,Each,OBSERVED,Zuora usage tab,GSM bucket,2026-02-01,9999-12-31,TRUE,2026-02;2026-03;2026-04;2026-05,4,FALSE,2026-01,2026-06,2026-07-15
CPX-00891,Webroot CMS,,CMS-IH-CYBR-SOLP-SAAS-MDRSERVR,1.5,USD,Each,OBSERVED,Zuora usage tab,GSM bucket,2026-02-01,9999-12-31,TRUE,2026-02;2026-03;2026-04;2026-05,4,FALSE,2026-01,2026-06,2026-07-15
CPX-00892,Webroot CMS,,CMS-IH-CYBR-SOLP-SAAS-MDRSERVR,1.52,USD,Each,OBSERVED,Zuora usage tab,GSM bucket,2026-02-01,9999-12-31,TRUE,2026-02;2026-03;2026-04;2026-05,4,FALSE,2026-01,2026-06,2026-07-15
CPX-00893,Webroot CMS,,CMS-IH-CYBR-SOLP-SAAS-MDRSERVR,1.54,USD,Each,OBSERVED,Zuora usage tab,GSM bucket,2026-02-01,9999-12-31,TRUE,2026-02;2026-03;2026-04;2026-05,4,FALSE,2026-01,2026-06,2026-07-15
CPX-00894,Webroot CMS,,CMS-IH-CYBR-SOLP-SAAS-MDRSERVR,1.55,USD,Each,OBSERVED,Zuora usage tab,GSM bucket,2026-02-01,9999-12-31,TRUE,2026-02;2026-03;2026-04;2026-05,4,FALSE,2026-01,2026-06,2026-07-15
CPX-00895,Webroot CMS,,CMS-IH-CYBR-SOLP-SAAS-MDRSERVR,1.56,USD,Each,OBSERVED,Zuora usage tab,GSM bucket,2026-02-01,9999-12-31,TRUE,2026-02;2026-03;2026-04;2026-05,4,FALSE,2026-01,2026-06,2026-07-15
CPX-00896,Webroot CMS,,CMS-IH-CYBR-SOLP-SAAS-MDRSERVR,1.57,USD,Each,OBSERVED,Zuora usage tab,GSM bucket,2026-02-01,9999-12-31,TRUE,2026-02;2026-03;2026-04;2026-05,4,FALSE,2026-01,2026-06,2026-07-15
CPX-00897,Webroot CMS,,CMS-IH-CYBR-SOLP-SAAS-MDRSERVR,1.58,USD,Each,OBSERVED,Zuora usage tab,GSM bucket,2026-02-01,9999-12-31,TRUE,2026-02;2026-03;2026-04;2026-05,4,FALSE,2026-01,2026-06,2026-07-15
CPX-00898,Webroot CMS,,CMS-IH-CYBR-SOLP-SAAS-MDRSERVR,1.6,USD,Each,OBSERVED,Zuora usage tab,GSM bucket,2026-02-01,9999-12-31,TRUE,2026-02;2026-03;2026-04;2026-05,4,FALSE,2026-01,2026-06,2026-07-15
CPX-00899,Webroot CMS,,CMS-IH-CYBR-SOLP-SAAS-MDRSERVR,1.63,USD,Each,OBSERVED,Zuora usage tab,GSM bucket,2026-02-01,9999-12-31,TRUE,2026-02;2026-03;2026-04;2026-05,4,FALSE,2026-01,2026-06,2026-07-15
CPX-00900,Webroot CMS,,CMS-IH-CYBR-SOLP-SAAS-MDRSERVR,1.67,USD,Each,OBSERVED,Zuora usage tab,GSM bucket,2026-02-01,2026-03-31,FALSE,2026-02;2026-03,2,FALSE,2026-01,2026-06,2026-07-15
CPX-00901,Webroot CMS,,CMS-IH-CYBR-SOLP-SAAS-MDRSERVR,1.76,USD,Each,OBSERVED,Zuora usage tab,GSM bucket,2026-02-01,2026-03-31,FALSE,2026-02;2026-03,2,FALSE,2026-01,2026-06,2026-07-15
CPX-00902,Webroot CMS,,CMS-IH-CYBR-SOLP-SAAS-MDRSERVR,1.8,USD,Each,OBSERVED,Zuora usage tab,GSM bucket,2026-02-01,9999-12-31,TRUE,2026-02;2026-03;2026-04;2026-05,4,FALSE,2026-01,2026-06,2026-07-15
CPX-00903,Webroot CMS,,CMS-IH-CYBR-SOLP-SAAS-MDRSERVR,1.81,USD,Each,OBSERVED,Zuora usage tab,GSM bucket,2026-02-01,9999-12-31,TRUE,2026-02;2026-03;2026-04;2026-05,4,FALSE,2026-01,2026-06,2026-07-15
CPX-00904,Webroot CMS,,CMS-IH-CYBR-SOLP-SAAS-MDRSERVR,1.82,USD,Each,OBSERVED,Zuora usage tab,GSM bucket,2026-02-01,9999-12-31,TRUE,2026-02;2026-03;2026-04;2026-05,4,FALSE,2026-01,2026-06,2026-07-15
CPX-00905,Webroot CMS,,CMS-IH-CYBR-SOLP-SAAS-MDRSERVR,1.85,USD,Each,OBSERVED,Zuora usage tab,GSM bucket,2026-02-01,9999-12-31,TRUE,2026-02;2026-03;2026-04;2026-05,4,FALSE,2026-01,2026-06,2026-07-15
CPX-00906,Webroot CMS,,CMS-IH-CYBR-SOLP-SAAS-MDRSERVR,1.86,USD,Each,OBSERVED,Zuora usage tab,GSM bucket,2026-02-01,9999-12-31,TRUE,2026-02;2026-03;2026-04;2026-05,4,FALSE,2026-01,2026-06,2026-07-15
CPX-00907,Webroot CMS,,CMS-IH-CYBR-SOLP-SAAS-MDRSERVR,1.92,USD,Each,OBSERVED,Zuora usage tab,GSM bucket,2026-04-01,9999-12-31,TRUE,2026-04;2026-05,2,FALSE,2026-01,2026-06,2026-07-15
CPX-00908,Webroot CMS,,CMS-IH-CYBR-SOLP-SAAS-MDRSERVR,1.95,USD,Each,OBSERVED,Zuora usage tab,GSM bucket,2026-02-01,9999-12-31,TRUE,2026-02;2026-03;2026-04;2026-05,4,FALSE,2026-01,2026-06,2026-07-15
CPX-00909,Webroot CMS,,CMS-IH-CYBR-SOLP-SAAS-MDRSERVR,2.0,USD,Each,OBSERVED,Zuora usage tab,GSM bucket,2026-02-01,9999-12-31,TRUE,2026-02;2026-03;2026-04;2026-05,4,FALSE,2026-01,2026-06,2026-07-15
CPX-00910,Webroot CMS,,CMS-IH-CYBR-SOLP-SAAS-MDRSERVR,2.03,USD,Each,OBSERVED,Zuora usage tab,GSM bucket,2026-02-01,9999-12-31,TRUE,2026-02;2026-03;2026-04;2026-05,4,FALSE,2026-01,2026-06,2026-07-15
CPX-00911,Webroot CMS,,CMS-IH-CYBR-SOLP-SAAS-MDRSERVR,2.05,USD,Each,OBSERVED,Zuora usage tab,GSM bucket,2026-02-01,9999-12-31,TRUE,2026-02;2026-03;2026-04;2026-05,4,FALSE,2026-01,2026-06,2026-07-15
CPX-00912,Webroot CMS,,CMS-IH-CYBR-SOLP-SAAS-MDRSERVR,2.1,USD,Each,OBSERVED,Zuora usage tab,GSM bucket,2026-02-01,9999-12-31,TRUE,2026-02;2026-03;2026-04;2026-05,4,FALSE,2026-01,2026-06,2026-07-15
CPX-00913,Webroot CMS,,CMS-IH-CYBR-SOLP-SAAS-MDRSERVR,2.19,USD,Each,OBSERVED,Zuora usage tab,GSM bucket,2026-02-01,2026-04-30,FALSE,2026-02;2026-03;2026-04,3,FALSE,2026-01,2026-06,2026-07-15
CPX-00914,Webroot CMS,,CMS-IH-CYBR-SOLP-SAAS-MDRSERVR,3.13,USD,Each,OBSERVED,Zuora usage tab,GSM bucket,2026-02-01,9999-12-31,TRUE,2026-02;2026-03;2026-04;2026-05,4,FALSE,2026-01,2026-06,2026-07-15
CPX-00915,Webroot CMS,,CU-WEBROOT-EPP-RMM,0.5,USD,Each,OBSERVED,Zuora usage tab,GSM bucket,2026-04-01,9999-12-31,TRUE,2026-04;2026-05,2,FALSE,2026-01,2026-06,2026-07-15
CPX-00916,Webroot CMS,,CU-WEBROOT-EPP-RMM,0.52,USD,Each,OBSERVED,Zuora usage tab,GSM bucket,2026-01-01,9999-12-31,TRUE,2026-01;2026-02;2026-03;2026-04;2026-05,5,FALSE,2026-01,2026-06,2026-07-15
CPX-00917,Webroot CMS,,CU-WEBROOT-EPP-RMM,0.53,USD,Each,OBSERVED,Zuora usage tab,GSM bucket,2026-01-01,9999-12-31,TRUE,2026-01;2026-02;2026-03;2026-04;2026-05,5,FALSE,2026-01,2026-06,2026-07-15
CPX-00918,Webroot CMS,,CU-WEBROOT-EPP-RMM,0.54,USD,Each,OBSERVED,Zuora usage tab,GSM bucket,2026-01-01,9999-12-31,TRUE,2026-01;2026-02;2026-03;2026-04;2026-05,5,FALSE,2026-01,2026-06,2026-07-15
CPX-00919,Webroot CMS,,CU-WEBROOT-EPP-RMM,0.55,USD,Each,OBSERVED,Zuora usage tab,GSM bucket,2026-01-01,9999-12-31,TRUE,2026-01;2026-02;2026-03;2026-04;2026-05,5,FALSE,2026-01,2026-06,2026-07-15
CPX-00920,Webroot CMS,,CU-WEBROOT-EPP-RMM,0.58,USD,Each,OBSERVED,Zuora usage tab,GSM bucket,2026-01-01,9999-12-31,TRUE,2026-01;2026-02;2026-03;2026-04;2026-05,5,FALSE,2026-01,2026-06,2026-07-15
CPX-00921,Webroot CMS,,CU-WEBROOT-EPP-RMM,0.59,USD,Each,OBSERVED,Zuora usage tab,GSM bucket,2026-01-01,9999-12-31,TRUE,2026-01;2026-02;2026-03;2026-04;2026-05,5,FALSE,2026-01,2026-06,2026-07-15
CPX-00922,Webroot CMS,,CU-WEBROOT-EPP-RMM,0.6,USD,Each,OBSERVED,Zuora usage tab,GSM bucket,2026-01-01,9999-12-31,TRUE,2026-01;2026-02;2026-03;2026-04;2026-05,5,FALSE,2026-01,2026-06,2026-07-15
CPX-00923,Webroot CMS,,CU-WEBROOT-EPP-RMM,0.62,USD,Each,OBSERVED,Zuora usage tab,GSM bucket,2026-01-01,9999-12-31,TRUE,2026-01;2026-02;2026-03;2026-04;2026-05,5,FALSE,2026-01,2026-06,2026-07-15
CPX-00924,Webroot CMS,,CU-WEBROOT-EPP-RMM,0.63,USD,Each,OBSERVED,Zuora usage tab,GSM bucket,2026-01-01,9999-12-31,TRUE,2026-01;2026-02;2026-03;2026-04;2026-05,5,FALSE,2026-01,2026-06,2026-07-15
CPX-00925,Webroot CMS,,CU-WEBROOT-EPP-RMM,0.64,USD,Each,OBSERVED,Zuora usage tab,GSM bucket,2026-04-01,9999-12-31,TRUE,2026-04;2026-05,2,FALSE,2026-01,2026-06,2026-07-15
CPX-00926,Webroot CMS,,CU-WEBROOT-EPP-RMM,0.65,USD,Each,OBSERVED,Zuora usage tab,GSM bucket,2026-01-01,9999-12-31,TRUE,2026-01;2026-02;2026-03;2026-04;2026-05,5,FALSE,2026-01,2026-06,2026-07-15
CPX-00927,Webroot CMS,,CU-WEBROOT-EPP-RMM,0.68,USD,Each,OBSERVED,Zuora usage tab,GSM bucket,2026-01-01,9999-12-31,TRUE,2026-01;2026-02;2026-03;2026-04;2026-05,5,FALSE,2026-01,2026-06,2026-07-15
CPX-00928,Webroot CMS,,CU-WEBROOT-EPP-RMM,0.69,USD,Each,OBSERVED,Zuora usage tab,GSM bucket,2026-01-01,9999-12-31,TRUE,2026-01;2026-02;2026-03;2026-04;2026-05,5,FALSE,2026-01,2026-06,2026-07-15
CPX-00929,Webroot CMS,,CU-WEBROOT-EPP-RMM,0.7,USD,Each,OBSERVED,Zuora usage tab,GSM bucket,2026-01-01,9999-12-31,TRUE,2026-01;2026-02;2026-03;2026-04;2026-05,5,FALSE,2026-01,2026-06,2026-07-15
CPX-00930,Webroot CMS,,CU-WEBROOT-EPP-RMM,0.71,USD,Each,OBSERVED,Zuora usage tab,GSM bucket,2026-01-01,9999-12-31,TRUE,2026-01;2026-02;2026-03;2026-04;2026-05,5,FALSE,2026-01,2026-06,2026-07-15
CPX-00931,Webroot CMS,,CU-WEBROOT-EPP-RMM,0.72,USD,Each,OBSERVED,Zuora usage tab,GSM bucket,2026-01-01,9999-12-31,TRUE,2026-01;2026-02;2026-03;2026-04;2026-05,5,FALSE,2026-01,2026-06,2026-07-15
CPX-00932,Webroot CMS,,CU-WEBROOT-EPP-RMM,0.74,USD,Each,OBSERVED,Zuora usage tab,GSM bucket,2026-01-01,9999-12-31,TRUE,2026-01;2026-02;2026-03;2026-04;2026-05,5,FALSE,2026-01,2026-06,2026-07-15
CPX-00933,Webroot CMS,,CU-WEBROOT-EPP-RMM,0.75,USD,Each,OBSERVED,Zuora usage tab,GSM bucket,2026-01-01,9999-12-31,TRUE,2026-01;2026-02;2026-03;2026-04;2026-05,5,FALSE,2026-01,2026-06,2026-07-15
CPX-00934,Webroot CMS,,CU-WEBROOT-EPP-RMM,0.76,USD,Each,OBSERVED,Zuora usage tab,GSM bucket,2026-01-01,9999-12-31,TRUE,2026-01;2026-02;2026-03;2026-04;2026-05,5,FALSE,2026-01,2026-06,2026-07-15
CPX-00935,Webroot CMS,,CU-WEBROOT-EPP-RMM,0.77,USD,Each,OBSERVED,Zuora usage tab,GSM bucket,2026-01-01,9999-12-31,TRUE,2026-01;2026-02;2026-03;2026-04;2026-05,5,FALSE,2026-01,2026-06,2026-07-15
CPX-00936,Webroot CMS,,CU-WEBROOT-EPP-RMM,0.8,USD,Each,OBSERVED,Zuora usage tab,GSM bucket,2026-01-01,9999-12-31,TRUE,2026-01;2026-02;2026-03;2026-04;2026-05,5,FALSE,2026-01,2026-06,2026-07-15
CPX-00937,Webroot CMS,,CU-WEBROOT-EPP-RMM,0.81,USD,Each,OBSERVED,Zuora usage tab,GSM bucket,2026-01-01,9999-12-31,TRUE,2026-01;2026-02;2026-03;2026-04;2026-05,5,FALSE,2026-01,2026-06,2026-07-15
CPX-00938,Webroot CMS,,CU-WEBROOT-EPP-RMM,0.83,USD,Each,OBSERVED,Zuora usage tab,GSM bucket,2026-01-01,9999-12-31,TRUE,2026-01;2026-02;2026-03;2026-04;2026-05,5,FALSE,2026-01,2026-06,2026-07-15
CPX-00939,Webroot CMS,,CU-WEBROOT-EPP-RMM,0.84,USD,Each,OBSERVED,Zuora usage tab,GSM bucket,2026-01-01,2026-02-28,FALSE,2026-01;2026-02,2,FALSE,2026-01,2026-06,2026-07-15
CPX-00940,Webroot CMS,,CU-WEBROOT-EPP-RMM,0.85,USD,Each,OBSERVED,Zuora usage tab,GSM bucket,2026-01-01,9999-12-31,TRUE,2026-01;2026-02;2026-03;2026-04;2026-05,5,FALSE,2026-01,2026-06,2026-07-15
CPX-00941,Webroot CMS,,CU-WEBROOT-EPP-RMM,0.86,USD,Each,OBSERVED,Zuora usage tab,GSM bucket,2026-01-01,9999-12-31,TRUE,2026-01;2026-02;2026-03;2026-04;2026-05,5,FALSE,2026-01,2026-06,2026-07-15
CPX-00942,Webroot CMS,,CU-WEBROOT-EPP-RMM,0.88,USD,Each,OBSERVED,Zuora usage tab,GSM bucket,2026-04-01,9999-12-31,TRUE,2026-04;2026-05,2,FALSE,2026-01,2026-06,2026-07-15
CPX-00943,Webroot CMS,,CU-WEBROOT-EPP-RMM,0.89,USD,Each,OBSERVED,Zuora usage tab,GSM bucket,2026-01-01,9999-12-31,TRUE,2026-01;2026-02;2026-03;2026-04;2026-05,5,FALSE,2026-01,2026-06,2026-07-15
CPX-00944,Webroot CMS,,CU-WEBROOT-EPP-RMM,0.9,USD,Each,OBSERVED,Zuora usage tab,GSM bucket,2026-01-01,9999-12-31,TRUE,2026-01;2026-02;2026-03;2026-04;2026-05,5,FALSE,2026-01,2026-06,2026-07-15
CPX-00945,Webroot CMS,,CU-WEBROOT-EPP-RMM,0.92,USD,Each,OBSERVED,Zuora usage tab,GSM bucket,2026-01-01,9999-12-31,TRUE,2026-01;2026-02;2026-03;2026-04;2026-05,5,FALSE,2026-01,2026-06,2026-07-15
CPX-00946,Webroot CMS,,CU-WEBROOT-EPP-RMM,0.95,USD,Each,OBSERVED,Zuora usage tab,GSM bucket,2026-01-01,9999-12-31,TRUE,2026-01;2026-02;2026-03;2026-04;2026-05,5,FALSE,2026-01,2026-06,2026-07-15
CPX-00947,Webroot CMS,,CU-WEBROOT-EPP-RMM,0.99,USD,Each,OBSERVED,Zuora usage tab,GSM bucket,2026-01-01,9999-12-31,TRUE,2026-01;2026-02;2026-03;2026-04;2026-05,5,FALSE,2026-01,2026-06,2026-07-15
CPX-00948,Webroot CMS,,CU-WEBROOT-EPP-RMM,1.0,USD,Each,OBSERVED,Zuora usage tab,GSM bucket,2026-01-01,9999-12-31,TRUE,2026-01;2026-02;2026-03;2026-04;2026-05,5,FALSE,2026-01,2026-06,2026-07-15
CPX-00949,Webroot CMS,,CU-WEBROOT-EPP-RMM,1.01,USD,Each,OBSERVED,Zuora usage tab,GSM bucket,2026-01-01,9999-12-31,TRUE,2026-01;2026-02;2026-03;2026-04;2026-05,5,FALSE,2026-01,2026-06,2026-07-15
CPX-00950,Webroot CMS,,CU-WEBROOT-EPP-RMM,1.04,USD,Each,OBSERVED,Zuora usage tab,GSM bucket,2026-01-01,9999-12-31,TRUE,2026-01;2026-02;2026-03;2026-04;2026-05,5,FALSE,2026-01,2026-06,2026-07-15
CPX-00951,Webroot CMS,,CU-WEBROOT-EPP-RMM,1.06,USD,Each,OBSERVED,Zuora usage tab,GSM bucket,2026-01-01,9999-12-31,TRUE,2026-01;2026-02;2026-03;2026-04;2026-05,5,FALSE,2026-01,2026-06,2026-07-15
CPX-00952,Webroot CMS,,CU-WEBROOT-EPP-RMM,1.08,USD,Each,OBSERVED,Zuora usage tab,GSM bucket,2026-01-01,9999-12-31,TRUE,2026-01;2026-02;2026-03;2026-04;2026-05,5,FALSE,2026-01,2026-06,2026-07-15
CPX-00953,Webroot CMS,,CU-WEBROOT-EPP-RMM,1.1,USD,Each,OBSERVED,Zuora usage tab,GSM bucket,2026-01-01,9999-12-31,TRUE,2026-01;2026-02;2026-03;2026-04;2026-05,5,FALSE,2026-01,2026-06,2026-07-15
CPX-00954,Webroot CMS,,CU-WEBROOT-EPP-RMM,1.11,USD,Each,OBSERVED,Zuora usage tab,GSM bucket,2026-01-01,9999-12-31,TRUE,2026-01;2026-02;2026-03;2026-04;2026-05,5,FALSE,2026-01,2026-06,2026-07-15
CPX-00955,Webroot CMS,,CU-WEBROOT-EPP-RMM,1.15,USD,Each,OBSERVED,Zuora usage tab,GSM bucket,2026-01-01,9999-12-31,TRUE,2026-01;2026-02;2026-03;2026-04;2026-05,5,FALSE,2026-01,2026-06,2026-07-15
CPX-00956,Webroot CMS,,CU-WEBROOT-EPP-RMM,1.2,USD,Each,OBSERVED,Zuora usage tab,GSM bucket,2026-01-01,9999-12-31,TRUE,2026-01;2026-02;2026-03;2026-04;2026-05,5,FALSE,2026-01,2026-06,2026-07-15
CPX-00957,Webroot CMS,,CU-WEBROOT-EPP-RMM,1.25,USD,Each,OBSERVED,Zuora usage tab,GSM bucket,2026-01-01,9999-12-31,TRUE,2026-01;2026-02;2026-03;2026-04;2026-05,5,FALSE,2026-01,2026-06,2026-07-15
CPX-00958,Webroot CMS,,CU-WEBROOT-EPP-RMM,1.3,USD,Each,OBSERVED,Zuora usage tab,GSM bucket,2026-03-01,9999-12-31,TRUE,2026-03;2026-04;2026-05,3,FALSE,2026-01,2026-06,2026-07-15
CPX-00959,Webroot CMS,,CU-WEBROOT-EPP-RMM,1.35,USD,Each,OBSERVED,Zuora usage tab,GSM bucket,2026-01-01,9999-12-31,TRUE,2026-01;2026-02;2026-03;2026-04;2026-05,5,FALSE,2026-01,2026-06,2026-07-15
CPX-00960,Webroot CMS,,CU-WEBROOT-EPP-RMM,1.46,USD,Each,OBSERVED,Zuora usage tab,GSM bucket,2026-02-01,9999-12-31,TRUE,2026-02;2026-03;2026-04;2026-05,4,FALSE,2026-01,2026-06,2026-07-15
CPX-00961,Webroot CMS,,CU-WEBROOT-EPP-RMM,1.48,USD,Each,OBSERVED,Zuora usage tab,GSM bucket,2026-01-01,9999-12-31,TRUE,2026-01;2026-02;2026-03;2026-04;2026-05,5,FALSE,2026-01,2026-06,2026-07-15
CPX-00962,Webroot CMS,,CU-WEBROOT-EPP-RMM,1.5,USD,Each,OBSERVED,Zuora usage tab,GSM bucket,2026-01-01,9999-12-31,TRUE,2026-01;2026-02;2026-03;2026-04;2026-05,5,FALSE,2026-01,2026-06,2026-07-15
CPX-00963,Webroot CMS,,CU-WEBROOT-EPP-RMM,1.71,USD,Each,OBSERVED,Zuora usage tab,GSM bucket,2026-01-01,9999-12-31,TRUE,2026-01;2026-02;2026-03;2026-04;2026-05,5,FALSE,2026-01,2026-06,2026-07-15
CPX-00964,Webroot CMS,,CU-WEBROOT-EPP-RMM,1.78,USD,Each,OBSERVED,Zuora usage tab,GSM bucket,2026-01-01,9999-12-31,TRUE,2026-01;2026-02;2026-03;2026-04;2026-05,5,FALSE,2026-01,2026-06,2026-07-15
CPX-00965,Webroot CMS,,CU-WEBROOT-EPP-RMM,1.85,USD,Each,OBSERVED,Zuora usage tab,GSM bucket,2026-01-01,9999-12-31,TRUE,2026-01;2026-02;2026-03;2026-04;2026-05,5,FALSE,2026-01,2026-06,2026-07-15
CPX-00966,Webroot CMS,,CU-WEBROOT-EPP-RMM,1.95,USD,Each,OBSERVED,Zuora usage tab,GSM bucket,2026-01-01,9999-12-31,TRUE,2026-01;2026-02;2026-03;2026-04;2026-05,5,FALSE,2026-01,2026-06,2026-07-15
CPX-00967,Webroot CMS,,CU-WEBROOT-EPP-RMM,2.0,USD,Each,OBSERVED,Zuora usage tab,GSM bucket,2026-01-01,9999-12-31,TRUE,2026-01;2026-02;2026-03;2026-04;2026-05,5,FALSE,2026-01,2026-06,2026-07-15
CPX-00968,Webroot CMS,,CU-WEBROOT-EPP-RMM,2.05,USD,Each,OBSERVED,Zuora usage tab,GSM bucket,2026-04-01,2026-04-30,FALSE,2026-04,1,FALSE,2026-01,2026-06,2026-07-15
CPX-00969,Webroot CMS,,CW-RMM-WR-EEP-OVERAG,0.73,USD,Each,OBSERVED,Zuora usage tab,GSM bucket,2026-01-01,9999-12-31,TRUE,2026-01;2026-02;2026-03;2026-04;2026-05,5,FALSE,2026-01,2026-06,2026-07-15
CPX-00970,Webroot CMS,,CW-RMM-WR-EEP-OVERAG,0.77,USD,Each,OBSERVED,Zuora usage tab,GSM bucket,2026-03-01,2026-03-31,FALSE,2026-03,1,FALSE,2026-01,2026-06,2026-07-15
CPX-00971,Webroot CMS,,CW-RMM-WR-EEP-OVERAG,1.0,USD,Each,OBSERVED,Zuora usage tab,GSM bucket,2026-04-01,2026-04-30,FALSE,2026-04,1,FALSE,2026-01,2026-06,2026-07-15
CPX-00972,Webroot CMS,,CW-RMM-WR-EEP-OVERAG,1.21,USD,Each,OBSERVED,Zuora usage tab,GSM bucket,2026-01-01,9999-12-31,TRUE,2026-01;2026-02;2026-03;2026-04;2026-05,5,FALSE,2026-01,2026-06,2026-07-15
CPX-00973,Webroot CMS,,CW-RMM-WR-EEP-OVERAG,1.35,USD,Each,OBSERVED,Zuora usage tab,GSM bucket,2026-01-01,9999-12-31,TRUE,2026-01;2026-02;2026-03;2026-04;2026-05,5,FALSE,2026-01,2026-06,2026-07-15
CPX-00974,Webroot CMS,,CW-RMM-WR-EEP-OVERAG,1.5,USD,Each,OBSERVED,Zuora usage tab,GSM bucket,2026-03-01,9999-12-31,TRUE,2026-03;2026-04;2026-05,3,FALSE,2026-01,2026-06,2026-07-15
CPX-00975,Webroot CMS,SAEP,,0.52,,,OBSERVED,Vendor usage tab,Webroot vendor retail price; family=GSM,2026-01-01,9999-12-31,TRUE,2026-01;2026-02;2026-03;2026-04;2026-05,5,FALSE,2026-01,2026-06,2026-07-15
CPX-00976,Webroot CMS,SDNS,,0.53,,,OBSERVED,Vendor usage tab,Webroot vendor retail price; family=DNS,2026-01-01,9999-12-31,TRUE,2026-01;2026-02;2026-03;2026-04;2026-05,5,FALSE,2026-01,2026-06,2026-07-15
CPX-00977,Webroot CMS,SECA,,0.35,,,OBSERVED,Vendor usage tab,Webroot vendor retail price; family=SAT,2026-01-01,9999-12-31,TRUE,2026-01;2026-02;2026-03;2026-04;2026-05,5,FALSE,2026-01,2026-06,2026-07-15
CPX-00978,Webroot CW,,3PARTYONPREMWRSECBEP,1.1,USD,Each,OBSERVED,Zuora usage tab,GSM bucket,2026-01-01,2026-04-30,FALSE,2026-01;2026-02;2026-03;2026-04,4,FALSE,2026-01,2026-06,2026-07-15
CPX-00979,Webroot CW,,3PARTYONPREMWRSECBEP,1.23,USD,Each,OBSERVED,Zuora usage tab,GSM bucket,2026-01-01,9999-12-31,TRUE,2026-01;2026-02;2026-03;2026-04;2026-05,5,FALSE,2026-01,2026-06,2026-07-15
CPX-00980,Webroot CW,,3PARTYONPREMWRSECBEP,1.24,USD,Each,OBSERVED,Zuora usage tab,GSM bucket,2026-01-01,9999-12-31,TRUE,2026-01;2026-02;2026-03;2026-04;2026-05,5,FALSE,2026-01,2026-06,2026-07-15
CPX-00981,Webroot CW,,3RDPARTYSAASIITBUEPP,1.0,USD,Agent,OBSERVED,Zuora usage tab,GSM bucket,2026-01-01,9999-12-31,TRUE,2026-01;2026-02;2026-03;2026-04;2026-05,5,FALSE,2026-01,2026-06,2026-07-15
CPX-00982,Webroot CW,,3RDPARTYSAASIITBUEPP,1.2,USD,Agent,OBSERVED,Zuora usage tab,GSM bucket,2026-01-01,9999-12-31,TRUE,2026-01;2026-02;2026-03;2026-04;2026-05,5,FALSE,2026-01,2026-06,2026-07-15
CPX-00983,Webroot CW,,3RDPARTYSAASIITBUEPP,1.35,USD,Agent,OBSERVED,Zuora usage tab,GSM bucket,2026-01-01,9999-12-31,TRUE,2026-01;2026-02;2026-03;2026-04;2026-05,5,FALSE,2026-01,2026-06,2026-07-15
CPX-00984,Webroot CW,,3RDPARTYSAASIITBUEPP,1.48,USD,Agent,OBSERVED,Zuora usage tab,GSM bucket,2026-01-01,9999-12-31,TRUE,2026-01;2026-02;2026-03;2026-04;2026-05,5,FALSE,2026-01,2026-06,2026-07-15
CPX-00985,Webroot CW,,3RDPARTYSAASIITBUEPP,1.49,USD,Agent,OBSERVED,Zuora usage tab,GSM bucket,2026-01-01,9999-12-31,TRUE,2026-01;2026-02;2026-03;2026-04;2026-05,5,FALSE,2026-01,2026-06,2026-07-15
CPX-00986,Webroot CW,,3RDPARTYSAASIITBUEPP,1.5,USD,Agent,OBSERVED,Zuora usage tab,GSM bucket,2026-01-01,9999-12-31,TRUE,2026-01;2026-02;2026-03;2026-04;2026-05,5,FALSE,2026-01,2026-06,2026-07-15
CPX-00987,Webroot CW,,3RDPARTYSAASIITBUEPP,1.55,USD,Agent,OBSERVED,Zuora usage tab,GSM bucket,2026-01-01,9999-12-31,TRUE,2026-01;2026-02;2026-03;2026-04;2026-05,5,FALSE,2026-01,2026-06,2026-07-15
CPX-00988,Webroot CW,,3RDPARTYSAASIITBUEPP,1.57,USD,Agent,OBSERVED,Zuora usage tab,GSM bucket,2026-01-01,9999-12-31,TRUE,2026-01;2026-02;2026-03;2026-04;2026-05,5,FALSE,2026-01,2026-06,2026-07-15
CPX-00989,Webroot CW,,3RDPARTYSAASIITBUEPP,1.65,USD,Agent,OBSERVED,Zuora usage tab,GSM bucket,2026-01-01,9999-12-31,TRUE,2026-01;2026-02;2026-03;2026-04;2026-05,5,FALSE,2026-01,2026-06,2026-07-15
CPX-00990,Webroot CW,,3RDPARTYSAASIITBUEPP,1.66,USD,Agent,OBSERVED,Zuora usage tab,GSM bucket,2026-01-01,9999-12-31,TRUE,2026-01;2026-02;2026-03;2026-04;2026-05,5,FALSE,2026-01,2026-06,2026-07-15
CPX-00991,Webroot CW,,3RDPARTYSAASIITBUEPP,1.7,USD,Agent,OBSERVED,Zuora usage tab,GSM bucket,2026-01-01,9999-12-31,TRUE,2026-01;2026-02;2026-03;2026-04;2026-05,5,FALSE,2026-01,2026-06,2026-07-15
CPX-00992,Webroot CW,,3RDPARTYSAASIITBUEPP,1.74,USD,Agent,OBSERVED,Zuora usage tab,GSM bucket,2026-01-01,9999-12-31,TRUE,2026-01;2026-02;2026-03;2026-04;2026-05,5,FALSE,2026-01,2026-06,2026-07-15
CPX-00993,Webroot CW,,3RDPARTYSAASIITBUEPP,1.8,USD,Agent,OBSERVED,Zuora usage tab,GSM bucket,2026-01-01,9999-12-31,TRUE,2026-01;2026-02;2026-03;2026-04;2026-05,5,FALSE,2026-01,2026-06,2026-07-15
CPX-00994,Webroot CW,,3RDPARTYSAASIITBUEPP,1.83,USD,Agent,OBSERVED,Zuora usage tab,GSM bucket,2026-01-01,9999-12-31,TRUE,2026-01;2026-02;2026-03;2026-04;2026-05,5,FALSE,2026-01,2026-06,2026-07-15
CPX-00995,Webroot CW,,3RDPARTYSAASIITBUEPP,1.85,USD,Agent,OBSERVED,Zuora usage tab,GSM bucket,2026-01-01,9999-12-31,TRUE,2026-01;2026-02;2026-03;2026-04;2026-05,5,FALSE,2026-01,2026-06,2026-07-15
CPX-00996,Webroot CW,,3RDPARTYSAASIITBUEPP,1.94,USD,Agent,OBSERVED,Zuora usage tab,GSM bucket,2026-01-01,9999-12-31,TRUE,2026-01;2026-02;2026-03;2026-04;2026-05,5,FALSE,2026-01,2026-06,2026-07-15
CPX-00997,Webroot CW,,3RDPARTYSAASIITBUEPP,2.0,USD,Agent,OBSERVED,Zuora usage tab,GSM bucket,2026-01-01,9999-12-31,TRUE,2026-01;2026-02;2026-03;2026-04;2026-05,5,FALSE,2026-01,2026-06,2026-07-15
CPX-00998,Webroot CW,,3RDPARTYSAASIITBUEPP,2.15,USD,Agent,OBSERVED,Zuora usage tab,GSM bucket,2026-01-01,2026-04-30,FALSE,2026-01;2026-02;2026-03;2026-04,4,FALSE,2026-01,2026-06,2026-07-15
CPX-00999,Webroot CW,,3RDPARTYSAASIITBUMBP,1.2,USD,Each,OBSERVED,Zuora usage tab,GSM bucket,2026-01-01,9999-12-31,TRUE,2026-01;2026-02;2026-03;2026-04;2026-05,5,FALSE,2026-01,2026-06,2026-07-15
CPX-01000,Webroot CW,,SEWRSBEP00,1.12,USD,Each,OBSERVED,Zuora usage tab,GSM bucket,2026-01-01,2026-04-30,FALSE,2026-01;2026-02;2026-03;2026-04,4,FALSE,2026-01,2026-06,2026-07-15
CPX-01001,Webroot CW,,SEWRSGSM,0.51,USD,Each,OBSERVED,Zuora usage tab,GSM bucket,2026-01-01,9999-12-31,TRUE,2026-01;2026-02;2026-03;2026-04;2026-05,5,FALSE,2026-01,2026-06,2026-07-15
CPX-01002,Webroot CW,,SEWRSGSM,1.02,USD,Each,OBSERVED,Zuora usage tab,GSM bucket,2026-01-01,9999-12-31,TRUE,2026-01;2026-02;2026-03;2026-04;2026-05,5,FALSE,2026-01,2026-06,2026-07-15
CPX-01003,Webroot CW,,SEWRSGSM,1.08,USD,Each,OBSERVED,Zuora usage tab,GSM bucket,2026-01-01,9999-12-31,TRUE,2026-01;2026-02;2026-03;2026-04;2026-05,5,FALSE,2026-01,2026-06,2026-07-15
CPX-01004,Webroot CW,,SEWRSGSM,1.22,USD,Each,OBSERVED,Zuora usage tab,GSM bucket,2026-01-01,2026-04-30,FALSE,2026-01;2026-02;2026-03;2026-04,4,FALSE,2026-01,2026-06,2026-07-15
CPX-01005,Webroot CW,,SEWRSGSM10,0.14,USD,Each,OBSERVED,Zuora usage tab,GSM bucket,2026-01-01,9999-12-31,TRUE,2026-01;2026-02;2026-03;2026-04;2026-05,5,FALSE,2026-01,2026-06,2026-07-15
CPX-01006,Webroot CW,,SEWRSGSM10,1.1,USD,Each,OBSERVED,Zuora usage tab,GSM bucket,2026-01-01,9999-12-31,TRUE,2026-01;2026-02;2026-03;2026-04;2026-05,5,FALSE,2026-01,2026-06,2026-07-15
CPX-01007,Webroot CW,,SEWRSGSM10,1.15,USD,Each,OBSERVED,Zuora usage tab,GSM bucket,2026-01-01,9999-12-31,TRUE,2026-01;2026-02;2026-03;2026-04;2026-05,5,FALSE,2026-01,2026-06,2026-07-15
CPX-01008,Webroot CW,,SEWRSGSM10,1.16,USD,Each,OBSERVED,Zuora usage tab,GSM bucket,2026-01-01,2026-03-31,FALSE,2026-01;2026-02;2026-03,3,FALSE,2026-01,2026-06,2026-07-15
CPX-01009,Webroot CW,,SEWRSGSM10,1.22,USD,Each,OBSERVED,Zuora usage tab,GSM bucket,2026-01-01,9999-12-31,TRUE,2026-01;2026-02;2026-03;2026-04;2026-05,5,FALSE,2026-01,2026-06,2026-07-15
CPX-01010,Webroot CW,,SEWRSGSM10,1.28,USD,Each,OBSERVED,Zuora usage tab,GSM bucket,2026-01-01,9999-12-31,TRUE,2026-01;2026-02;2026-03;2026-04;2026-05,5,FALSE,2026-01,2026-06,2026-07-15
CPX-01011,Webroot CW,,SEWRSGSM10,1.35,USD,Each,OBSERVED,Zuora usage tab,GSM bucket,2026-01-01,9999-12-31,TRUE,2026-01;2026-02;2026-03;2026-04;2026-05,5,FALSE,2026-01,2026-06,2026-07-15
CPX-01012,Webroot CW,,SEWRSGSM10,1.37,USD,Each,OBSERVED,Zuora usage tab,GSM bucket,2026-01-01,2026-02-28,FALSE,2026-01;2026-02,2,FALSE,2026-01,2026-06,2026-07-15
CPX-01013,Webroot CW,,SEWRSGSM10,1.4176,USD,Each,OBSERVED,Zuora usage tab,GSM bucket,2026-02-01,2026-02-28,FALSE,2026-02,1,FALSE,2026-01,2026-06,2026-07-15
CPX-01014,Webroot CW,,SEWRSGSM10,1.43,USD,Each,OBSERVED,Zuora usage tab,GSM bucket,2026-01-01,9999-12-31,TRUE,2026-01;2026-02;2026-03;2026-04;2026-05,5,FALSE,2026-01,2026-06,2026-07-15
CPX-01015,Webroot CW,,SEWRSGSM10,1.48,USD,Each,OBSERVED,Zuora usage tab,GSM bucket,2026-01-01,9999-12-31,TRUE,2026-01;2026-02;2026-03;2026-04;2026-05,5,FALSE,2026-01,2026-06,2026-07-15
CPX-01016,Webroot CW,,SEWRSGSM10,1.49,USD,Each,OBSERVED,Zuora usage tab,GSM bucket,2026-01-01,9999-12-31,TRUE,2026-01;2026-02;2026-03;2026-04;2026-05,5,FALSE,2026-01,2026-06,2026-07-15
CPX-01017,Webroot CW,,SEWRSGSM10,1.54,USD,Each,OBSERVED,Zuora usage tab,GSM bucket,2026-01-01,9999-12-31,TRUE,2026-01;2026-02;2026-03;2026-04;2026-05,5,FALSE,2026-01,2026-06,2026-07-15
CPX-01018,Webroot CW,,SEWRSGSM10,1.62,USD,Each,OBSERVED,Zuora usage tab,GSM bucket,2026-02-01,9999-12-31,TRUE,2026-02;2026-03;2026-04;2026-05,4,FALSE,2026-01,2026-06,2026-07-15
CPX-01019,Webroot CW,,SEWRSGSM10,1.73,USD,Each,OBSERVED,Zuora usage tab,GSM bucket,2026-01-01,9999-12-31,TRUE,2026-01;2026-02;2026-03;2026-04;2026-05,5,FALSE,2026-01,2026-06,2026-07-15
CPX-01020,Webroot CW,,SEWRSGSM10,1.76,USD,Each,OBSERVED,Zuora usage tab,GSM bucket,2026-01-01,9999-12-31,TRUE,2026-01;2026-02;2026-03;2026-04;2026-05,5,FALSE,2026-01,2026-06,2026-07-15
CPX-01021,Webroot CW,,SEWRSGSM10,1.87,USD,Each,OBSERVED,Zuora usage tab,GSM bucket,2026-01-01,9999-12-31,TRUE,2026-01;2026-02;2026-03;2026-04;2026-05,5,FALSE,2026-01,2026-06,2026-07-15
CPX-01022,Webroot CW,,SEWRSGSM10,2.29,USD,Each,OBSERVED,Zuora usage tab,GSM bucket,2026-04-01,9999-12-31,TRUE,2026-04;2026-05,2,FALSE,2026-01,2026-06,2026-07-15
CPX-01023,Webroot CW,,SEWRSGSM100,0.65,USD,Each,OBSERVED,Zuora usage tab,GSM bucket,2026-01-01,9999-12-31,TRUE,2026-01;2026-02;2026-03;2026-04;2026-05,5,FALSE,2026-01,2026-06,2026-07-15
CPX-01024,Webroot CW,,SEWRSGSM100,0.79,USD,Each,OBSERVED,Zuora usage tab,GSM bucket,2026-01-01,9999-12-31,TRUE,2026-01;2026-02;2026-03;2026-04;2026-05,5,FALSE,2026-01,2026-06,2026-07-15
CPX-01025,Webroot CW,,SEWRSGSM100,0.89,USD,Each,OBSERVED,Zuora usage tab,GSM bucket,2026-01-01,9999-12-31,TRUE,2026-01;2026-02;2026-03;2026-04;2026-05,5,FALSE,2026-01,2026-06,2026-07-15
CPX-01026,Webroot CW,,SEWRSGSM100,1.14,USD,Each,OBSERVED,Zuora usage tab,GSM bucket,2026-01-01,2026-01-31,FALSE,2026-01,1,FALSE,2026-01,2026-06,2026-07-15
CPX-01027,Webroot CW,,SEWRSGSM100,1.25,USD,Each,OBSERVED,Zuora usage tab,GSM bucket,2026-01-01,9999-12-31,TRUE,2026-01;2026-02;2026-03;2026-04;2026-05,5,FALSE,2026-01,2026-06,2026-07-15
CPX-01028,Webroot CW,,SEWRSGSM100,1.29,USD,Each,OBSERVED,Zuora usage tab,GSM bucket,2026-01-01,9999-12-31,TRUE,2026-01;2026-02;2026-03;2026-04;2026-05,5,FALSE,2026-01,2026-06,2026-07-15
CPX-01029,Webroot CW,,SEWRSGSM100,1.3,USD,Each,OBSERVED,Zuora usage tab,GSM bucket,2026-01-01,9999-12-31,TRUE,2026-01;2026-02;2026-03;2026-04;2026-05,5,FALSE,2026-01,2026-06,2026-07-15
CPX-01030,Webroot CW,,SEWRSGSM100,1.32,USD,Each,OBSERVED,Zuora usage tab,GSM bucket,2026-01-01,9999-12-31,TRUE,2026-01;2026-02;2026-03;2026-04;2026-05,5,FALSE,2026-01,2026-06,2026-07-15
CPX-01031,Webroot CW,,SEWRSGSM100,1.38,USD,Each,OBSERVED,Zuora usage tab,GSM bucket,2026-01-01,2026-03-31,FALSE,2026-01;2026-02;2026-03,3,FALSE,2026-01,2026-06,2026-07-15
CPX-01032,Webroot CW,,SEWRSGSM100,1.39,USD,Each,OBSERVED,Zuora usage tab,GSM bucket,2026-01-01,2026-03-31,FALSE,2026-01;2026-02;2026-03,3,FALSE,2026-01,2026-06,2026-07-15
CPX-01033,Webroot CW,,SEWRSGSM100,1.41,USD,Each,OBSERVED,Zuora usage tab,GSM bucket,2026-01-01,9999-12-31,TRUE,2026-01;2026-02;2026-03;2026-04;2026-05,5,FALSE,2026-01,2026-06,2026-07-15
CPX-01034,Webroot CW,,SEWRSGSM100,1.42,USD,Each,OBSERVED,Zuora usage tab,GSM bucket,2026-01-01,9999-12-31,TRUE,2026-01;2026-02;2026-03;2026-04;2026-05,5,FALSE,2026-01,2026-06,2026-07-15
CPX-01035,Webroot CW,,SEWRSGSM100,1.43,USD,Each,OBSERVED,Zuora usage tab,GSM bucket,2026-01-01,9999-12-31,TRUE,2026-01;2026-02;2026-03;2026-04;2026-05,5,FALSE,2026-01,2026-06,2026-07-15
CPX-01036,Webroot CW,,SEWRSGSM100,1.57,USD,Each,OBSERVED,Zuora usage tab,GSM bucket,2026-01-01,2026-03-31,FALSE,2026-01;2026-02;2026-03,3,FALSE,2026-01,2026-06,2026-07-15
CPX-01037,Webroot CW,,SEWRSGSM100,1.91,USD,Each,OBSERVED,Zuora usage tab,GSM bucket,2026-01-01,9999-12-31,TRUE,2026-01;2026-02;2026-03;2026-04;2026-05,5,FALSE,2026-01,2026-06,2026-07-15
CPX-01038,Webroot CW,,SEWRSGSM1000,0.084,USD,Each,OBSERVED,Zuora usage tab,GSM bucket,2026-02-01,2026-02-28,FALSE,2026-02,1,FALSE,2026-01,2026-06,2026-07-15
CPX-01039,Webroot CW,,SEWRSGSM1000,0.09,USD,Each,OBSERVED,Zuora usage tab,GSM bucket,2026-01-01,2026-01-31,FALSE,2026-01,1,FALSE,2026-01,2026-06,2026-07-15
CPX-01040,Webroot CW,,SEWRSGSM1000,0.57,USD,Each,OBSERVED,Zuora usage tab,GSM bucket,2026-01-01,9999-12-31,TRUE,2026-01;2026-02;2026-03;2026-04;2026-05,5,FALSE,2026-01,2026-06,2026-07-15
CPX-01041,Webroot CW,,SEWRSGSM1000,0.81,USD,Each,OBSERVED,Zuora usage tab,GSM bucket,2026-01-01,9999-12-31,TRUE,2026-01;2026-02;2026-03;2026-04;2026-05,5,FALSE,2026-01,2026-06,2026-07-15
CPX-01042,Webroot CW,,SEWRSGSM1000,0.84,USD,Each,OBSERVED,Zuora usage tab,GSM bucket,2026-01-01,2026-04-30,FALSE,2026-01;2026-02;2026-03;2026-04,4,FALSE,2026-01,2026-06,2026-07-15
CPX-01043,Webroot CW,,SEWRSGSM1000,0.86,USD,Each,OBSERVED,Zuora usage tab,GSM bucket,2026-01-01,9999-12-31,TRUE,2026-01;2026-02;2026-03;2026-04;2026-05,5,FALSE,2026-01,2026-06,2026-07-15
CPX-01044,Webroot CW,,SEWRSGSM1000,0.92,USD,Each,OBSERVED,Zuora usage tab,GSM bucket,2026-01-01,9999-12-31,TRUE,2026-01;2026-02;2026-03;2026-04;2026-05,5,FALSE,2026-01,2026-06,2026-07-15
CPX-01045,Webroot CW,,SEWRSGSM1000,0.95,USD,Each,OBSERVED,Zuora usage tab,GSM bucket,2026-01-01,9999-12-31,TRUE,2026-01;2026-02;2026-03;2026-04;2026-05,5,FALSE,2026-01,2026-06,2026-07-15
CPX-01046,Webroot CW,,SEWRSGSM1000,0.98,USD,Each,OBSERVED,Zuora usage tab,GSM bucket,2026-01-01,9999-12-31,TRUE,2026-01;2026-02;2026-03;2026-04;2026-05,5,FALSE,2026-01,2026-06,2026-07-15
CPX-01047,Webroot CW,,SEWRSGSM1000,1.5,USD,Each,OBSERVED,Zuora usage tab,GSM bucket,2026-01-01,9999-12-31,TRUE,2026-01;2026-02;2026-03;2026-04;2026-05,5,FALSE,2026-01,2026-06,2026-07-15
CPX-01048,Webroot CW,,SEWRSGSM10000,0.38,USD,Each,OBSERVED,Zuora usage tab,GSM bucket,2026-01-01,9999-12-31,TRUE,2026-01;2026-02;2026-03;2026-04;2026-05,5,FALSE,2026-01,2026-06,2026-07-15
CPX-01049,Webroot CW,,SEWRSGSM250,0.0,USD,Each,OBSERVED,Zuora usage tab,GSM bucket,2026-01-01,2026-03-31,FALSE,2026-01;2026-02;2026-03,3,FALSE,2026-01,2026-06,2026-07-15
CPX-01050,Webroot CW,,SEWRSGSM250,0.11,USD,Each,OBSERVED,Zuora usage tab,GSM bucket,2026-01-01,9999-12-31,TRUE,2026-01;2026-02;2026-03;2026-04;2026-05,5,FALSE,2026-01,2026-06,2026-07-15
CPX-01051,Webroot CW,,SEWRSGSM250,0.67,USD,Each,OBSERVED,Zuora usage tab,GSM bucket,2026-01-01,9999-12-31,TRUE,2026-01;2026-02;2026-03;2026-04;2026-05,5,FALSE,2026-01,2026-06,2026-07-15
CPX-01052,Webroot CW,,SEWRSGSM250,0.72,USD,Each,OBSERVED,Zuora usage tab,GSM bucket,2026-01-01,9999-12-31,TRUE,2026-01;2026-02;2026-03;2026-04;2026-05,5,FALSE,2026-01,2026-06,2026-07-15
CPX-01053,Webroot CW,,SEWRSGSM250,0.75,USD,Each,OBSERVED,Zuora usage tab,GSM bucket,2026-01-01,9999-12-31,TRUE,2026-01;2026-02;2026-03;2026-04;2026-05,5,FALSE,2026-01,2026-06,2026-07-15
CPX-01054,Webroot CW,,SEWRSGSM250,0.79,USD,Each,OBSERVED,Zuora usage tab,GSM bucket,2026-01-01,9999-12-31,TRUE,2026-01;2026-02;2026-03;2026-04;2026-05,5,FALSE,2026-01,2026-06,2026-07-15
CPX-01055,Webroot CW,,SEWRSGSM250,0.92,USD,Each,OBSERVED,Zuora usage tab,GSM bucket,2026-01-01,2026-03-31,FALSE,2026-01;2026-02;2026-03,3,FALSE,2026-01,2026-06,2026-07-15
CPX-01056,Webroot CW,,SEWRSGSM250,0.98,USD,Each,OBSERVED,Zuora usage tab,GSM bucket,2026-01-01,2026-02-28,FALSE,2026-01;2026-02,2,FALSE,2026-01,2026-06,2026-07-15
CPX-01057,Webroot CW,,SEWRSGSM250,0.994,USD,Each,OBSERVED,Zuora usage tab,GSM bucket,2026-03-01,2026-03-31,FALSE,2026-03,1,FALSE,2026-01,2026-06,2026-07-15
CPX-01058,Webroot CW,,SEWRSGSM250,1.0,USD,Each,OBSERVED,Zuora usage tab,GSM bucket,2026-01-01,9999-12-31,TRUE,2026-01;2026-02;2026-03;2026-04;2026-05,5,FALSE,2026-01,2026-06,2026-07-15
CPX-01059,Webroot CW,,SEWRSGSM250,1.04,USD,Each,OBSERVED,Zuora usage tab,GSM bucket,2026-01-01,9999-12-31,TRUE,2026-01;2026-02;2026-03;2026-04;2026-05,5,FALSE,2026-01,2026-06,2026-07-15
CPX-01060,Webroot CW,,SEWRSGSM250,1.05,USD,Each,OBSERVED,Zuora usage tab,GSM bucket,2026-01-01,9999-12-31,TRUE,2026-01;2026-02;2026-03;2026-04;2026-05,5,FALSE,2026-01,2026-06,2026-07-15
CPX-01061,Webroot CW,,SEWRSGSM250,1.09,USD,Each,OBSERVED,Zuora usage tab,GSM bucket,2026-04-01,9999-12-31,TRUE,2026-04;2026-05,2,FALSE,2026-01,2026-06,2026-07-15
CPX-01062,Webroot CW,,SEWRSGSM250,1.11,USD,Each,OBSERVED,Zuora usage tab,GSM bucket,2026-01-01,9999-12-31,TRUE,2026-01;2026-02;2026-03;2026-04;2026-05,5,FALSE,2026-01,2026-06,2026-07-15
CPX-01063,Webroot CW,,SEWRSGSM250,1.15,USD,Each,OBSERVED,Zuora usage tab,GSM bucket,2026-01-01,9999-12-31,TRUE,2026-01;2026-02;2026-03;2026-04;2026-05,5,FALSE,2026-01,2026-06,2026-07-15
CPX-01064,Webroot CW,,SEWRSGSM250,1.32,USD,Each,OBSERVED,Zuora usage tab,GSM bucket,2026-01-01,9999-12-31,TRUE,2026-01;2026-02;2026-03;2026-04;2026-05,5,FALSE,2026-01,2026-06,2026-07-15
CPX-01065,Webroot CW,,SEWRSGSM250,1.45,USD,Each,OBSERVED,Zuora usage tab,GSM bucket,2026-01-01,2026-02-28,FALSE,2026-01;2026-02,2,FALSE,2026-01,2026-06,2026-07-15
CPX-01066,Webroot CW,,SEWRSGSM250,1.62,USD,Each,OBSERVED,Zuora usage tab,GSM bucket,2026-01-01,2026-02-28,FALSE,2026-01;2026-02,2,FALSE,2026-01,2026-06,2026-07-15
CPX-01067,Webroot CW,,SEWRSGSM250,1.67,USD,Each,OBSERVED,Zuora usage tab,GSM bucket,2026-01-01,9999-12-31,TRUE,2026-01;2026-02;2026-03;2026-04;2026-05,5,FALSE,2026-01,2026-06,2026-07-15
CPX-01068,Webroot CW,,SEWRSGSM2500,0.53,USD,Each,OBSERVED,Zuora usage tab,GSM bucket,2026-01-01,9999-12-31,TRUE,2026-01;2026-02;2026-03;2026-04;2026-05,5,FALSE,2026-01,2026-06,2026-07-15
CPX-01069,Webroot CW,,SEWRSGSM2500,0.73,USD,Each,OBSERVED,Zuora usage tab,GSM bucket,2026-01-01,9999-12-31,TRUE,2026-01;2026-02;2026-03;2026-04;2026-05,5,FALSE,2026-01,2026-06,2026-07-15
CPX-01070,Webroot CW,,SEWRSGSM2500,0.74,USD,Each,OBSERVED,Zuora usage tab,GSM bucket,2026-01-01,9999-12-31,TRUE,2026-01;2026-02;2026-03;2026-04;2026-05,5,FALSE,2026-01,2026-06,2026-07-15
CPX-01071,Webroot CW,,SEWRSGSM2500,0.75,USD,Each,OBSERVED,Zuora usage tab,GSM bucket,2026-01-01,9999-12-31,TRUE,2026-01;2026-02;2026-03;2026-04;2026-05,5,FALSE,2026-01,2026-06,2026-07-15
CPX-01072,Webroot CW,,SEWRSGSM2500,0.81,USD,Each,OBSERVED,Zuora usage tab,GSM bucket,2026-01-01,9999-12-31,TRUE,2026-01;2026-02;2026-03;2026-04;2026-05,5,FALSE,2026-01,2026-06,2026-07-15
CPX-01073,Webroot CW,,SEWRSGSM2500,0.82,USD,Each,OBSERVED,Zuora usage tab,GSM bucket,2026-01-01,2026-02-28,FALSE,2026-01;2026-02,2,FALSE,2026-01,2026-06,2026-07-15
CPX-01074,Webroot CW,,SEWRSGSM2500,0.85,USD,Each,OBSERVED,Zuora usage tab,GSM bucket,2026-01-01,9999-12-31,TRUE,2026-01;2026-02;2026-03;2026-04;2026-05,5,FALSE,2026-01,2026-06,2026-07-15
CPX-01075,Webroot CW,,SEWRSGSM2500,0.92,USD,Each,OBSERVED,Zuora usage tab,GSM bucket,2026-01-01,9999-12-31,TRUE,2026-01;2026-02;2026-03;2026-04;2026-05,5,FALSE,2026-01,2026-06,2026-07-15
CPX-01076,Webroot CW,,SEWRSGSM2500,1.02,USD,Each,OBSERVED,Zuora usage tab,GSM bucket,2026-01-01,9999-12-31,TRUE,2026-01;2026-02;2026-03;2026-04;2026-05,5,FALSE,2026-01,2026-06,2026-07-15
CPX-01077,Webroot CW,,SEWRSGSM2500,1.05,USD,Each,OBSERVED,Zuora usage tab,GSM bucket,2026-01-01,9999-12-31,TRUE,2026-01;2026-02;2026-03;2026-04;2026-05,5,FALSE,2026-01,2026-06,2026-07-15
CPX-01078,Webroot CW,,SEWRSGSM2500,1.14,USD,Each,OBSERVED,Zuora usage tab,GSM bucket,2026-01-01,9999-12-31,TRUE,2026-01;2026-02;2026-03;2026-04;2026-05,5,FALSE,2026-01,2026-06,2026-07-15
CPX-01079,Webroot CW,,SEWRSGSM500,0.6,USD,Each,OBSERVED,Zuora usage tab,GSM bucket,2026-01-01,9999-12-31,TRUE,2026-01;2026-02;2026-03;2026-04;2026-05,5,FALSE,2026-01,2026-06,2026-07-15
CPX-01080,Webroot CW,,SEWRSGSM500,0.68,USD,Each,OBSERVED,Zuora usage tab,GSM bucket,2026-01-01,9999-12-31,TRUE,2026-01;2026-02;2026-03;2026-04;2026-05,5,FALSE,2026-01,2026-06,2026-07-15
CPX-01081,Webroot CW,,SEWRSGSM500,0.9,USD,Each,OBSERVED,Zuora usage tab,GSM bucket,2026-01-01,9999-12-31,TRUE,2026-01;2026-02;2026-03;2026-04;2026-05,5,FALSE,2026-01,2026-06,2026-07-15
CPX-01082,Webroot CW,,SEWRSGSM500,0.9074,USD,Each,OBSERVED,Zuora usage tab,GSM bucket,2026-04-01,2026-04-30,FALSE,2026-04,1,FALSE,2026-01,2026-06,2026-07-15
CPX-01083,Webroot CW,,SEWRSGSM500,0.92,USD,Each,OBSERVED,Zuora usage tab,GSM bucket,2026-01-01,2026-03-31,FALSE,2026-01;2026-02;2026-03,3,FALSE,2026-01,2026-06,2026-07-15
CPX-01084,Webroot CW,,SEWRSGSM500,1.02,USD,Each,OBSERVED,Zuora usage tab,GSM bucket,2026-01-01,9999-12-31,TRUE,2026-01;2026-02;2026-03;2026-04;2026-05,5,FALSE,2026-01,2026-06,2026-07-15
CPX-01085,Webroot CW,,SEWRSGSM500,1.08,USD,Each,OBSERVED,Zuora usage tab,GSM bucket,2026-01-01,9999-12-31,TRUE,2026-01;2026-02;2026-03;2026-04;2026-05,5,FALSE,2026-01,2026-06,2026-07-15
CPX-01086,Webroot CW,,SEWRSGSM500,1.15,USD,Each,OBSERVED,Zuora usage tab,GSM bucket,2026-01-01,9999-12-31,TRUE,2026-01;2026-02;2026-03;2026-04;2026-05,5,FALSE,2026-01,2026-06,2026-07-15
CPX-01087,Webroot CW,,SEWRSGSM500,1.24,USD,Each,OBSERVED,Zuora usage tab,GSM bucket,2026-01-01,9999-12-31,TRUE,2026-01;2026-02;2026-03;2026-04;2026-05,5,FALSE,2026-01,2026-06,2026-07-15
CPX-01088,Webroot CW,,SEWRSGSM500,1.28,USD,Each,OBSERVED,Zuora usage tab,GSM bucket,2026-01-01,2026-04-30,FALSE,2026-01;2026-02;2026-03;2026-04,4,FALSE,2026-01,2026-06,2026-07-15
CPX-01089,Webroot CW,,SEWRSGSM500,1.66,USD,Each,OBSERVED,Zuora usage tab,GSM bucket,2026-01-01,9999-12-31,TRUE,2026-01;2026-02;2026-03;2026-04;2026-05,5,FALSE,2026-01,2026-06,2026-07-15
CPX-01090,Webroot CW,,SEWRSGSM500,1.89,USD,Each,OBSERVED,Zuora usage tab,GSM bucket,2026-01-01,9999-12-31,TRUE,2026-01;2026-02;2026-03;2026-04;2026-05,5,FALSE,2026-01,2026-06,2026-07-15
CPX-01091,Webroot CW,,SEWRSGSM5000,0.56,USD,Each,OBSERVED,Zuora usage tab,GSM bucket,2026-01-01,9999-12-31,TRUE,2026-01;2026-02;2026-03;2026-04;2026-05,5,FALSE,2026-01,2026-06,2026-07-15
CPX-01092,Webroot CW,,SEWRSGSM750,0.6,USD,Each,OBSERVED,Zuora usage tab,GSM bucket,2026-01-01,9999-12-31,TRUE,2026-01;2026-02;2026-03;2026-04;2026-05,5,FALSE,2026-01,2026-06,2026-07-15
CPX-01093,Webroot CW,,SEWRSGSM750,0.73,USD,Each,OBSERVED,Zuora usage tab,GSM bucket,2026-01-01,9999-12-31,TRUE,2026-01;2026-02;2026-03;2026-04;2026-05,5,FALSE,2026-01,2026-06,2026-07-15
CPX-01094,Webroot CW,,SEWRSGSM750,1.0,USD,Each,OBSERVED,Zuora usage tab,GSM bucket,2026-01-01,9999-12-31,TRUE,2026-01;2026-02;2026-03;2026-04;2026-05,5,FALSE,2026-01,2026-06,2026-07-15
CPX-01095,Webroot CW,,SEWRSSAT10,0.57,USD,Each,OBSERVED,Zuora usage tab,SAT bucket,2026-01-01,9999-12-31,TRUE,2026-01;2026-02;2026-03;2026-04;2026-05,5,FALSE,2026-01,2026-06,2026-07-15
CPX-01096,Webroot CW,,SEWRSSAT10,0.73,USD,Each,OBSERVED,Zuora usage tab,SAT bucket,2026-01-01,9999-12-31,TRUE,2026-01;2026-02;2026-03;2026-04;2026-05,5,FALSE,2026-01,2026-06,2026-07-15
CPX-01097,Webroot CW,,SEWRSSAT10,0.86,USD,Each,OBSERVED,Zuora usage tab,SAT bucket,2026-01-01,9999-12-31,TRUE,2026-01;2026-02;2026-03;2026-04;2026-05,5,FALSE,2026-01,2026-06,2026-07-15
CPX-01098,Webroot CW,,SEWRSSAT10,0.9,USD,Each,OBSERVED,Zuora usage tab,SAT bucket,2026-01-01,9999-12-31,TRUE,2026-01;2026-02;2026-03;2026-04;2026-05,5,FALSE,2026-01,2026-06,2026-07-15
CPX-01099,Webroot CW,,SEWRSSAT10,1.25,USD,Each,OBSERVED,Zuora usage tab,SAT bucket,2026-01-01,2026-03-31,FALSE,2026-01;2026-02;2026-03,3,FALSE,2026-01,2026-06,2026-07-15
CPX-01100,Webroot CW,,SEWRSSAT100,0.75,USD,Each,OBSERVED,Zuora usage tab,SAT bucket,2026-01-01,9999-12-31,TRUE,2026-01;2026-02;2026-03;2026-04;2026-05,5,FALSE,2026-01,2026-06,2026-07-15
CPX-01101,Webroot CW,,SEWRSSAT100,0.98,USD,Each,OBSERVED,Zuora usage tab,SAT bucket,2026-01-01,9999-12-31,TRUE,2026-01;2026-02;2026-03;2026-04;2026-05,5,FALSE,2026-01,2026-06,2026-07-15
CPX-01102,Webroot CW,,SEWRSSAT1000,0.63,USD,Each,OBSERVED,Zuora usage tab,SAT bucket,2026-01-01,2026-02-28,FALSE,2026-01;2026-02,2,FALSE,2026-01,2026-06,2026-07-15
CPX-01103,Webroot CW,,SEWRSSAT250,0.72,USD,Each,OBSERVED,Zuora usage tab,SAT bucket,2026-01-01,2026-04-30,FALSE,2026-01;2026-02;2026-03;2026-04,4,FALSE,2026-01,2026-06,2026-07-15
CPX-01104,Webroot CW,,SEWRSSAT2500,0.54,USD,Each,OBSERVED,Zuora usage tab,SAT bucket,2026-01-01,9999-12-31,TRUE,2026-01;2026-02;2026-03;2026-04;2026-05,5,FALSE,2026-01,2026-06,2026-07-15
CPX-01105,Webroot CW,,SEWRSSAT500,0.7,USD,Each,OBSERVED,Zuora usage tab,SAT bucket,2026-01-01,9999-12-31,TRUE,2026-01;2026-02;2026-03;2026-04;2026-05,5,FALSE,2026-01,2026-06,2026-07-15
CPX-01106,Webroot CW,,SEWRSSAT500,0.91,USD,Each,OBSERVED,Zuora usage tab,SAT bucket,2026-01-01,9999-12-31,TRUE,2026-01;2026-02;2026-03;2026-04;2026-05,5,FALSE,2026-01,2026-06,2026-07-15
CPX-01107,Webroot CW,,SEWRSSAT750,0.67,USD,Each,OBSERVED,Zuora usage tab,SAT bucket,2026-01-01,9999-12-31,TRUE,2026-01;2026-02;2026-03;2026-04;2026-05,5,FALSE,2026-01,2026-06,2026-07-15
CPX-01108,Webroot CW,,SEWRSSAT750,0.87,USD,Each,OBSERVED,Zuora usage tab,SAT bucket,2026-01-01,9999-12-31,TRUE,2026-01;2026-02;2026-03;2026-04;2026-05,5,FALSE,2026-01,2026-06,2026-07-15
CPX-01109,Webroot CW,,SEWSABEP,1.22,USD,Each,OBSERVED,Zuora usage tab,GSM bucket,2026-01-01,9999-12-31,TRUE,2026-01;2026-02;2026-03;2026-04;2026-05,5,FALSE,2026-01,2026-06,2026-07-15
CPX-01110,Webroot CW,,SEWSABEP,1.35,USD,Each,OBSERVED,Zuora usage tab,GSM bucket,2026-01-01,9999-12-31,TRUE,2026-01;2026-02;2026-03;2026-04;2026-05,5,FALSE,2026-01,2026-06,2026-07-15
CPX-01111,Webroot CW,,WRSECGSM10,0.13,USD,Each,OBSERVED,Zuora usage tab,GSM bucket,2026-01-01,9999-12-31,TRUE,2026-01;2026-02;2026-03;2026-04;2026-05,5,FALSE,2026-01,2026-06,2026-07-15
CPX-01112,Webroot CW,,WRSECGSM10,0.87,USD,Each,OBSERVED,Zuora usage tab,GSM bucket,2026-01-01,9999-12-31,TRUE,2026-01;2026-02;2026-03;2026-04;2026-05,5,FALSE,2026-01,2026-06,2026-07-15
CPX-01113,Webroot CW,,WRSECGSM10,0.95,USD,Each,OBSERVED,Zuora usage tab,GSM bucket,2026-01-01,9999-12-31,TRUE,2026-01;2026-02;2026-03;2026-04;2026-05,5,FALSE,2026-01,2026-06,2026-07-15
CPX-01114,Webroot CW,,WRSECGSM10,0.98,USD,Each,OBSERVED,Zuora usage tab,GSM bucket,2026-02-01,9999-12-31,TRUE,2026-02;2026-03;2026-04;2026-05,4,FALSE,2026-01,2026-06,2026-07-15
CPX-01115,Webroot CW,,WRSECGSM10,1.22,USD,Each,OBSERVED,Zuora usage tab,GSM bucket,2026-01-01,9999-12-31,TRUE,2026-01;2026-02;2026-03;2026-04;2026-05,5,FALSE,2026-01,2026-06,2026-07-15
CPX-01116,Webroot CW,,WRSECGSM10,1.28,USD,Each,OBSERVED,Zuora usage tab,GSM bucket,2026-01-01,9999-12-31,TRUE,2026-01;2026-02;2026-03;2026-04;2026-05,5,FALSE,2026-01,2026-06,2026-07-15
CPX-01117,Webroot CW,,WRSECGSM10,1.35,USD,Each,OBSERVED,Zuora usage tab,GSM bucket,2026-01-01,9999-12-31,TRUE,2026-01;2026-02;2026-03;2026-04;2026-05,5,FALSE,2026-01,2026-06,2026-07-15
CPX-01118,Webroot CW,,WRSECGSM10,1.4,USD,Each,OBSERVED,Zuora usage tab,GSM bucket,2026-01-01,9999-12-31,TRUE,2026-01;2026-02;2026-03;2026-04;2026-05,5,FALSE,2026-01,2026-06,2026-07-15
CPX-01119,Webroot CW,,WRSECGSM10,1.51,USD,Each,OBSERVED,Zuora usage tab,GSM bucket,2026-01-01,9999-12-31,TRUE,2026-01;2026-02;2026-03;2026-04;2026-05,5,FALSE,2026-01,2026-06,2026-07-15
CPX-01120,Webroot CW,,WRSECGSM10,1.54,USD,Each,OBSERVED,Zuora usage tab,GSM bucket,2026-01-01,9999-12-31,TRUE,2026-01;2026-02;2026-03;2026-04;2026-05,5,FALSE,2026-01,2026-06,2026-07-15
CPX-01121,Webroot CW,,WRSECGSM10,1.97,USD,Each,OBSERVED,Zuora usage tab,GSM bucket,2026-01-01,2026-03-31,FALSE,2026-01;2026-02;2026-03,3,FALSE,2026-01,2026-06,2026-07-15
CPX-01122,Webroot CW,,WRSECGSM10,2.0,USD,Each,OBSERVED,Zuora usage tab,GSM bucket,2026-01-01,9999-12-31,TRUE,2026-01;2026-02;2026-03;2026-04;2026-05,5,FALSE,2026-01,2026-06,2026-07-15
CPX-01123,Webroot CW,,WRSECGSM10,2.06,USD,Each,OBSERVED,Zuora usage tab,GSM bucket,2026-01-01,9999-12-31,TRUE,2026-01;2026-02;2026-03;2026-04;2026-05,5,FALSE,2026-01,2026-06,2026-07-15
CPX-01124,Webroot CW,,WRSECGSM100,0.12,USD,Each,OBSERVED,Zuora usage tab,GSM bucket,2026-01-01,9999-12-31,TRUE,2026-01;2026-02;2026-03;2026-04;2026-05,5,FALSE,2026-01,2026-06,2026-07-15
CPX-01125,Webroot CW,,WRSECGSM100,0.64,USD,Each,OBSERVED,Zuora usage tab,GSM bucket,2026-01-01,9999-12-31,TRUE,2026-01;2026-02;2026-03;2026-04;2026-05,5,FALSE,2026-01,2026-06,2026-07-15
CPX-01126,Webroot CW,,WRSECGSM100,0.75,USD,Each,OBSERVED,Zuora usage tab,GSM bucket,2026-01-01,9999-12-31,TRUE,2026-01;2026-02;2026-03;2026-04;2026-05,5,FALSE,2026-01,2026-06,2026-07-15
CPX-01127,Webroot CW,,WRSECGSM100,0.79,USD,Each,OBSERVED,Zuora usage tab,GSM bucket,2026-01-01,9999-12-31,TRUE,2026-01;2026-02;2026-03;2026-04;2026-05,5,FALSE,2026-01,2026-06,2026-07-15
CPX-01128,Webroot CW,,WRSECGSM100,0.84,USD,Each,OBSERVED,Zuora usage tab,GSM bucket,2026-01-01,9999-12-31,TRUE,2026-01;2026-02;2026-03;2026-04;2026-05,5,FALSE,2026-01,2026-06,2026-07-15
CPX-01129,Webroot CW,,WRSECGSM100,0.85,USD,Each,OBSERVED,Zuora usage tab,GSM bucket,2026-01-01,9999-12-31,TRUE,2026-01;2026-02;2026-03;2026-04;2026-05,5,FALSE,2026-01,2026-06,2026-07-15
CPX-01130,Webroot CW,,WRSECGSM100,0.95,USD,Each,OBSERVED,Zuora usage tab,GSM bucket,2026-01-01,9999-12-31,TRUE,2026-01;2026-02;2026-03;2026-04;2026-05,5,FALSE,2026-01,2026-06,2026-07-15
CPX-01131,Webroot CW,,WRSECGSM100,1.02,USD,Each,OBSERVED,Zuora usage tab,GSM bucket,2026-01-01,9999-12-31,TRUE,2026-01;2026-02;2026-03;2026-04;2026-05,5,FALSE,2026-01,2026-06,2026-07-15
CPX-01132,Webroot CW,,WRSECGSM100,1.05,USD,Each,OBSERVED,Zuora usage tab,GSM bucket,2026-01-01,9999-12-31,TRUE,2026-01;2026-02;2026-03;2026-04;2026-05,5,FALSE,2026-01,2026-06,2026-07-15
CPX-01133,Webroot CW,,WRSECGSM100,1.08,USD,Each,OBSERVED,Zuora usage tab,GSM bucket,2026-01-01,9999-12-31,TRUE,2026-01;2026-02;2026-03;2026-04;2026-05,5,FALSE,2026-01,2026-06,2026-07-15
CPX-01134,Webroot CW,,WRSECGSM100,1.12,USD,Each,OBSERVED,Zuora usage tab,GSM bucket,2026-01-01,9999-12-31,TRUE,2026-01;2026-02;2026-03;2026-04;2026-05,5,FALSE,2026-01,2026-06,2026-07-15
CPX-01135,Webroot CW,,WRSECGSM100,1.13,USD,Each,OBSERVED,Zuora usage tab,GSM bucket,2026-01-01,9999-12-31,TRUE,2026-01;2026-02;2026-03;2026-04;2026-05,5,FALSE,2026-01,2026-06,2026-07-15
CPX-01136,Webroot CW,,WRSECGSM100,1.14,USD,Each,OBSERVED,Zuora usage tab,GSM bucket,2026-04-01,9999-12-31,TRUE,2026-04;2026-05,2,FALSE,2026-01,2026-06,2026-07-15
CPX-01137,Webroot CW,,WRSECGSM100,1.19,USD,Each,OBSERVED,Zuora usage tab,GSM bucket,2026-01-01,9999-12-31,TRUE,2026-01;2026-02;2026-03;2026-04;2026-05,5,FALSE,2026-01,2026-06,2026-07-15
CPX-01138,Webroot CW,,WRSECGSM100,1.22,USD,Each,OBSERVED,Zuora usage tab,GSM bucket,2026-01-01,9999-12-31,TRUE,2026-01;2026-02;2026-03;2026-04;2026-05,5,FALSE,2026-01,2026-06,2026-07-15
CPX-01139,Webroot CW,,WRSECGSM100,1.25,USD,Each,OBSERVED,Zuora usage tab,GSM bucket,2026-01-01,9999-12-31,TRUE,2026-01;2026-02;2026-03;2026-04;2026-05,5,FALSE,2026-01,2026-06,2026-07-15
CPX-01140,Webroot CW,,WRSECGSM100,1.3,USD,Each,OBSERVED,Zuora usage tab,GSM bucket,2026-01-01,9999-12-31,TRUE,2026-01;2026-02;2026-03;2026-04;2026-05,5,FALSE,2026-01,2026-06,2026-07-15
CPX-01141,Webroot CW,,WRSECGSM100,1.43,USD,Each,OBSERVED,Zuora usage tab,GSM bucket,2026-01-01,9999-12-31,TRUE,2026-01;2026-02;2026-03;2026-04;2026-05,5,FALSE,2026-01,2026-06,2026-07-15
CPX-01142,Webroot CW,,WRSECGSM100,1.58,USD,Each,OBSERVED,Zuora usage tab,GSM bucket,2026-01-01,9999-12-31,TRUE,2026-01;2026-02;2026-03;2026-04;2026-05,5,FALSE,2026-01,2026-06,2026-07-15
CPX-01143,Webroot CW,,WRSECGSM100,2.13,USD,Each,OBSERVED,Zuora usage tab,GSM bucket,2026-01-01,9999-12-31,TRUE,2026-01;2026-02;2026-03;2026-04;2026-05,5,FALSE,2026-01,2026-06,2026-07-15
CPX-01144,Webroot CW,,WRSECGSM1000,0.51,USD,Each,OBSERVED,Zuora usage tab,GSM bucket,2026-01-01,9999-12-31,TRUE,2026-01;2026-02;2026-03;2026-04;2026-05,5,FALSE,2026-01,2026-06,2026-07-15
CPX-01145,Webroot CW,,WRSECGSM1000,0.53,USD,Each,OBSERVED,Zuora usage tab,GSM bucket,2026-01-01,9999-12-31,TRUE,2026-01;2026-02;2026-03;2026-04;2026-05,5,FALSE,2026-01,2026-06,2026-07-15
CPX-01146,Webroot CW,,WRSECGSM1000,0.57,USD,Each,OBSERVED,Zuora usage tab,GSM bucket,2026-01-01,9999-12-31,TRUE,2026-01;2026-02;2026-03;2026-04;2026-05,5,FALSE,2026-01,2026-06,2026-07-15
CPX-01147,Webroot CW,,WRSECGSM1000,0.64,USD,Each,OBSERVED,Zuora usage tab,GSM bucket,2026-01-01,9999-12-31,TRUE,2026-01;2026-02;2026-03;2026-04;2026-05,5,FALSE,2026-01,2026-06,2026-07-15
CPX-01148,Webroot CW,,WRSECGSM1000,0.67,USD,Each,OBSERVED,Zuora usage tab,GSM bucket,2026-01-01,2026-03-31,FALSE,2026-01;2026-02;2026-03,3,FALSE,2026-01,2026-06,2026-07-15
CPX-01149,Webroot CW,,WRSECGSM1000,0.72,USD,Each,OBSERVED,Zuora usage tab,GSM bucket,2026-01-01,2026-02-28,FALSE,2026-01;2026-02,2,FALSE,2026-01,2026-06,2026-07-15
CPX-01150,Webroot CW,,WRSECGSM1000,0.77,USD,Each,OBSERVED,Zuora usage tab,GSM bucket,2026-02-01,9999-12-31,TRUE,2026-02;2026-03;2026-04;2026-05,4,FALSE,2026-01,2026-06,2026-07-15
CPX-01151,Webroot CW,,WRSECGSM1000,0.81,USD,Each,OBSERVED,Zuora usage tab,GSM bucket,2026-01-01,9999-12-31,TRUE,2026-01;2026-02;2026-03;2026-04;2026-05,5,FALSE,2026-01,2026-06,2026-07-15
CPX-01152,Webroot CW,,WRSECGSM1000,0.8434,USD,Each,OBSERVED,Zuora usage tab,GSM bucket,2026-04-01,2026-04-30,FALSE,2026-04,1,FALSE,2026-01,2026-06,2026-07-15
CPX-01153,Webroot CW,,WRSECGSM1000,0.85,USD,Each,OBSERVED,Zuora usage tab,GSM bucket,2026-01-01,9999-12-31,TRUE,2026-01;2026-02;2026-03;2026-04;2026-05,5,FALSE,2026-01,2026-06,2026-07-15
CPX-01154,Webroot CW,,WRSECGSM1000,0.86,USD,Each,OBSERVED,Zuora usage tab,GSM bucket,2026-01-01,9999-12-31,TRUE,2026-01;2026-02;2026-03;2026-04;2026-05,5,FALSE,2026-01,2026-06,2026-07-15
CPX-01155,Webroot CW,,WRSECGSM1000,0.91,USD,Each,OBSERVED,Zuora usage tab,GSM bucket,2026-01-01,9999-12-31,TRUE,2026-01;2026-02;2026-03;2026-04;2026-05,5,FALSE,2026-01,2026-06,2026-07-15
CPX-01156,Webroot CW,,WRSECGSM1000,0.94,USD,Each,OBSERVED,Zuora usage tab,GSM bucket,2026-01-01,9999-12-31,TRUE,2026-01;2026-02;2026-03;2026-04;2026-05,5,FALSE,2026-01,2026-06,2026-07-15
CPX-01157,Webroot CW,,WRSECGSM1000,0.95,USD,Each,OBSERVED,Zuora usage tab,GSM bucket,2026-01-01,9999-12-31,TRUE,2026-01;2026-02;2026-03;2026-04;2026-05,5,FALSE,2026-01,2026-06,2026-07-15
CPX-01158,Webroot CW,,WRSECGSM1000,0.97,USD,Each,OBSERVED,Zuora usage tab,GSM bucket,2026-01-01,9999-12-31,TRUE,2026-01;2026-02;2026-03;2026-04;2026-05,5,FALSE,2026-01,2026-06,2026-07-15
CPX-01159,Webroot CW,,WRSECGSM1000,0.99,USD,Each,OBSERVED,Zuora usage tab,GSM bucket,2026-01-01,9999-12-31,TRUE,2026-01;2026-02;2026-03;2026-04;2026-05,5,FALSE,2026-01,2026-06,2026-07-15
CPX-01160,Webroot CW,,WRSECGSM1000,1.0,USD,Each,OBSERVED,Zuora usage tab,GSM bucket,2026-01-01,9999-12-31,TRUE,2026-01;2026-02;2026-03;2026-04;2026-05,5,FALSE,2026-01,2026-06,2026-07-15
CPX-01161,Webroot CW,,WRSECGSM1000,1.01,USD,Each,OBSERVED,Zuora usage tab,GSM bucket,2026-01-01,9999-12-31,TRUE,2026-01;2026-02;2026-03;2026-04;2026-05,5,FALSE,2026-01,2026-06,2026-07-15
CPX-01162,Webroot CW,,WRSECGSM1000,1.03,USD,Each,OBSERVED,Zuora usage tab,GSM bucket,2026-01-01,9999-12-31,TRUE,2026-01;2026-02;2026-03;2026-04;2026-05,5,FALSE,2026-01,2026-06,2026-07-15
CPX-01163,Webroot CW,,WRSECGSM1000,1.04,USD,Each,OBSERVED,Zuora usage tab,GSM bucket,2026-01-01,9999-12-31,TRUE,2026-01;2026-02;2026-03;2026-04;2026-05,5,FALSE,2026-01,2026-06,2026-07-15
CPX-01164,Webroot CW,,WRSECGSM1000,1.05,USD,Each,OBSERVED,Zuora usage tab,GSM bucket,2026-01-01,9999-12-31,TRUE,2026-01;2026-02;2026-03;2026-04;2026-05,5,FALSE,2026-01,2026-06,2026-07-15
CPX-01165,Webroot CW,,WRSECGSM1000,1.06,USD,Each,OBSERVED,Zuora usage tab,GSM bucket,2026-01-01,9999-12-31,TRUE,2026-01;2026-02;2026-03;2026-04;2026-05,5,FALSE,2026-01,2026-06,2026-07-15
CPX-01166,Webroot CW,,WRSECGSM1000,1.08,USD,Each,OBSERVED,Zuora usage tab,GSM bucket,2026-01-01,9999-12-31,TRUE,2026-01;2026-02;2026-03;2026-04;2026-05,5,FALSE,2026-01,2026-06,2026-07-15
CPX-01167,Webroot CW,,WRSECGSM1000,1.09,USD,Each,OBSERVED,Zuora usage tab,GSM bucket,2026-01-01,9999-12-31,TRUE,2026-01;2026-02;2026-03;2026-04;2026-05,5,FALSE,2026-01,2026-06,2026-07-15
CPX-01168,Webroot CW,,WRSECGSM1000,1.11,USD,Each,OBSERVED,Zuora usage tab,GSM bucket,2026-01-01,9999-12-31,TRUE,2026-01;2026-02;2026-03;2026-04;2026-05,5,FALSE,2026-01,2026-06,2026-07-15
CPX-01169,Webroot CW,,WRSECGSM1000,1.31,USD,Each,OBSERVED,Zuora usage tab,GSM bucket,2026-01-01,9999-12-31,TRUE,2026-01;2026-02;2026-03;2026-04;2026-05,5,FALSE,2026-01,2026-06,2026-07-15
CPX-01170,Webroot CW,,WRSECGSM1000,1.52,USD,Each,OBSERVED,Zuora usage tab,GSM bucket,2026-01-01,9999-12-31,TRUE,2026-01;2026-02;2026-03;2026-04;2026-05,5,FALSE,2026-01,2026-06,2026-07-15
CPX-01171,Webroot CW,,WRSECGSM1000,18.53,USD,Each,OBSERVED,Zuora usage tab,GSM bucket,2026-01-01,9999-12-31,TRUE,2026-01;2026-02;2026-03;2026-04;2026-05,5,FALSE,2026-01,2026-06,2026-07-15
CPX-01172,Webroot CW,,WRSECGSM250,0.09,USD,Each,OBSERVED,Zuora usage tab,GSM bucket,2026-01-01,2026-01-31,FALSE,2026-01,1,FALSE,2026-01,2026-06,2026-07-15
CPX-01173,Webroot CW,,WRSECGSM250,0.11,USD,Each,OBSERVED,Zuora usage tab,GSM bucket,2026-01-01,9999-12-31,TRUE,2026-01;2026-02;2026-03;2026-04;2026-05,5,FALSE,2026-01,2026-06,2026-07-15
CPX-01174,Webroot CW,,WRSECGSM250,0.62,USD,Each,OBSERVED,Zuora usage tab,GSM bucket,2026-01-01,9999-12-31,TRUE,2026-01;2026-02;2026-03;2026-04;2026-05,5,FALSE,2026-01,2026-06,2026-07-15
CPX-01175,Webroot CW,,WRSECGSM250,0.72,USD,Each,OBSERVED,Zuora usage tab,GSM bucket,2026-01-01,9999-12-31,TRUE,2026-01;2026-02;2026-03;2026-04;2026-05,5,FALSE,2026-01,2026-06,2026-07-15
CPX-01176,Webroot CW,,WRSECGSM250,0.79,USD,Each,OBSERVED,Zuora usage tab,GSM bucket,2026-01-01,9999-12-31,TRUE,2026-01;2026-02;2026-03;2026-04;2026-05,5,FALSE,2026-01,2026-06,2026-07-15
CPX-01177,Webroot CW,,WRSECGSM250,0.97,USD,Each,OBSERVED,Zuora usage tab,GSM bucket,2026-01-01,9999-12-31,TRUE,2026-01;2026-02;2026-03;2026-04;2026-05,5,FALSE,2026-01,2026-06,2026-07-15
CPX-01178,Webroot CW,,WRSECGSM250,0.98,USD,Each,OBSERVED,Zuora usage tab,GSM bucket,2026-01-01,9999-12-31,TRUE,2026-01;2026-02;2026-03;2026-04;2026-05,5,FALSE,2026-01,2026-06,2026-07-15
CPX-01179,Webroot CW,,WRSECGSM250,1.0,USD,Each,OBSERVED,Zuora usage tab,GSM bucket,2026-01-01,9999-12-31,TRUE,2026-01;2026-02;2026-03;2026-04;2026-05,5,FALSE,2026-01,2026-06,2026-07-15
CPX-01180,Webroot CW,,WRSECGSM250,1.01,USD,Each,OBSERVED,Zuora usage tab,GSM bucket,2026-01-01,9999-12-31,TRUE,2026-01;2026-02;2026-03;2026-04;2026-05,5,FALSE,2026-01,2026-06,2026-07-15
CPX-01181,Webroot CW,,WRSECGSM250,1.04,USD,Each,OBSERVED,Zuora usage tab,GSM bucket,2026-01-01,9999-12-31,TRUE,2026-01;2026-02;2026-03;2026-04;2026-05,5,FALSE,2026-01,2026-06,2026-07-15
CPX-01182,Webroot CW,,WRSECGSM250,1.07,USD,Each,OBSERVED,Zuora usage tab,GSM bucket,2026-01-01,9999-12-31,TRUE,2026-01;2026-02;2026-03;2026-04;2026-05,5,FALSE,2026-01,2026-06,2026-07-15
CPX-01183,Webroot CW,,WRSECGSM250,1.08,USD,Each,OBSERVED,Zuora usage tab,GSM bucket,2026-03-01,9999-12-31,TRUE,2026-03;2026-04;2026-05,3,FALSE,2026-01,2026-06,2026-07-15
CPX-01184,Webroot CW,,WRSECGSM250,1.15,USD,Each,OBSERVED,Zuora usage tab,GSM bucket,2026-01-01,9999-12-31,TRUE,2026-01;2026-02;2026-03;2026-04;2026-05,5,FALSE,2026-01,2026-06,2026-07-15
CPX-01185,Webroot CW,,WRSECGSM250,1.18,USD,Each,OBSERVED,Zuora usage tab,GSM bucket,2026-01-01,9999-12-31,TRUE,2026-01;2026-02;2026-03;2026-04;2026-05,5,FALSE,2026-01,2026-06,2026-07-15
CPX-01186,Webroot CW,,WRSECGSM250,1.31,USD,Each,OBSERVED,Zuora usage tab,GSM bucket,2026-01-01,9999-12-31,TRUE,2026-01;2026-02;2026-03;2026-04;2026-05,5,FALSE,2026-01,2026-06,2026-07-15
CPX-01187,Webroot CW,,WRSECGSM250,1.32,USD,Each,OBSERVED,Zuora usage tab,GSM bucket,2026-01-01,9999-12-31,TRUE,2026-01;2026-02;2026-03;2026-04;2026-05,5,FALSE,2026-01,2026-06,2026-07-15
CPX-01188,Webroot CW,,WRSECGSM250,1.36,USD,Each,OBSERVED,Zuora usage tab,GSM bucket,2026-01-01,9999-12-31,TRUE,2026-01;2026-02;2026-03;2026-04;2026-05,5,FALSE,2026-01,2026-06,2026-07-15
CPX-01189,Webroot CW,,WRSECGSM250,1.42,USD,Each,OBSERVED,Zuora usage tab,GSM bucket,2026-01-01,2026-03-31,FALSE,2026-01;2026-02;2026-03,3,FALSE,2026-01,2026-06,2026-07-15
CPX-01190,Webroot CW,,WRSECGSM250,1.43,USD,Each,OBSERVED,Zuora usage tab,GSM bucket,2026-01-01,9999-12-31,TRUE,2026-01;2026-02;2026-03;2026-04;2026-05,5,FALSE,2026-01,2026-06,2026-07-15
CPX-01191,Webroot CW,,WRSECGSM250,1.52,USD,Each,OBSERVED,Zuora usage tab,GSM bucket,2026-01-01,9999-12-31,TRUE,2026-01;2026-02;2026-03;2026-04;2026-05,5,FALSE,2026-01,2026-06,2026-07-15
CPX-01192,Webroot CW,,WRSECGSM250,1.63,USD,Each,OBSERVED,Zuora usage tab,GSM bucket,2026-01-01,9999-12-31,TRUE,2026-01;2026-02;2026-03;2026-04;2026-05,5,FALSE,2026-01,2026-06,2026-07-15
CPX-01193,Webroot CW,,WRSECGSM500,0.62,USD,Each,OBSERVED,Zuora usage tab,GSM bucket,2026-01-01,2026-04-30,FALSE,2026-01;2026-02;2026-03;2026-04,4,FALSE,2026-01,2026-06,2026-07-15
CPX-01194,Webroot CW,,WRSECGSM500,0.67,USD,Each,OBSERVED,Zuora usage tab,GSM bucket,2026-01-01,9999-12-31,TRUE,2026-01;2026-02;2026-03;2026-04;2026-05,5,FALSE,2026-01,2026-06,2026-07-15
CPX-01195,Webroot CW,,WRSECGSM500,0.68,USD,Each,OBSERVED,Zuora usage tab,GSM bucket,2026-01-01,9999-12-31,TRUE,2026-01;2026-02;2026-03;2026-04;2026-05,5,FALSE,2026-01,2026-06,2026-07-15
CPX-01196,Webroot CW,,WRSECGSM500,0.71,USD,Each,OBSERVED,Zuora usage tab,GSM bucket,2026-01-01,9999-12-31,TRUE,2026-01;2026-02;2026-03;2026-04;2026-05,5,FALSE,2026-01,2026-06,2026-07-15
CPX-01197,Webroot CW,,WRSECGSM500,0.75,USD,Each,OBSERVED,Zuora usage tab,GSM bucket,2026-01-01,9999-12-31,TRUE,2026-01;2026-02;2026-03;2026-04;2026-05,5,FALSE,2026-01,2026-06,2026-07-15
CPX-01198,Webroot CW,,WRSECGSM500,0.88,USD,Each,OBSERVED,Zuora usage tab,GSM bucket,2026-01-01,9999-12-31,TRUE,2026-01;2026-02;2026-03;2026-04;2026-05,5,FALSE,2026-01,2026-06,2026-07-15
CPX-01199,Webroot CW,,WRSECGSM500,0.9,USD,Each,OBSERVED,Zuora usage tab,GSM bucket,2026-01-01,9999-12-31,TRUE,2026-01;2026-02;2026-03;2026-04;2026-05,5,FALSE,2026-01,2026-06,2026-07-15
CPX-01200,Webroot CW,,WRSECGSM500,0.95,USD,Each,OBSERVED,Zuora usage tab,GSM bucket,2026-01-01,9999-12-31,TRUE,2026-01;2026-02;2026-03;2026-04;2026-05,5,FALSE,2026-01,2026-06,2026-07-15
CPX-01201,Webroot CW,,WRSECGSM500,0.97,USD,Each,OBSERVED,Zuora usage tab,GSM bucket,2026-01-01,9999-12-31,TRUE,2026-01;2026-02;2026-03;2026-04;2026-05,5,FALSE,2026-01,2026-06,2026-07-15
CPX-01202,Webroot CW,,WRSECGSM500,0.98,USD,Each,OBSERVED,Zuora usage tab,GSM bucket,2026-01-01,9999-12-31,TRUE,2026-01;2026-02;2026-03;2026-04;2026-05,5,FALSE,2026-01,2026-06,2026-07-15
CPX-01203,Webroot CW,,WRSECGSM500,1.02,USD,Each,OBSERVED,Zuora usage tab,GSM bucket,2026-01-01,9999-12-31,TRUE,2026-01;2026-02;2026-03;2026-04;2026-05,5,FALSE,2026-01,2026-06,2026-07-15
CPX-01204,Webroot CW,,WRSECGSM500,1.08,USD,Each,OBSERVED,Zuora usage tab,GSM bucket,2026-01-01,9999-12-31,TRUE,2026-01;2026-02;2026-03;2026-04;2026-05,5,FALSE,2026-01,2026-06,2026-07-15
CPX-01205,Webroot CW,,WRSECGSM500,1.09,USD,Each,OBSERVED,Zuora usage tab,GSM bucket,2026-01-01,9999-12-31,TRUE,2026-01;2026-02;2026-03;2026-04;2026-05,5,FALSE,2026-01,2026-06,2026-07-15
CPX-01206,Webroot CW,,WRSECGSM500,1.23,USD,Each,OBSERVED,Zuora usage tab,GSM bucket,2026-01-01,9999-12-31,TRUE,2026-01;2026-02;2026-03;2026-04;2026-05,5,FALSE,2026-01,2026-06,2026-07-15
CPX-01207,Webroot CW,,WRSECGSM500,1.24,USD,Each,OBSERVED,Zuora usage tab,GSM bucket,2026-01-01,9999-12-31,TRUE,2026-01;2026-02;2026-03;2026-04;2026-05,5,FALSE,2026-01,2026-06,2026-07-15
CPX-01208,Webroot CW,,WRSECGSM500,1.29,USD,Each,OBSERVED,Zuora usage tab,GSM bucket,2026-01-01,2026-04-30,FALSE,2026-01;2026-02;2026-03;2026-04,4,FALSE,2026-01,2026-06,2026-07-15
CPX-01209,Webroot CW,,WRSECGSM500,1.57,USD,Each,OBSERVED,Zuora usage tab,GSM bucket,2026-01-01,9999-12-31,TRUE,2026-01;2026-02;2026-03;2026-04;2026-05,5,FALSE,2026-01,2026-06,2026-07-15
CPX-01210,Webroot CW,,WRSECGSM750,0.1,USD,Each,OBSERVED,Zuora usage tab,GSM bucket,2026-01-01,9999-12-31,TRUE,2026-01;2026-02;2026-03;2026-04;2026-05,5,FALSE,2026-01,2026-06,2026-07-15
CPX-01211,Webroot CW,,WRSECGSM750,0.5,USD,Each,OBSERVED,Zuora usage tab,GSM bucket,2026-01-01,9999-12-31,TRUE,2026-01;2026-02;2026-03;2026-04;2026-05,5,FALSE,2026-01,2026-06,2026-07-15
CPX-01212,Webroot CW,,WRSECGSM750,0.85,USD,Each,OBSERVED,Zuora usage tab,GSM bucket,2026-01-01,9999-12-31,TRUE,2026-01;2026-02;2026-03;2026-04;2026-05,5,FALSE,2026-01,2026-06,2026-07-15
CPX-01213,Webroot CW,,WRSECGSM750,0.87,USD,Each,OBSERVED,Zuora usage tab,GSM bucket,2026-01-01,9999-12-31,TRUE,2026-01;2026-02;2026-03;2026-04;2026-05,5,FALSE,2026-01,2026-06,2026-07-15
CPX-01214,Webroot CW,,WRSECGSM750,0.9,USD,Each,OBSERVED,Zuora usage tab,GSM bucket,2026-01-01,9999-12-31,TRUE,2026-01;2026-02;2026-03;2026-04;2026-05,5,FALSE,2026-01,2026-06,2026-07-15
CPX-01215,Webroot CW,,WRSECGSM750,1.0,USD,Each,OBSERVED,Zuora usage tab,GSM bucket,2026-01-01,9999-12-31,TRUE,2026-01;2026-02;2026-03;2026-04;2026-05,5,FALSE,2026-01,2026-06,2026-07-15
CPX-01216,Webroot CW,,WRSECGSM750,1.01,USD,Each,OBSERVED,Zuora usage tab,GSM bucket,2026-01-01,9999-12-31,TRUE,2026-01;2026-02;2026-03;2026-04;2026-05,5,FALSE,2026-01,2026-06,2026-07-15
CPX-01217,Webroot CW,,WRSECGSM750,1.02,USD,Each,OBSERVED,Zuora usage tab,GSM bucket,2026-01-01,9999-12-31,TRUE,2026-01;2026-02;2026-03;2026-04;2026-05,5,FALSE,2026-01,2026-06,2026-07-15
CPX-01218,Webroot CW,,WRSECGSM750,1.08,USD,Each,OBSERVED,Zuora usage tab,GSM bucket,2026-01-01,9999-12-31,TRUE,2026-01;2026-02;2026-03;2026-04;2026-05,5,FALSE,2026-01,2026-06,2026-07-15
CPX-01219,Webroot CW,,WRSECGSM750,1.09,USD,Each,OBSERVED,Zuora usage tab,GSM bucket,2026-01-01,9999-12-31,TRUE,2026-01;2026-02;2026-03;2026-04;2026-05,5,FALSE,2026-01,2026-06,2026-07-15
CPX-01220,Webroot CW,,WRSECGSM750,1.14,USD,Each,OBSERVED,Zuora usage tab,GSM bucket,2026-01-01,9999-12-31,TRUE,2026-01;2026-02;2026-03;2026-04;2026-05,5,FALSE,2026-01,2026-06,2026-07-15
CPX-01221,Webroot CW,,WRSECGSM750,1.15,USD,Each,OBSERVED,Zuora usage tab,GSM bucket,2026-01-01,9999-12-31,TRUE,2026-01;2026-02;2026-03;2026-04;2026-05,5,FALSE,2026-01,2026-06,2026-07-15
CPX-01222,Webroot CW,,WRSECGSM750,1.21,USD,Each,OBSERVED,Zuora usage tab,GSM bucket,2026-01-01,9999-12-31,TRUE,2026-01;2026-02;2026-03;2026-04;2026-05,5,FALSE,2026-01,2026-06,2026-07-15
CPX-01223,Webroot CW,,WRSECGSM750,1.52,USD,Each,OBSERVED,Zuora usage tab,GSM bucket,2026-01-01,9999-12-31,TRUE,2026-01;2026-02;2026-03;2026-04;2026-05,5,FALSE,2026-01,2026-06,2026-07-15
CPX-01224,Webroot CW,,WSADNSP,2.45,USD,Each,OBSERVED,Zuora usage tab,DNS bucket,2026-01-01,9999-12-31,TRUE,2026-01;2026-02;2026-03;2026-04;2026-05,5,FALSE,2026-01,2026-06,2026-07-15
CPX-01225,Webroot CW,,WSADNSP-STAND-ALONE,0.47,USD,Each,OBSERVED,Zuora usage tab,DNS bucket,2026-01-01,9999-12-31,TRUE,2026-01;2026-02;2026-03;2026-04;2026-05,5,FALSE,2026-01,2026-06,2026-07-15
CPX-01226,Webroot CW,,WSADNSP-STAND-ALONE,0.67,USD,Each,OBSERVED,Zuora usage tab,DNS bucket,2026-01-01,9999-12-31,TRUE,2026-01;2026-02;2026-03;2026-04;2026-05,5,FALSE,2026-01,2026-06,2026-07-15
CPX-01227,Webroot CW,,WSADNSP-STAND-ALONE,0.72,USD,Each,OBSERVED,Zuora usage tab,DNS bucket,2026-01-01,9999-12-31,TRUE,2026-01;2026-02;2026-03;2026-04;2026-05,5,FALSE,2026-01,2026-06,2026-07-15
CPX-01228,Webroot CW,,WSADNSP-STAND-ALONE,0.75,USD,Each,OBSERVED,Zuora usage tab,DNS bucket,2026-01-01,9999-12-31,TRUE,2026-01;2026-02;2026-03;2026-04;2026-05,5,FALSE,2026-01,2026-06,2026-07-15
CPX-01229,Webroot CW,,WSADNSP-STAND-ALONE,0.81,USD,Each,OBSERVED,Zuora usage tab,DNS bucket,2026-01-01,9999-12-31,TRUE,2026-01;2026-02;2026-03;2026-04;2026-05,5,FALSE,2026-01,2026-06,2026-07-15
CPX-01230,Webroot CW,,WSADNSP-STAND-ALONE,0.83,USD,Each,OBSERVED,Zuora usage tab,DNS bucket,2026-01-01,9999-12-31,TRUE,2026-01;2026-02;2026-03;2026-04;2026-05,5,FALSE,2026-01,2026-06,2026-07-15
CPX-01231,Webroot CW,,WSADNSP-STAND-ALONE,0.89,USD,Each,OBSERVED,Zuora usage tab,DNS bucket,2026-01-01,9999-12-31,TRUE,2026-01;2026-02;2026-03;2026-04;2026-05,5,FALSE,2026-01,2026-06,2026-07-15
CPX-01232,Webroot CW,,WSADNSP-STAND-ALONE,0.91,USD,Each,OBSERVED,Zuora usage tab,DNS bucket,2026-01-01,9999-12-31,TRUE,2026-01;2026-02;2026-03;2026-04;2026-05,5,FALSE,2026-01,2026-06,2026-07-15
CPX-01233,Webroot CW,,WSADNSP-STAND-ALONE,0.92,USD,Each,OBSERVED,Zuora usage tab,DNS bucket,2026-01-01,2026-04-30,FALSE,2026-01;2026-02;2026-03;2026-04,4,FALSE,2026-01,2026-06,2026-07-15
CPX-01234,Webroot CW,,WSADNSP-STAND-ALONE,0.95,USD,Each,OBSERVED,Zuora usage tab,DNS bucket,2026-01-01,2026-04-30,FALSE,2026-01;2026-02;2026-03;2026-04,4,FALSE,2026-01,2026-06,2026-07-15
CPX-01235,Webroot CW,,WSADNSP-STAND-ALONE,1.0,USD,Each,OBSERVED,Zuora usage tab,DNS bucket,2026-01-01,9999-12-31,TRUE,2026-01;2026-02;2026-03;2026-04;2026-05,5,FALSE,2026-01,2026-06,2026-07-15
CPX-01236,Webroot CW,,WSADNSP-STAND-ALONE,1.01,USD,Each,OBSERVED,Zuora usage tab,DNS bucket,2026-01-01,9999-12-31,TRUE,2026-01;2026-02;2026-03;2026-04;2026-05,5,FALSE,2026-01,2026-06,2026-07-15
CPX-01237,Webroot CW,,WSADNSP-STAND-ALONE,1.02,USD,Each,OBSERVED,Zuora usage tab,DNS bucket,2026-01-01,9999-12-31,TRUE,2026-01;2026-02;2026-03;2026-04;2026-05,5,FALSE,2026-01,2026-06,2026-07-15
CPX-01238,Webroot CW,,WSADNSP-STAND-ALONE,1.05,USD,Each,OBSERVED,Zuora usage tab,DNS bucket,2026-01-01,9999-12-31,TRUE,2026-01;2026-02;2026-03;2026-04;2026-05,5,FALSE,2026-01,2026-06,2026-07-15
CPX-01239,Webroot CW,,WSADNSP-STAND-ALONE,1.07,USD,Each,OBSERVED,Zuora usage tab,DNS bucket,2026-01-01,9999-12-31,TRUE,2026-01;2026-02;2026-03;2026-04;2026-05,5,FALSE,2026-01,2026-06,2026-07-15
CPX-01240,Webroot CW,,WSADNSP-STAND-ALONE,1.1,USD,Each,OBSERVED,Zuora usage tab,DNS bucket,2026-01-01,9999-12-31,TRUE,2026-01;2026-02;2026-03;2026-04;2026-05,5,FALSE,2026-01,2026-06,2026-07-15
CPX-01241,Webroot CW,,WSADNSP-STAND-ALONE,1.11,USD,Each,OBSERVED,Zuora usage tab,DNS bucket,2026-01-01,9999-12-31,TRUE,2026-01;2026-02;2026-03;2026-04;2026-05,5,FALSE,2026-01,2026-06,2026-07-15
CPX-01242,Webroot CW,,WSADNSP-STAND-ALONE,1.13,USD,Each,OBSERVED,Zuora usage tab,DNS bucket,2026-01-01,9999-12-31,TRUE,2026-01;2026-02;2026-03;2026-04;2026-05,5,FALSE,2026-01,2026-06,2026-07-15
CPX-01243,Webroot CW,,WSADNSP-STAND-ALONE,1.15,USD,Each,OBSERVED,Zuora usage tab,DNS bucket,2026-01-01,9999-12-31,TRUE,2026-01;2026-02;2026-03;2026-04;2026-05,5,FALSE,2026-01,2026-06,2026-07-15
CPX-01244,Webroot CW,,WSADNSP-STAND-ALONE,1.22,USD,Each,OBSERVED,Zuora usage tab,DNS bucket,2026-01-01,9999-12-31,TRUE,2026-01;2026-02;2026-03;2026-04;2026-05,5,FALSE,2026-01,2026-06,2026-07-15
CPX-01245,Webroot CW,,WSADNSP-STAND-ALONE,1.24,USD,Each,OBSERVED,Zuora usage tab,DNS bucket,2026-01-01,9999-12-31,TRUE,2026-01;2026-02;2026-03;2026-04;2026-05,5,FALSE,2026-01,2026-06,2026-07-15
CPX-01246,Webroot CW,,WSADNSP-STAND-ALONE,1.25,USD,Each,OBSERVED,Zuora usage tab,DNS bucket,2026-01-01,9999-12-31,TRUE,2026-01;2026-02;2026-03;2026-04;2026-05,5,FALSE,2026-01,2026-06,2026-07-15
CPX-01247,Webroot CW,,WSADNSP-STAND-ALONE,1.3,USD,Each,OBSERVED,Zuora usage tab,DNS bucket,2026-01-01,9999-12-31,TRUE,2026-01;2026-02;2026-03;2026-04;2026-05,5,FALSE,2026-01,2026-06,2026-07-15
CPX-01248,Webroot CW,,WSADNSP-STAND-ALONE,1.35,USD,Each,OBSERVED,Zuora usage tab,DNS bucket,2026-01-01,9999-12-31,TRUE,2026-01;2026-02;2026-03;2026-04;2026-05,5,FALSE,2026-01,2026-06,2026-07-15
CPX-01249,Webroot CW,,WSADNSP-STAND-ALONE,1.95,USD,Each,OBSERVED,Zuora usage tab,DNS bucket,2026-01-01,2026-03-31,FALSE,2026-01;2026-02;2026-03,3,FALSE,2026-01,2026-06,2026-07-15
CPX-01250,Webroot CW,,WSADNSPSTANDAL-00001,0.84,USD,Each,OBSERVED,Zuora usage tab,DNS bucket,2026-01-01,9999-12-31,TRUE,2026-01;2026-02;2026-03;2026-04;2026-05,5,FALSE,2026-01,2026-06,2026-07-15
CPX-01251,Webroot CW,,WSADNSPSTANDAL-00001,1.35,USD,Each,OBSERVED,Zuora usage tab,DNS bucket,2026-01-01,9999-12-31,TRUE,2026-01;2026-02;2026-03;2026-04;2026-05,5,FALSE,2026-01,2026-06,2026-07-15
CPX-01252,Webroot CW,,WSADNSPSTANDAL-00100,1.04,USD,Each,OBSERVED,Zuora usage tab,DNS bucket,2026-01-01,9999-12-31,TRUE,2026-01;2026-02;2026-03;2026-04;2026-05,5,FALSE,2026-01,2026-06,2026-07-15
CPX-01253,Webroot CW,,WSADNSPSTANDAL-00100,1.15,USD,Each,OBSERVED,Zuora usage tab,DNS bucket,2026-01-01,9999-12-31,TRUE,2026-01;2026-02;2026-03;2026-04;2026-05,5,FALSE,2026-01,2026-06,2026-07-15
CPX-01254,Webroot CW,,WSADNSPSTANDAL-00100,1.18,USD,Each,OBSERVED,Zuora usage tab,DNS bucket,2026-01-01,9999-12-31,TRUE,2026-01;2026-02;2026-03;2026-04;2026-05,5,FALSE,2026-01,2026-06,2026-07-15
CPX-01255,Webroot CW,,WSADNSPSTANDAL-00100,1.24,USD,Each,OBSERVED,Zuora usage tab,DNS bucket,2026-01-01,9999-12-31,TRUE,2026-01;2026-02;2026-03;2026-04;2026-05,5,FALSE,2026-01,2026-06,2026-07-15
CPX-01256,Webroot CW,,WSADNSPSTANDAL-00250,0.67,USD,Each,OBSERVED,Zuora usage tab,DNS bucket,2026-01-01,2026-02-28,FALSE,2026-01;2026-02,2,FALSE,2026-01,2026-06,2026-07-15
CPX-01257,Webroot CW,,WSADNSPSTANDAL-00250,0.8377,USD,Each,OBSERVED,Zuora usage tab,DNS bucket,2026-02-01,2026-02-28,FALSE,2026-02,1,FALSE,2026-01,2026-06,2026-07-15
CPX-01258,Webroot CW,,WSADNSPSTANDAL-00250,0.91,USD,Each,OBSERVED,Zuora usage tab,DNS bucket,2026-01-01,9999-12-31,TRUE,2026-01;2026-02;2026-03;2026-04;2026-05,5,FALSE,2026-01,2026-06,2026-07-15
CPX-01259,Webroot CW,,WSADNSPSTANDAL-00250,1.06,USD,Each,OBSERVED,Zuora usage tab,DNS bucket,2026-01-01,9999-12-31,TRUE,2026-01;2026-02;2026-03;2026-04;2026-05,5,FALSE,2026-01,2026-06,2026-07-15
CPX-01260,Webroot CW,,WSADNSPSTANDAL-00250,1.11,USD,Each,OBSERVED,Zuora usage tab,DNS bucket,2026-01-01,9999-12-31,TRUE,2026-01;2026-02;2026-03;2026-04;2026-05,5,FALSE,2026-01,2026-06,2026-07-15
CPX-01261,Webroot CW,,WSADNSPSTANDAL-00500,0.67,USD,Each,OBSERVED,Zuora usage tab,DNS bucket,2026-01-01,9999-12-31,TRUE,2026-01;2026-02;2026-03;2026-04;2026-05,5,FALSE,2026-01,2026-06,2026-07-15
CPX-01262,Webroot CW,,WSADNSPSTANDAL-00500,1.0,USD,Each,OBSERVED,Zuora usage tab,DNS bucket,2026-01-01,9999-12-31,TRUE,2026-01;2026-02;2026-03;2026-04;2026-05,5,FALSE,2026-01,2026-06,2026-07-15
CPX-01263,Webroot CW,,WSADNSPSTANDAL-02500,0.83,USD,Each,OBSERVED,Zuora usage tab,DNS bucket,2026-01-01,9999-12-31,TRUE,2026-01;2026-02;2026-03;2026-04;2026-05,5,FALSE,2026-01,2026-06,2026-07-15
CPX-01264,Webroot CW,,WSADNSPSTANDALONEIIT,1.32,USD,Each,OBSERVED,Zuora usage tab,DNS bucket,2026-01-01,9999-12-31,TRUE,2026-01;2026-02;2026-03;2026-04;2026-05,5,FALSE,2026-01,2026-06,2026-07-15
CPX-01265,Webroot CW,,WSADNSPSTANDALONEIIT,1.47,USD,Each,OBSERVED,Zuora usage tab,DNS bucket,2026-01-01,2026-04-30,FALSE,2026-01;2026-02;2026-03;2026-04,4,FALSE,2026-01,2026-06,2026-07-15
CPX-01266,Webroot CW,SAEP,,0.52,,,OBSERVED,Vendor usage tab,Webroot vendor retail price; family=GSM,2026-01-01,9999-12-31,TRUE,2026-01;2026-02;2026-03;2026-04;2026-05,5,FALSE,2026-01,2026-06,2026-07-15
CPX-01267,Webroot CW,SAEP,,0.71,,,OBSERVED,Vendor usage tab,Webroot vendor retail price; family=GSM,2026-01-01,9999-12-31,TRUE,2026-01;2026-02;2026-03;2026-04;2026-05,5,FALSE,2026-01,2026-06,2026-07-15
CPX-01268,Webroot CW,SAEP,,0.79,,,OBSERVED,Vendor usage tab,Webroot vendor retail price; family=GSM,2026-01-01,9999-12-31,TRUE,2026-01;2026-02;2026-03;2026-04;2026-05,5,FALSE,2026-01,2026-06,2026-07-15
CPX-01269,Webroot CW,SAEP,,0.88,,,OBSERVED,Vendor usage tab,Webroot vendor retail price; family=GSM,2026-01-01,9999-12-31,TRUE,2026-01;2026-02;2026-03;2026-04;2026-05,5,FALSE,2026-01,2026-06,2026-07-15
CPX-01270,Webroot CW,SAEP,,0.96,,,OBSERVED,Vendor usage tab,Webroot vendor retail price; family=GSM,2026-01-01,9999-12-31,TRUE,2026-01;2026-02;2026-03;2026-04;2026-05,5,FALSE,2026-01,2026-06,2026-07-15
CPX-01271,Webroot CW,SDNS,,0.53,,,OBSERVED,Vendor usage tab,Webroot vendor retail price; family=DNS,2026-01-01,9999-12-31,TRUE,2026-01;2026-02;2026-03;2026-04;2026-05,5,FALSE,2026-01,2026-06,2026-07-15
CPX-01272,Webroot CW,SECA,,0.35,,,OBSERVED,Vendor usage tab,Webroot vendor retail price; family=SAT,2026-01-01,9999-12-31,TRUE,2026-01;2026-02;2026-03;2026-04;2026-05,5,FALSE,2026-01,2026-06,2026-07-15
CPX-01273,Webroot CW,xx,,0.53,,,OBSERVED,Vendor usage tab,Webroot vendor retail price; family=,2026-02-01,2026-02-28,FALSE,2026-02,1,FALSE,2026-01,2026-06,2026-07-15
