PARTNER_NAME,PARENT_COMPANY,SF_ID,CMS_ID,ZUORA_NAME
Dental Health Associates of Madison,,ACT-00249362,29667,Dental Health Associates of Madison
Descent IT,,ACT-00268852,26533,Descent Inc
"Direct Companies, LLC",,ACT-00151759,24700,"Direct Companies, LLC"
DP Solutions,,ACT-00157421,23999,DP Solutions
"DSM Technology Consultants, LLC",,ACT-00231867,25394,"DSM Technology Consultants, LLC"
DTC,,ACT-00216351,18186,Digital Telecommunications Corporation dba DTC
EAG 1Source,,ACT-00091246,19728,EAG 1Source
Eagle Consulting Group LLC,,ACT-00009498,28350,"Eagle Consulting Group, LLC"
Eanyware,,ACT-00000312,4840,eAnyWare Solutions Corp
Easyitguys,,ACT-00144880,21197,EasyITGuys
EC Managed IT,,ACT-00249561,20909,EC Managed IT
"Eclipse Networks, Inc",,ACT-00049547,19919,"Eclipse Networks, Inc."
"Edit Technology Solutions, Inc.",,ACT-00140075,23132,"Edit Technology Solutions, Inc."
Ekaru,,ACT-00040023,267,Ekaru
"Electronic Strategies, Inc.",,ACT-00246663,21424,"Electronic Strategies, Inc."
eMazzanti Technologies,,ACT-00095630,416,eMazzanti Technologies
Empire Consultants,,ACT-00169196,25663,"Empire Consultants, Inc"
Empower Information Systems,,ACT-00118784,7464,Empower Information Systems
Enso Solutions,,ACT-00249019,21064,Enso Solutions
ENT Networks,,ACT-00204987,17367,ENT Networks Inc
"WDCS, Inc.",,ACT-00188908,,
m3 Networks Limited,,ACT-00192321,23310,
LifeBrite Hosptial Group,,ACT-00183759,,
The Ulven Companies,,ACT-00099271,,
"Magna5 MS, LLC",,ACT-00118650,32122,
FrontierMSP,,ACT-00115244,23439,
Dialysis Care Center,,ACT-00149113,27680,
"Utmostit, Inc",,ACT-00020413,27477,
Blueshift Computer Technology,,ACT-00148870,30033,
GTech Data LLC,,ACT-00135117,20575,
Keystone,,ACT-00048610,22697,
Zenzero Solutions Ltd,,ACT-00020131,24187,
Community Technology Consultants LLC,,ACT-00187177,28933,
NCS Network Consulting,,ACT-00236939,26019,
"Gray Wolf Information Technologies, Inc.",,ACT-00046473,,
Red Mosquito Ltd,,ACT-00170291,25309,
"IT by Design, Inc.",,ACT-00134257,25999,
Resonant Technology Partners LLC,,ACT-00171734,,
Decision Logic,,ACT-00175613,9481,
Sanchez Management Corp,,ACT-00270835,31201,
Launch IT,,ACT-00139826,24548,
Noah Morrison,,ACT-00103409,33960,
Lifeline Technology Solutions,,ACT-00118026,23327,
IT In Demand,,ACT-00069340,31346,
"Rapid Domains, Inc. OLD",,ACT-00196486,24768,
Pivit Strategy,,ACT-00265570,24559,
Pittsburgh Computer Solutions,,ACT-00056546,23978,
Providum,,ACT-00250429,21062,Providum
Provision Data Systems Inc,,ACT-00199701,17561,Provision Data Systems Inc
PTS Data Center Solutions Inc.,,ACT-00086234,18848,"PTS DATA CENTER SOLUTIONS, INC."
Pulse Technology Solutions,,ACT-00135232,5420,Pulse Business Solutions
PulseOne Group LLC,,ACT-00230241,,PulseOne Group LLC
Pure Technology,Ingram Micro,ACT-00151751,,Pure Technology Inc.
QCI,,ACT-00146544,1602,QCI of Des Moines
QLAN,,ACT-00245278,,"QLAN, Inc."
QRS,,ACT-00175033,,Qrs Inc
"Quadrivium, Inc.",,ACT-00160496,,Quadrivium
Quantech Corporation,,ACT-00034914,1125,Quantech Corporation
Quarterhorse Technology Inc,,ACT-00149114,21094,Quarterhorse Technology
Quartet Service Inc.,,ACT-00042264,,Telus Communications Inc.
Quest Technology Group,,ACT-00037710,,Quest Technology Group
QuestingHound Technology Partners,,ACT-00165381,11258,QuestingHound Technology Partners
Quick Solutions,,ACT-00174646,,Quick Solutions
Quo Vadimus,,ACT-00031028,9204,Quo Vadimus Tech LLC
"R & D Computers, Inc.",,ACT-00217460,,RNDCOMP
R and R Consultants,,ACT-00095666,18076,R&R Consultants
RAD Group,,ACT-00048901,,RAD Group
Radeon Technologies Ltd.,,ACT-00098219,,Pineapple Bytes
Radius Technologies,,ACT-00132807,,Radius Technologies
RAM CONSULTING CORPORATION,,ACT-00208162,4807,RAM Consulting Corporation
Rampart Computers,,ACT-00066880,,Rampart Computers
Rampup Technology,,ACT-00240170,24056,Ramp Up Technology
Rand Solutions Group,,ACT-00241066,4349,Rand Solutions Group Inc
Rational Business Solutions,,ACT-00159800,,Rational Business Solutions
Ravid IT Solutions,,ACT-00223016,,Ravid IT Solutions
Ray Morgan Company,,ACT-00161817,16317,Ray Morgan Company
RazorCity IT,,ACT-00230142,17570,RazorCity IT
"Realized Solutions, Inc",,ACT-00235205,,Realized Solutions Inc.
RealPage,,ACT-00137227,,RealPage
RealPage Inc.,,ACT-00137227,,RealPage
Reboot Inc,,ACT-00230604,,Reboot Inc
Red Rock Information Security,,ACT-00118902,,RedRock Information Security LLC
REKS IT Services,,ACT-00159897,8727,REKS IT Services
Relentless Solutions,,ACT-00171684,23368,Relentless Solutions
"Reliable Computer Services of Illinois, Inc.",,ACT-00075954,,RELIABLE NETWORKS LTD
Reliable Networks,,ACT-00075954,16892,RELIABLE NETWORKS LTD
Reliable Networks Inc,,ACT-00110400,1805,Reliable Networks Inc
Reliance Computer Support,,ACT-00004637,11179,Reliance Computer Support
REM Cyber Compliance Solutions,,ACT-00247372,21559,REM Cyber Compliance Solutions
Remora Holdings (Consider I.T.),,ACT-00080112,,Consider I.T.
Remote Administrator Consulting,,ACT-00228030,,Inlet Technologies Ltd.
Remote Works,,ACT-00083927,9313,RemoteWorks
RenovoData,,ACT-00026264,,RenovoData
Repeat Business Systems,,ACT-00155233,18589,"Repeat Business Systems, Inc"
Republic Mortgage,,ACT-00231669,16440,"Function4, LLC"
RescueMe911,,ACT-00064931,9084,RescueMe911
RESIDE Worldwide,,ACT-00296046,,Reside Worldwide
Resolute Consulting Group,,ACT-00181531,,Resolute Consulting Group
Resolution IT,,ACT-00225101,16567,Resolution IT
Resolve 360 Ltd,,ACT-00121234,17456,Resolve 360
Resolve Information Technology,,ACT-00039342,17589,Resolve Information Technology Ltd
Resonant Technology Partners,,ACT-00171734,,resonant
Retail Data Systems of WI,,ACT-00209929,14366,Retail Data Systems of WI
Rhesus inc,,ACT-00206449,,Rhesus inc
Rhize Tech LLC,,ACT-00050980,14211,Rhize Tech
Richline Technical Services LLC,,ACT-00011178,20332,"Richline Technical Services, LLC"
Right Click Computer Solutions,,ACT-00025578,12131,Right Click Computer Solutions
Right Click Solutions LLC,,ACT-00023363,,Right Click Solutions LLC
Right Of Way Technology,,ACT-00118040,20314,Right Of Way Technology
"Rite Group, The",,ACT-00083662,,theritegroup
Riverfy,,ACT-00106176,10190,Riverfy
Riverside Technologies Inc,,ACT-00078230,,rti
RJR Solutions Inc,,ACT-00109197,4438,RJR SOLUTIONS INC
RKD Computers,,ACT-00090780,15684,RKD Computers
RM Computing Orkney Limited,,ACT-00092596,23529,RM Computing (Orkney) Limited
RMHT Solutions,,ACT-00222306,,RMHT Solutions LLC
RMHT Solutions LLC,,ACT-00222306,,RMHT Solutions LLC
Rmon Networks Inc.,,ACT-00124746,,RMON Networks Inc
RMv2,,ACT-00070504,17514,RMv2
RNC Inc,,ACT-00163457,374,Rubino Network Consulting dba RNC Inc
Roadrunner Networking,,ACT-00107738,901,RoadRunner Networking
RockIT Consulting,Ingram Micro,ACT-00240211,,RockIT Consulting LLC
"Roebuck Technologies, LLC",,ACT-00092471,15219,Roebuck Technologies
Rojoli Technologies,,ACT-00072875,,rojoli
ROMETEK,,ACT-00059702,,ROMETEK
Ronin Consulting Services LLC,,ACT-00104428,16729,"Ronin Consulting Services, LLC"
Royal IT,,ACT-00084907,16211,Royal IT - AU
Royal Technology Management,,ACT-00184675,1983,Royal Technology Management LLC
"RRGP Services, Inc.",,ACT-00043546,17841,"RRGP Services, Inc."
RTC Managed Services,,ACT-00055050,15798,Robokopp Technologies Corp.RTC Managed Services
Rumpf Computer Solutions,,ACT-00026005,,rumpf
Run Smarter IT,,ACT-00095640,17026,Run Smarter IT
RunAsCloud,,ACT-00007332,,RunAsCloud
"Ryan Creek Technology Associates, Inc.",,ACT-00058013,,"Ryan Creek Technology Associates, Inc."
Ryan MSP,,ACT-00289509,27212,"Lion Tech Labs, Inc."
Rzlynt,,ACT-00259058,,Rzlynt
S & R Computer Assoc Inc,,ACT-00038605,,S & R Computer Assoc Inc
S1 Technology,,ACT-00252369,,S1 Technology
Safe Network Solutions,,ACT-00119089,,SAFE Solutions
SAFE Security and Fire Electronics Inc,,ACT-00048785,,SAFE Security and Fire Electronics Inc
Safety NetAccess IIT,,ACT-00134159,20863,"Safety NetAccess, Inc."
Sage Network Inc.,,ACT-00031610,,sagenetinc
SAHAKA,,ACT-00205537,23313,"Sahaka, Llc"
San Diego BOS Techs,,ACT-00202211,14348,San Diego BOS Techs
San IT,,ACT-00246375,,San IT
Santa Monica College BookStore,,ACT-00103183,,KCRW-Santa Monica College
SanTrac Technologies Inc.,,ACT-00174069,12713,SANTRAC TECHNOLOGIES INC
Sara Computers,,ACT-00153342,11396,Sara Computers Inc
Saramana Business Products,,ACT-00134975,,"SaraMana Business Products, Inc"
SatCom and Computers,,ACT-00060044,,SatCom & Computers
Scalable Solutions,,ACT-00122778,15253,Scalable Solutions
Schultz Technology,,ACT-00038480,,Schultz Technology Solutions LLC.
SDT Ltd,,ACT-00188468,,Oryx Align Limited
SEC,,ACT-00224796,12265,"SEC, Inc"
Secur3IT,,ACT-00061839,20822,Secur3IT
"Secure Network Services, Inc.",,ACT-00216891,14677,SNS - Secure Network Services
Secure Networks,,ACT-00224787,,Secure Future Tech Solutions
Sedona Technologies,,ACT-00126432,6784,"Sedona, Inc."
"Sensei Enterprises, Inc.",,ACT-00071722,2965,"Sensei Enterprises, Inc"
Sentinel Data Solutions Ltd,,ACT-00166297,,Sentinel Data Solutions Ltd
Sentryon IT Solutions,,ACT-00054798,7729,Sentryon IT Solutions
Servall Canada Inc.,,ACT-00057345,18142,Servall Canada Inc.
Servcom USA LLC,,ACT-00019114,5194,Servcom USA
Serverli Inc,,ACT-00434501,31018,Serverli Inc
Service First Technologies,,ACT-00289634,26713,Service First Technologies
"Service Solutions, Inc.",,ACT-00096362,,Service Solutions Inc.
servnet,,ACT-00165885,,servnet
Sexton,,ACT-00099664,17265,Sexton Companies Inc 1
SFY IT,,ACT-00035427,,Sfy It
SH Data Technologies,,ACT-00002318,,TenHats
Shaman Systems,,ACT-00092516,4855,Shaman Systems Inc
Sharp Business Systems Midwest,,ACT-00049854,,Sharp Electronics Corp
Sharp Business Systems of Dallas,SEC through SBS (SBS HQ MITS),ACT-00245303,17375,Sharp Business Systems of Dallas
Sharp Business Systems of Florida,,ACT-00049854,,Sharp Electronics Corp
Sharp Business Systems of Georgia,,ACT-00049854,,Sharp Electronics Corp
Sharp Business Systems of NJ,SEC through SBS (SBS HQ MITS),ACT-00207983,12518,Sharp Business Systems of NJ
Sharp Business Systems of Northern California,SEC through SBS (SBS HQ MITS),ACT-00112785,12115,Sharp Business Systems of Northern California
Sharp Business Systems of SC,,ACT-00049854,,Sharp Electronics Corp
Sharp Business Systems of Seattle,,ACT-00049854,,Sharp Electronics Corp
Sharp Business Systems of Southern California,,ACT-00049854,,Sharp Electronics Corp
Sharp Business Systems of Tennessee,,ACT-00049854,,Sharp Electronics Corp
Sharp Business Systems of TX,SEC through SBS (SBS HQ MITS),ACT-00245303,17375,Sharp Business Systems of Dallas
Sharp Business Systems Switzerland AG,,ACT-00267270,23398,Sharp Business Systems Switzerland AG
Sharp Business Systems UK Plc,,ACT-00049854,,Sharp Electronics Corp
Sharp Electronics Benelux BV,,ACT-00275652,24514,Sharp Electronics Benelux B V
Sharp Electronics Europe,,ACT-00056702,17924,Sharp Business Systems Sweden AB
SHIELD Networks Inc,,ACT-00061566,11108,SHIELD Networks Inc.
"Shiloh Service, Inc",,ACT-00203687,,"Shiloh Service, Inc"
Shore Thing Computers,,ACT-00208368,10983,Shore Thing Computers & Networking Inc.
SIC CONSULTING INC,,ACT-00108212,1743,"SIC Consulting, Inc."
Sieve Networks Inc,,ACT-00240125,22786,"Sieve Networks, Inc"
Silicon East Inc,,ACT-00038299,1157,Silicon East Inc
Silver Cloud Ltd.,,ACT-00015290,,Silverbug
silver storm solutions,,ACT-00009434,,Silver Storm Solutions
Silverbug,,ACT-00015290,,Silverbug
Simplatech,,ACT-00075813,14375,"Simplatech, LLC"
"Simpli Networks, Inc.",,ACT-00165023,,Simplified Business Solutions
"Simplified Business Solutions, LLC",,ACT-00165023,23587,Simplified Business Solutions
Singer Consulting,,ACT-00235478,10513,Singer Consulting
SIP Oasis,,ACT-00147688,18893,"SIP Oasis, Inc."
Site2,,ACT-00103168,23523,Site2
Sklar Technology Partners,,ACT-00100497,707,Sklar Technology Partners
Sky Reach Systems,,ACT-00145012,,skyreach
SkyComp Solutions Inc.,,ACT-00147893,,SkyComp Solutions Inc.
SkylineITS,,ACT-00031035,5367,SkylineITS
Skytel Networks Inc.,,ACT-00114403,,Skytel Networks Inc.
SkyTerra Technologies LLC,,ACT-00154806,,skyterra
SkyViewTek,,ACT-00058322,,SkyViewTek
Sm@rt Computers,,ACT-00236948,,Sm@rt Computers
"Smart Image Systems, Inc.",,ACT-00235216,,Smart Start Consulting
Smart Shield Solutions,,ACT-00286553,25199,Smart Shield Solutions
Smart Start Networks,,ACT-00175660,14298,Smart Start Networks Inc
Smarthost Design Technologies,,ACT-00042647,5945,Smarthost Design Technologies LLC
SmartMSP Solutions,,ACT-00053931,,SmartMSP Solutions
Smartstartconsulting,,ACT-00235216,14087,Smart Start Consulting
"SMD Technical Services, LLC",,ACT-00075931,12284,"SMD Technical Services, LLC"
SME Inc,,ACT-00183408,23242,SME Inc
SMP Network Solutions Ltd,,ACT-00069348,13254,SMP Network Solutions Ltd
SNECS,,ACT-00242378,,SNECS
Softrade Digital P/L,,ACT-00087541,,Softrade Digital P/L
Softworks Technologies,,ACT-00206794,11271,Soft Works
SOHOTech,,ACT-00138031,,SOHOTech
Soigne Corporation,,ACT-00145521,,Soigne corporation
Solution IT Montreal,,ACT-00158534,,Solutions ITS
Solutions 4 IT,,ACT-00243511,16849,Solutions 4 IT
Solutions Squad Inc,,ACT-00158534,,Solutions ITS
"Solutions Unlimited, LLC",,ACT-00158534,,Solutions ITS
Solutions Unplugged,,ACT-00158534,,Solutions ITS
Somerbys IT Limited,,ACT-00019924,19878,Somerbys IT Ltd
Somerset Systems,,ACT-00223810,23984,Somerset Systems
Sort IT Out,,ACT-00035349,,Sort IT Out
"SOS Systems, Inc.",Ingram Micro,ACT-00240076,,"SOS Systems, Inc."
Source One Business Services,,ACT-00061482,6965,Source One Business Services Llc
Source Tech Ltd,,ACT-00216382,15967,Source Technical Services Ltd
South Bay Communications,,ACT-00122986,684,TACPros
South Mississippi Business Machines,,ACT-00263198,,South Mississippi Business Machines
South Shore Computer Repair,,ACT-00113646,,Southern IT Networks
Southbank IT,,ACT-00074605,,UniSysCW
Southeastern Computer Associates,,ACT-00133260,,scaatl
Southern IT Networks Ltd,,ACT-00113646,16637,Southern IT Networks
Southwest Office Systems Inc,,ACT-00024717,10992,Southwest Office Systems Inc
Southwest Tech Services,,ACT-00024717,,Southwest Office Systems Inc
SP1 Solutions Limited,,ACT-00248922,22967,Sp1 Solutions Ltd
Spartan eTechnology Labs,,ACT-00194879,,Spartan International Pty Ltd
Spartan International Pty Ltd,,ACT-00194879,,Spartan International Pty Ltd
Specific Gravity Group,,ACT-00238605,13336,Specific Gravity Group
Spectracomm,,ACT-00148377,1159,Spectracomm
Spectrum Technologies,,ACT-00112608,13323,Spectrum Technologies
SpectrumWise,,ACT-00046804,2937,Spectrumwise LLC.
Sphere Integrated Solutions,,ACT-00084528,24473,Sphere Integrated Solutions
Spheroid UK Ltd,,ACT-00143600,17255,Spheroid UK Ltd
Splice,,ACT-00234119,16221,Splice Communications Inc.
SpliceNet,,ACT-00111332,,SpliceNet
Spring Intellect Solutions,,ACT-00288425,,Spring Intellect
"Squarewave Technologies, LLC",,ACT-00202542,,"Squarewave Technologies, LLC"
Stargel Office Solutions,,ACT-00019342,11211,Stargel Office Solutions dba Star Managed Services
StarTech Computing Inc,TD Synnex Corp,ACT-00236917,,StarTech Computing Inc
Steady Networks,,ACT-00156353,,Steady Networks - Acquired by - IT Solutions Consulting
Steel River Techs,,ACT-00053819,9066,Steel River Techs
Stepfar Technology Group,,ACT-00224767,,stepfar
Sterling Technology Solutions,,ACT-00131379,,teamtech
Stevens and Stevens Ltd,,ACT-00225851,993,Stevens and Stevens Ltd
Sting Technologies Inc.,,ACT-00058177,,Sting Technologies Inc.
STL Communications Inc,,ACT-00246846,25290,"STL Communications, Inc."
Storagepipe Solutions,Ingram Micro Canada,ACT-00246111,,Storagepipe
"Storm7 Labs, LLC",,ACT-00063966,,"Storm7 Labs, LLC"
Stormlogix LLC,,ACT-00146543,30110,"Stormlogix, LLC"
Strata Information Technologies Inc,,ACT-00134200,4733,GoodSuite
Strategic Integration Partners,,ACT-00040999,,Strategic Integration Partners
Strategic Intent Consulting Group Inc,,ACT-00040999,,Strategic Integration Partners
Strategic Network Consulting Ltd,,ACT-00178035,,Strategic Network Consulting Ltd
Strategic Vision Inc,,ACT-00040999,,Strategic Integration Partners
Stratify MSP,,ACT-00264412,22625,Stratify MSP
Stratix Systems,,ACT-00205502,,stratix
Stratus IT Group,,ACT-00181469,,StratusPointIT
Stratus Technology Solutions,,ACT-00181469,,StratusPointIT
Streets,,ACT-00112702,,Streets
Strikeworks Solutions,,ACT-00202672,,StrikeWorks Solutions
Structured,,ACT-00136094,,"Structured Communication Systems, Inc."
subIT,,ACT-00027755,14880,"BizTek, LLC dba subIT Co"
Summit 7 Systems,,ACT-00193142,,Summit 7 Systems
Summit Design and Engineering,,ACT-00082434,,Summit Design and Engineering
Sunrise Services LLC,,ACT-00143997,,sunrise
Sunriver IT Partners,,ACT-00107940,11191,Sun River It Partners
Superior Networks,,ACT-00187202,23755,Superior Networks
Support Tree,,ACT-00090722,15024,Support Tree
Supra Canada,,ACT-00108150,,supra
SWATware LLC,,ACT-00034055,,SwatWare
Swift Chip,,ACT-00148060,,"Swift Chip, Inc."
Swift IT Computer Services Ltd,,ACT-00158943,,Swift IT
Swift Pacific Management Ltd,,ACT-00025647,,Yellowknives Dene First Nation
Symmetry-IT,,ACT-00058245,15493,Symmetry-IT
Symtec,,ACT-00046103,22947,SymTec
Symtec Computers LLC,,ACT-00174673,11610,Sym-tec
Synagex,,ACT-00070078,,Synagex
Synapse UK Limited,,ACT-00229359,,Synapse IT Consultants
Synergies Technology LLC,,ACT-00058519,15693,Synergies Technology LLC
SynergizeNOW,,ACT-00098386,18797,SynergizeNOW
Synergy Technical,,ACT-00170441,13056,Synergy Technical LLC
Sysgen Solutions Group,,ACT-00206347,,Sysgen Solutions Group
System Clockworks,,ACT-00192572,23407,Clockworks Management LLC
System Protection Partners,,ACT-00063055,3838,System Protection Partners
System Status,,ACT-00107780,9947,System Status Inc
"System Support Associates, LLC",,ACT-00286159,24970,System Support Associates
Systemhouse Inc,,ACT-00208279,4791,Systemhouse Inc
Systems IT Support & Consultancy Ltd t/a SystemsIT,,ACT-00018795,,Systems IT Support & Consultancy Limited
Systemsdoctor LLC,,ACT-00040520,3592,System Doctor Inc. DBA Systemsdoctor
T3 Networks,,ACT-00006638,,T3 Networks
TampaTeks,,ACT-00225137,13416,TampaTeks
TBXI (Thunder Bay Xerographix Inc.),,ACT-00170633,23197,TBXI
TCI Voice and Data Networks,,ACT-00068455,18423,TCI Voice and Data Networks
TeamLogic IT Harrisburg,,ACT-00178339,15776,Technology Investments Group Inc
Tech Assurance,,ACT-00066062,11896,Cartridge on Wheels / Tech Assurance
Tech Group FL,,ACT-00113792,,tg01
Tech Horizons LLC,,ACT-00153056,10384,Tech Horizons LLC
"Tech Michigan, LLC",,ACT-00226194,,Tech Team
Tech Rage IT,,ACT-00245372,,"Intersection Technology Solutions, LLC"
Tech Solutions,,ACT-00198823,,Tech Hero
Tech Stream Solutions,,ACT-00243834,,Tech Stream Solutions
"Tech Works Us, LLC",,ACT-00198823,,Tech Hero
Tech-Alert INC,,ACT-00037692,,Tech-Alert
TechCentre Limited,,ACT-00222076,,TechCentre Ltd
Techintel,,ACT-00120917,,Techintel
Technical Action Group,Ingram Micro Canada,ACT-00239583,,"Technical Action Group, Inc"
Technical Drive,,ACT-00243291,,Technical Drive
Technical Sales - APAC,,ACT-00186954,,Technical Software Services
Technical Sales APAC rmm,,ACT-00186954,,Technical Software Services
Technical Sales Demo - North America,,ACT-00186954,,Technical Software Services
Technical Service and Solutions LLC,,ACT-00186954,,Technical Software Services
Technical Software Services,,ACT-00186954,2687,Technical Software Services
Technicity LLC,,ACT-00179963,,"Technicity, Inc."
Technology Advisors,,ACT-00009232,17631,Mass Tech Advisors LLC
Technology Engineers,,ACT-00049406,3375,Technology Engineers & Architects
Technology Means Business Ltd,,ACT-00186208,17486,Technology Means Business
Technology Professionals LLC,TD Synnex Corp,ACT-00246847,,Technology Professionals LLC
Technology Services Wholesale Group LLC,,ACT-00246793,,"Technology Assets, Llc"
Technology Sol NM LLC dba Asset Technology,,ACT-00195541,,Asset
Technology Solutions LLC,,ACT-00192485,9198,Technology Solutions LLC
Technology Support Services Incorporated (TSSI),,ACT-00246793,,"Technology Assets, Llc"
Technos Solutions Limited,,ACT-00154991,16524,Technos Solutions Limited
Technowand,,ACT-00178307,6602,Technowand
Technuf LLC,,ACT-00290738,26790,"Technuf, LLC"
Techordia,,ACT-00008308,23275,Techordia LLC
TechPromise LLC,CMIT Headquarters,ACT-00240767,3914,CMIT Solutions of Newport Beach
Techs In Suits,,ACT-00241006,673,Techs In Suits
Techs On Call LLC,,ACT-00125847,17024,Techs On Call LLC
Techs To Go LLC,,ACT-00041095,1944,Techs To Go NJ
Techton Consulting,,ACT-00264694,,Techton Consulting LLC
Techxcellent,,ACT-00046251,,Techxcellent
Tecoda Pty Ltd,,ACT-00050722,,Tecoda Pty Ltd
TEConsult,,ACT-00107779,7854,TEConsult
TekMyBiz,,ACT-00130256,,TekMyBiz
Teknabyte Consulting,,ACT-00158923,,Teknabyte Consulting
Teks4 You Inc,,ACT-00134332,16231,Teks 4 You Inc
Tele-Plus Corporation,,ACT-00198458,5388,Tele-Plus Corp
Teleco Cloud Services,,ACT-00243703,16124,Teleco Cloud Services
Telecom Solutions Inc,,ACT-00223033,14797,Telecom Solutions Inc
"Telecomp, Inc.",,ACT-00171504,17327,"TeleComp, Inc."
Telesys Communications  Inc,,ACT-00199661,,Telesys Communications Inc
Telesys Communications Inc,,ACT-00199661,8058,Telesys Communications Inc
Temple & Associates,,ACT-00191908,,Temple & Associates
Temple Shalom c/o Eos Systems Inc.,,ACT-00243957,8529,Eos Systems
Temple Technologies,,ACT-00227503,,Temple Technologies
Terminal B LLC,,ACT-00156536,,termb
Terminal Exchange Systems,,ACT-00239574,15541,Bulletproof Solutions Inc.
"Teufel Holly Farms, Inc",,ACT-00408185,,"Teufel Holly Farms, Inc"
Texas Computerman,,ACT-00186941,1481,Texas Computerman
Texas Professional IT Services LLC,,ACT-00030433,,Texas Professional IT Services LLC
Texvo,,ACT-00158478,21065,Texvo
TGI Office Automation,,ACT-00092044,15880,TGI Office Automation
The Boss Group Pty Ltd,Ingram Micro Australia,ACT-00246210,,The Boss Group Pty Ltd
The Cloud Platform,,ACT-00208415,,The Cloud Platform
The CMS Companies,"Harmonity Technologies, LLC",ACT-00239704,,The CMS Companies
"The Computer Hut, LLC",,ACT-00024375,,Pinnacle IT
The Computer Shop Laredo,,ACT-00287014,25180,The Computer Shop Laredo
The Cornerstone Professional Group LLC,,ACT-00218008,2841,The Cornerstone Professional Group
The Data Pros,,ACT-00180615,1353,The Data Pros Dot Net
The Final Step Ltd,,ACT-00011952,,tfs
The Foundri,,ACT-00035361,7566,The Foundri
The Great Bay Group,,ACT-00060790,14446,Local Link Internet LLC
The Greentree Group,,ACT-00102749,,The Greentree Group
The IT Source,,ACT-00143747,9527,The IT Source
"The KR Group, Inc.",,ACT-00052940,,"The KR Group, Inc."
"The Lab, Information Service, Inc.",,ACT-00224731,11079,The Lab Information Services
The Mirazon Group LLC,,ACT-00223581,,Mirazon
The Network Pro,,ACT-00131547,,tnp
"The New England Computer Group, Inc.",,ACT-00087038,,NECG
The Phone Experts Communications,,ACT-00233768,27025,"The Phone Experts Communications, Ltd."
The Providers,,ACT-00153076,8676,The Providers
The Resource,,ACT-00197149,11775,The Resource
The Ripe Group,,ACT-00246261,,Ripe Group
The Ritter Group,,ACT-00223500,15393,Lonestar Technology Services dba The Ritter Group
The Solutions Company,,ACT-00199589,,solco
THE STRICKLAND GROUP INC,,ACT-00126416,318,The Strickland Group Inc
The Tech Frood,,ACT-00113839,17160,"Edmily, LLC dba The Tech Frood"
"The Tech Zen, LLC",,ACT-00234747,,"The Tech Zen, LLC"
The V Group,,ACT-00137562,1181,The V Group
The Walker Group,,ACT-00141822,,The Walker Group
Thema Consultants Ltd.,,ACT-00241048,14754,thema Consultants
There Is A Solution,,ACT-00031050,14945,There Is A Solution
TheSmartSource,,ACT-00259121,,TheSmartSource
TheSoftwareConsultant,,ACT-00018351,24084,TheSoftwareConsultant
Think Cloud Inc Ltd,,ACT-00203577,,ThinkAnew
THINK TANK N T G,,ACT-00058165,,"Proven Business Systems, LLC"
Think Technologies,TD Synnex Corp,ACT-00236880,,Think Technologies
Think Unified,,ACT-00203577,,ThinkAnew
ThinkAnew,,ACT-00203577,,ThinkAnew
Thinking2 Inc,,ACT-00232443,17331,"Thinking2, Inc."
Thinline Technologies LLC,,ACT-00238195,,Thinline Technologies
Thrive Technology Partners LLC,,ACT-00097061,13862,"Thrive Technology Partners, LLC"
Thundercurrent LLC,,ACT-00197526,,Thundercurrent Technologies LLC
Tibc,,ACT-00077149,33035,Tibc
Tight Technologies,,ACT-00026636,,Tight Technologies
"Tigunia, LLC.",,ACT-00147771,,"Tigunia, LLC."
TJ Solutions Group,,ACT-00269346,12737,TJ Solutions Group
"TMD Technology Services, Inc.",,ACT-00200563,11791,TMD Technology
"Tolar Systems, INC",,ACT-00237414,,tolar
TOMDOTCOM,,ACT-00207723,14980,TOMDOTCOM
TorixManagedServices,,ACT-00203141,16758,AzteQ Group Ltd
Total Computer Solutions,,ACT-00133364,,Total Group
Total Computing Technology,,ACT-00209922,9008,Total Computing Technology
Total Group International,,ACT-00133364,,Total Group
Total Technology Management,,ACT-00133364,,Total Group
totality services,,ACT-00178794,,Totality Services
TOTLCOM Inc,,ACT-00044142,10522,TOTLCOM Inc.
Towner Communications,,ACT-00249572,,Towner Communications
Tradition Companies,,ACT-00188255,,Tradition Technology
Trahan Computer Tech,,ACT-00073070,24127,Trahan Computer Tech
TRANSON,,ACT-00181877,27945,TRANSON
TranTech Computers,,ACT-00241032,20670,Trantech
Trenmead,,ACT-00168236,15690,Trenmead
Trice IT,,ACT-00172796,16552,Trice IT
Trident Technology Solutions,TD Synnex Corp,ACT-00246710,,Trident Technology Solutions
Trinity Network Solutions LLC,,ACT-00242607,5990,Trinity Network Solutions LLC
TRIO Technical Solutions Ltd,,ACT-00259387,23037,TRIO Technical Solutions Ltd
TRITECH CORPORATION AMERICA,,ACT-00039364,3316,TRITECH CORPORATION AMERICA
Triumphus,,ACT-00153013,17835,Triumphus
Trivalent Group,,ACT-00062549,443,Rehmann
True Ventures Group,,ACT-00289127,26632,True Ventures Group
"TRUEITPROS, LLC",,ACT-00213909,5801,trueITpros
TruewaterLTD,,ACT-00072512,5837,"Truewater, LLC"
Trusted Computing Ltd,,ACT-00188070,,Trusted Computing Ltd
"TRUSTit, LLC",,ACT-00199982,,trustusit
TSG Networks,,ACT-00189564,2822,TSG Networks
Tuck Technologies,,ACT-00107740,23642,Tuck Technologies
Tularosa Basin Telephone Company Inc,,ACT-00173860,22906,"Tularosa Basin Telephone Company, Inc."
Turbotek Computer Corporation,,ACT-00156061,,Turbotek
CMIT Solutions of Chesterfield,,ACT-00174754,,CMIT Headquarters
CMIT Solutions of Chicago Northwest,CMIT Headquarters,ACT-00438926,31349,CMIT Solutions Chicago NW
CMIT Solutions of Cincinnati East,CMIT Headquarters,ACT-00240775,16192,CMIT Solutions of West Chester and Mason
CMIT Solutions of Clear Lake,CMIT Headquarters,ACT-00240769,20207,CMIT Solutions of Clear Lake
CMIT Solutions of Cleveland East,CMIT Headquarters,ACT-00240761,17698,CMIT Solutions of Cleveland East & Southwest
CMIT Solutions of Cleveland Northeast Northwest,CMIT Headquarters,ACT-00240770,18346,CMIT Solutions of Cleveland Northeast & Northwest
CMIT Solutions of Cleveland SW and Akron,,ACT-00174754,,CMIT Headquarters
CMIT Solutions of Cleveland-South and Hudson,CMIT Headquarters,ACT-00245626,17676,CMIT Solutions of Cleveland-South and Hudson
CMIT Solutions of Columbia,CMIT Headquarters,ACT-00240270,7042,CMIT Solutions of Columbia
CMIT Solutions of Concord,,ACT-00174754,,CMIT Headquarters
CMIT Solutions of Dallas - White Rock and Highland,CMIT Headquarters,ACT-00240265,17957,CMIT Solutions of Dallas
CMIT Solutions of Dallas E Grand Prairie,,ACT-00174754,,CMIT Headquarters
CMIT Solutions of Denton,CMIT Headquarters,ACT-00245621,17956,CMIT Solutions of Denton
CMIT Solutions of Denver,,ACT-00174754,,CMIT Headquarters
CMIT Solutions of Downtown Chicago,CMIT Headquarters,ACT-00240271,2450,CMIT Solutions of Downtown Chicago
CMIT Solutions of Downtown Columbus,,ACT-00174754,,CMIT Headquarters
CMIT Solutions of Dulles,CMIT Headquarters,ACT-00240253,20220,CMIT Solutions of Dulles
CMIT Solutions of Dupont Circle,CMIT Headquarters,ACT-00245616,18313,CMIT Solutions of Dupont Circle
CMIT Solutions of East Irvine,CMIT Headquarters,ACT-00240752,17584,CMIT Solutions of East Irvine
CMIT Solutions of Edmond,CMIT Headquarters,ACT-00245685,18692,CMIT Solutions of Edmond
CMIT Solutions of Encino,CMIT Headquarters,ACT-00240258,18470,"CMIT Solutions of Encino, Sherman Oaks and West Van Nuys"
CMIT Solutions of Erie,CMIT Headquarters,ACT-00240784,1448,CMIT Solutions of Erie
CMIT Solutions of Everett 172,CMIT Headquarters,ACT-00245632,413,CMIT Everett 172
CMIT Solutions of Fairfax,CMIT Headquarters,ACT-00240786,9730,CMIT Solutions of Fairfax
CMIT Solutions of Fayette Coweta,,ACT-00174754,,CMIT Headquarters
CMIT Solutions of Fort Lauderdale,CMIT Headquarters,ACT-00361291,29185,CMIT Solutions Ft. Lauderdale 1 and 2
CMIT Solutions of Fort Worth Downtown 4,CMIT Headquarters,ACT-00245600,283,CMIT Solutions of Fort Worth Downtown 4
CMIT Solutions of Fremont,CMIT Headquarters,ACT-00263993,21443,CMIT Solutions of Fremont
CMIT Solutions of Goshen NY,,ACT-00174754,,CMIT Headquarters
CMIT Solutions of Grand Rapids,,ACT-00174754,,CMIT Headquarters
CMIT Solutions of Greater Harrisburg,CMIT Headquarters,ACT-00245643,18358,CMIT Solutions of Greater Harrisburg
CMIT Solutions of Greensboro,CMIT Headquarters,ACT-00245689,19948,CMIT Solutions of Greensboro
CMIT Solutions of Hackensack and Bergen North,,ACT-00174754,,CMIT Headquarters
CMIT Solutions of Hartford,CMIT Headquarters,ACT-00245645,10206,CMIT Solutions of Hartford
CMIT Solutions of Humble and Conroe,,ACT-00174754,,CMIT Headquarters
CMIT Solutions of Hunterdon-Somerset NJ 74 26,CMIT Headquarters,ACT-00245592,2850,CMIT Solutions of the Northeast Valley
CMIT Solutions of Indianapolis South,CMIT Headquarters,ACT-00240771,17763,CMIT Solutions of Indianapolis South
CMIT Solutions of Jacksonville,CMIT Headquarters,ACT-00245664,15508,CMIT Solutions of Jacksonville
CMIT Solutions of Jersey City and Manhattan,CMIT Headquarters,ACT-00240763,19991,CMIT Solutions of Jersey City and Manhattan CH
CMIT Solutions of Kelowna - Okanagan,CMIT Headquarters,ACT-00240759,19576,CMIT Solutions of Kelowna - Okanagan
CMIT Solutions of Lanier,CMIT Headquarters,ACT-00240782,16817,CMIT Solutions of Lanier
CMIT Solutions of Longmont - Broomfield,,ACT-00174754,,CMIT Headquarters
CMIT Solutions of Manhattan - Times Square,CMIT Headquarters,ACT-00245668,17108,"CMIT Solutions of Manhattan, Times Square"
CMIT Solutions of Manhattan Murray Hill,CMIT Headquarters,ACT-00245669,5138,CMIT Solutions of Manhattan Murray Hill
"CMIT Solutions of Manhattan, Midtown East",,ACT-00174754,,CMIT Headquarters
CMIT Solutions of ManhattanUnion Square,,ACT-00174754,,CMIT Headquarters
CMIT Solutions of Metrolina,CMIT Headquarters,ACT-00245627,354,CMIT Solutions of South Charlotte
CMIT Solutions of Monmouth,CMIT Headquarters,ACT-00245628,17770,CMIT Solutions of Monmouth
CMIT Solutions of Monmouth County North,,ACT-00174754,,CMIT Headquarters
CMIT Solutions of Morristown-NJ,CMIT Headquarters,ACT-00245597,18369,CMIT Solutions of Morristown-NJ
CMIT Solutions of New Brunswick,,ACT-00174754,,CMIT Headquarters
CMIT Solutions of North Caharlotte and Concord,CMIT Headquarters,ACT-00240758,17948,CMIT Solutions of North Charlotte and Concord
CMIT Solutions of North Columbus,,ACT-00174754,,CMIT Headquarters
CMIT Solutions of North Fulton,CMIT Headquarters,ACT-00245656,11383,CMIT Solutions of North Fulton
CMIT Solutions of North LA,CMIT Headquarters,ACT-00245593,17858,CMIT Solutions of North LA
CMIT Solutions of North Lake County,CMIT Headquarters,ACT-00245659,19123,CMIT Solutions of North Lake County
CMIT Solutions of North Nassau,CMIT Headquarters,ACT-00240785,2453,CMIT Solutions of North Nassau
CMIT Solutions of North Raleigh,,ACT-00174754,,CMIT Headquarters
CMIT Solutions of North Suffolk,,ACT-00464818,33172,CMIT Solutions North Suffolk
CMIT Solutions of Northern Chester County,CMIT Headquarters,ACT-00240745,1193,CMIT Solutions of North Chester County 176
CMIT Solutions of Northern Union County 259,CMIT Headquarters,ACT-00245675,6491,CMIT Solutions of Northern Union County 259
CMIT Solutions of Northern Westchester & Putnam County,CMIT Headquarters,ACT-00217053,28505,CMIT Solutions of Northern Westchester & Putnam County
CMIT Solutions of NOVA South,,ACT-00174754,,CMIT Headquarters
CMIT Solutions of NW Houston 8,,ACT-00174754,,CMIT Headquarters
CMIT Solutions of Oak Park Hinsdale and Oak Brook,CMIT Headquarters,ACT-00240756,17443,"CMIT Solutions of Chicago, Oak Park"
CMIT Solutions of Olympia,,ACT-00174754,,CMIT Headquarters
CMIT Solutions of Overland Park South,CMIT Headquarters,ACT-00245617,20524,CMIT Solutions of Overland Park South
CMIT Solutions of Paramus,,ACT-00174754,,CMIT Headquarters
CMIT Solutions of Philadelphia West,,ACT-00458866,32781,CMIT Solutions Philadelphia West
CMIT Solutions of Pittsburgh North,CMIT Headquarters,ACT-00240768,9771,CMIT Solutions of Pittsburgh North
CMIT Solutions of Pittsburgh South,CMIT Headquarters,ACT-00245609,16937,CMIT Solutions of Pittsburgh South
CMIT Solutions of Plano and Garland,CMIT Headquarters,ACT-00286683,25055,CMIT Solutions of Plano
CMIT Solutions of Portland Central,,ACT-00174754,,CMIT Headquarters
CMIT Solutions of Princeton,,ACT-00174754,,CMIT Headquarters
CMIT Solutions of Richardson,CMIT Headquarters,ACT-00245625,20519,CMIT Solutions of Richardson
CMIT Solutions of Roanoke,CMIT Headquarters,ACT-00267385,23405,CMIT Solutions of Roanoke
CMIT Solutions of Round Rock,CMIT Headquarters,ACT-00240780,12266,CMIT Solutions of Round Rock
CMIT Solutions of Sacramento NW,CMIT Headquarters,ACT-00265565,23013,CMIT Solutions of Sacramento NW
CMIT Solutions of Saint Louis,CMIT Headquarters,ACT-00240783,6159,CMIT Solutions of Greater Saint Louis aka Clayton
CMIT Solutions of San Antonio NE,CMIT Headquarters,ACT-00245657,8569,CMIT Solutions Of San Antonio NE
CMIT Solutions of San Antonio North Central 145,CMIT Headquarters,ACT-00245634,300,CMIT San Antonio North Central 145
CMIT Solutions of San Antonio Northwest,CMIT Headquarters,ACT-00240766,8491,CMIT Solutions of San Antonio Northwest
CMIT Solutions of San Mateo,CMIT Headquarters,ACT-00263994,21444,CMIT Solutions of San Mateo
CMIT Solutions of San Rafael,,ACT-00174754,,CMIT Headquarters
CMIT Solutions of SE Wisconsin,CMIT Headquarters,ACT-00253046,21089,CMIT Solutions of SE Wisconsin
CMIT Solutions of Seattle Downtown,,ACT-00174754,,CMIT Headquarters
CMIT Solutions of Silver Spring,CMIT Headquarters,ACT-00291378,26789,CMIT Solutions of Silver Spring
CMIT Solutions of Sioux Falls,CMIT Headquarters,ACT-00245671,18407,CMIT Solutions of Sioux Falls
CMIT Solutions of South Brevard 179,CMIT Headquarters,ACT-00245679,592,CMIT South Brevard 179
CMIT Solutions of South Nassau,CMIT Headquarters,ACT-00245681,1360,CMIT Solutions of South Nassau
CMIT Solutions of South Scottsdale,CMIT Headquarters,ACT-00240772,11275,CMIT Solutions of South Scottsdale
CMIT Solutions of Southern Westchester,CMIT Headquarters,ACT-00240256,4362,CMIT of Southern Westchester
CMIT Solutions of Southlake Lewisville and Irving,,ACT-00174754,,CMIT Headquarters
CMIT Solutions of Southwest Charlotte,CMIT Headquarters,ACT-00245595,12345,CMIT Solutions of Southwest Charlotte
CMIT Solutions of Southwest Michiga,CMIT Headquarters,ACT-00245615,11538,CMIT Solutions of Southwest Michigan
CMIT Solutions of St Louis Southwest,,ACT-00174754,,CMIT Headquarters
CMIT Solutions of Stamford,CMIT Headquarters,ACT-00240257,347,CMIT Solutions of Stamford 150
CMIT Solutions of Sugar Land,CMIT Headquarters,ACT-00245599,19937,CMIT Solutions of Sugarland
CMIT Solutions of SW Rockland 253,CMIT Headquarters,ACT-00245631,6157,CMIT Solutions of SW Rockland 253
CMIT Solutions of SW Silicon Valley and Greater Palo Alto,CMIT Headquarters,ACT-00240755,5076,CMIT Solutions of SW Silicon Valley
CMIT Solutions of Tampa - Temple Terrace,,ACT-00174754,,CMIT Headquarters
CMIT Solutions of Tampa South,CMIT Headquarters,ACT-00253047,21088,CMIT Solutions of Tampa South
CMIT Solutions Of Testing,,ACT-00174754,,CMIT Headquarters
CMIT Solutions of The Florida Parishes,CMIT Headquarters,ACT-00245622,431,CMIT Solutions of The Florida Parishes 31
CMIT Solutions of the Main Line,,ACT-00174754,,CMIT Headquarters
CMIT Solutions of The Merrimack Valley,CMIT Headquarters,ACT-00245661,16523,CMIT Solutions of Merrimack
CMIT Solutions of the Northeast Valley,,ACT-00174754,,CMIT Headquarters
CMIT Solutions of the Outer Banks,CMIT Headquarters,ACT-00245652,14788,CMIT Solutions of Currituck
CMIT Solutions of The Tricities,CMIT Headquarters,ACT-00245636,6158,CMIT Solutions of the Tri-Cities 254
CMIT Solutions of the Twin Cities NE,,ACT-00174754,,CMIT Headquarters
Cmit Solutions Of Tribeca,,ACT-00174754,,CMIT Headquarters
CMIT Solutions of Union Square,,ACT-00174754,,CMIT Headquarters
CMIT Solutions of Virginia Beach Metro,,ACT-00174754,,CMIT Headquarters
CMIT Solutions of Wall Street and Grand Central,CMIT Headquarters,ACT-00240777,747,CMIT Solutions of Wall Street and Grand Central
CMIT Solutions of West Metro Denver,CMIT Headquarters,ACT-00240266,7681,CMIT Solutions of West Metro Denver
CMIT Solutions of West Omaha,CMIT Headquarters,ACT-00245667,12761,CMIT Solutions of West Omaha
CMIT Solutions of Wexford,CMIT Headquarters,ACT-00245663,505,CMIT Solutions of Wexford
CMIT Solutions of White Plains,CMIT Headquarters,ACT-00253049,21087,CMIT Solutions of White Plains
CMIT Solutions of Wilmington,CMIT Headquarters,ACT-00245606,11698,CMIT Solutions of Wilmington
CMIT Solutions of Winter Haven,,ACT-00174754,,CMIT Headquarters
CMIT Solutions of Wyoming Center,CMIT Headquarters,ACT-00240747,15996,CMIT Solutions of Wyoming - Center
CMIT Solutions Serving Gaithersburg-Frederick,CMIT Headquarters,ACT-00290412,26695,CMIT Solutions of Gaithersburg-Frederick
CMITConsultants,,ACT-00060737,17834,Jeccl Ltd
CMITsolutions of Shenandoeh,CMIT Headquarters,ACT-00248996,20739,CMIT solutions of Shenandoah
CMJ IT Consultancy,,ACT-00068464,18221,CMJ IT Limited
CNE IT Solutions,,ACT-00114199,16779,CNE
"Coastal Computer Systems, Inc.",TD Synnex Corp,ACT-00246752,,"Coastal Computer Systems, Inc."
Coastal Virginia Technologies Inc,,ACT-00133340,13828,Coastal Virginia Technologies Inc
Coconis Furniture,,ACT-00226057,32505,Coconis Furniture
Coeco,,ACT-00040625,,COECO Office Systems
Coffer Group LLC,,ACT-00194808,3243,Coffer Group LLC
Cohen Electronics LLC,,ACT-00238713,10043,Cohen Electronics
Cole Informatics,,ACT-00062766,,"Cole Informatics, LLC"
Geeks On Call Wilmington,,ACT-00223468,13030,Computer Troubleshooters - Wilmington
Geeks On Tap Pty Ltd,,ACT-00012038,,Geeks On Tap Pty Ltd
GEEZ IT,,ACT-00234381,,Geez IT
Genatec Inc,,ACT-00152894,,Genatec Inc
General Informatics,,ACT-00243016,251,"General Informatics, LLC."
Genesis Telecom,,ACT-00247720,,Genesis BCS
GFirst Security and IT Support,,ACT-00100598,16045,"Arizona Business IT, LLC"
GICPM Technology,,ACT-00260399,32050,GICPM technology
Ginger Inc,,ACT-00107744,17135,Ginger INC
GizmoFish,,ACT-00167013,751,"Stealth Technology Group, Inc"
GlobeNet LLC,,ACT-00027750,7362,GlobeNet
Glory Global Solutions NZ,,ACT-00081481,,Glory Global Solutions NZ
GLT Solutions,,ACT-00234056,7356,GLT Solutions
GNT Solutions,,ACT-00185844,16871,"GNT Solutions, Inc."
Go Cloud 4,,ACT-00076376,,Go Cloud 4
Go2Nerds,,ACT-00077048,12876,Go 2 Nerds
Go2techs,,ACT-00133189,,Go2techs
GoKallIT,,ACT-00178710,,GoKallIT
Goldfish Consulting,,ACT-00118205,4884,Goldfish Consulting
Golpac LLC,,ACT-00047067,,GOLPAC LLC
"Good Operations, Inc.",,ACT-00068625,17801,Good Operations
Gordon Flesch Company,,ACT-00238028,10330,Elevity IT
GP Computers Ltd,,ACT-00149030,23179,GP Computers
GPK Computers Pty Ltd,,ACT-00134832,,GPK Group Pty Ltd
Granero,,ACT-00235349,7261,Granero
Granite Information Technology LLC,,ACT-00114156,13113,"Granite Information Technology, LLC"
GrauerTech,,ACT-00242313,18014,"Grauer Technologies, LLC"
Gravity Systems,,ACT-00164805,5059,Gravity Systems
"Gray Wolf Information Technologies, Inc.",,ACT-00046473,,graywolfit
Grayson Collin Communications,,ACT-00136651,12198,Grayson Collin Communications
Grayson Data services,,ACT-00245548,,graysondata
Green Duck,,ACT-00065430,,Xperience IT Solutions Ltd
Greenbit IT Consulting,,ACT-00209611,7379,Greenbit IT Consulting
Greenman IT Inc,,ACT-00197514,5802,"GreenmanIT, Inc"
Gregory Micallef Associates Limited,,ACT-00241395,16105,Gregory Micallef Associates Ltd
Greystone Technology Group,,ACT-00009188,531,Greystone Technology Group
Grid4 Communications,,ACT-00057747,,Grid4 Communications
GRIP I.T.,,ACT-00246171,,GRIP I.T.
Group Oliver Inc,,ACT-00210274,14360,"Group Oliver, Inc."
GROUPE INFORMATIQUE PRESENT INC,TD Synnex Canada,ACT-00245838,,GROUPE INFORMATIQUE PRESENT INC
Gruss+Partner GmbH,ELOVADE Deutschland GmbH,ACT-00149618,,Gruss+Partner GmbH
Gryphon Consulting LLC,,ACT-00196634,3328,Gryphon Consulting LLC
GSC IT Solutions,,ACT-00237203,,"GSC IT Solutions, Inc."
GT Global Services Inc,,ACT-00048953,25127,GT Global Services Inc
GTIN Managed IT,,ACT-00132687,22722,GTIN Services
GTMSNY,,ACT-00194809,2663,Xela Tech Inc.
Gulf American Line,,ACT-00209935,18179,Accelerated Technology
Gulf ICT FZLLC,,ACT-00137892,15444,Gulf ICT FZLLC
GURU Inc,,ACT-00041946,23824,"GURU, Inc"
H and S Computer Consulting,,ACT-00196636,9104,H&S Computer Consulting
H5 Networks,,ACT-00096021,,H5 Networks
Halo MTS,,ACT-00199705,13532,Halo Managed Technology Solutions
Hard Drive Systems Ltd - Prestige IT Solutions Ltd,,ACT-00187230,,Hard Drive Systems Ltd
Hardin Computer Technologies,,ACT-00207284,7268,Hardin Computer Technologies
Harleysville Computer,,ACT-00024681,,Harleysville Computer Service Center
Harvey Plum,,ACT-00061833,17812,Harvey Plum LLC
HARWOOD INTERNATIONAL CORPORATION,,ACT-00067264,,harwoodintl
Hawaii Tech Support,,ACT-00046836,4975,Hawaii Tech Support
HB Communications,,ACT-00269180,24037,H & B Communications
Hbk It Llc,,ACT-00154856,,HBK
"HBR Technologies, Inc.",,ACT-00078875,,Meriplex Communications
HBSConsulting,,ACT-00114194,5755,Netrique adb HBSConsulting
Head IT,,ACT-00242876,,HeadIT
HeadQuarters Network Consultancy Ltd,Ingram Micro New Zealand,ACT-00246286,,HeadQuarters Network Consultancy Ltd
Heartland Business Systems (HBS),,ACT-00223570,,Heartland Business Systems
"Hefley & Associates, P.C.",,ACT-00009396,,B-All Technology Solutions
Helixstorm,,ACT-00126987,18216,Helixstorm
HelpOX,,ACT-00019966,,HelpOX Inc.
Heritage Technology Solutions,,ACT-00144344,,hts
"Herling Technology, LLC",,ACT-00185887,9445,Herling Technology LLC
Higeer Inc,,ACT-00018023,13625,Higeer Inc
High Availability Hostsing Limited,,ACT-00104461,,High Tech USA
High Tech USA,,ACT-00104461,2900,High Tech USA
Higher Ground Technologies,,ACT-00040717,,"ACS Technologies Group, Inc."
Hiteishee Ltd,,ACT-00083718,20915,HITEISHEE LTD
Holiday Builders,,ACT-00432414,31057,Holiday Builders
Holocron LLC,,ACT-00301564,,Holocron LLC
HoloSky,,ACT-00046955,23474,Holosky
Home Technology Support,,ACT-00175100,,htsllcny
Homepage Computer Services,,ACT-00242246,,Homepage Computer Services
Homeport Electronics,Ingram micro,ACT-00240097,,Homeport Electronics
HUB Computer Solutions,Ingram Micro Canada,ACT-00245763,,HUB Technology Solutions / HUB Computer Solutions
"Hub Technical Services, LLC",,ACT-00246724,14011,Hub Technical Services LLC
Hudson Hill,,ACT-00042738,,hudsonhill
Hudson Valley Hematology Oncology Assoc,,ACT-00050512,6268,Medical Business Systems
Huntleigh Technology Group,,ACT-00003265,,Huntleigh Technology Group
HydraDyn Tech,,ACT-00120983,17636,HydraDyn Tech
HydraSync,TD Synnex Corp,ACT-00245357,,HydraSync
"i-Tech Support, Inc.",,ACT-00104940,,"i-Tech Support, Inc."
i2m,,ACT-00041905,21401,i2m
Iastute inc,,ACT-00077061,14276,iAstute Inc
Ibota Inc,,ACT-00087858,15376,"Ibota, Inc."
ICE Services,,ACT-00248063,23438,ICE Services
Iceberg Managed Solutions,,ACT-00070481,738,Iceberg Managed Solutions LLC
iConvergence,,ACT-00220669,,"iConvergence, Inc."
"ICS Support, Inc.",,ACT-00195596,,"Intwo, Inc."
ICU Tech Solutions,,ACT-00040418,,IT Tech Solutions LLC
ICX Managed Services,,ACT-00153599,13533,Level 10 Solutions
ID Fusion Software,,ACT-00144331,,IDFS
IDeACOM ECSI,,ACT-00015608,9826,IDeACOM ECSI
iDEAL,,ACT-00187990,4814,IDeal Focus LLC
Ideal Computer Services Inc,,ACT-00020894,12765,Ideal Computer Services Inc
Ideal I.T.,,ACT-00030737,,Justin Wood Consulting
"iDiscovery Solutions, Inc.",,ACT-00245864,,"iDiscovery Solutions, Inc."
IDT Support,,ACT-00109129,24141,IDT Support
IDwellings DBA Bevlin,,ACT-00039188,,IDwellings DBA Bevlin
IGC Technical Solutions,,ACT-00080448,,IGC Technical Solutions
ImageNet Consulting,,ACT-00229332,17259,ImageNet Consulting
Imagenet IDM,,ACT-00229332,,ImageNet Consulting
IMP Soluions,,ACT-00161401,18599,IMP Solutions
In-Telecom Consulting,,ACT-00246692,,In-Telecom
Inarayan Inc,,ACT-00179306,,Inarayan Inc
InCare Technologies,,ACT-00052548,,InCare Technologies
indieTECH Inc,,ACT-00083942,15681,"IndieTECH, Inc."
Indycor,,ACT-00165317,7678,Randy Volk Consulting
iNet Technology,,ACT-00155119,15350,"iNet Technology Group, LLC"
Infinet Services,,ACT-00124677,17577,Infinet Services
"Infinite Concepts, Inc.",,ACT-00064084,,Wise Solutions Inc.
Infinite Ideas IT Inc,,ACT-00194845,3726,Infinite Ideas IT Inc
Infinite IT,,ACT-00019092,,Infinite IT Solutions Inc.
Infinite It Solutions Inc,,ACT-00064084,,infiniteco
Infinite Solutions Systems Ltd,,ACT-00158183,27251,Infinite Solutions Systems Ltd
Infinity Computer Solutions,,ACT-00209953,2035,Infinity Computer Solutions
Infinity Partners Group,,ACT-00047533,,"Infinity Partners Group, LLC"
"Info Advantage, Inc.",,ACT-00071974,,"Info Advantage, Inc."
"Information Technology Consulting Professionals, LLC",,ACT-00018374,15262,Information Technology Consulting Professionals L
Information Technology Services,,ACT-00207324,,InfoTechMSP
Infosource CT,,ACT-00225303,7303,infoSource
InfoStream Inc,,ACT-00246858,3450,InfoStream
InfoTechDevelopment,,ACT-00092458,15205,InfoTech Development
Infotrans Caribbean N.V.,,ACT-00208479,,INFOTRANS CARIBBEAN N.V
"Infranet Technologies Group, Inc.",,ACT-00246698,,Infranet Technologies Group
"Infrastructure Insights, Inc.",,ACT-00242785,,"Infrastructure Insights, Inc."
Louisville Geek,,ACT-00076048,26279,Louisville Geek
Madison Commercial Real Estate Services,,ACT-00238221,-,Madison Commercial Real Estate Services
Mainframe IT LLC,,ACT-00209454,15434,"MainFrameIT, LLC"
Marcum Technology MSP,,ACT-00159243,25091,CBIZ
Matrix Integration,,ACT-00098995,21145,Matrix Integration
"Maureen Data Systems, Inc.",,ACT-00155345,21284,Maureen Data Systems Inc
Max Communications Inc.,,ACT-00031578,-,Max Communications Inc.
Maxsum Consulting,,ACT-00113225,-,Maxsum Solutions
McLane Intelligent Solutions,,ACT-00132829,30078,McLane Intelligent Solutions
"Meritech, Inc.",,ACT-00245304,15302,DEX Imaging (formerly North American)
Milner Technologies,,ACT-00037693,20082,Milner Technologies
MKMX Computer Solutions,,ACT-00034037,11297,MkMx Computer Solutions
Modtech,,ACT-00178687,23002,Modular Technologies
MyConnectSolutions,,ACT-00151729,21528,MyConnectSolutions Inc
Nauticon,,ACT-00244358,17940,Nauticon Office Solutions
Net@Work,,ACT-00030585,1112,Net@Work
Netcetera Consulting,,ACT-00019963,-,Netcetera
Netropole Inc.,,ACT-00164294,3206,NETROPOLE INC
"NetSource One, Inc.",,ACT-00037128,27795,"Netsource One, Inc."
Network Bridge Solutions Ltd,,ACT-00187653,-,Network Bridge Solutions Ltd
HillSouth,,ACT-00019119,28517,HillSouth
"Home Legend, LLC",,ACT-00274382,29691,"Home Legend, LLC"
HUB Tech,,ACT-00246724,14011,Hub Technical Services LLC
Huber & Associates MSP,,ACT-00066678,25605,Huber & Associates
IMC Technologies,,ACT-00211334,21455,IMC Technologies
In-Telecom Consulting,,ACT-00246692,19794,In-Telecom
Indian River Networks,,ACT-00203960,72,Indian River Networks
iNetwork Management Inct,,ACT-00118925,25497,iNetwork Management Inc.
Infinit Technology Solutions,,ACT-00179021,21098,Infinit Technology Solutions
Infinity Technology Consulting Inc,,ACT-00061863,18457,"Infinity Technology Consulting, Inc."
"Infotec I, Inc.",,ACT-00021572,25946,ITSco
Insight Technical Advisors,,ACT-00099384,24809,Insight Tech Advisors
Intalect Ltd,,ACT-00116303,17134,Intalect Ltd
integraONE,,ACT-00151247,1519,integraONE
IntegraTek Consulting,,ACT-00244751,5352,IntegraTek Consulting Inc
"Intelligent Protection, LLC dba IPM Corp",,ACT-00236803,23686,"Intelligent Protection, LLC dba IPM"
Intrasystems,,ACT-00240216,26574,IntraSystems
IPro Media,,ACT-00246701,23070,iPro Media
ISG,,ACT-00240193,23514,ISG Technology
Rx Technology,,ACT-00246798,,
Eugenius,,ACT-00084733,-,
CMIT South Brevard 179,,ACT-00245679,592,
T3voicenet,,ACT-00296370,27194,
Law Office of David M. Sperling,,ACT-00069498,,
Kismet Solutions Inc.,,ACT-00226220,27537,
Platform 24,,ACT-00030476,22627,
Balliante Ltd,,ACT-00295105,500000170,
Black Bottle,,ACT-00113285,24020,
"Itechra, Inc.",,ACT-00153488,24224,
"Boston HelpDesk, Inc.",,ACT-00191410,20874,
CYB3R,,ACT-00296847,500000241,
Quick Fix Network,,ACT-00278157,27213,
Lenex IT,,ACT-00241635,500000586,
Aktiebolaget XREF Stockholm,Innosoft / ELOVADE Sverige AB,ACT-00004104,,
Leading Technology Europe Ltd,,ACT-00061762,25104,
MYComputing Inc.,,ACT-00259296,30547,
EssentialNet Solutions,,ACT-00185222,21448,
Business Computer Solutions,,ACT-00015430,22808,
COMHOME Network Solutions,,ACT-00023310,20886,
Structured Communication Systems,,ACT-00136094,19616,
Mission Critical Systems,,ACT-00115799,21554,
SHARKTOOTH NETWORKS INC,Ingram Micro,ACT-00153605,,
SatCom & Computers,,ACT-00060044,21371,
CyberPrairie,,ACT-00153622,453,
"Pruitt Communications, Inc.",,ACT-00205450,28138,
Nomad Technology Group,,ACT-00161948,28507,
Seiu-Uhw,,ACT-00068325,,
The Cloud Platform,,ACT-00208415,500001012,
CMIT South Brevard 179,,ACT-00245679,,
JWS Solutions,,ACT-00084813,-,
Manning's Office Solutions,,ACT-00113073,,
System Go,,ACT-00069994,22700,
"IS Consulting Services, LLC",,ACT-00066601,,
Bel USA LLC,,ACT-00154470,-,
Hilltop Valley Consulting,,ACT-00110749,25326,
RealPage,,ACT-00137227,22691,
"AZComp Technologies, Inc",,ACT-00210127,32593,
The Learning Exchange,"Harmonity Technologies, LLC",ACT-00239688,-,
AMS Retail Solutions,,ACT-00157004,-,
Tech Solution,,ACT-00225398,,Technitrick
Alpha Wireless Communications,,ACT-00246173,,AlphaKOR Group Inc
Glory Global Solutions NZ,,ACT-00081481,-,
"NetWerks Strategic Services, LLC",,ACT-00245388,21206,
Client Solutions & Systems,,ACT-00125001,,
You Must Be Lost,,ACT-00267658,27291,
"GSG Computers, Inc.",Ingram Micro,ACT-00240157,,
Torden,,ACT-00249630,28843,
"Green Qube, Inc",,ACT-00138376,26897,
"Anderson Computer, LLC",,ACT-00028509,27148,
Resonant Technology Partners LLC,,ACT-00171734,23381,
Harness Group,,ACT-00010677,26881,
Andrews & Associates IT Solutions,,ACT-00209069,21378,
NCS IT Ltd,,ACT-00168414,16009,
MCS,,ACT-00151729,21528,
SR Technologies,,ACT-00268951,29810,
Eos Systems,,ACT-00243957,8529,
"Autokiniton US Holdings, Inc.",,ACT-00361839,29538,
iwerk,,ACT-00052393,25498,
B4B Telecoms,,ACT-00069455,20764,
AMS Retail Solutions,,ACT-00157004,,
Nutmeg Technologies,,ACT-00042280,25088,
Smart Pro Technologies LLC,,ACT-00070255,24762,
IDFS,,ACT-00144331,29694,
Technology on Premise,,ACT-00133107,,
ThrottleNet Inc,,ACT-00230196,25808,
V2 Technology,,ACT-00065554,,
BCIT Solutions,,ACT-00267798,24248,
Forged IT Services,,ACT-00290152,26631,
"Cook Consulting & Services, LLC",,ACT-00238296,30978,
Avalon Hills,,ACT-00225517,32563,
Streetertech,,ACT-00243456,745,
"Mtc, Inc",,ACT-00121014,,
InfoTech Maine LLC,,ACT-00196195,25275,
Knoxville Computer Corp,,ACT-00063302,,
Urban Law Group Pty Ltd,,ACT-00264108,,
"Innovative Network, Inc.",,ACT-00067989,-,
Knox Computer Solutions,,ACT-00139922,,Knox Enterprises LLC DBA Knox Computer Solutions
Konko Technologies,,ACT-00120952,9490,Konko Technologies
Konnex it Technology,,ACT-00024144,15412,Konnex IT Technology
Kraft Kennedy,,ACT-00111689,,"Kraft & Kennedy, Inc."
Ksys Group,,ACT-00240573,,KSYS Group
KTSComputers,,ACT-00153050,16812,KTS Computers Ltd
Kumo Cloud Solutions,,ACT-00170234,,kumocloud
Kvell Networks,,ACT-00083889,3702,KVELL Networks
KYBD Consulting,,ACT-00035336,32054,"Integratech, Inc."
La Michoacana Meat Market,,ACT-00153395,5842,Michoacana Marketing Services
Lake Business Products,,ACT-00073105,16308,"Lake Business Products, Inc. / NetShield"
Lake City Tech,,ACT-00224589,,Lakeside IT
Lambert Consulting Services,,ACT-00211703,11314,Lambert Consulting Services
Land Computer,,ACT-00060377,1567,Land Computer
Land Surveys,,ACT-00265838,23290,Land Surveys
Lane & Hicks Computer Consulting,,ACT-00065724,,lanehicks
Lane Technology Group,,ACT-00107999,23535,N8carr
LanWorx Limited,,ACT-00242209,,Desktop Technology Services Limited
Laser Line,,ACT-00162499,,Laser Line
LaserFax USA,,ACT-00144212,,LaserFax USA
Lavish,,ACT-00155374,,Lavish
Lawders Networks,,ACT-00264551,,Gemini Computer Solutions
"Lawton networks, Inc.",,ACT-00165064,,lni
"LAYTON FLOWER TECHNOLOGIES, LLC",,ACT-00204026,,"Layton Flower Technologies, Llc"
Leading Technology Europe Ltd,,ACT-00061762,25104,Leading Technology Europe Ltd
Leap Consulting,,ACT-00197297,,Leap Consulting
LegalTech Managed IT Services,,ACT-00177231,15685,LegalTech
Lek Technology Consultants Incorporated,,ACT-00148529,,ltc
Leonard Designs,,ACT-00075702,5932,Leonard Designs
Leonardo Software,,ACT-00244989,23652,Leonardo Software
Les Olson Company,,ACT-00231705,13394,Les Olson Company
Lettscom Pty Ltd,,ACT-00202674,,Lettscom Pty Ltd
Leverage IT Consulting,,ACT-00084815,,Leverage IT Consulting
"Lieberman Technologies, LLC",,ACT-00128546,20513,Lieberman Technologies
LifeBrite Hosptial Group,,ACT-00183759,,LifeBrite Hosptial Group
Lighthouse Networks,,ACT-00009288,12105,Lighthouse Networks
Lighthouse Solutions,,ACT-00222031,11047,Lighthouse Solutions
Lighthouse Technology Services,,ACT-00047784,23339,Lighthouse Technology Services
lighthouseit,,ACT-00027288,,lighthouseit
Lights Out Management LLC,,ACT-00028935,999,Lights Out Management LLC
LIMA Networks Ltd,,ACT-00078047,,LIMA Networks Ltd
Lime Systems,,ACT-00108945,2396,Lime Systems
Lincoln Charter Schools,,ACT-00033055,,Lincoln Charter Schools
Linehan Communications,,ACT-00079182,,Linehan Communications
LINK COMPUTER CORPORATION,,ACT-00123037,2830,Link Computer Corporation
Link Tech Computer Services,,ACT-00146005,,ltcs
LinkServ Computer Solutions,,ACT-00153751,6392,LinkServ Computer Solutions
Linktech Australia,,ACT-00115096,,Linktech Australia
Linkus,,ACT-00216967,5380,Linkus
"Liquid Pear Technologies, Inc.",,ACT-00096969,,liquidpear
"LITC Services, LLC",,ACT-00274571,,"LITC Services, LLC"
LNC Data,,ACT-00145055,,LNC Data
Loffler Business Systems,,ACT-00155077,,Loffler Information Technology
Loggerhead Marketing LLC,,ACT-00092731,9268,"Loggerhead Marketing, LLC"
LogicCloud IT,,ACT-00079077,,LogicCloud IT
Lost in IT,,ACT-00031056,,Lost in IT
"Lotus Management Services, Inc.",,ACT-00080007,9655,Lotus Management Services
Lowe IT Services,,ACT-00153059,16108,"Lowe IT Services, Inc."
Loyal IT Solutions,,ACT-00200515,21116,Loyal IT Solutions
LSG Solutions,,ACT-00216907,9345,LSG Solutions
Lucid Technologies,,ACT-00153920,33132,Lucid Technologies
Lumanoc,,ACT-00402756,,"Lumanoc, LLC"
LunaTech Logic,,ACT-00275348,24483,LunaTech Logic LLC
LutheranMetro,,ACT-00266143,,LutheranMetro
M-Squared Networks,,ACT-00240540,10619,M-Squared Networks
M2 Computing Ltd.,,ACT-00249278,,M2 Computing Ltd
M9 Group,,ACT-00182841,,M9 (IT) Ltd
MAGTEK Consulting Group LLC,,ACT-00043575,13388,"MagTek Consulting Group, LLC"
Maher Technology,,ACT-00139934,10114,Maher Technology
Main Advantage,,ACT-00098300,9343,Main Advantage Technology SVC
MainFrameIT LLC,,ACT-00209454,15434,"MainFrameIT, LLC"
Maire Consulting,,ACT-00213499,,Maire Consulting
Manage IT LLC,,ACT-00171514,8794,Manage IT LLC
Managed Care Systems LLC,,ACT-00170773,,Managed Solution LLC
Managed Information Services,,ACT-00098129,2490,Managed Information Services
Managed IT Systems Inc,,ACT-00170773,,Managed Solution LLC
Managed Solution LLC,,ACT-00170773,1826,Managed Solution LLC
Mandry Technology Solutions,,ACT-00073675,,Mandry Technology Solutions
Manhattan MSP Inc,,ACT-00088186,19543,Manhattan MSP Inc.
Mankato Computer Repair,,ACT-00181489,3063,Mankato Computer Repair
Mannings Office Solutions,,ACT-00113073,21486,Manning's Office Solutions
Manpower Inc,"Harmonity Technologies, LLC",ACT-00148090,,Manpower Inc
Manta HealthTech,,ACT-00083807,,Manta HealthTech
Maple Systems,,ACT-00219799,17089,ADECS LTD
MAPSYS Inc,,ACT-00041931,20820,MapSys Inc
Marigot Bay LLC,,ACT-00101605,10378,Marigot Bay LLC
"Marin IT, Inc.",,ACT-00013992,,"Marin IT, Inc."
Martin and Associates,,ACT-00053103,6108,Martin and Associates
Mason Brown IT,Ingram Micro Australia,ACT-00246258,,Mason-Brown IT
Mason InfoTech,,ACT-00076763,24160,Mason InfoTech
MASS Design Group,,ACT-00011181,,MASS Design Group
Matrix Consulting LLC,,ACT-00181480,10270,Spectrotel Holding Company LLC
Maximum Networks LTD,,ACT-00063489,20259,Maximum Networks
Maynords Recovery Center,"Harmonity Technologies, LLC",ACT-00245932,,Maynords Recovery Center
MCCS,,ACT-00136119,16516,Mercer County Computer Service
MCRS LLC,,ACT-00099431,14876,"Mcrs, Llc"
MD Centric,,ACT-00095260,,"Medicus IT, LLC"
Medical IT,,ACT-00229697,,Medical IT
Medical Technology Solutions LLC,,ACT-00150785,,Medical Technology Solutions LLC
Medicus IT LLC,,ACT-00095260,,"Medicus IT, LLC"
Menark Technologies,,ACT-00099710,,Menark
Mercury Communications Services of San Antonio,,ACT-00269729,,Mercury Communications Services of San Antonio
Merit Technologies LLC,,ACT-00033303,,Meritum Energy
Meritech Inc,,ACT-00245304,15302,DEX Imaging (formerly North American)
Meritum Energy,,ACT-00033303,24800,Meritum Energy
Meriwether Protects,,ACT-00149041,,Meriwether Protects
Metrix,,ACT-00265102,22836,Metrix
"Metro Networks, LLC",,ACT-00455845,,Metropolis Group
Metro Tech MA,,ACT-00225144,9645,Metro Tech Services
Metropolis Group,,ACT-00455845,32549,Metropolis Group
METROPOLITAN AREA AGENCY ON AGING,,ACT-00004944,,Trellis
MGR IT,,ACT-00109912,,Bendigo Telco Limited
Micro Computer Consulting Inc.,TD Synnex Canada,ACT-00239637,,Micro Computer Consulting Inc.
"Micro Doctor, Inc",,ACT-00240819,,MicrotechDPS
Micro Enterprises,,ACT-00122004,1727,Micro Enterprises LLC
Micro Macro IT Solutions Pty Ltd,,ACT-00025850,,Micro Macro IT Solutions
"MicroMenders, Inc.",,ACT-00156298,,MicroMenders
Micronet Solutions Inc,,ACT-00202187,4903,Micronet Solutions Inc
MicroOneComputer,,ACT-00177953,17982,Micro One Computer
Microtec Informatique,,ACT-00240819,,MicrotechDPS
microtel sys corp,,ACT-00099396,2130,Microtel Systems Corp
Midatlantic Professional IT Services,,ACT-00224029,14292,Midatlantic Professional Services
Midwest IT,,ACT-00178706,26162,"Midwest IT, LLC"
Millennial IT Solutions,,ACT-00083188,,Millennial IT Solutions
"Mindcore, Inc.",,ACT-00123081,,mindcore
Minnesota IT Partners Inc.,,ACT-00218757,27010,Minnesota IT Partners Inc
Mino IT Managed Services,,ACT-00188612,,Mino IT Managed Services Pty Ltd
Mirus IT Solutions Ltd,,ACT-00019231,,Mirus IT
"MIS Solutions, Inc.",,ACT-00067977,,"MIS Solutions, Inc."
Missing Link Communications Ltd,,ACT-00074258,,Missing Link Communications Ltd
Mitchell Technologies,,ACT-00052539,,mitchelltech
MJD Systems,,ACT-00178943,15780,MJD SYSTEMS LTD
MJM Information Systems,,ACT-00237269,18385,MJM Information Systems
MkMx Computer Solutions,,ACT-00034037,11297,MkMx Computer Solutions
"Apex Digital Solutions, Inc.",,ACT-00185425,,Apex Digital Solutions
APEX Solutions,,ACT-00144665,16344,APEX Solutions
Apex Technology,,ACT-00286680,,ApexTech
Apex Technology Corporation,,ACT-00131305,,apex
Apex Technology Group,,ACT-00177751,13792,Apex Technology Group
ApexTech,,ACT-00286680,,ApexTech
Apollo Medflight,,ACT-00041945,,Apollo Medflight
Appalachian Network Services Inc,,ACT-00040650,,appnet
Applied Tech,,ACT-00140148,,Applied Tech
Aptica LLC,,ACT-00240962,,aptica052011
Aqueity,,ACT-00013281,16545,Aqueity
Arbor Computers,,ACT-00142181,,Arbor Computers
ArchAngel Enterprises,,ACT-00225103,10304,ArchAngel Enterprises
Arcus Technology Limited,,ACT-00205327,17981,Arcus Technology Limited
Argentium IT Solutions Inc,,ACT-00153466,,Argentium IT Solutions
Argo-Tech Solutions,,ACT-00060941,,Argo-Tech Solutions
ARGO-TECH Solutions Inc.,,ACT-00246643,,argotech
Arizona Liver Health,,ACT-00276352,,Arizona Liver Health
Arkansas Network Experts LLC,,ACT-00093240,,Arkansas Network Experts
Arkys Web Software Inc,,ACT-00246165,,Arkys Web Software Inc
Armagh POS Solutions,,ACT-00128573,24859,Armagh POS Solutions
Armorinteractive.com,,ACT-00203037,,armorint
Arrow IT Solutions Ltd,,ACT-00098017,17294,Arrow IT Solutions Ltd
Art of Technology LLC,,ACT-00198427,14498,Art of Technology LLC
Arthur Allen Technology,,ACT-00252151,,Arthur Allen Technology
Arul Arasan dba Astralinx Inc,,ACT-00252259,,Arul Arasan dba Astralinx Inc
Arvig Enterprises LLC,,ACT-00075703,13315,Arvig Communication Systems
Arxsis Ltd,,ACT-00013509,17429,Arxsis Ltd
ASC Networks,,ACT-00125839,3852,AS Consulting Inc
Ascend IT Solutions Inc,,ACT-00238701,,"Ascend IT Solutions, Inc."
Ascension Technology,,ACT-00202961,11727,Ascension Technology
"Ascent Data, LLC",,ACT-00035116,19674,Ascent Data
Ashton B LLC dba TECH-NIQUES,,ACT-00232854,10428,Ashton B LLC
"Aspendora Technologies, LLC",,ACT-00076094,,"Aspendora Technologies, LLC"
Aspira,,ACT-00000329,15438,Santos ITS Ltd
Aspire Technical Solutions LLC,,ACT-00061211,,AspireTech
Astari Networks,,ACT-00156056,,astari
Astralinx LLC,,ACT-00137233,,Syngent LLC
ATG-IT Ltd,,ACT-00102375,14710,ATG Ltd
"Atiwa Computing, Inc.",,ACT-00125914,1201,Atiwa Computing / Brumer Technologies
Atlantic Communications Team,,ACT-00083028,,Atlantic PC Inc.
Atlantic Data Team,,ACT-00165633,1091,Technology Services Wholesale Group LLC
Atlantic Network Services Inc,,ACT-00122854,4004,ATLANTIC NETWORK SERVICES Inc
Atlantic PC Inc.,,ACT-00083028,,atlanticpc
Atlaz International Ltd,,ACT-00116724,12650,Atlaz International Ltd
ATS Communications Inc,,ACT-00105825,9369,ATS
Attain Technology,,ACT-00222114,,Attain Technology
Auglaize County ESC,,ACT-00163190,,Auglaize County ESC
Auriga Technology,,ACT-00174722,9278,Auriga Technology
"Aurora InfoTech, LLC",,ACT-00197493,,Aurora InfoTech LLC
Austin Computer Guys,,ACT-00168210,15449,Austin Computer Guys
Automated Business Products,,ACT-00174175,20476,Automated Business Products/Colorado LLC
Avagio I.T.S. Ltd,,ACT-00189453,10062,Optimity IT Ltd
Avant Garde MSP,,ACT-00242553,,Avant Garde MSP
Avanti,,ACT-00004273,21248,Avanti Technologies
AVE Consulting LLC,,ACT-00218552,11957,AVE Consulting LLC
AVS Technology,,ACT-00213148,,AVS Technology
Axia Technology Partners,,ACT-00101066,,Axia Technology Partners
Axis Computer Networks,,ACT-00195511,,"Axis Computer Networks, Inc."
Axon,,ACT-00191369,,Axon-it
Azure Arabia,,ACT-00164799,,Azure Arabia
B2b IT Services,,ACT-00165395,,B2B IT Services
B4B Telecoms,,ACT-00069455,20764,B4B Telecoms
Balanced IT Solutions,,ACT-00059251,23685,Balanced IT Solutions
Baltimore Technology Group LLC,,ACT-00213995,,Baltimore Technology Group LLC
Barcom Technology Solutions,,ACT-00017334,,Barcom
Barlop Business Systems,,ACT-00158918,15987,Barlop Business Systems
BASE Technologies,,ACT-00030112,20201,BASE Technologies Inc
"Bauernfeind Business Technologies, Inc",,ACT-00167026,11708,Bauernfeind Business Technologies
Bay Area Networking Solutions,,ACT-00061809,20209,Bay Area Networking Solutions
"Baycomm, Inc",,ACT-00013270,,"Baycomm, Inc"
BBNCS,,ACT-00018717,19600,BBNCS
BCI Computers,,ACT-00055400,1219,Beta Comp International
BE Connected,,ACT-00151742,,BE Connected
Bean It Ltd.,,ACT-00180325,16802,Bean IT Ltd
"Beautiful Networks, LLC",,ACT-00233064,17529,Beautiful Networks
Bebaios Solutions LLC,,ACT-00067963,27277,Bebaios Solutions LLC
Bel USA LLC,,ACT-00154470,,Bel USA LLC
Bellwether,,ACT-00134152,,Bellwether
Benchmark Information Technology,,ACT-00019112,421,Benchmark Information Technology
Benecom Tech Inc.,,ACT-00141291,,Benecom Tech Inc.
BeneSys,,ACT-00240384,1501,BeneSys Inc
BerganKDV Technology,,ACT-00043518,,BerganKDV Technology
Bergen IT llc,,ACT-00096372,16627,"Bergen IT, LLC"
Better Technology Systems Inc,,ACT-00208525,,BetterWorld Technologies
BetterWorld,,ACT-00208525,19650,BetterWorld Technologies
BEVCOMM,,ACT-00240394,11167,Bevcomm
BG Origin,,ACT-00151194,,BG Origin
Big Bang Retail Solutions inc.,,ACT-00032904,,Big Bang Retail Solutions inc.
Big Fish Technology,,ACT-00240197,1700,Big Fish Technology
Big Sur Technologies,,ACT-00133632,,BigSur
"BITS Consulting, LLC",,ACT-00198196,16546,"BITS Consulting, LLC"
Bitwise Computer Consulting,,ACT-00058529,1925,Bitwise Computer Consulting
Bitz UK,,ACT-00027758,16553,BitzUK Ltd
BIZITTS - Business IT Support and Security,,ACT-00196565,10609,BIZITSS
BizTech Helpers,,ACT-00102423,1735,BizTech Helpers
Black Diamond IT Mgt Group,,ACT-00109807,,BDMITSI
Bladesystems Inc,,ACT-00083857,6028,Blade Systems Inc
Blair Technology Solutions,,ACT-00177941,18478,Blair Technology Solutions
Bland's Information Technology Services,,ACT-00062811,11257,Bland's Information Technology Service (BITS)
Bleam Cyber Security Limited,,ACT-00040996,,Bleam Cyber Security
BLS Tech LLC dba CMIT Solutions ofWest Orlando & Kissimmee,,ACT-00451473,31919,CMIT Solutions West Orlando & Kissimmee
Blue Line Technologies,,ACT-00077736,2370,Blue Line Technologies Inc
Blue Ridge Data Services,,ACT-00031018,16062,"Blue Ridge Data Services, LLC"
Blue Technologies Smart Solutions,,ACT-00168475,11915,Blue Technologies Smart Solutions Inc.
Blue Technology Group LLC,,ACT-00177088,,Blue Technology Group LLC
Blueclone Networks,,ACT-00010319,7384,Blueclone Networks
Bluecube ICT,,ACT-00064665,,Bluecube ICT
BlueLink IT Solutions,,ACT-00183233,,BlueLink IT Solutions
Bluetowne Consulting Group,,ACT-00163478,13035,Bluetowne
BluZebra Technologies,,ACT-00002716,,BluZEBRA Technologies
BMC Networks,,ACT-00071304,,BMC
Boost IT,,ACT-00125887,11356,Boost IT
"BOSS Business Systems, Inc.",,ACT-00083898,17186,"Boss Business Systems, Inc."
Boston Computer Services Inc,,ACT-00094913,,BostonIT
"Boston IT, Inc",,ACT-00094913,,BostonIT
BourgTech,,ACT-00244896,24464,"Bourgtech, LLC"
BoynsInformationSystems,,ACT-00145833,15397,Boyns Information Systems Ltd
Brainlink International Inc,,ACT-00136617,6297,"Brainlink International, Inc"
Bramatt,,ACT-00108546,16744,Bramatt Computing Ltd
Brash Solutions,,ACT-00168274,14801,Brash Solutions
BRAVE RIVER SOLUTIONS,,ACT-00056533,,BRAVE RIVER SOLUTIONS
Breakwater IT Limited,,ACT-00010638,,Breakwater IT
Breaux Computer Consulting LLC,,ACT-00208067,15779,"Breaux Computer Consulting, LLC"
Bremmar Consulting,,ACT-00041949,,Bremmar
BrevAll Technologies,,ACT-00137583,14339,BrevAll Technologies
Brightline Technologies Inc,,ACT-00014350,,Brightline Technologies Inc
BrightWorks IT,,ACT-00241967,25949,BrightWorks IT
Bristeeri Technologies Inc,,ACT-00171756,22588,"Bristeeri Technologies, Inc."
Brivy LLC,,ACT-00289729,26465,Brivy LLC
Broad Data Networks,,ACT-00000987,,Broadview Networks
Broadview Networks,,ACT-00265938,21009,MSP Corp
Browns Custom Installation and Security,,ACT-00275675,24554,Brown's Custom Installation and Security
"Moebius Technology Solutions, Inc",,ACT-00036796,,MoebiusTech
Montana Precision Products,,ACT-00033986,20313,Montana Precision Products
"Moore Computing, LLP",,ACT-00048476,,"Moore Computing, LLP"
Morasch Meats,Portland Internetworks,ACT-00148028,,Morasch Meats
Morris Business Solutions,,ACT-00168279,18463,Morris Business Solutions
MORRIS BUSINESS SOLUTIONS LLC,,ACT-00168279,18463,Morris Business Solutions
Mosaic Information Technologies,,ACT-00208567,2530,Mosaic Information Technology
Mosaic IT,,ACT-00055422,,Mosaic IT
Motivated Technology,,ACT-00072055,7966,"Motivated Technology, LLC dba Computer Tec Snellvi"
Motz Technologies LLC,,ACT-00135245,,Motz Technologies
MPB Computing,,ACT-00133239,9567,MPB Computing
MRL Network Solutions,,ACT-00050957,,MRL Network Solutions
MTD Business Technology Solutions,,ACT-00183089,12112,MTD Business Technology Designs
Mullarky Buisness Systems LLC,,ACT-00267734,,"Great Lakes Tech Services, LLC"
My Computer Doctors,,ACT-00246784,22631,"My Computer Doctors, LLC"
My IT Department,,ACT-00073751,,myITDepartment
myITcrew,,ACT-00052549,,myITcrew
Myrick Technologies LLC,,ACT-00090757,20098,Myrick Technologies LLC
MySherpa,,ACT-00204714,466,MySherpa
MyTek Network Solutions,,ACT-00195130,13087,MyTek Network Solutions
N-Tech Consulting,,ACT-00171732,,N-Tech Consulting
Napa Valley Networks,,ACT-00028053,,"Napa Valley Networks, Inc"
Narnia IT,,ACT-00191841,17817,Narnia IT
National Business Technologies,,ACT-00090788,15456,National Business Technology
Nauticon Imaging Systems,,ACT-00244358,17940,Nauticon Office Solutions
Navious Technologies,,ACT-00190413,21176,Navious Technologies
"NCGIT, LLC",Ingram Micro,ACT-00151831,,"NCGIT, LLC"
NCIC IT,,ACT-00041133,951,NCIC Consulting Group
NCS Support Services,,ACT-00168414,16009,NCS IT Ltd
ND IT-Konsult AB,ELOVADE Sverige AB,ACT-00237954,,ND IT-Konsult AB
"NEASEM Business Systems, Inc",,ACT-00060738,2391,NEASEM BUSINESS SYSTEMS I
Nemsys,,ACT-00196074,,Nemsys
Neos IT,,ACT-00051738,,Neos IT
Nerds Support,,ACT-00034907,,Nerdster LTD
Nerdster LTD,,ACT-00034907,20970,Nerdster LTD
NET AT WORK INC,,ACT-00030585,,Net@Work
Net DirXions,,ACT-00009262,11349,Net DirXions
Net Ex Data,,ACT-00274986,,Concerto Networks
Net Help 24/7,TD Synnex Corp,ACT-00246717,11729,Net Help 24 / 7
Net Tech Integration,,ACT-00296807,31850,Net Tech Integration
Net Tech LLC,,ACT-00060930,1291,Net Tech LLC
Net-Tech,,ACT-00036419,,Network Technology Services Inc.
Net2Net IT Solutions Inc,,ACT-00185381,,net2netit
NetAscendant Solutions,,ACT-00049371,17249,NetAscendant Solutions
NetAssist,,ACT-00192669,,NetAssist
Netbox Digital Ltd,,ACT-00079016,,Netbox Digital Ltd
Netforce Ltd,,ACT-00171004,10930,Paradyn
Netgear,,ACT-00240390,15765,Netgear
Netier,,ACT-00009910,,Netier
NETiMAGE,,ACT-00037881,,netimage
Netizen LLC,,ACT-00267849,25851,"Netizen, LLC"
Netlogyx Technology Specialists Pty,,ACT-00246257,,Netlogyx Technology Specialists
Netlogyx Technology Specialists Pty Ltd,,ACT-00246257,19559,Netlogyx Technology Specialists
NetOnsite,,ACT-00217841,,NetOnsite
Netpoint Solutions Ltd,,ACT-00122752,16271,Netpoint Solutions (dba NPSOL )
Netrix LLC Heath Care Group,,ACT-00246308,14793,Netrix LLC - 2ND PORTAL
NetShield,,ACT-00073105,16308,"Lake Business Products, Inc. / NetShield"
NETSMART INC,,ACT-00145158,,Netsmart
"Netsource One, Inc.",,ACT-00037128,,"Netsource One, Inc."
NetTek LLC,,ACT-00040641,990,"NetTek, LLC"
Netwise Resources LLC,,ACT-00030511,11010,Visual Edge Inc.
Netwise Solutions LLC,,ACT-00168426,11424,Netwise Solutions LLC
Network 79 Ltd,,ACT-00068463,17377,Network 79 Ltd
Network Blade LLC,,ACT-00087271,4595,Network Blade LLC
Network Bridge Solutions Ltd,,ACT-00187653,,Network Bridge Solutions Ltd
Network Business Systems,,ACT-00069911,,GCI Communication Corp
"Network Center Communications Inc, DBA NetCenter Technologies",,ACT-00068463,,Network 79 Ltd
"Network Computing Group, Inc.",,ACT-00068463,,Network 79 Ltd
Network Computing Limited,,ACT-00115740,,networkcomp
Network Computing Solutions,,ACT-00084615,,NCS
NETWORK DESIGN & MANAGEMENT,,ACT-00088679,12923,NDM Technologies
Network Enginuity,,ACT-00133064,,Network Enginuity
Network Masters,,ACT-00068463,,Network 79 Ltd
Network Synergy Corp,,ACT-00068463,,Network 79 Ltd
Network X,,ACT-00048689,,Network X
Networking Solutions,,ACT-00177708,272,Total Secure Technology
Networking Specialists,,ACT-00096500,,gfnetspec
NetworkingSolutions,,ACT-00133306,18791,Networking Solutions Inc
Networks Plus,,ACT-00019636,11770,"Blue Valley Technologies, Inc. operating as Networks Plus"
Networks99,,ACT-00011999,15351,99 Networks
NetZoneTechnologies,,ACT-00075799,6184,NetZoneTechnologies
Nevada IT Solutions,,ACT-00057326,15462,Nevada IT Solutions
New England IT Partners,,ACT-00216295,7806,NE IT Partners
New Level Technology,,ACT-00152102,,New Level Technology
New Value Solutions Group,,ACT-00000328,13608,New Value Solutions Group Inc
"Newquest It Solutions, LLC",,ACT-00053066,12554,"NewQuest IT Solutions, LLC"
Nex-Tech,,ACT-00237849,16272,Nex-Tech LLC
"Nexotech, LLC",,ACT-00057926,,"Nexotech, LLC"
Next Level,,ACT-00056704,,Next Level
Nexus IT Solutions,,ACT-00269418,23940,Nexus IT
Nexxen Technologies,,ACT-00060397,8320,Nexxen Technologies
NIC Inc.,,ACT-00100524,23024,NIC Inc.
Nightstar Solutions,,ACT-00242817,9902,Nightstar Solutions
Nitec Solutions,,ACT-00016615,,Nitec Solutions
Nitram Technologies,,ACT-00026150,,Nitram Technologies
"Nobel Systems, Inc.",,ACT-00180199,,"Nobel Systems, Inc."
"Noble Royalties, Inc.",,ACT-00265597,,"Compass Royalty Management, LLC"
Nokhbah,,ACT-00207744,17960,Nokhbah
North Shore Data Services,,ACT-00244044,17972,"North Shore Data Services, Inc."
North Star Inc,,ACT-00148116,20541,North Star Inc
"NorthEast Computer Services, LLC",,ACT-00161429,876,NorthEast Computer Services LLC
Northeast Information Systems,,ACT-00009690,9627,Northeast Information Systems
Northeast Network Solutions,,ACT-00227720,1230,Northeast Network Solutions
Northern Business Products,,ACT-00023307,,nbp
Northstar Technology Services LLC,,ACT-00199772,,NorthStar Technology Services
Northwest Computing Pros,,ACT-00133181,,Northwest Consulting Professionals
"Nova Communications, inc.",,ACT-00030536,14459,Nova Communications
Novacastrian IT,,ACT-00216900,,Novacastrian IT Pty Ltd
Novaram ApS,,ACT-00026296,,Novaram ApS
Novatech,,ACT-00149048,,Novatech
Novus Technology,,ACT-00069387,9762,Novus Technology Solutions
Now Auto Group,,ACT-00133182,,Tex R Us LLC
NPC Inc,,ACT-00137573,20235,NPC Account #20235
NRG Technology Services,,ACT-00031961,,NRG Technology Services
NSI New England Systems,,ACT-00107969,3114,NSI New England Systems
Ntiva Inc,,ACT-00172086,,"Ntiva, Inc"
Nucentric Solutions,,ACT-00082788,,Nucentric Solutions
Nulite Inc,,ACT-00066995,3518,IT Support Pros Inc dba Excedeo
NuMSP,Ingram micro,ACT-00245551,,NuMSP
Nuvera,,ACT-00128561,,NU-Telecom Inc
Nuvex Solutions,,ACT-00188402,,Nuvex Solutions
"nXio, LLC",,ACT-00074971,,nXio LLC
NXS,,ACT-00198060,,Digital Nexus LLC (NXS)
Oaktree IT Solutions,,ACT-00297074,,Oaktree IT Solutions
Oasis LLC,,ACT-00230132,,Oasis LLC
Observe IT Solutions Pty Ltd,,ACT-00211316,,Observe IT Solutions Pty Ltd
Ocergy,,ACT-00269304,,Ocergy
Ockers Company,,ACT-00236888,,Ockers Company
Octal Systems,,ACT-00149104,,"Octal Systems, LLC"
OctaNet Group,,ACT-00046558,,OctaNet Group
"Office Automation Technologies, Inc",,ACT-00107765,17490,"Office Automation Technologies, Inc."
Ohio Business Machines,,ACT-00122764,15362,Ohio Business Machines
Coleman Technology Consultants,,ACT-00151148,,Coleman Technology Consultants
ColoGuard Enterprise Solutions,TD Synnex Corp,ACT-00236940,,ColoGuard Enterprise Solutions
Colorado Information Technologies,,ACT-00223432,5432,Colorado Information Technologies
Com Systems,,ACT-00141232,17124,Com Systems
Combined Systems Technology,,ACT-00109233,1916,Combined Systems Technology Inc
Commercial Networks LTD,,ACT-00107189,500001162,Commercial Networks LTD
CommLink IT,,ACT-00031719,24097,Commlink IT
Commtech Industries Inc,,ACT-00133312,5164,CommTech
CommTech Systems Inc.,,ACT-00055779,16260,Comtech Systems Inc
Compass Christian Church,,ACT-00252109,,Compass Christian Church
Competitive Network Management,,ACT-00246844,13085,Competitive Network Management
Complete Care IT,,ACT-00020591,1457,Complete Care IT
Complete I.T. Ltd,,ACT-00108868,,Sharp IT Services (UK) Limited
Complete Interactive Technologies,,ACT-00178261,17272,Complete Interactive Technologies
Complete Network Integration,,ACT-00179480,20978,Complete Network Integration
"Complete Network Management, Inc.",,ACT-00245051,,"Complete Network Management, Inc."
Complete Network Support LLC,,ACT-00020591,,Complete Care IT
Complete Office Care L.L.C.,,ACT-00101687,24893,Complete Office Care L.L.C.
Complete Systems Integration,,ACT-00141389,3242,CSI
Complete Technologies Outsourced IT Ltd.,,ACT-00094446,,Complete Technologies Outsourced IT Ltd.
Comprehensive Data Services,,ACT-00150981,1107,Comprehensive Data Services
CompRite Inc,,ACT-00083758,,CompRite Inc
Compu-Gen Technologies Inc.,,ACT-00095770,,Compu-Gen
Compu-SOLVE,,ACT-00069688,,Compu-SOLVE Technologies Inc
CompuGig,,ACT-00075961,17815,CompuGig
Compuman Computer Services,,ACT-00187814,2884,Compuman Computer Services
CompuMedic,,ACT-00179984,14337,COMPUMEDIC
"COMPUNET International, Inc",,ACT-00012104,1688,CompuNET International
Compushooter LLC,,ACT-00070511,24179,Compushooter LLC
Compustores,,ACT-00098990,31358,R.A.G. inc dba Compustores
Computec Computers,,ACT-00188143,17191,Computec Computers
Computer & Network Consultants Ltd.,Blue Solutions,ACT-00245534,,Computer & Network Consultants Ltd
Computer Associates,,ACT-00268553,2316,"CAi Software, LLC"
"Computer Breakthrough, LLC",,ACT-00027761,918,Computer Breakthrough LLC
Computer Drive,D&H Distributing Co.,ACT-00239622,,Computer Drive
Computer Eyez,,ACT-00223068,,Computer Fix NI
Computer Integration Technologies Inc,,ACT-00038527,,CIT
Computer Network Integration Group Pty Ltd,,ACT-00223068,,Computer Fix NI
Computer Network Solutions,,ACT-00276434,31468,Computer Network Solutions
Computer Networking Services of NH LLC,,ACT-00024760,16375,"Computer Networking Services of NH, LLC"
Computer Networking Solutions,,ACT-00107003,,Computer Networking Solutions
Computer Palace,,ACT-00244288,9644,Computer Palace dba Advanced Computer Corporation
Computer PRO Unltd.,,ACT-00107794,14389,Computer PRO Unltd
Computer Repair Specialists of Nevada,,ACT-00010785,,Computer Repair Specialists of Nevada
Computer Service and Repair,,ACT-00112824,14479,Computer Solutions dba Computer Service and Repair
Computer St. Louis,,ACT-00223068,,Computer Fix NI
"Computer Systems Development Services, Inc.",,ACT-00063404,391,Computer Systems Development Services Inc
Computer Systems Support & Design,,ACT-00098324,8666,Computer Systems Support Design
Computer Troubleshooters - Bensalem,,ACT-00098046,2409,Computer Troubleshooters - Bensalem
Computer Troubleshooters - Cedar Valley,,ACT-00157349,12033,Computer Troubleshooters - Cedar Valley
Computer Troubleshooters - Fairfax,,ACT-00243199,10269,Computer Troubleshooters - Vienna
Computer Troubleshooters - Galway East,,ACT-00223068,,Computer Fix NI
Computer Troubleshooters - GCN,,ACT-00088723,1162,Computer Troubleshooters-Columbus North
Computer Troubleshooters - Hunter Valley,,ACT-00223068,,Computer Fix NI
Computer Troubleshooters - Mandeville/Covington,,ACT-00161426,2582,Computer Troubleshooters - Mandeville
Computer Troubleshooters - North Adelaide,,ACT-00223068,,Computer Fix NI
Computer Troubleshooters - Pittsburgh,,ACT-00223068,,Computer Fix NI
Computer Troubleshooters - Wilmington,,ACT-00223468,13030,Computer Troubleshooters - Wilmington
Computer Troubleshooters -North Lakes,,ACT-00223068,,Computer Fix NI
Computer Troubleshooters Business Solutions Ltd (NZ),,ACT-00223068,,Computer Fix NI
Computer Troubleshooters Casey  Australia,,ACT-00223068,,Computer Fix NI
Computer Troubleshooters Danbury,,ACT-00020988,13789,Computer Troubleshooters - Danbury North
"Computer Troubleshooters Fond Du Lac, WI",,ACT-00223068,,Computer Fix NI
Computer Troubleshooters Galway-West,,ACT-00007348,13100,Computer Troubleshooters â€“ Galway
Computer Troubleshooters Greensboro Central,,ACT-00047827,1183,Computer Troubleshooters - Greensboro Central
Computer Troubleshooters Hallet Cove,,ACT-00223068,,Computer Fix NI
Computer Troubleshooters Huntsville,,ACT-00218557,1265,Computer Troubleshooters - Huntsville
Computer Troubleshooters Las Vegas South,,ACT-00104449,12139,Computer Troubleshooters - Summerlin South
Computer Troubleshooters Los Angeles,,ACT-00223068,,Computer Fix NI
Computer Troubleshooters Niagara Ontario,,ACT-00024693,3046,Computer Troubleshooters - Niagara CA
Computer Troubleshooters North Birmingham Ltd,,ACT-00223068,,Computer Fix NI
Computer Troubleshooters NW Phoenix,,ACT-00223068,,Computer Fix NI
Computer Troubleshooters of Kirkland,,ACT-00153723,11488,Computer Troubleshooters of Kirkland
Computer Troubleshooters of Mamaroneck (Site ID: MyLocalCT),,ACT-00223068,,Computer Fix NI
Computer Troubleshooters of Pflugerville,,ACT-00238395,10212,Computer Troubleshooters - Pflugerville
Computer Troubleshooters of St Charles,,ACT-00005252,11223,Computer Troubleshooters - St. Charles
Computer Troubleshooters of SW Austin,,ACT-00112818,10133,Computer Troubleshooters - SW Austin
Computer Troubleshooters of W Fort Wayne,,ACT-00223068,,Computer Fix NI
Computer Troubleshooters Palm Springs,,ACT-00208320,1317,Computer Troubleshooters - Palm Springs
Computer Troubleshooters Pewaukee,,ACT-00085992,1244,Computer Troubleshooters - Pewaukee
Computer Troubleshooters Schaumburg,,ACT-00100538,1573,Computer Troubleshooters - Schaumburg
Computer Troubleshooters Silverwater,,ACT-00086621,16212,Computer Troubleshooters - Auburn AU
Computer Troubleshooters Toowoomba West,,ACT-00107959,16275,Computer Troubleshooters - Toowoomba West AU
Computer Troubleshooters Twinsburg,,ACT-00033999,8541,Computer Troubleshooters - Twinsburg
Computer Troubleshooters Tysons Corner,,ACT-00244659,10713,Computer Troubleshooters - Tysons Corner
Computer Troubleshooters UK,,ACT-00223068,,Computer Fix NI
Computer Wizards,,ACT-00223068,,Computer Fix NI
Computer Works,,ACT-00223068,,Computer Fix NI
Computer Works DFW,,ACT-00038263,5689,Computer Works DFW
ComputerAngelServices,,ACT-00074934,17866,Computer Angel Services Limited
"Computerease Group, Inc",,ACT-00234165,11070,"Computerease Group, Inc."
ComputerHMO,,ACT-00223065,1987,ComputerHMO
Computers On The Run,,ACT-00059823,,Computers in the City Limited
ComputersInTheCityLimited,,ACT-00059823,17373,Computers in the City Limited
Computing Australia,,ACT-00233092,,Computing Australia
Compuville Systems,,ACT-00140393,6288,Compuville Systems
Comstar Technologies,,ACT-00038049,,Comstar Technologies
Comtech Systems of Louisiana,,ACT-00203015,31270,Comtech Systems of Louisiana
Concept,,ACT-00100928,,"Concept Technology, Inc."
Concerto Networks of New Jersey,,ACT-00230106,1490,Concerto Networks of New Jersey
Confluent LLC,,ACT-00050142,9901,Confluent
Connect IT,,ACT-00059994,,Connect IT
Connected Systems,,ACT-00200557,16525,Connected Systems Solutions Ltd
Connection,,ACT-00085143,,The Connection Inc.
ConnectWise,,ACT-00163062,,ConnectWise
CONNECTWISE LLC,,ACT-00163062,,ConnectWise
CONSILIEN LLC,,ACT-00066638,1978,Consilien LLC
Consolidated Information Technology LLC,,ACT-00155053,17949,Consolidated Information Technology LLC
Consuro,,ACT-00073737,,Consuro
Contango IT - Main,,ACT-00056181,,Contango IT
ContinuumCloud,,ACT-00168250,14617,EDM Automation
Contrast Communications,,ACT-00062256,19667,"Contrast Communications, LLC"
Control Solutions Inc,,ACT-00079030,26361,"Control Solutions, Inc"
Converged Communication Solutions,,ACT-00146960,,Converged Communication Solutions Ltd
Converged Communications FL,,ACT-00168597,9643,Converged Communications
Converged Technology Professionals,,ACT-00137179,,Converged Technology Professionals
Convergent Technologies Group,,ACT-00024749,31,Convergent Technologies Group
Converging Technology Solutions,,ACT-00239927,,Converging Technology Solutions
"Cook Consulting and Services, LLC",,ACT-00238296,,"Cook Consulting & Services, LLC"
Copy Products,,ACT-00084210,11075,Copy Products
Copy Systems Inc,,ACT-00180388,11044,"Copy Systems, Inc."
Corbel Solutions Limited,,ACT-00007340,18813,Corbel
CORE Business Services,,ACT-00245191,16624,Kelley Create
CoreTech,,ACT-00061820,,"Core Technologies, Inc."
"Cornerstone Computer Solutions, Inc",,ACT-00087268,,"Cornerstone Computer Solutions, Inc"
Corporate Workflow Solutions,,ACT-00085488,,Corporate Workflow Solutions
Covalent Consulting Group,,ACT-00195398,15329,Covalent Consulting Group LLC
Covergent Systems Technologies,,ACT-00059821,1734,Convergent Systems Technologies Inc
CPI Solutions,,ACT-00125090,,CPI Solutions
CPI Technologies,,ACT-00208346,18122,CPI Technologies
CPI USA Inc,,ACT-00009192,3605,CPI USA Inc
"Creative Computer Solutions, Inc.",,ACT-00234889,2207,Creative Computer Solutions
CrickIT,,ACT-00224758,,CrickIT
CRT,,ACT-00029230,5610,CRT Inc
Ridgewall Ltd,,ACT-00019620,-,Innovaro Technology Ltd
"RMON Networks, Inc",,ACT-00124746,11527,RMON Networks Inc
RockIT Consulting LLC,,ACT-00240211,12925,RockIT Consulting LLC
Roebuck Technologies,,ACT-00092471,15219,Roebuck Technologies
"Ronin Consulting Services, LLC",,ACT-00104428,16729,"Ronin Consulting Services, LLC"
Rosebud Mining Company,,ACT-00286097,25212,Rosebud Mining Co
Rutter Networking Technologies,,ACT-00234941,32260,Rutter Networking Technologies Inc
Salco Solutions Group,,ACT-00084579,24177,Salco Solutions
SECUR-SERV INC.,,ACT-00246623,25952,Secur-Serv
Servall Canada Incorporated,,ACT-00057345,18142,Servall Canada Inc.
Servcom USA,,ACT-00019114,5194,Servcom USA
Shield Watch IT Services,,ACT-00245375,22941,Shield Watch
Silverbug Ltd,,ACT-00015290,-,Silverbug
SimpleWorks IT,,ACT-00237043,25529,Simple Works IT
"SkyTerra Technologies, LLC",,ACT-00154806,27189,SkyTerra Technologies LLC
"Solutions Granted, Inc.",,ACT-00139936,1961,SOLUTIONS GRANTED INC
Soteria Technology Solutions,,ACT-00056382,21152,Soteria Technology Solutions
Beringer Technology Group,,ACT-00229927,61fc25bf59a1692f6d1ed1d6,Beringer Technology Group
AMERICAN LAZER SERVICES INC,,ACT-00200376,63c5adeeca2f6c96a1020a94,AMERICAN LAZER SERVICES INC
VINCOVI Technology Solutions Inc,,ACT-00086138,5f4ea5fb0d21ea1a201f00c7,VINCOVI Technology Solutions Inc
Modern Networks EU,,ACT-00438915,,Modern Networks EU
Williams Jewelers,,ACT-00279051,67f876770b0218b791092434,Williams Jewelers
Frontline Consultancy,,ACT-00074550,,Frontline Consultancy
Baleehoo Media c8cd,,ACT-00298323,63910bba2c3edf605b05683d,Baleehoo Media c8cd
"Comply Technologies, Inc.",,ACT-00104753,,"Comply Technologies, Inc."
JointVue,,ACT-00257123,60fadb21442a031ade301d45,JointVue
CRDS Operational Corp.,,ACT-00022153,,CRDS Operational Corp.
Infonaligy,,ACT-00148503,,Infonaligy
Xpert Technology Solutions,,ACT-00074163,5c9048b873574869d26e5858,Xpert Technology Solutions
Reboot Networks,,ACT-00235111,5d1d069e735748158f71bc03,Reboot Networks
"A-Plus Computers, Inc.",,ACT-00069102,5e84df46735748459a719545,"A-Plus Computers, Inc."
"Proven Business Systems, LLC",,ACT-00058165,5cf9459c404ad32748150b7c,"Proven Business Systems, LLC"
Green Charter Schools,,ACT-00431085,67f544d7ddd24014c60bf4aa,Green Charter Schools
"Avatel Technologies, Inc",,ACT-00044135,689cea2618f8eca10d058cd6,"Avatel Technologies, Inc"
Gordon Law Group,,ACT-00275983,63a18d8ec02ead328002e28b,Gordon Law Group
Your IT Desk,,ACT-00131941,649a1127cb6f28e6b4099f98,Your IT Desk
BIT Solution,,ACT-00265547,678539a0563497c89e0102cd,BIT Solution
Alterra Networks,,ACT-00245383,6021c47c0d21ea5a8e551b43,Alterra Networks
Americhoice FCU,,ACT-00249507,613bdbf80791ad2624038fe8,Americhoice FCU
i-worx,,ACT-00159985,5d89229e7357481d0e5cedc4,i-worx
Southeast Regional Technology Group,,ACT-00245362,5ab17624faf3112f5e8b4580,Southeast Regional Technology Group
"Think IP Systems, LLC",,ACT-00136609,54c537e9518b098d148b4593,"Think IP Systems, LLC"
IBIS GROUP LTD,,ACT-00127665,5b4e26206c0318e7378b4569,IBIS GROUP LTD
Anders Minkler Huber & Helm LLP,,ACT-00095755,,Anders Minkler Huber & Helm LLP
Noggin Guru LLC,,ACT-00010704,60661da15eb49c5a10386c66,Noggin Guru LLC
Crosstown IT Inc Dba CTITINC,,ACT-00252303,,Crosstown IT Inc Dba CTITINC
Goeco,,ACT-00287298,698b915a78dca4361e0be5b5,Goeco
Tech Stream Solutions,,ACT-00243834,63a0fb78368f8b3abd031b9b,Tech Stream Solutions
NICE-Pak,,ACT-00239004,668e9412659c579e5f0c8b97,NICE-Pak
BDC,,ACT-00268181,,BDC
The Computer Company Inc.,,ACT-00003253,62cf1a7c5b26b207200febb6,The Computer Company Inc.
TSAChoice,,ACT-00045143,5eac5aa9404ad3693b68d384,TSAChoice
Uniag Coopérative,,ACT-00275259,,Uniag Coopérative
Holker IT,,ACT-00080738,,Holker IT
Enteractive Networks,,ACT-00125006,60aba1fd25c5585e824aa0c6,Enteractive Networks
T3voicenet,,ACT-00296370,6581f68b7ba61671f307192f,T3voicenet
Astro Managed Service Provider LLC,,ACT-00250549,6042ef0a7a45de70e4434bb4,Astro Managed Service Provider LLC
Ardent Group 365 Ltd,,ACT-00225592,,
Customer Centric Software LLC,,ACT-00119356,,
Maine PC Solutions,,ACT-00052414,,Maine PC Solutions
PCD Cyber,,ACT-00203608,6643c46731925b9fbf0b52eb,PCD Cyber
Azureity Inc,,ACT-00172180,62267e8152fa8e460f01c295,Azureity Inc
Abel Technologies,,ACT-00643251,,Abel Technologies
SecureTrust Technologies N.V,,ACT-00228028,,SecureTrust Technologies N.V
Republic,,ACT-00125107,,Republic
HelpDesk Heroes Ltd,,ACT-00186395,,HelpDesk Heroes Ltd
Net Strategy IT,,ACT-00104109,5f23488b7357482d8134f3e4,Net Strategy IT
Audigy Group,,ACT-00032896,5bd8b2f6ed0c77094e8b456c,Audigy Group
CNET Inc.,,ACT-00103008,5ff4fd7473574828c627ae04,CNET Inc.
Advanced Business Solutions,,ACT-00337407,65f3685817cdf303ff06c7b9,Advanced Business Solutions
Tech One Resource,,ACT-00390237,694025e3f01aa40d5700aba6,Tech One Resource
SL Network Solutions Ltd,,ACT-00022188,,SL Network Solutions Ltd
Remington Computer Services (Remington),,ACT-00170160,5ea2e8d6404ad34f00034ab7,Remington Computer Services (Remington)
Sunwest Aviation Ltd,,ACT-00148024,657c9059cf4a515a6a09f9a0,Sunwest Aviation Ltd
"PCS Security, Inc.",,ACT-00455981,,"PCS Security, Inc."
Core12,,ACT-00156549,5edfc75f0d21ea2e3f4e4488,Core12
Intalect Ltd,,ACT-00116303,,Intalect Ltd
TruStack Ltd,,ACT-00028849,,TruStack Ltd
"Waccamaw Telecommunication Systems, Inc",,ACT-00079900,,"Waccamaw Telecommunication Systems, Inc"
Avalon Hills,,ACT-00225517,64256ca9ef0115ee65098986,Avalon Hills
SMIKTECK,,ACT-00231385,64e55ba812f543bddb01df1c,SMIKTECK
"Heartland Business Systems, LLC",,ACT-00223570,,"Heartland Business Systems, LLC"
Wifi Guy Llc.,,ACT-00455226,,Wifi Guy Llc.
3C Technology Shop,,ACT-00210694,,3C Technology Shop
Solutions HCI,,ACT-00458435,6936f1b2556215edea02ba01,Solutions HCI
TWC Inc,,ACT-00067031,65678c4dcbae203baf0a20da,TWC Inc
SNT Technology Pty Ltd,,ACT-00240817,5d13fbdd735748878a42d49a,SNT Technology Pty Ltd
Custom Solutions,,ACT-00180877,,Custom Solutions
Comar Technologies,,ACT-00191548,,Comar Technologies
Automated Business Solutions,,ACT-00176514,,Automated Business Solutions
PCS INC,,ACT-00195595,5ffc8479404ad3257e338914,PCS INC
Cornerstone IT Consulting,,ACT-00071744,5e629c80735748318b23367d,Cornerstone IT Consulting
Solution Tech Group Pty Ltd,,ACT-00199393,,Solution Tech Group Pty Ltd
"Macro Systems, LLC",,ACT-00013841,5dd6f72a0d21ea17c104c4bc,"Macro Systems, LLC"
ZuluTech Solutions LLC,,ACT-00037054,,ZuluTech Solutions LLC
BizTech Solutions,,ACT-00084626,5ba538c8ed0c7721798b456f,BizTech Solutions
"JTO Computer Solutions, LLC 44599",,ACT-00088987,5d2ba0507357487e4b4140d1,"JTO Computer Solutions, LLC 44599"
Carson's Nut-Bolt & Tool Co,,ACT-00260447,,Carson's Nut-Bolt & Tool Co
Cws,,ACT-00004197,6267bfc2eafaaa6a556aa035,Cws
SOKOTEK,,ACT-00264462,6103007d727b2c20256b9f15,SOKOTEK
Wifi Guy LLC (nqavma),,ACT-00455226,682cc7c4913dd17c020b29cb,Wifi Guy LLC (nqavma)
"St. Aubin Technologies, Inc.",,ACT-00019470,,"St. Aubin Technologies, Inc."
Mwave,,ACT-00457918,698baf07ce326983b4097018,Mwave
Entre Technology Services,,ACT-00246865,,
Sac IT Solutions,,ACT-00162325,65ef8364e4a508b74507cea7,Sac IT Solutions
Chorus IT Ltd,,ACT-00244931,,Chorus IT Ltd
Red Mosquito Ltd,,ACT-00170291,,Red Mosquito Ltd
"IT Solutions (ISWIZ, Inc.)",,ACT-00089577,5a7e0f5bfc06d0e16a8b457c,"IT Solutions (ISWIZ, Inc.)"
Sefalana Cash & Carry (Namibia) (Pty),,ACT-00438119,,Sefalana Cash & Carry (Namibia) (Pty)
Myhealth Medical Group,,ACT-00361961,,Myhealth Medical Group
Sherbrooke-oem,,ACT-00290327,66a8e40f32d0bded530b434f,Sherbrooke-oem
"JTO Computer Solutions, LLC",,ACT-00088987,,"JTO Computer Solutions, LLC"
TRAKAmerica,,ACT-00243671,60254eb00d21ea7ee8135b9a,TRAKAmerica
The Connected Office,,ACT-00253166,636bf4d55f12ae27590dbb6b,The Connected Office
Jovan IT Services,,ACT-00114535,672b92e53d967569dc00db8b,Jovan IT Services
"Networking Specialists, Inc.",,ACT-00096500,,"Networking Specialists, Inc."
Monolith IT,,ACT-00237782,69978181b111da0fe60b668a,Monolith IT
Roxborough Water & Sanitation,,ACT-00263617,,Roxborough Water & Sanitation
AiCure Corporation,,ACT-00457749,6942c80015338d0e4c02a43f,AiCure Corporation
B&B Theatres,,ACT-00133168,62bf2106825d7a4d270b4a96,B&B Theatres
Burton & Co,,ACT-00265860,,Burton & Co
"Apexmanaged, Llc.",,ACT-00645321,,"Apexmanaged, Llc."
I-Virtualize,,ACT-00103461,,I-Virtualize
Numérisecure,,ACT-00455932,,Numérisecure
"CodeBlue Technology, LLC",,ACT-00236907,5d5ec60573574823ae4a6718,"CodeBlue Technology, LLC"
Citizens State Bank of Indiana,,ACT-00271828,65fb51b0926ded283f0a377e,Citizens State Bank of Indiana
INGENIUM Projects Solutions,,ACT-00268264,665ddb81d6eaec113e0491f6,INGENIUM Projects Solutions
Mill - techusa.com,,ACT-00645015,69de7a7b135fc65b060d32b6,Mill - techusa.com
Today's Business Computers Inc,,ACT-00045351,,Today's Business Computers Inc
Technical Framework,,ACT-00125317,5ce2a9190d21ea814400092c,Technical Framework
Fruth Group MSP,,ACT-00049938,5e5ebf100d21ea3ad36b0f29,Fruth Group MSP
Sandpiper Bay Resort,,ACT-00444087,,Sandpiper Bay Resort
Remington Computer Services,,ACT-00170160,,Remington Computer Services
Viking Technology Solutions,,ACT-00035831,,
Louisiana Eye & Laser,,ACT-00263923,61535665512b7e027558d9b6,Louisiana Eye & Laser
Intec Solutions Inc,,ACT-00053385,,Intec Solutions Inc
Action Datatel,,ACT-00060549,5ca66abf404ad361ba303226,Action Datatel
TechFusion,,ACT-00219420,5eebc141404ad368316dc9bb,TechFusion
"Out of the Box Solutions, Inc.",,ACT-00156176,623ddbbc5e706d41f7431497,"Out of the Box Solutions, Inc."
Development Service Group (Dsg),,ACT-00256906,60ef0a88e32d705bbc46d9d5,Development Service Group (Dsg)
American Business Machines,,ACT-00031675,64fb4a0fb0b84cf4b7065956,American Business Machines
TNS,,ACT-00317478,,TNS
Terabyte IT Solutions,,ACT-00287542,,Terabyte IT Solutions
Veiliant Inc,,ACT-00066705,5f3d42de735748669d1f5b28,Veiliant Inc
MobileTech Ltd,,ACT-00270934,,MobileTech Ltd
Greystone Technology Group (Dynamic Edge),,ACT-00009188,5957cb6bfaf31189e88b45b4,Greystone Technology Group (Dynamic Edge)
Wavehill IT Solutions,,ACT-00106371,,Wavehill IT Solutions
MicroAge Manitoba,,ACT-00246121,5c5223476e16d6a5278b456b,MicroAge Manitoba
5x5 Telecom,,ACT-00298501,6698079aef2156015a0d9eef,5x5 Telecom
"K & A Innovations, LLC",,ACT-00290823,,"K & A Innovations, LLC"
Geecon IT Solutions,,ACT-00275378,,Geecon IT Solutions
Grace Global Corporation,,ACT-00021190,62a79a5e88d86af64b0674a4,Grace Global Corporation
"Today's Business Computers, Inc.",,ACT-00045351,5fbc1d9c7a45de2dfc43a675,"Today's Business Computers, Inc."
Alturra,,ACT-00150799,5fee22a80d21ea2c376d8834,Alturra
Empower IT Group,,ACT-00190453,,Empower IT Group
Streeter Technology Solutions,,ACT-00290638,6511e4d23a5d233aa30b55be,Streeter Technology Solutions
Concurrent Systems inc,,ACT-00236875,5fa31cad7a45de624e7e83b4,Concurrent Systems inc
Anders Minkler Huber & Helm LLP(Anders CPA + Advisors),,ACT-00095755,5dfbdc767357480ae905fe66,Anders Minkler Huber & Helm LLP(Anders CPA + Advisors)
BIOS Technologies,,ACT-00245840,,BIOS Technologies
Singlepoint Global,,ACT-00101553,56f1f486530e141af68b456f,Singlepoint Global
Consortyo Network & Security,,ACT-00250501,576d3fb3b81b77bb9c8b45ab,Consortyo Network & Security
"Computer & Networking Services, LLC",,ACT-00030812,5e4eee1a404ad310b113d0d6,"Computer & Networking Services, LLC"
Da Vinci Network Solutions Inc.,,ACT-00245774,,Da Vinci Network Solutions Inc.
"Saltmarsh, Cleaveland & Gund",,ACT-00188743,,"Saltmarsh, Cleaveland & Gund"
Uwharrie Technology Inc,,ACT-00256843,,Uwharrie Technology Inc
Netsurit Inc,,ACT-00093245,66b4d0249ebc2eab0802a1de,Netsurit Inc
MCA,,ACT-00167113,,MCA
SEIU-UHW,,ACT-00068325,6405f36df722bb70dc002f2a,SEIU-UHW
Suryl,,ACT-00266162,630cfe5c0da133e0ea0b79f4,Suryl
Vnetrix Limited,,ACT-00208905,,Vnetrix Limited
Tech Guru Consulting Inc,,ACT-00334256,,Tech Guru Consulting Inc
"Silverado Technologies, Inc.",,ACT-00111791,,"Silverado Technologies, Inc."
"Horizon Tire, Inc.",,ACT-00023219,68a3515ee871b3297e053bd5,"Horizon Tire, Inc."
Smart Office USA,,ACT-00051230,6977d3cfe22166ddb2085ba1,Smart Office USA
"Netsurit, Inc",,ACT-00093245,,"Netsurit, Inc"
ACUPRO OREGON,,ACT-00046411,5fe3bf427a45de89ee2389e4,ACUPRO OREGON
"J2 IT Group, LLC",,ACT-00116290,,"J2 IT Group, LLC"
Fort Worth Technology Services,,ACT-00240154,65e237e58a4ccefc07012a17,Fort Worth Technology Services
Minster Micro Computers Limited,,ACT-00237565,,Minster Micro Computers Limited
Sanchez Management Corp,,ACT-00270835,631ae589255ed7012907a8a8,Sanchez Management Corp
GBS Technologies (1_GBS Technologies),,ACT-00218881,5db1fbde404ad37daf5fd3a3,GBS Technologies (1_GBS Technologies)
SecureTrust Technologies N.V.,,ACT-00228028,5dc8935e404ad342493a1065,SecureTrust Technologies N.V.
"Knowit, LLC",,ACT-00187176,5dd6bd0a7357484e206f6463,"Knowit, LLC"
Fogo Data Centers,,ACT-00171505,5567528b948b0978bd8b4578,Fogo Data Centers
Net Intellect Pty Ltd,,ACT-00087979,6255ff299219c525c7282ba5,Net Intellect Pty Ltd
Nitro-Tech IT Solutions,,ACT-00120556,64a826256d5b93081b01c5f4,Nitro-Tech IT Solutions
TC IT Solutions,,ACT-00208137,,TC IT Solutions
Trident,,ACT-00029982,,Trident
Servodata Services (Servodata),,ACT-00287569,6425b64071de822c4904379a,Servodata Services (Servodata)
Indian River Computer Services,,ACT-00337098,,Indian River Computer Services
"Litewire, LLC",,ACT-00153472,5c02dd1ced0c77ad3b8b456c,"Litewire, LLC"
Diocese Of Gaylord,,ACT-00297009,6387d2fcd242947413060747,Diocese Of Gaylord
Proactive Supply,,ACT-00317491,665f1eefc8c5ee9ea7002636,Proactive Supply
6tem TI,,ACT-00237100,5f58f1247a45de7a05712eb3,6tem TI
"Go2IT Group  (Business System Solutions, Inc)",,ACT-00149316,60e86e9a72e12e0f805a3de3,"Go2IT Group  (Business System Solutions, Inc)"
ComputerDoctor Corp,,ACT-00051656,,ComputerDoctor Corp
"Millenium 3, Inc.",,ACT-00042246,,"Millenium 3, Inc."
TT Tech,,ACT-00276112,63f8ed5a8f22ebdb4903b236,TT Tech
"Gordon Law Group, Ltd",,ACT-00275983,,"Gordon Law Group, Ltd"
Jilasoan,,ACT-00035439,662001034063adc49f0b256c,Jilasoan
"Cook's Computer Maintenance & Engineering, Inc.",,ACT-00070044,,
Netconn (Netconn.),,ACT-00249713,573e4d2e301b7741c68b45a3,Netconn (Netconn.)
Tunica-Biloxi Tribe of Louisiana,,ACT-00287555,646f7ebd6dc48a680009b577,Tunica-Biloxi Tribe of Louisiana
Diamond Computers,,ACT-00048537,613b783f058aa227857df693,Diamond Computers
Support365 Ltd,,ACT-00073832,,Support365 Ltd
Campfire I T Ltd,,ACT-00265840,,Campfire I T Ltd
Mariner Partners Inc.,,ACT-00049499,6050f969cdfc403f42406f2b,Mariner Partners Inc.
Hoskin Scientific Ltd,,ACT-00267938,627d32d6701d6a267a3175d4,Hoskin Scientific Ltd
Starboard Solutions,,ACT-00456869,,Starboard Solutions
"UNIPEC America, Inc",,ACT-00264540,,"UNIPEC America, Inc"
Tenom Technologies Inc.,,ACT-00083251,,
Nimbus Blue,,ACT-00150451,,Nimbus Blue
Technology Services Co Llc,,ACT-00240127,,Technology Services Co Llc
Digital Office Equipment,,ACT-00107317,5ed7187e0d21ea0ff7026683,Digital Office Equipment
Axle Cloud,,ACT-00079129,5086e4ea354c3a301e000002,Axle Cloud
Greystone Technology Group,,ACT-00009188,,Greystone Technology Group
"IT Mindscape, Inc.",,ACT-00102131,5bc49a88ed0c77137d8b456c,"IT Mindscape, Inc."
Custom Technology Solutions Inc.,,ACT-00017874,,Custom Technology Solutions Inc.
P5 Ventures,,ACT-00383495,6740aace56c8032235081959,P5 Ventures
"Custom Solutions (Custom IT Solutions, Inc.)",,ACT-00180877,52e96d203f1c276152b3f1d0,"Custom Solutions (Custom IT Solutions, Inc.)"
Rummage Technical,,ACT-00162628,,Rummage Technical
Showtime Computer,,ACT-00121132,,Showtime Computer
Sarasota Networks LLC,,ACT-00389623,,Sarasota Networks LLC
Shoreline Computer Systems,,ACT-00236878,63766e1f3163df8cb90cd8b9,Shoreline Computer Systems
Network Center Communications+Fortify,,ACT-00061025,63c0463ee4f7ef59210037c4,Network Center Communications+Fortify
Blue42 - Ralf Markard,,ACT-00253306,,Blue42 - Ralf Markard
AF Services,,ACT-00068163,63eceeeb3d9d9a525108e827,AF Services
"A-Plus Computers, Inc.",,ACT-0006910,5e84df46735748459a719545,"A-Plus Computers, Inc."
Hallmark Home Mortgage,,ACT-00165770,,Hallmark Home Mortgage
Gflex,,ACT-00245462,,Gflex
Click Computers inc.,,ACT-00041917,,Click Computers inc.
EIT Networks,,ACT-00237403,,EIT Networks
Genral Service Enterprises,,ACT-00263259,6106d2c1ca28786e31413334,Genral Service Enterprises
"Managed Computer Solutions, Inc",,ACT-00245432,,"Managed Computer Solutions, Inc"
SGV,,ACT-00286512,,SGV
Avidon Health LLC (lbyrd@avidonhealth.com),,ACT-00267401,622f5b3be0e7d208272fe015,Avidon Health LLC (lbyrd@avidonhealth.com)
Diagnostics Technical Support,,ACT-00267777,68aa2b9526fd05135701b91e,Diagnostics Technical Support
Fairdinkum Consulting,,ACT-00153469,62bb66b738fb721a5f0cfea6,Fairdinkum Consulting
Turnkey Telecom,,ACT-00165875,,Turnkey Telecom
Click Computers Inc. 12237,,ACT-00041917,5ea74785404ad36a58708c34,Click Computers Inc. 12237
Optimity IT Ltd,,ACT-00189453,,Optimity IT Ltd
Mirrored Storage,,ACT-00186702,,Mirrored Storage
Oil Country Computers - 885735,,ACT-00239557,5e875d7a0d21ea17cc0e665e,Oil Country Computers - 885735
Starlight Computing,,ACT-00287994,,Starlight Computing
Cloud Connect,,ACT-00230469,,Cloud Connect
Lighthouse IT,,ACT-00027288,,Lighthouse IT
GVC Mortgage,,ACT-00057923,65e206125a14e2bc9f0ec935,GVC Mortgage
Mitga Tech Solutions,,ACT-00458077,691f8d6ea6d2364acc01af0e,Mitga Tech Solutions
PCDCyber,,ACT-00203608,,PCDCyber
G6 Technologies,,ACT-00048872,,
Technology Services LLC,,ACT-00076476,,Technology Services LLC
Power ICT Pty Ltd t/as Power Networx,,ACT-00051787,,Power ICT Pty Ltd t/as Power Networx
Lucid Technologies,,ACT-00153920,615d9dfe75b5563ab1158156,Lucid Technologies
Affordable Support LLC,,ACT-00431914,5fde7256404ad359f52a32a6,Affordable Support LLC
BITS Consulting,,ACT-00198196,667da569a0596e58c200af4c,BITS Consulting
5 Star Business Solutions,,ACT-00069458,,5 Star Business Solutions
HavePC Corporation dba CRC Cloud,,ACT-00249506,,
Managed Computer Solutions (SwiftPuppy Technologies),,ACT-00245432,59a6ccf27bfd70c5498b4587,Managed Computer Solutions (SwiftPuppy Technologies)
Link High Technologies,,ACT-00022169,5d8141b873574849ea7deb84,Link High Technologies
Provalus,,ACT-00103976,5e39b06e404ad3281c0164a9,Provalus
"Third Coast Advisors, Inc.",,ACT-00440200,6811221f26b6300c53013597,"Third Coast Advisors, Inc."
"Professional Integrations, LLC",,ACT-00175037,,"Professional Integrations, LLC"
Integrita Systems,,ACT-00184992,5d89d500404ad31ef02bd5b4,Integrita Systems
East Central Public Health,,ACT-00288573,64dbdc5a47712aa7bf08a838,East Central Public Health
Tech on Demand Inc.,,ACT-00070739,5e18871f0d21ea29ee5c2b58,Tech on Demand Inc.
"Business Integrated Network Solutions, LLC",,ACT-00246758,,"Business Integrated Network Solutions, LLC"
Legado Systems,,ACT-00365300,681a41333ed734976602da8f,Legado Systems
On-Site Computers Inc.,,ACT-00025822,5f19e418404ad31836383284,On-Site Computers Inc.
We Are Stardust LP,,ACT-00296631,65d7a9033a8555f14602eb9a,We Are Stardust LP
Principle One Ltd,,ACT-00151032,,Principle One Ltd
Computer Medic SC,,ACT-00005617,67190c24e023c5a240087cb0,Computer Medic SC
Chisholm Creek Utility Authority,,ACT-00271917,64220818b8868fca7e0e8488,Chisholm Creek Utility Authority
Lenity Technology,,ACT-00147205,5c956a290d21ea1f373c9687,Lenity Technology
Trenmead,,ACT-00168236,,Trenmead
Insurance Pipeline,,ACT-00266057,,Insurance Pipeline
TRIO Technical Solutions Ltd,,ACT-00259387,,TRIO Technical Solutions Ltd
HavePC Corporation,,ACT-00249506,60ec48e9aa8bb62ea4391ac4,HavePC Corporation
VMS Security Cloud Inc.,,ACT-00453953,68cb0b6b82199111a600d113,VMS Security Cloud Inc.
IT Works Network,,ACT-00065946,,IT Works Network
Bethel IT Services,,ACT-00451649,,Bethel IT Services
Micro Support Services Inc,,ACT-00197093,,Micro Support Services Inc
TWC IT Solutions,,ACT-00263528,,TWC IT Solutions
NetAccess Systems Inc,,ACT-00134962,6115b099a6c7ab213207b8d9,NetAccess Systems Inc
Davis Advanced Technology,,ACT-00266187,,Davis Advanced Technology
Sarasota Networks,,ACT-00389623,64d6c07e0ad3bda2fd0fa216,Sarasota Networks
Eyetech Ltd,,ACT-00102805,569904cd530e1428158b457a,Eyetech Ltd
"Orbis Tech Services, LLC",,ACT-00413920,696fb462becaa2b9380beb24,"Orbis Tech Services, LLC"
JWM Services,,ACT-00096718,,JWM Services
Sushimaki,,ACT-00239608,5e290618404ad323cd25c144,Sushimaki
"Unipec America, Inc.",,ACT-00264540,62900967b91ad7494c386825,"Unipec America, Inc."
On the Wire Consulting,,ACT-00179953,688a829d972c75f2060cff54,On the Wire Consulting
"Grand Canyon Business Solutions, Inc.",,ACT-00113749,,"Grand Canyon Business Solutions, Inc."
CloudSpace USA,,ACT-00232837,5e6a69de0d21ea31007dea7a,CloudSpace USA
Pegasus Technology Pty Ltd,,ACT-00232225,,Pegasus Technology Pty Ltd
Entheo,,ACT-00116337,,Entheo
COMHOME Network Solutions,,ACT-00023310,,COMHOME Network Solutions
Consordia LLC,,ACT-00032763,616f768b08d6cf14d1061476,Consordia LLC
Tilley Pressure Test,,ACT-00262270,6908c1b806a3aa3eff04b6d7,Tilley Pressure Test
"CFR Solutions, LLC",,ACT-00216214,,"CFR Solutions, LLC"
BAK Technology,,ACT-00253003,609e923deca5c56112667264,BAK Technology
Infoxchange,,ACT-00265813,620335445e2aa82fd12bfe04,Infoxchange
"PCS Security, Inc",,ACT-00455981,61eb428581a79b09dd6f3706,"PCS Security, Inc"
"Macshaman, Inc",,ACT-00199452,68ae2360e8fb9571610c1338,"Macshaman, Inc"
Fairdinkum Consulting,,ACT-00197019,,Fairdinkum Consulting
360 Business Solutions,,ACT-00441985,,360 Business Solutions
IT Mindscape Inc,,ACT-00102131,,IT Mindscape Inc
Logical Systems Inc,,ACT-00109404,5d0bc017404ad33842283a70,Logical Systems Inc
Dental IT Corp,,ACT-00267134,,Dental IT Corp
Strategic IT Consulting,,ACT-00053027,,Strategic IT Consulting
NextGen Automation Ltd,,ACT-00230303,,NextGen Automation Ltd
N & L Business Systems Inc,,ACT-00059319,,N & L Business Systems Inc
TEK Strike,,ACT-00380848,67780a2b68e2eef590054c3c,TEK Strike
Mountaineer IT,,ACT-00236966,,Mountaineer IT
Cps Technology,,ACT-00014484,,
7 Cyber Puerto Rico,,ACT-00457560,692f309ef438f6cdf00eaa53,7 Cyber Puerto Rico
Fire Rover,,ACT-00084665,5db8a01e0d21ea66305a9bf5,Fire Rover
Custom Technology Solutions. Inc,,ACT-00017874,63d16ee112e9eafb7f0c4f8f,Custom Technology Solutions. Inc
Technitrick,,ACT-00225398,,Technitrick
Megabyte (MEGABYTE NEW ZEALAND LIMITED (C00355),,ACT-00165704,58aa7c0f301b77d8d58b457a,Megabyte (MEGABYTE NEW ZEALAND LIMITED (C00355)
Sercante LLC,,ACT-00317655,6633d862028060d8ce0fe578,Sercante LLC
"Business Data Solutions, Inc. - 35bc64",,ACT-00246016,5e99d734404ad35f9c076a96,"Business Data Solutions, Inc. - 35bc64"
Paragon Tech Inc,,ACT-00190888,,Paragon Tech Inc
Eztek,,ACT-00263696,66339f46068d7537450a6c26,Eztek
Rockford IT,,ACT-00083874,,Rockford IT
Network Center Communications,,ACT-00061025,,Network Center Communications
JWM Services (JWM@JWM.Services),,ACT-00096718,605cbe7dcceadc10074ad05a,JWM Services (JWM@JWM.Services)
SpectorIT,,ACT-00317128,6862fb569c42741ff50d0b50,SpectorIT
Netconn,,ACT-00249713,,Netconn
Barry Communications Inc,,ACT-00004219,68b71f450509fd254f0d9473,Barry Communications Inc
Proven Business Systems,,ACT-00058165,,Proven Business Systems
Avinext,,ACT-00084782,5b508f3d6e16d6a24d8b45e2,Avinext
S M A R T Solutions,,ACT-00059705,62a0f0d5b4444e4fb471c5c4,S M A R T Solutions
"Superior Steel, Inc",,ACT-00288311,65e8c0ea6b568c499d0dd3d9,"Superior Steel, Inc"
"ExecPro Enterprises, Inc (lpenello@execpro.com)",,ACT-00004457,62d1a32cd9701b880202de56,"ExecPro Enterprises, Inc (lpenello@execpro.com)"
Thesman Communities,,ACT-00290463,64feeea085b0631fa800e9d9,Thesman Communities
Nivika Systems,,ACT-00441205,,Nivika Systems
Absolute Communications Network Solutions Inc.,,ACT-00105727,,Absolute Communications Network Solutions Inc.
Fruth Group,,ACT-00049938,,Fruth Group
Javis Industries,,ACT-00297990,,Javis Industries
Effective Tech,,ACT-00336876,668c297406a6f2c553023d85,Effective Tech
Busix Computer Services Ltd,,ACT-00115760,,Busix Computer Services Ltd
Oxygen Technical Services,,ACT-00083251,,Oxygen Technical Services
Freelance Computer Services,,ACT-00115973,,
Hayat Brown,,ACT-00275426,636031d49f5eeb729e0d0e56,Hayat Brown
Zero-In (Trison),,ACT-00083287,68f8cde7d226db8ba7022140,Zero-In (Trison)
"Xceptional Networks, Inc",,ACT-00008780,5877f7b6f71b777b1e8b456b,"Xceptional Networks, Inc"
Netsense IT Simplified Ltd,,ACT-00029518,,Netsense IT Simplified Ltd
Integrity Technology Services Ltd,,ACT-00184173,5df947047357482b5851093a,Integrity Technology Services Ltd
Coastal Carolina IT,,ACT-00287910,601d52d20d21ea325c592024,Coastal Carolina IT
UMBRELLA TECHNOLOGIES INC.,,ACT-00208029,623226cec1653f50e2465ac6,UMBRELLA TECHNOLOGIES INC.
Direct Distributors,,ACT-00014742,642755d3f481d35dc607343a,Direct Distributors
Netdigix Computer Consulting,,ACT-00015934,58812f86301b7733ec8b456d,Netdigix Computer Consulting
OTSworx,,ACT-00413920,,
Lorica Cyber Pty Ltd t/a Kaesim Cybersecurity,,ACT-00040758,62df45abcdc07c9ce2047d46,Lorica Cyber Pty Ltd t/a Kaesim Cybersecurity
Bird Stairs,,ACT-00253388,5e2662a40d21ea2db1445734,Bird Stairs
Concept Technology Centre,,ACT-00026655,55e7bd8b8507f9b3268b45b3,Concept Technology Centre
Fortify Network Solutions Inc.,,ACT-00151242,5e7a638b7357485426105a0a,Fortify Network Solutions Inc.
Veracity Technologies,,ACT-00231381,611bd1a9cb89b72eee750da3,Veracity Technologies
gTECHserv,,ACT-00130413,5cf865680d21ea1e9f65f009,gTECHserv
SelTec,,ACT-00081372,65b16e1bff61a99bd103e40e,SelTec
UCW Logistics,,ACT-00265664,622ae8417b21ba5c94179623,UCW Logistics
Entourage Technology Pty Ltd +Fortify,,ACT-00068033,693766c0e4525e1f6904900d,Entourage Technology Pty Ltd +Fortify
Salco Solutions Group,,ACT-00084579,5cb60dde0d21ea163122f428,Salco Solutions Group
Data House,,ACT-00049537,5d80f05473574805d02734ad,Data House
Loftis Computer Repair,,ACT-00455510,68dac2e186051bbe880df808,Loftis Computer Repair
BA Systems,,ACT-00070754,,BA Systems
Javis Industries LLC,,ACT-00297990,635fed6aa9e41f7d1e0890d3,Javis Industries LLC
TC IT Solutions (TC IT Solutions - 849fee),,ACT-00208137,5b1b5b2d6e16d62d168b4569,TC IT Solutions (TC IT Solutions - 849fee)
Itsoft LLC,,ACT-00030237,,
Threat Stopper,,ACT-00461076,6966a54315645316570c875d,Threat Stopper
BA Systems (B.A. Systems),,ACT-00070754,59ef7ee57bfd7068268b45b5,BA Systems (B.A. Systems)
CORE Elements LLC,,ACT-00015076,62e2b667edd7c7866202ae48,CORE Elements LLC
Maverick BankCard Inc,,ACT-00246578,,Maverick BankCard Inc
OneCom Ltd,,ACT-00224155,,
CBM Computer Solutions LLC,,ACT-00098126,667b0df5671b702efb0915af,CBM Computer Solutions LLC
Advanced Office Systems Inc (PA),,ACT-00011729,65159750dbc413f9ac05fadc,Advanced Office Systems Inc (PA)
Oil Country Computers (eFORMance),,ACT-00239557,5f246e5c73574860765c4805,Oil Country Computers (eFORMance)
TenacIT Solutions,,ACT-00290344,,TenacIT Solutions
Buddy Rents,,ACT-00186523,,Buddy Rents
"Ephesus Office Technologies, Inc.",,ACT-00206307,5ea2318473574823e2044746,"Ephesus Office Technologies, Inc."
BrightlinkTech,,ACT-00205322,65cb897a1330e41cd00cf016,BrightlinkTech
"IT Training & Consulting, Inc.",,ACT-00062179,69d56ad68167f165f80177dd,"IT Training & Consulting, Inc."
"Ntiva, Inc",,ACT-00172086,605e44fc44500252663a8843,"Ntiva, Inc"
"Loam Media, Inc.",,ACT-00029779,,"Loam Media, Inc."
Nuvera,,ACT-00128561,5e1745910d21ea2a4f5842ba,Nuvera
KKI Technologies,,ACT-00240150,5fef8afb404ad320e0199847,KKI Technologies
Acuity Network Services,,ACT-00109488,5da87115404ad32ef5626bbb,Acuity Network Services
IronOak IT Inc,,ACT-00165415,6030968f0d21ea131c586b47,IronOak IT Inc
"Integrita Systems, LLC.",,ACT-00184992,,"Integrita Systems, LLC."
NetAccess Systems Inc.,,ACT-00134962,,NetAccess Systems Inc.
Turtle Bay IT,,ACT-00223718,66e1e24bae651d88ed0e4904,Turtle Bay IT
Technifirma1,,ACT-00459657,654da18589fde288f200d779,Technifirma1
Entourage Technology Pty Ltd,,ACT-00068033,,Entourage Technology Pty Ltd
G4Tech Solutions,,ACT-00263443,615f240733bc610a5a52e701,G4Tech Solutions
GT Technical Solutions,,ACT-00240179,,GT Technical Solutions
MISSAN COMPUTER,,ACT-00095710,,MISSAN COMPUTER
Turrito Networks,,ACT-00148163,,Turrito Networks
"SOUTHEASTERN COMPUTER ASSOCIATES, LLC",,ACT-00133260,5f3bef6c404ad3058179d9f4,"SOUTHEASTERN COMPUTER ASSOCIATES, LLC"
Lucas Systems,,ACT-00197003,,Lucas Systems
Parrish Consulting Services Inc,,ACT-00420220,67c89f9227ad43da1d0a69b9,Parrish Consulting Services Inc
Affordable Support,,ACT-00431914,,Affordable Support
Downtown Computer,,ACT-00090961,,Downtown Computer
A & B Mylec Pty Ltd - 3d0048,,ACT-00200311,5ef142a97a45de13d90103c7,A & B Mylec Pty Ltd - 3d0048
Leeward Holdings Corporation (Leeward Business Advisors),,ACT-00122946,585c0e77301b772b2c8b4567,Leeward Holdings Corporation (Leeward Business Advisors)
Downtown Computer (Downtown Computer - Stabilsys),,ACT-00090961,60d230f727b997363262a223,Downtown Computer (Downtown Computer - Stabilsys)
MJP Systems,,ACT-00250393,60219445404ad33d7d4e12e4,MJP Systems
MI Technology Management,,ACT-00287892,67ddaa6fea5fa380eb0dc142,MI Technology Management
idash Solutions Limited,,ACT-00234932,,idash Solutions Limited
U Marketing & IT,,ACT-00461742,,U Marketing & IT
Southampton Computers (Southampton),,ACT-00156177,5f198329404ad34205315c54,Southampton Computers (Southampton)
Electronic Business Systems UK,,ACT-00157376,,Electronic Business Systems UK
Gnosis LTD,,ACT-00065331,61290fe95d724f20975e7e63,Gnosis LTD
Comar Technologies Inc,,ACT-00191548,6303339ff8de98c5980b6fff,Comar Technologies Inc
CompYouter Solutions,,ACT-00003736,66d9e7b1d54ae0c3350e25d8,CompYouter Solutions
"Micro Support Services, Inc.",,ACT-00197093,5e00d0110d21ea8460603286,"Micro Support Services, Inc."
Discount Diesel Truck Parts,,ACT-00151186,61a64d65763925612e6683ef,Discount Diesel Truck Parts
Netitude Ltd,,ACT-00081578,,Netitude Ltd
Think IP Systems,,ACT-00136609,,Think IP Systems
Network Systems & Solutions,,ACT-00253384,614291fca50f9902f30c4136,Network Systems & Solutions
"TriFlex IT Solutions, LLC",,ACT-00287482,65a1627e99c400ab07051c8c,"TriFlex IT Solutions, LLC"
Visual Visitor,,ACT-00289913,64f09d375786506e05033416,Visual Visitor
Computerware Inc,,ACT-00055999,,Computerware Inc
SoConnect,,ACT-00163614,,SoConnect
ZuluTech Solutions LLC (ZuluTech Solutions - 888926),,ACT-00037054,5ecfdce10d21ea3327163e46,ZuluTech Solutions LLC (ZuluTech Solutions - 888926)
NetSys Plus,,ACT-00192559,,NetSys Plus
TEGRO Pty Ltd,,ACT-00090054,,TEGRO Pty Ltd
Medic Cloud,,ACT-00275363,63bdf0c33ed98a783104de36,Medic Cloud
Turnkey-Telecom,,ACT-00165875,5c6707636c0318c5808b456d,Turnkey-Telecom
"Bethel IT Services, LLC 7636",,ACT-00451649,605f89a11115786c1019b695,"Bethel IT Services, LLC 7636"
SharkEye Technology Services,,ACT-00235869,5ea2d521404ad352c3756ff7,SharkEye Technology Services
Preauxtec,,ACT-00275553,6446b8b3762305892f06b8b8,Preauxtec
ComputerDoctor,,ACT-00051656,63102acf03a227a9af08576e,ComputerDoctor
Transnet Communications - 98b3b8,,ACT-00266248,6230c4c600e82d585e3ebdc5,Transnet Communications - 98b3b8
Complete IT,,ACT-00032952,,Complete IT
MR Technology Group,,ACT-00111283,5c8022da404ad34281709f22,MR Technology Group
SZS Consulting,,ACT-00077485,,
San Mateo IT,,ACT-00177102,,San Mateo IT
Kaesim Cybersecurity,,ACT-00040758,,Kaesim Cybersecurity
MMG Global Services LLC,,ACT-00253290,60ca060627e38b58da55cc64,MMG Global Services LLC
Momentumsolar,,ACT-00036804,5df8ffd87357481b2a6edb39,Momentumsolar
Eagle Haven,,ACT-00081505,699cc0608a477cf5fe08c3b4,Eagle Haven
"MR PC, Inc.",,ACT-00146787,68a8beb14ec640306706c566,"MR PC, Inc."
FSIOffice,,ACT-00436209,67fd1a77493b68bda30e81bf,FSIOffice
NWBTS,,ACT-00037316,5ef65121404ad34e7a6776f3,NWBTS
ProCom,,ACT-00336855,,ProCom
Balliante Ltd,,ACT-00295105,,Balliante Ltd
Reality Bytes Incorporated,,ACT-00246147,,Reality Bytes Incorporated
Rocket IT,,ACT-00134420,5d6590df0d21ea4db374fa03,Rocket IT
Commercial Business Technology Corporation,,ACT-00181729,59eec2b6faf311aed48b45a9,Commercial Business Technology Corporation
Pask Technology,,ACT-00052033,65aac7c22d6ef358ed02350d,Pask Technology
Montec IT Group,,ACT-00198204,,Montec IT Group
Concurrent Systems,,ACT-00236875,,Concurrent Systems
AMSYS,,ACT-00153584,30360,AMSYS Foundation Inc
Apex Infinite Solutions,,ACT-00012668,23314,Apex Infinite Solutions
Apex Technology Corporation,,ACT-00131305,23782,ApexTechnologyCorporation
Associated Computer Systems,,ACT-00213520,24079,"Associated Computer Systems, Ltd."
ATG,,ACT-00102375,14710,ATG Ltd
Atlantic-IT.net,,ACT-00074094,2654,"Atlantic-IT.NET, LLC"
Atruent,,ACT-00225857,18362,Atruent
Attache Group,,ACT-00151231,27179,Attache Group
Avaria Networks,,ACT-00061324,30686,"Avaria Networks, Inc"
Avitus Technology Services,,ACT-00051086,23059,Cyberlink ASP Technology LLC
AzteQ Group Ltd,,ACT-00203141,16758,AzteQ Group Ltd
BetterWorld Telecom,,ACT-00208525,19650,BetterWorld Technologies
Bevcomm,,ACT-00240394,11167,Bevcomm
Beyon Solutions,,ACT-00288832,500000844,Beyon Solutions W.L.L
"Blade Technologies, Inc.",,ACT-00111111,25907,"Blade Technologies, Inc."
Blue Angle,,ACT-00270731,26860,Blue Angle LLC
Brewer Dental Center,,ACT-00268181,-,BDC
Bridge Healthcare Partners,,ACT-00033376,29382,Bridge Healthcare Partners
Buchanan Technologies,,ACT-00140443,27452,Buchanan Technologies
"Business Communications, Inc.",,ACT-00082427,21274,"Business Communications, Inc."
CAIU,,ACT-00109443,27961,Capital Area Intermediate Unit (CAIU)
Calculated Research & Technology,,ACT-00221426,13844,Calculated Research and Technology Inc
Cambridge Networks,,ACT-00167256,500001063,Cambridge Networks
Canaan Technology,,ACT-00157524,15425,Canaan Technology
Capital Technology Group,,ACT-00118822,1821,Innovative Systems dba ISI
CATS Technology Solutions Group,,ACT-00151889,24477,CATS Technology Solutions Group
Centre Technologies,,ACT-00042910,22693,Centre Technologies
Christenberry Sales,,ACT-00073696,24261,Christenberry Sales Company
City of Newport News,,ACT-00091067,-,"City of Newport News, VA"
City of Tavares,,ACT-00286493,29663,City of Tavares
"CJS Associates, LLC",,ACT-00146830,24333,"CJS Associates, LLC"
Clare Computer Solutions,,ACT-00091251,23,Clare Computer Solutions
CMIT Solutions,,ACT-00174754,214,CMIT Headquarters
"Coffer Group, LLC",,ACT-00194808,3243,Coffer Group LLC
CommTech Industries,,ACT-00133312,5164,CommTech
Commuserv,,ACT-00024597,300000414,Commuserv
"Computex, Inc.",,ACT-00069011,28597,Calian Corp.
Comstar Technologies,,ACT-00038049,25433,Comstar Technologies
1-zero-1,,ACT-00192709,13293,1-zero-1 Computers
101 Infotech,,ACT-00230871,6666,101 Infotech
247Support,,ACT-00177225,,247support
25sevenIT Limited,,ACT-00138844,,25sevenIT Ltd
"2W Technologies, INC.",,ACT-00033203,,"2W Technologies, INC."
360 Smart Networks,,ACT-00190432,,360smart
37West,,ACT-00026679,,"37 West Technologies, Inc"
3GC Group,,ACT-00216429,16570,3GC Group
3GL Technology Solutions,,ACT-00224647,,3GL Technology Solutions
3L Partners,,ACT-00196550,457,3L Partners
4D IT Solutions,,ACT-00155883,,4dits
4logic,,ACT-00010322,17917,4LOGIC PTY LTD
4Quarters IT,,ACT-00145229,,4quartersit
502 Geeks,,ACT-00118636,,502 Geeks
805 IT guys,,ACT-00223646,,805 IT guys
A and B Business Inc,,ACT-00224485,17470,"A&B Business Equipment, Inc."
A and O Computing LLC,,ACT-00056171,11497,A&O IT Solutions LLC
A Better Choice Network Solutions,,ACT-00235223,14809,A Better Choice Network Solutions
A Tech 4 U,,ACT-00246833,20651,A Tech 4 U
A1TechSupport,,ACT-00033990,4796,A-1 Tech Support
A2O Software,,ACT-00063610,,A2O Software
AAG IT SERVICES LTD,,ACT-00080024,,AAG IT Ltd
AAG-UK,,ACT-00180904,23570,AAG
Aavex Technology,,ACT-00159765,,Aavex Technology
Abacus IT,,ACT-00197019,,abacusit
Abadata Computer Corporation,,ACT-00133418,17935,Abadata Computer Corporation
Abilas IT Ltd,,ACT-00029222,17133,ABILAS
Ability Technologies,,ACT-00048169,22952,Ability Technologies
Able Technology Partners LLC,,ACT-00218576,,Able Technology Partners LLC
ABS Information Systems,,ACT-00228503,977,ABS Information Systems Inc
Absolute IT Solutions,,ACT-00061590,13808,Absolute IT Solutions
Abussi Ltd,,ACT-00011992,,Abussi Ltd
AC4S Technologies,TD Synnex Corp,ACT-00245404,,AC4S Technologies
Acad Us com LLC,,ACT-00175589,10292,Acad Us com LLC
acc technical services,,ACT-00052737,,ACC Technical Services
Accelerando,,ACT-00117405,,Accelerando Business Management Solutions
"Accellis Technology Group, Inc.",,ACT-00221307,,"Accellis Technology Group, Inc."
"Accent Consulting Services, LLC.",,ACT-00102818,,"Accent Consulting Services, LLC"
"Accent Imaging, Inc.",,ACT-00098127,11869,Accent Imaging
Acclaim IT,,ACT-00065012,,Acclaim IT
AccordIT,,ACT-00129650,17232,Egnite IT
Accucom Systems Integration,,ACT-00130209,17678,Accucom Systems Integration PTY LTD
ACE Computer Consultants,,ACT-00225312,845,ACE Computer Consultants
Ace Tech Computer Services Inc.,,ACT-00238629,10794,Acetech
ACNS Technologies,,ACT-00162410,7061,BlazeLink Technologies
ACS Computer Services,,ACT-00147896,25967,ACS Computer Services
Action Gypsum Supply,Environmental Intelligence LLC,ACT-00239602,,Action Gypsum Supply
Action Technology,,ACT-00121510,13377,Action Technology
Active Computer Technologies,,ACT-00161818,,Active Computer Technologies
Active IT Solutions,,ACT-00161818,,Active Computer Technologies
ActiveTek,,ACT-00082007,,ActiveTek
ACTS360,,ACT-00177124,6150,ACTS360
Acumen IT,,ACT-00128002,,ait
AD High Tech Inc / Nexela Inc,,ACT-00217029,18404,Nexela Inc
"Adam D Technology, LLC",,ACT-00110825,14234,Adam D Technology LLC
"Adams Remco, Inc.",,ACT-00063434,,"Adams Remco, Inc."
Adaptiveitsolutions,,ACT-00036700,15964,Adaptive It Solutions Ltd
Addooco It Limited,,ACT-00014784,,Addooco It Limited
Addova,,ACT-00212022,,Addova
Adept IT Solutions UK,,ACT-00088184,17689,Adept IT
Adirondack Data Systems Inc,,ACT-00196555,15540,"Adirondack Data Systems, Inc. (aka: ADS Business Intelligence)"
ADNET Technologies,,ACT-00239379,500,"ADNET Technologies, LLC"
"ADNET Technologies, LLC",,ACT-00239379,,"ADNET Technologies, LLC"
"Adtech Computers, Inc.",,ACT-00138375,,adtech
Advance Business Systems,,ACT-00073096,,Advance Business Systems & Supply
Advanced Business Equipment Inc,,ACT-00029179,11317,Advanced Business Equipment Inc
Advanced Business Innovations Inc.,,ACT-00223806,,abi
Advanced Business Solutions LLC,,ACT-00018679,19884,Advanced Business Solutions LLC
ADVANCED BUSINESS TECHNOLOGY INC,,ACT-00119775,15718,"Advanced Business Technology, Inc"
Advanced Network Management Inc,,ACT-00243026,,Advanced Business Systems
Advanced Office Systems,,ACT-00011729,,"Advanced Office Systems, Inc."
Advanced Technical Solutions,,ACT-00167282,24742,"Advanced Technical Solutions, LLC"
Advanced Technology Center,,ACT-00243026,,Advanced Business Systems
Advanced Technology Group,,ACT-00032568,,Advanced Technology Group
AdvancedBusinessSystems,,ACT-00243026,10868,Advanced Business Systems
Advantage Business Systems,,ACT-00268464,,Advantage IT Services
Advantage Coating Inc,,ACT-00038303,4622,ZehTek
Advantage IT Services,,ACT-00268464,,Advantage IT Services
Advantech IT Solutions,,ACT-00133809,,Advantech IT Solutions
Advocate Telecom,,ACT-00032575,24249,Advocate Telecom
AEC Group Inc,,ACT-00159194,10574,"AEC Group, Llc"
Aero,,ACT-00216301,10426,Aero Computing LLC
Aero IT,,ACT-00158633,25163,Aero IT
Affinity IT Group,,ACT-00048535,20897,Affinity It Group
Affordable IT Solutions,,ACT-00187397,,Affordable IT Solutions
AffordableTechnologyServices,,ACT-00012913,3513,"Atech MSP, LLC IT Management Solutions"
Agency Tech Solutions,,ACT-00209679,2111,Agency Tech Solutions
Agile IT Solutions,,ACT-00242351,,Agile IT Solutions
Ahead Network Techs,,ACT-00050556,15252,Ahead Network Techs
AID Group Inc,,ACT-00059485,24118,AID Group
Aindale BMS,,ACT-00076441,16097,Aindale Business Management Services Ltd
AKAS Virtual,,ACT-00164812,16333,AKAS Virtual
AkitaTek Ltd,,ACT-00099657,743,AkitaTek Ltd
"Alcala Consulting, Inc.",,ACT-00049761,,"Alcala Consulting, Inc"
Aldebaran Group Inc,,ACT-00015574,5866,Aldebaran Group Inc
Alden Roach Consulting,,ACT-00057825,5558,Alden Roach Consulting
Alfa Service S.r.l.,ELOVADE Italia S.p.A.,ACT-00047520,,ALFA SERVICE SRL
All About Networks,,ACT-00242278,16547,All About Networks
All City Technology,,ACT-00113700,8371,All City Tech
All Computer Services,,ACT-00179227,,All Computer Services
"All In Tek, Inc.",,ACT-00110029,9984,All In Tek
All Lines Technology,,ACT-00236877,,LANtek
Allegiant Networks,,ACT-00139860,,Allegiant Technology
"Alliance Professional Consulting Group, LLC",,ACT-00137245,,"Alliance Professional Consulting Group, LLC"
Alliance Solutions Ltd,,ACT-00014847,17746,Alliance Solutions Ltd
Alliance Technology Company LLC,,ACT-00014847,,Alliance Solutions Ltd
Alliance Technology Partners,,ACT-00191847,10526,Alliance Technology Partners
Alliant Communications,,ACT-00151748,,Alliant Communications
Alliant Technology Group,,ACT-00037022,888,Alliant Technology Group
Allied Business Systems,,ACT-00127057,24702,Allied Business Systems
"Allred, Maroko & Goldberg",,ACT-00234367,4166,ESQ-Tech
ALLSTAR Partners,,ACT-00138776,,ALLSTAR Partners LLC
Alltech Services,,ACT-00197487,14183,"Alltech Computer & IT Services, Inc"
Ally Technologies,,ACT-00250609,21110,Ally Technologies
"Alpha NetSolutions, Inc.",,ACT-00234667,,"Alpha NetSolutions, Inc."
AlphaMed Technologies,,ACT-00136553,20769,AlphaMED Technologies
AlphaTek Solutions,,ACT-00135112,,AlphaTek Solutions
Alternative Network Solutions,,ACT-00180331,7419,Alternative Network Solutions
Alternative Techs,,ACT-00202470,,Alternative techs
Alt_Gr_SA,,ACT-00136789,19155,Alt Gr SA
AmaDigital,,ACT-00113834,17876,amaDigital IT Solutions
Ambitions Technology Group,,ACT-00209596,5235,Ambitions Consulting Group
American Computer Consultants Inc (ACCi),,ACT-00003845,14355,ACCI
amexus Informationstechnik GmbH & Co. KG,ELOVADE Deutschland GmbH,ACT-00246048,,amexus Informationstechnik GmbH & Co. KG
Amplivity,,ACT-00224163,16437,Amplivity
AMS Retail Solutions,,ACT-00157004,,AMS Retail Solutions
Ana's Cloud,,ACT-00128551,,Ana's Cloud
"Anatomy IT, LLC",,ACT-00237049,,"Anatomy IT, LLC"
Anchor Networks,,ACT-00230761,660,Anchor Networks
Anchor Point IT Solutions,,ACT-00141101,,anchorpoint
Anderson Computer LLC,,ACT-00028509,27148,"Anderson Computer, LLC"
Aniar IT Services,,ACT-00208530,14950,Aniar IT Services
AP Systems NW Ltd,,ACT-00174075,11348,AP Systems (formerly Woodford Computer Systems)
CSI,,ACT-00141389,3242,CSI
CSI Onsite,,ACT-00072455,12715,CSI Tech Corp
CT Business Solutions - Collegeville,,ACT-00153031,10158,Computer Troubleshooters - Collegeville
CT Business Solutions Merseyside,,ACT-00180381,11254,CT Business Solutions (NW) Ltd
CT Micronet LLC,,ACT-00179285,31106,CT Micronet LLC
CT Wichita,,ACT-00144644,20838,Computer Troubleshooters of Wichita
CT Woodland,,ACT-00167762,19966,CT Woodland
CTARe,,ACT-00139964,,CTARe
"CTN Solutions, Inc.",,ACT-00156132,11905,"CTN Solutions, Inc."
CTNOLAtest,,ACT-00225305,1499,Computer Troubleshooters - New Orleans
CTS - Computer Talk Service,,ACT-00223245,1191,CTS - Computer Talk Service
CTS Clouds LLC,,ACT-00117379,,ctsglendale
CTS Dudley,,ACT-00178321,13353,Computer Troubleshooters - Dudley UK
"CTS Technology Solutions, Inc.",,ACT-00243074,3679,CTS Technology Solutions
CTS3 Solutions,,ACT-00119956,15687,CTS3 solutions
CTSNS,,ACT-00099557,2063,Computer Troubleshooters - North Scottsdale
Cube Info Solutions,,ACT-00240306,7831,Cube Info Solutions
CUCIT Solutions,,ACT-00151056,5451,CUCIT Solutions
CuraLinc Healthcare,,ACT-00270643,,CuraLinc Healthcare
Current Technologies FL,,ACT-00038655,25194,Current Technologies Corp.
Custom Automations,,ACT-00164710,9808,Custom Automations
Custom Computer Services & more,,ACT-00060163,,"Essential Tech Solutions, LLC"
"Custom Computer Source, LLC",,ACT-00164710,,Custom Automations
Cutting Edge Network Technologies,,ACT-00056503,,CENT
CWLsystems,,ACT-00184685,15052,Cwl Systems
cwnewtest,,ACT-00286825,21415,cwnewtest
Cyber Alarm Security,,ACT-00012034,,CyberHawks
Cyber Command,,ACT-00095626,14081,Cyber Command
Cyber Cover Solutions,,ACT-00003859,17809,Cyber Cover Solutions
Cyber Dimensions LLC,,ACT-00078610,4783,Cyber Dimensions
"Cyber Solutions, Inc",,ACT-00012034,,CyberHawks
Cyber Support IT,,ACT-00286299,25120,Cyber Support IT
CyberPrairie,,ACT-00153622,453,CyberPrairie
Cylon,,ACT-00241831,18077,Cylon Consulting (Pty) Ltd
Cypress Networking LLC,,ACT-00169514,14161,Cypress Networking LLC
"Dabbs Computer Consultants, LLC",,ACT-00158536,18392,Dabbs Computer Consultants
Dalycom,,ACT-00082142,16847,Dalycom
DASHealth,,ACT-00002283,,DASHealth
Dasilva Consulting LLC,,ACT-00288523,,Dasilva Consulting LLC
"Data Cube Systems, Inc",,ACT-00238165,,DataHEALTH
Data Line Technologies,,ACT-00238165,,DataHEALTH
Data Parts,,ACT-00238165,,DataHEALTH
Databranch Inc,Ingram Micro,ACT-00246641,,"Repeat Business Systems, Inc. DBA: Databranch"
DataHEALTH,,ACT-00238165,17955,DataHEALTH
"Datakinetics, Inc.",,ACT-00141247,5311,Datakinetics
Datalink Interactive,,ACT-00221881,,datalink
DataServ,,ACT-00110897,1848,"DataServ Integrations, LLC"
Datatel Consulting Inc.,,ACT-00151729,,datatelca
Dataworks Consulting,,ACT-00132703,17321,CyberStreams
Davidson Homes LLC,,ACT-00031705,,Davidson Homes LLC
"Davik Consulting, Inc.",,ACT-00133285,12559,"Davik Consulting, Inc"
DaVinci Digital,,ACT-00050637,,DaVinci Digital
DCC Inc,,ACT-00270913,26996,DCC Inc
DCS Technologies LLC,,ACT-00208557,10008,DCS Technologies LLC
DDKinfotech,,ACT-00191922,5931,DDK IT Solutions Group LLC dba DDKInfotech
Decipher Tek,,ACT-00209615,12901,Decipher Tek
Decision Digital,,ACT-00175613,,Decision Logic
Decision Logic,,ACT-00175613,9481,Decision Logic
Decypher Technologies Inc,,ACT-00058274,,Decypher Technologies
Deerwood Technologies,,ACT-00240334,17177,Deerwood Technologies
Definitive Solutions ltd,,ACT-00040495,,Definitive Solutions Limited
Dem360,,ACT-00235148,,Dem360
Department Q LLC - Technology Services,,ACT-00030102,11429,Department- Q Technology Services
DependableIT Group Inc,,ACT-00290175,,DependableIT Group Inc
Deployed Technologies,,ACT-00141465,,Deployed Technologies
Desert Solutions Group,,ACT-00133402,8971,Desert Solutions Group
Devoted IT,,ACT-00188097,18083,Devoted IT
Diamond Group,,ACT-00106185,,Diamond Group
Dickey Rural Networks,,ACT-00153486,11826,"ReadiTech, a DRN Company"
Digicentric Inc.,,ACT-00116314,,Digicentric Inc.
DigiComm Solutions,,ACT-00095960,2036,DigiComm Solutions
DigiDyne Solutions Inc,,ACT-00216953,5551,DigiDyne
digiGENICS LLC,,ACT-00186041,919,DigiGENICS LLC
Digit IT,,ACT-00230016,,digit
Digital Age Solutions,,ACT-00068454,17901,"Digital Age Solutions, Inc."
Digital Connection,,ACT-00230303,,Digital Connection
"Digital Data & Communications, Inc.",,ACT-00151860,,Digital DataComm
Digital Dental Solutions,,ACT-00217986,,DigitalBrainz
Digital Dynamics LLC,,ACT-00155836,,Digital Dynamics LLC
Digital Minds International LLC,,ACT-00217986,,DigitalBrainz
Digital Office Systems Inc,,ACT-00189721,11631,Digital Office Systems Inc
"Digital Solutions, Inc",,ACT-00085020,,"Digital Solutions, Inc"
Digital Telecommunications Corporation dba DTC,,ACT-00216351,18186,Digital Telecommunications Corporation dba DTC
Digital323,,ACT-00189801,,d323
DigitalBrainz,,ACT-00217986,21485,DigitalBrainz
DigitalDental Ltd,,ACT-00249789,,DigitalDental Ltd
digitalphobia Ltd,,ACT-00216037,,digitalphobi
Dimensional Communications,,ACT-00057561,13125,Dimensional Communications
Dimiour,,ACT-00287271,25213,Dimiour
Dina Plasencia,,ACT-00033107,,DivergeIT
Dioguardi Consultation Group,,ACT-00194810,8034,Dioguardi Consultation Group
Direct Infotech LLC,,ACT-00229839,13825,Arva Technologies LLC
Directive,,ACT-00153325,1123,Directive
DirectNetworks Inc,,ACT-00027687,23320,"DirectNetworks, inc"
Discover Communications Inc.,,ACT-00167012,17658,Kilobytes Data Solutions Inc
District Computers,,ACT-00158978,1993,District Computers LLC
DKBInnovative,,ACT-00101115,,DKBInnovative
"DNA Information System Solutions, LLC",,ACT-00276339,,"DNA IS Solutions, LLC"
"Doceo IT Services, LLC",TD Synnex Corp,ACT-00246823,,"Doceo IT Services, LLC"
DOCUmation,,ACT-00102564,,DOCUmation
DOLLY SYSTEMS LTD,,ACT-00159895,15635,Prompton Services Ltd
Domain Digital,,ACT-00187507,18831,Domain Digital
Dorset Connects,,ACT-00198422,,Dorset Connects
"Double Edge Technologies, Inc.",,ACT-00095088,6483,Double Edge Technologies
Dove Communications,,ACT-00159067,,Dovetail IT Support
Dovetail IT Support,,ACT-00159067,,Dovetail IT Support
Dovie Consulting,,ACT-00186055,,Dovie Consulting
Downtown Computers,,ACT-00218558,917,Downtown Computers
Driftwood Hospitality Management,,ACT-00242557,,DriftWood Hotel Management
Driven Technology,,ACT-00026949,5565,Driven Technology LLC1
Drucker and Falk,,ACT-00149055,,Drucker and Falk
Drum Brae Solutions Ltd.,,ACT-00011741,16297,Drum Brae Solutions Ltd
Drum Communications,,ACT-00028929,467,Drum Communications
DSE Incorporated,,ACT-00222046,14097,DSE - Diversified Services Enterprises Inc
DunnCo Diversified Services,,ACT-00143634,14582,DunnCo Diversified Services LLC
Duo Computers,,ACT-00153378,6252,Duo Computers LLC
Durstcom,,ACT-00216981,14511,Durstcom
Dynamic Edge,,ACT-00093113,,Dynamic Edge
Dynamic Network Solutions,,ACT-00008209,,"Dynamic Network Solutions, Inc."
Dynamic Technology Service,,ACT-00234649,2997,Dynamic Technology Service
Dynamic Technology Services,,ACT-00093113,,Dynamic Edge
"Dysnomia Systems, Inc.",,ACT-00219859,8542,"Dysnomia Systems, Inc."
E-Valve Technologies,,ACT-00100532,8163,Evalve Technologies
EAG 1Source,,ACT-00091246,,EAG 1Source
Eagle Consulting Group LLC,,ACT-00009498,,"Eagle Consulting Group, LLC"
Eagle Technology Solutions,,ACT-00160040,,Eagle Technology Solutions
Eagle Technology Solutions (cs),,ACT-00188948,,Eagle Broadband Investments LLC
Eanyware Solutions Corp,,ACT-00000312,4840,eAnyWare Solutions Corp
East End Computers,,ACT-00232281,8234,East End Computers
Eastbay Cloud Services Inc,,ACT-00031591,,Eastbay IT
Eastern Independent Telecommunications Ltd,,ACT-00141332,10896,Eastern Independent Telecommunications Ltd
Eastern technology Solutions,,ACT-00141332,,Eastern Independent Telecommunications Ltd
Easy Office Solution LLC,,ACT-00098861,,Easy Office Solution LLC
Echopath,,ACT-00225359,,"Echopath, LLC"
Eckhart USA,,ACT-00128550,,Invio Automation (Invio)
eCLIPSE Network Solutions,,ACT-00178319,1509,eCLIPSE Network Solutions LLC
"Edit Technology Solutions, Inc.",,ACT-00140075,,edit
Edward Martin Computer Services Ltd,,ACT-00065013,16420,Edward Martin Computer Services
Edwards Business Systems,,ACT-00235507,,Edwards Business Systems
EES Consulting,,ACT-00110493,7039,EES Consulting
Effective Technology,,ACT-00243737,,Effective Technology
EGI Systems,,ACT-00137852,21034,EGI Systems
EGL Tech Inc,,ACT-00066661,,"EglTech, Inc."
EHPN Technology Partners,,ACT-00033977,18248,EHPN
EIT Services,,ACT-00103501,,EIT Services
"Ekaru, LLC",,ACT-00040023,267,Ekaru
Elangeni Consulting Inc,,ACT-00204725,306,Elangeni Consulting Inc
Elder Options,,ACT-00165409,,Elder Options
"Electronic Strategies, Inc",,ACT-00246663,21424,"Electronic Strategies, Inc."
Elite Contracting Group,,ACT-00168589,10129,Elite Contracting Group
Elite Force IT,,ACT-00158530,11504,"Morcom Solutions, LLC"
Elite Imaging Systems,,ACT-00059356,20644,Elite Pro Solutions Inc.
Ellison IT Consulting LLC,,ACT-00231681,15975,Ellison IT Consulting LLC
Ember One,,ACT-00027786,9005,Ember One
emeademosr,,ACT-00282545,22735,emeademosr
EmergingTel,,ACT-00267082,,EmergingTel
Empire Technology Partners,,ACT-00336715,30187,Empire Technology Partner
"Empowered IT Solutions, Inc.",,ACT-00024387,14404,Empowered IT Solutions
Enabling Technologies,,ACT-00227772,,Enabling Technologies
EnC LLC,,ACT-00082453,5017,EnC LLC
Enclave Managed Networks,,ACT-00027513,,Enclave Managed Networks
Encompass Solutions,,ACT-00223782,,Encompass Solutions
Enertron LLC,,ACT-00202675,,"Enertron, LLC"
Enhanced Computing Solutions,,ACT-00215787,,enhancedcs
Enhanced Resources P/L T/A Eresources Business Systems,,ACT-00148998,,Enhanced IT Solutions Limited
"ENT Networks, Inc.",,ACT-00204987,17367,ENT Networks Inc
Entec Systems,,ACT-00246683,,entecsystems
"Enterprise Backup, Inc.",,ACT-00194827,18509,"Enterprise Backup, Inc."
Enterprise Systems Corp,,ACT-00056126,17776,Enterprise Systems Corp
Enterprise Technologies Inc,,ACT-00182967,19514,"Enterprise Technologies, Inc"
Entre Technology Services,,ACT-00246865,,Entre Technology Services
EntrePro Services,,ACT-00138197,,EntrePro Services
Envision IT Partners,,ACT-00035328,,Frontier Business Products
Envizion IT LLC,,ACT-00073691,,Innotec Corp
EPOSSIBLE,,ACT-00075958,,epossible
EPROSPER INC.,,ACT-00196290,10621,Eprosper Inc
EPXTechnical,,ACT-00183084,18562,EPX Ltd
Equity Networks Ltd,,ACT-00002814,500000669,Equity Networks Ltd
Erindale Solutions,,ACT-00233070,,Erindale Solutions
ES Systems,,ACT-00184591,23942,ES Systems
Escape IT,,ACT-00152986,,Escape IT
EscapeWire Solutions,,ACT-00043696,24200,EscapeWire Solutions
Essential Cloud Solutions,,ACT-00028398,13810,Commsworld Limited
EssentialNet Solutions,,ACT-00185222,,EssentialNet Solutions
Essintial,,ACT-00265211,,Essintial
Etapmus Consulting,,ACT-00038256,14418,Etapmus
EuGenius Solutions,,ACT-00084733,,Eugenius
eVolution Hosting Solutions Inc,,ACT-00007319,,eVolution Hosting Solutions Inc
Excalibur Communications,,ACT-00224155,,Excalibur Communications
Excel Office Services,,ACT-00240960,12511,Excel Office Services
"Excell It, Inc.",,ACT-00242862,,"Excell It, Inc."
ExcelliMatrix Inc,,ACT-00270646,24281,"ExcelliMatrix, Inc"
Executech,TD Synnex Corp,ACT-00246790,,Executech
Executive Business Machine Inc,,ACT-00204925,20088,Executive Business Machines Inc
Executive IT Help,,ACT-00225313,11284,Executive IT Help Inc
Exormedia,,ACT-00145822,14803,Exormedia
"EXP Technical, Inc.",,ACT-00091706,,"EXP Technical, Inc."
Experimax West Houston,,ACT-00265093,24980,Experimax West Houston
Expert Computers Inc,,ACT-00234549,3054,Expert Computers Inc
Expert Data Labs LLC,,ACT-00213610,,Expert Turnkey
Expert IT Operations,,ACT-00149884,23191,Expert IT Operations
Expert Turnkey IT Support,,ACT-00213610,24213,Expert Turnkey IT Support
Expetec1248,,ACT-00179586,58,Expetec1248
exploreit,,ACT-00239562,,exploreit
ExpressTech Inc,,ACT-00125888,17843,"Paply, Inc."
EXSI,,ACT-00165862,,EXSI
EZ MSP,,ACT-00146871,,EZ MSP
FarWEB Information Technologies,,ACT-00239576,,FarWEB IT
Faster Connections Inc,,ACT-00106186,11362,Faster Connections Inc
"Favorite Office Automation, LLC",,ACT-00174182,17359,Favorite Office Automation
Ferreira Group,,ACT-00010871,1436,Ferreira Group
Fidelis Inc,,ACT-00020963,11479,"Fidelis, Inc."
FIRE DOG ITSupport247,,ACT-00063397,10575,Fire Dog Llc
FIRE DOG Simply Smarter Technology,,ACT-00020946,18612,FIRE DOG Simply Smarter Connectivity
First Baptist Church of Bolivar,JMark Business Solutions,ACT-00245850,,First Baptist Church of Bolivar
First Class Networks,,ACT-00234566,10130,The Computer Cafe dba First Class Networks
First Solution Ltd.,,ACT-00209449,16634,Emerge Digital Limited
FirstEquipmentCompany,,ACT-00113852,7735,First Equipment Company
Fisch Computing,,ACT-00027202,,Fisch Computing
Fishers Technology,,ACT-00240174,13047,Fishers Technology
FitNetworks,,ACT-00084387,21548,FitNetworks
FitzGerald Consulting,,ACT-00104430,17003,FitzGerald Consulting
Fivestar Business Solutions and Innovation,,ACT-00136028,,Fivestar Business Equipment
Flex IT Solutions,,ACT-00202184,20742,Flex IT Solutions
FlexManage,,ACT-00145059,,New Era Technology
Flmakebusiness LLC,,ACT-00265683,24401,Flmakebusiness LLC
Florida Networx,,ACT-00189087,10816,Florida Networx
Florida Tech Group LLC,,ACT-00101897,,Florida Tech Group LLC
Florida Technology Partners,,ACT-00378590,30395,Florida Technology
Flow Telecom,,ACT-00146525,19719,Ollesso LTD
Fluent Network Services,,ACT-00009218,63,Fluent Network Services
fluidpixels,,ACT-00228073,,Fluidpixels
Fort Austin Consulting Group LLC,,ACT-00096368,,Fortis Telecom
Forte Systems Inc.,,ACT-00195741,,Forte Technology Group
Forte Technology Group,,ACT-00195741,5887,Forte Technology Group
Forteon Technology Ltd,,ACT-00089040,16454,Sygma Ltd
Forthright Technology Partners,,ACT-00225160,17564,"Forthright Technology Partners, Inc."
Fortis,,ACT-00096368,19477,Fortis Telecom
Foster MSP LLC,,ACT-00153883,2992,Beratung LLC dba Foster MSP
FoxNet,,ACT-00246139,,foxnet
Framework Communications,,ACT-00030259,,"Framework IT, LLC"
Freedom IT Solutions,TD Synnex Corp,ACT-00245381,,Freedom IT Solutions
Friendly IT Ltd,,ACT-00266041,25132,Friendly IT
"FSi Strategies, Inc",,ACT-00200968,,"FSi Strategies, Inc."
Fulcrum Systems,,ACT-00031899,4745,Fulcrum Systems
Full Tilt Computing,,ACT-00103592,15504,Full Tilt Computing
Function 4 LLC,,ACT-00231669,16440,"Function4, LLC"
Fusion Managed IT,,ACT-00098283,8431,Fusion Consulting Group
Fusion Technology Solutions Ltd,,ACT-00045867,,Fusion Technology Solutions Ltd
FusionONE Tools,,ACT-00245173,,FusionONE Tools
Future 2000 Systems Inc.,,ACT-00030539,14521,Future 2000 Systems Inc
Future Link IT,,ACT-00153547,22681,Future Link IT
Future Logic,,ACT-00163452,15119,Future Logic
"FX Technologies, LLC",,ACT-00128119,2455,FX Technologies LLC
GadellNet,,ACT-00040703,,Gadellnet Services
Galileo Systems Group,,ACT-00230153,7463,Galileo Systems Group
Gannage Tech Services,,ACT-00036399,,Gannage Technology Services
Gannage Technology Services,,ACT-00036399,,Gannage Technology Services
Gateway Telnet Inc,,ACT-00040510,9803,Gateway Telnet Inc
Gayco Healthcare,Alterra Networks,ACT-00247021,,Gayco Healthcare
Gazelle Intense Solutions,,ACT-00130254,18086,Gazelle intense solutions
gb3,,ACT-00232803,,GB3 Limited
Geeks Computer Solutions LLC,,ACT-00012038,,Geeks On Tap Pty Ltd
Geeks of Newport Beach LLC,,ACT-00235714,19905,"GEEKS OF NEWPORT BEACH, LLC dba Computer Troubleshooters"
Geeks On Call,,ACT-00243199,10269,Computer Troubleshooters - Vienna
OhmComm,,ACT-00073349,,OhmComm
Okanac Business Machines Ltd,,ACT-00171053,9470,Okanac Business Machines Ltd
Olympic IT Services,,ACT-00032945,,olympicit
Om Enterprise Inc1,,ACT-00043488,22976,Om Enterprise Inc.
Omega Systems Consultants Inc,,ACT-00094780,,omegasystems
Omega Technology Solutions,,ACT-00166352,,Omega Technology Solutions
Omidi Enterprises,,ACT-00098395,1365,Omidi Enterprises
once-a-week geek,,ACT-00161989,,Once-A-Week Geek
One 8 Solutions,,ACT-00007235,4054,One 8 Solutions
One Choice Technology,,ACT-00060145,,One Choice Technology
One World Technology,,ACT-00247547,,Securafy
One2Call Ltd.,,ACT-00031842,,One2Call UK
Onega,,ACT-00225329,18433,Onega Ltd
"Onesourcepcs, Llc",,ACT-00169425,2590,Onesource PCS
ONIT Technology Solutions,,ACT-00130179,,Onit Solutions
Online Computing Ltd,,ACT-00208500,17307,Tela Technology
Online Technology Management Inc,,ACT-00199727,,Online Technology Management
OnSite Geeks Limited,,ACT-00134178,,OnSite Geeks Limited
Ontech Systems,,ACT-00188446,11579,Ontech Systems Inc.
OntheCloud IT Ltd,,ACT-00120840,16643,onthecloudit
Onyx IT- UK,,ACT-00233388,,Onyx IT- UK
OPC IT,,ACT-00192762,,OPC IT Pty Limited
Optel BCS Inc,,ACT-00128688,10883,Optel BCS Inc
Optfinity,,ACT-00240321,742,Optfinity
"Opti-Vise, LLC.",,ACT-00036471,,"Opti-Vise, LLC."
Optimal Networks,,ACT-00061564,104,Optimal Networks Inc
Orbit Technologies,,ACT-00098382,15185,Orbit Technologies
Orion Network Solutions LLC,,ACT-00047488,29255,Orion Network Solutions
Orlando IT Services LLC,,ACT-00288644,28462,Orlando IT Services LLC
Ortus - Managed IT & Cloud,,ACT-00112668,,Ortus - Managed IT & Cloud
Oscar Wilson Engine & Parts,,ACT-00318009,,Oscar Wilson Engine & Parts
OT Group,,ACT-00133429,,OT Group
Outsource IT Solutions Group,,ACT-00055833,,Outsource Solutions Group
OutsourceIT,,ACT-00073724,,OutsourceIT
OwensTechnologySystems,,ACT-00018705,17505,Owens Technology Systems Ltd
Owner16750,,ACT-00075315,16750,"SoCal Smarthomes, LLC"
OxonTech,,ACT-00208918,18012,Oxon Tech
Ozone Technologies,,ACT-00142552,,Ozone Technologies
PA Technologies,,ACT-00203903,9673,PA Technologies
Pacific Computer Group,,ACT-00178931,33405,Pacific Computer Group
Pacific IT Solutions,,ACT-00199646,13773,Pacific I.T Solutions
Pacific Office Automation,,ACT-00037637,17542,Pacific Office Automation
Pacific States Communications of Nevada Inc,,ACT-00062542,16562,PacStates
Pact IT Solutions,,ACT-00121162,17892,PACT IT Solutions
"Pact-One Solutions, LLC",,ACT-00245482,,"Pact-One Solutions, LLC"
Paladin InfoTek,,ACT-00162538,10081,Paladin Infotek
PalmTech Computer Solutions,,ACT-00005239,3945,PalmTech Computer Solutions
Panurgy,,ACT-00227737,3642,Panurgy
Parachute,,ACT-00101104,14077,Parachute
"Paramount Enterprises International, In.c",,ACT-00249007,,S2s Communications
Parity,,ACT-00180318,20653,Parity
"Parker Data & Voice, Llc",,ACT-00072065,17224,"Parker Data & Voice, LLC"
PARKERTECHGROUP Inc,,ACT-00175091,32186,ParkerTechGroup
paronubi,,ACT-00117330,16658,Paronubi
Patchnet,,ACT-00086223,12427,Patchnet
Pavillon Treatment Center,"Harmonity Technologies, LLC",ACT-00241777,,Pavillon Treatment Center
Pc Integrated Solutions,,ACT-00253103,24767,PC Integrated Solutions
PC MAC,,ACT-00193196,,Pc Mac
PC Paladins,,ACT-00223217,,PC Paladins
PC Solutions,,ACT-00084737,,PC Solutions
PC-AfterHours,,ACT-00092485,1548,PC-After Hours
PCs Soup to Nuts Inc,,ACT-00026924,5822,PCs Soup to Nuts Inc
PCSOFT,,ACT-00092514,16165,PCSOFT PTY LTD
Peak Network Solutions Ltd,,ACT-00286734,25268,Peak Network Solutions Ltd
Peak UpTime,,ACT-00158919,20937,Peak Uptime
Pearson Kelly Technology,,ACT-00192264,17532,Pearson-Kelly Office Products
"Performance Enhancements, Inc",,ACT-00036103,,PEI
PERSONAL COMP SYSTEMS INC,,ACT-00079973,,Personal Computer Systems Inc
"Personalized Computer Services, Inc.",,ACT-00111331,11953,Personalized Computer Services Inc
PersonicComputersLtd,,ACT-00264546,22658,Personic Computers Ltd (2nd Portal)
PerthICT,,ACT-00148981,,Perth ICT
Pesanka Consulting,,ACT-00067642,,Pesanka Consulting
"Petra Technologies, Inc.",,ACT-00004994,,"Petra Technologies, Inc."
pfbSOLUTIONS,,ACT-00067822,18104,pfbSOLUTIONS
Physicians Management Group,,ACT-00166571,,Physicians Management Group
Pillar Consulting Corp,,ACT-00244165,19452,Pillar Consulting Corp NY
Pineapple Bytes (Radeon),,ACT-00098219,,Pineapple Bytes
Pinnacle Networx,,ACT-00224347,,Pinnacle IT Systems Pty Ltd
Pittsburgh Computer Solutions,,ACT-00056546,,Pittsburgh Computer Solutions
Pittsburgh Networks,Ingram Micro,ACT-00153478,,Pittsburgh Networks
Pivotal IT,,ACT-00188474,,Pivotal
PJFComputerSolutions,,ACT-00098403,16644,PJF Computer Solutions
Plains Internet,,ACT-00027780,15712,Plains Internet
PlanNet Technologies Inc,,ACT-00234061,5907,PlanNet Technologies Inc
Plum Cup Technology Solutions,,ACT-00177707,10939,Plum Cup Technology Solutions
"Pointivity, Inc.",,ACT-00144981,553,Pointivity
Polar Communications,,ACT-00023798,,Polar Communications
Popular Networks LLC,,ACT-00002621,,Popular Networks LLC
"Porcaro Stolarek Mete Partners, LLC",,ACT-00145029,,"Porcaro Stolarek Mete Partners, LLC"
Portable Office Solutions,,ACT-00225086,15426,Portable Office Solutions
Portland Internetworks,,ACT-00058574,,Portland Internetworks
POS Partners Inc,,ACT-00181522,,POS Partners Inc
PoseidonTech,,ACT-00098315,18137,Poseidon Tech Ltd
Praxis Technology Solutions Inc,,ACT-00104000,17309,Praxis Technology Solutions
Precision Computer Services,,ACT-00092348,,Precision Computer Services
Precision Technology Inc.,,ACT-00240078,,PrecisionTech
Preferred Communication Systems,,ACT-00103185,1711,Preferred Communication Systems
Premier Communications,,ACT-00224908,23889,Premier Network Solutions
Premier Data Services,,ACT-00112823,13048,Premier Data Services
Premier One IT Solutions,,ACT-00112780,11053,Premier One IT Solutions
Press Start Ltd,,ACT-00159569,,Press Start Ltd
Prime Tech Support,,ACT-00049535,23982,Prime Tech Support
Priority IT Support,,ACT-00083908,10356,Wolf Pack IT
PriorityOne,,ACT-00098406,7218,PriorityOne LLC
Pro Computers,,ACT-00205832,,Pro Computers
Pro IT,,ACT-00006386,21233,"Prosper IT, LLC"
Proactive IT,,ACT-00172248,3364,Proactive Computer Care LLC
Proactive Network Services,,ACT-00061294,16964,Proactive Network Services
Proactive Risk Inc,,ACT-00203063,,proactiveRISK Inc.
Proda Technology,,ACT-00000576,,Proda Technology
Professional Business Products,,ACT-00053798,,Professional Computer Assoc
Professional Business Systems,,ACT-00053798,,Professional Computer Assoc
"Professional Computer Associates, Inc.",,ACT-00053798,3136,Professional Computer Assoc
Professional Computer Support,,ACT-00214616,20355,Professional Computer Support
Professional Solutions1,,ACT-00053798,,Professional Computer Assoc
ProfIT CS LLC,,ACT-00062488,976,ProfIT CS LLC
Profulgent Technology LLC,,ACT-00020559,,Profulgent Technology LLC
Progress It Pty Ltd,,ACT-00164164,,Progress I.T. Pty Ltd
Progress Technology,,ACT-00151069,,Progressive Tech
Progressive Business Systems,,ACT-00115988,11300,"AAA Business Systems, Inc."
"Progressive Computer Systems, Inc",,ACT-00226945,,"Progressive Computer Systems, INC."
Progressive Networking Solutions,,ACT-00148544,,PROGRESSIVE NETWORKING
Progressive Tech,,ACT-00151069,14095,Progressive Tech
"Promethius Consulting, LLC",,ACT-00149467,,Promethius Consulting
Pronto Tech,,ACT-00046799,19574,Pronto Tech
"ProPharma Group, Inc.",,ACT-00141324,4464,Acadeus
ProServeIT Corporation,,ACT-00076368,,ProServeIT Corporation
Prosource,,ACT-00245185,,ProSource
ProSpeed Technical Support,,ACT-00227362,11003,ProSpeed Technical Support
Prosyn,,ACT-00245526,14966,EC-MSP LTD
ProTech Systems Group,,ACT-00196143,,ProTech Systems Group
Protected Trust,,ACT-00103574,,Protected Trust LLC
Provide Managed Services B.V.,,ACT-00117748,,provide
Providence Technology Group,,ACT-00225727,16745,Providence Technology Group
2W Technologies inc,,ACT-00033203,20567,"2W Technologies, INC."
4Wall Entertainment,,ACT-00240843,22938,4Wall Entertainment
ABS Information Systems Inc,,ACT-00228503,977,ABS Information Systems Inc
Accessium Group,,ACT-00161355,23096,Accessium Group
ACP CreativeIT,,ACT-00180484,20864,"ACP CreativIT, LLC d/b/a Tusker Technology"
"Advanced Office Systems, Inc.",,ACT-00011729,23812,"Advanced Office Systems, Inc."
AdventOne,,ACT-00025909,300000264,Advent One Pty Ltd
AiroSpark,,ACT-00237835,-,AiroSpark
All Lines Technology,,ACT-00032429,24606,All Lines Technology
All Net Connections,,ACT-00153604,24332,All Net Connections
Allegiant Networks,,ACT-00139860,5646,Allegiant Networks
Alliance IT,,ACT-00147987,30257,"Alliance IT, LLC"
Alliance Tech Partners,,ACT-00191847,10526,Alliance Technology Partners
Allied Business Solutions,,ACT-00199702,19423,Allied Business Solutions
ALLSTAR Partners LLC,,ACT-00138776,21322,ALLSTAR Partners LLC
American First National Bank,,ACT-00290498,-,AFNB
360 Business Solutions WNY,,ACT-00147480,6827404cd1122d4938088c22,360 Business Solutions WNY
Nuvium,,ACT-00068414,,Nuvium
Pan-O-Gold Baking Co,,ACT-00254727,64d4eb643fece7286f0e6b2c,Pan-O-Gold Baking Co
Missan Computers,,ACT-00095710,5dbeb9b573574803876d6449,Missan Computers
Hickory Recovery Network,,ACT-00111820,,Hickory Recovery Network
Attentus Technologies,,ACT-00066593,68f653968d3e68573609e001,Attentus Technologies
ProTek Solutions,,ACT-00097088,5e2f56db0d21ea464852fcc3,ProTek Solutions
Starboard Solutions +Fortify,,ACT-00456869,693b7cc00f7d4504f10b02b7,Starboard Solutions +Fortify
Computer Business Solutions,,ACT-00096031,5a13b355faf3113d058b459d,Computer Business Solutions
Brylin,,ACT-00286589,64f79594e5e1ce95bd08a206,Brylin
Reliable Technology Solutions (lt6my1),,ACT-00078453,632352c5167b069f300db267,Reliable Technology Solutions (lt6my1)
Mailers Haven LLC,,ACT-00298856,,Mailers Haven LLC
"Paws, Whiskers & Wags",,ACT-00274404,6813c5bebcb01a563702018c,"Paws, Whiskers & Wags"
SGV (SGV International),,ACT-00286512,647758de2c9e7867910576fd,SGV (SGV International)
"Ncore, LLC",,ACT-00275544,6374f4ab01920af4cc023907,"Ncore, LLC"
TenacIT,,ACT-00462034,,TenacIT
Leeward Holdings Corporation,,ACT-00122946,,Leeward Holdings Corporation
Geosot Inc,,ACT-00127653,,Geosot Inc
"NetSys Plus (NetSys+, Inc)",,ACT-00192559,5d3f38a77357480a022f32b5,"NetSys Plus (NetSys+, Inc)"
Transpeed (Europe) Ltd,,ACT-00138083,,Transpeed (Europe) Ltd
Kage Innovation LLC,,ACT-00257096,6102e32e531d6834977d122b,Kage Innovation LLC
BDG Group Ltd,,ACT-00449576,,
Lucas Systems Inc,,ACT-00197003,5e2219fc404ad355124d64bb,Lucas Systems Inc
Wired Telcom LLC,,ACT-00123772,682cbd9bf98cf0d0e90807fb,Wired Telcom LLC
Carmichael Consulting Solutions LLC,,ACT-00069316,5eb072c07357481be0735d3c,Carmichael Consulting Solutions LLC
Hippo IT Management,,ACT-00194416,,Hippo IT Management
911 Computer Repair Corp.,,ACT-00075634,,911 Computer Repair Corp.
Nfc It,,ACT-00033285,,Nfc It
Select Technology Systems,,ACT-00175082,,Select Technology Systems
Advantage Computing & Electronic Services LLC,,ACT-00267059,5f6a65d40d21ea11a5642bc4,Advantage Computing & Electronic Services LLC
isny us,,ACT-00275241,,isny us
P. Terry's Burger Stand,,ACT-00249369,6128fd2d4d327876b92b36c5,P. Terry's Burger Stand
CloudStep,,ACT-00130270,589ba03fb81b774ef58b4583,CloudStep
Edge7 Networks,,ACT-00267925,,Edge7 Networks
Blenders Eyewear,,ACT-00289661,64ee249c7d5720cc960bebca,Blenders Eyewear
IQ Solutions GmbH,,ACT-00238896,5b8ef7036e16d6c4888b4567,IQ Solutions GmbH
Info Tech Guys Pty Ltd,,ACT-00246246,,Info Tech Guys Pty Ltd
I.T. Insiders,,ACT-00241692,573db3cab81b77f7f88b457d,I.T. Insiders
Tech Savvy Team LLC,,ACT-00077573,660da4f96e393db81a0910a7,Tech Savvy Team LLC
KNS Tech Services,,ACT-00108966,5e42dfa3404ad33c265a1a13,KNS Tech Services
GBS Technologies,,ACT-00218881,,GBS Technologies
GUARDIAN MICROSYSTEMS (Partner),,ACT-00056889,683084aa9484f763de06bb35,GUARDIAN MICROSYSTEMS (Partner)
OT Group,,ACT-00133429,5eaad907404ad36d9a34e90c,OT Group
EN3 IT Solutions Ltd,,ACT-00384842,,EN3 IT Solutions Ltd
Advantage Business Solutions,,ACT-00183985,61546bb599526144754d3424,Advantage Business Solutions
Cattle Tech Inc,,ACT-00269251,,Cattle Tech Inc
Mansfield Computing Solutions,,ACT-00214596,60f1a5659c0bf0164a2eb553,Mansfield Computing Solutions
"Ingenium Projects Solutions & Services, LLC",,ACT-00268264,,"Ingenium Projects Solutions & Services, LLC"
American Lazer Services,,ACT-00200376,,American Lazer Services
Chubb Fire & Security Ltd,,ACT-00055707,,Chubb Fire & Security Ltd
Multi Equipment & Office Supplies (Pty) Ltd,,ACT-00265637,,Multi Equipment & Office Supplies (Pty) Ltd
Omni Technologies Alliance,,ACT-00161783,,Omni Technologies Alliance
CSM Group,,ACT-00269784,650838d31ec800073f04a81b,CSM Group
Reppertfactor,,ACT-00136759,,Reppertfactor
"MR PC, Inc",,ACT-00146787,,"MR PC, Inc"
Axiom,,ACT-00289993,,Axiom
SUURV INC.,,ACT-00245578,59d250ba7bfd70bcd98b4567,SUURV INC.
Excalibur Communications GB Limited,,ACT-00224155,,Excalibur Communications GB Limited
BlueWall,,ACT-00121787,,BlueWall
AspireTech,,ACT-00061211,5ed96a8d404ad340d134f39d,AspireTech
Starlight Computing+Fortify,,ACT-00287994,684ad07c7369626c7d08c2e4,Starlight Computing+Fortify
Cloud Network Services Inc,,ACT-00123601,,Cloud Network Services Inc
GT Technical Solutions.,,ACT-00240179,5e0516740d21ea71cd51b594,GT Technical Solutions.
TenacIT LLC,,ACT-00462034,4fb11c0c346a606455000017,TenacIT LLC
IntelliComp Technologies,,ACT-00229281,5dcb58417357487b40188e14,IntelliComp Technologies
Rigidnet LLC,,ACT-00042139,6106cef7af5576470e7e54c4,Rigidnet LLC
CIO Landing.,,ACT-00057963,5e8cda1c73574861421d4307,CIO Landing.
Panda Technologies,,ACT-00337163,628e8fc02707ba035447cbc0,Panda Technologies
UNIVERSITYCOMPUTERS,,ACT-00176376,66ed8bd4204791b7150c3c79,UNIVERSITYCOMPUTERS
"ExecPro Enterprises, Inc",,ACT-00004457,,"ExecPro Enterprises, Inc"
Advanced Micro Systems & Solutions Inc,,ACT-00166528,6464ecdf5ac797bd3b0a9f26,Advanced Micro Systems & Solutions Inc
Trigent Tech,,ACT-00099507,,Trigent Tech
American Business Machines Co,,ACT-00031675,,American Business Machines Co
Anonymous Content,,ACT-00265721,624f021813fabc05fb519c37,Anonymous Content
"Silverado Technologies, Inc",,ACT-00111791,60ad6bd795d73e163c33e1c4,"Silverado Technologies, Inc"
G6 Technologies,,ACT-00218881,63a27b9235190efd4c0c34ce,G6 Technologies
Wisch Network Consulting,,ACT-00206814,5fa49b940d21ea6b0f45da44,Wisch Network Consulting
Viener Consulting Inc,,ACT-00122074,69c41ad294b2e6470803c67f,Viener Consulting Inc
Tech@Mydesk,,ACT-00135149,691cd14e5793bd5db10d43df,Tech@Mydesk
IT Foundations,,ACT-00188686,,IT Foundations
A Prompt Computer Center,,ACT-00153568,62c8829de89c0a1b450a1277,A Prompt Computer Center
"SideQuest Solutions, LLC",,ACT-00448841,69713ce662e3ad690a010ad6,"SideQuest Solutions, LLC"
Great Lakes Label,,ACT-00412948,67740b44cea54b7ea50c64ca,Great Lakes Label
"Longview Computer and Network Solutions, LLC",,ACT-00038602,5e260e1d404ad31ed73bab81,"Longview Computer and Network Solutions, LLC"
IT Solutions,,ACT-00089577,,IT Solutions
A & B Mylec Pty Ltd,,ACT-00200311,,A & B Mylec Pty Ltd
PCPLUS NETWORKS1,,ACT-00121227,685eec538fd8b03bc60774a1,PCPLUS NETWORKS1
Cmnetworx Computer Services,,ACT-00174501,,
"Boston HelpDesk, Inc.",,ACT-00191410,5e4c532373574865622582aa,"Boston HelpDesk, Inc."
Business Computer Solutions Ltd.,,ACT-00015430,,Business Computer Solutions Ltd.
Aspen Tech Team LLC,,ACT-00075755,669fffd41982360d3d05a0b8,Aspen Tech Team LLC
"Salus Finance, LLC dba AdminaHealth",,ACT-00080549,63d3e03294e92aa25b0b9421,"Salus Finance, LLC dba AdminaHealth"
Western Capital Resources,,ACT-00288859,64f0e3a580f6606eef049a6c,Western Capital Resources
Computer Network Solutions,,ACT-00276434,675073e908ca8459590e13ea,Computer Network Solutions
University Computers,,ACT-00176376,,University Computers
ScotiaComp Technologies,,ACT-00065309,6772e441a5f8b3dc18097818,ScotiaComp Technologies
Assured Technology Services (pvnumn),,ACT-00190660,66436a48b94c4425710dd544,Assured Technology Services (pvnumn)
AD Infogestion,,ACT-00010658,,AD Infogestion
AMX,,ACT-00288267,658c9d8e14923cab240890c3,AMX
Connections Housing,,ACT-00094311,,Connections Housing
CIO Landing,,ACT-00057963,,CIO Landing
"Axio Computer Solutions, LLC",,ACT-00008919,,"Axio Computer Solutions, LLC"
AI Crossroad,,ACT-00248856,,AI Crossroad
Acclaim IT,,ACT-00065012,6435f070d04e73bfea0171f7,Acclaim IT
Frontier Business Products,,ACT-00035328,,Frontier Business Products
DTC Tech Services,,ACT-00172018,5dcad488404ad316a76dcf91,DTC Tech Services
1845 Solutions,,ACT-00317000,572393211a0f1477158b4594,1845 Solutions
INDIAN RIVER COMPUTER SERVICES LLC,,ACT-00337098,6594a7062e188939fa0f9149,INDIAN RIVER COMPUTER SERVICES LLC
Patriot Technology Solutions Llc.,,ACT-00458494,694ad39d67bdf4c53804f803,Patriot Technology Solutions Llc.
Busix Computer Services Ltd.,,ACT-00115760,60675113967e7c288d254763,Busix Computer Services Ltd.
"Abel Technologies, LLC",,ACT-00643251,609723bfa2894c43e379f033,"Abel Technologies, LLC"
"Pace Systems, Inc",,ACT-00165288,60ad7071bc04975a9b50e545,"Pace Systems, Inc"
Veritas IL,,ACT-00245896,,Veritas IL
Fibernetics Corp,,ACT-00095763,,
"Right Click, Inc.",,ACT-00240105,,"Right Click, Inc."
Martyn Smith,,ACT-00381207,,Martyn Smith
Axiomcc,,ACT-00289993,650c95f88809df79da04c048,Axiomcc
To the Rescue,,ACT-00051541,5f9b2b2e7357481c6008ea3b,To the Rescue
KAZU PROFESSIONAL SERVICES LTD.  O/A Ginga Technology Solutions,,ACT-00228341,,KAZU PROFESSIONAL SERVICES LTD.  O/A Ginga Technology Solutions
Nuvex Solutions,,ACT-00188402,5f7360be7a45de630e61e7e7,Nuvex Solutions
M1 Bank,,ACT-00291508,652e6410234542bef1052e78,M1 Bank
Envision Consulting,,ACT-00073913,,Envision Consulting
360 Business Solutions,,ACT-00147480,,360 Business Solutions
Apollo IT,,ACT-00223031,,Apollo IT
Aztech IT Solutions,,ACT-00187124,,Aztech IT Solutions
A & B Mylec,,ACT-00200311,,A & B Mylec
Cornerstone Diagnostics,,ACT-00286256,64d12929f0396a51ae05f9ad,Cornerstone Diagnostics
Neo Technologies,,ACT-00267425,,Neo Technologies
Chosen Healthcare,,ACT-00111820,,Chosen Healthcare
Spur Design,,ACT-00266349,,Spur Design
"Computerware, Inc.",,ACT-00055999,614a5008d32e223c2a0dbd45,"Computerware, Inc."
Adfranse Automatisering B V,,ACT-00259372,,Adfranse Automatisering B V
"Cornerstone Computer Solutions, Inc",,ACT-00087268,6717cc9d8f3720ca20083ddc,"Cornerstone Computer Solutions, Inc"
KeenPlex Technologies LLC,,ACT-00298388,,KeenPlex Technologies LLC
ALARIC CORP Inc.,,ACT-00092104,5f9190807a45de4b49499f83,ALARIC CORP Inc.
Southampton Computers,,ACT-00156177,,Southampton Computers
Tech4biz Pty Ltd,,ACT-00070572,,Tech4biz Pty Ltd
Popstroke,,ACT-00276218,63fd1b60e5ec9f3f2406924c,Popstroke
TechCore Concepts,,ACT-00070703,5dd6978073574877161d5faa,TechCore Concepts
phraCTO LLC,,ACT-00437088,6863f59b83bb9eee2c0b2858,phraCTO LLC
Mr-IT,,ACT-00148235,,Mr-IT
LTI Information Technology,,ACT-00245547,5a0c837efc06d0d6c68b45a6,LTI Information Technology
Dental Technology Inc,,ACT-00138053,669ebcf4404b3d2a87031de8,Dental Technology Inc
Stargel Office Solutions dba Star Managed Services,,ACT-00019342,,Stargel Office Solutions dba Star Managed Services
WayTek,,ACT-00237783,69dcf5d873298cd5d905efc6,WayTek
Gnosis,,ACT-00065331,,Gnosis
Aztech Consulting Group,,ACT-00147327,69ce7640db2d17530a020b21,Aztech Consulting Group
Softengine,,ACT-00234872,5d83a2ff735748350435f515,Softengine
Nfc It (NFC/IT),,ACT-00033285,58050617b81b7761f68b4629,Nfc It (NFC/IT)
Fridell Solutions,,ACT-00091255,5f99e58d7a45de41d373a409,Fridell Solutions
Leaf,,ACT-00047995,,Leaf
"Harris Technology Services, LLC",,ACT-00265744,,"Harris Technology Services, LLC"
"AccessPoint Services, Inc",,ACT-00107414,5fe0c9100d21ea2fcb4a2ea4,"AccessPoint Services, Inc"
W Coast IT Group,,ACT-00057753,,W Coast IT Group
SoCo-IT,,ACT-00295940,6569fca07162b53393024204,SoCo-IT
Data Safe Services,,ACT-00196582,5aac39eb7bfd70ec6b8b458b,Data Safe Services
Carmichael Consulting Solutions,,ACT-00069316,,Carmichael Consulting Solutions
V2 Technology,,ACT-00065554,,V2 Technology
HMB TECH,,ACT-00216274,5e84c5f0404ad35ee8197396,HMB TECH
Frontline Networks,,ACT-00047854,677ca5f677294ad8dc03df1a,Frontline Networks
OZO Services,,ACT-00298604,,
Digicentric Inc.,,ACT-00116314,5f08ae190d21ea4d3111b227,Digicentric Inc.
TEKStrike,,ACT-00380848,,TEKStrike
Kishiyama Consulting + Fortify,,ACT-00017540,680bfa508ab025854f0a2054,Kishiyama Consulting + Fortify
External Systems USA Inc,,ACT-00274921,639ccd8ee6935f81b00a7554,External Systems USA Inc
"Sites Computer Resources, Inc",,ACT-00074806,675873e2c5752116a10f39fe,"Sites Computer Resources, Inc"
Megabyte,,ACT-00165704,,Megabyte
"Business Data Solutions, Inc.",,ACT-00246016,,"Business Data Solutions, Inc."
Magic IT Solutions,,ACT-00250527,,Magic IT Solutions
Computech,,ACT-00036410,,Computech
Serverli Inc,,ACT-00434501,6824982ad73a9904da0dafc2,Serverli Inc
Daemon Consulting,,ACT-00239459,6716984233194f689d0bc6ba,Daemon Consulting
JBR Computers,,ACT-00287583,697cfa6152c2015a9507a1a6,JBR Computers
"Data Byte, Inc",,ACT-00125296,64c2c4594014cc52eb0e9b4b,"Data Byte, Inc"
United Rolls,,ACT-00296319,662aa8748d6c6ce10901d39b,United Rolls
Tech Mesa,,ACT-00265196,,Tech Mesa
Singularity Solutions,,ACT-00246818,58c2b673f71b777b9c8b45a2,Singularity Solutions
RDE Technologies,,ACT-00245402,5c0592f26e16d66b1d8b4576,RDE Technologies
Nerd Crossing,,ACT-00073612,,Nerd Crossing
Sopinf Tech LLC,,ACT-00361750,66df6283276405e7da0ef318,Sopinf Tech LLC
Empoweritgroup,,ACT-00190453,5124efa270b34fe32900013b,Empoweritgroup
K & A Innovations LLC,,ACT-00290823,673de6301821622cb906f2a4,K & A Innovations LLC
Bank Five Nine,,ACT-00253224,611c25332582396b1a2bf3a3,Bank Five Nine
Inlet Technologies Ltd,,ACT-00228030,67f01d0af4ac4729b300cdde,Inlet Technologies Ltd
Concentric Integration,,ACT-00151723,5ec29603404ad33a975643d8,Concentric Integration
View On IT,,ACT-00199572,,View On IT
Norco Technologies Inc.,,ACT-00056394,5d2f6bcf404ad3185642b901,Norco Technologies Inc.
Rock I.T. Specialists Ltd,,ACT-00246372,,Rock I.T. Specialists Ltd
Client Solutions & Systems,,ACT-00125001,62ab99814ca7c9e3770c57da,Client Solutions & Systems
Insight Tech Advisors,,ACT-00099384,,Insight Tech Advisors
Inlet Technologies Ltd.,,ACT-00228030,,Inlet Technologies Ltd.
"Cook?s Computer Maintenance & Engineering, Inc.",,ACT-00070044,,"Cook?s Computer Maintenance & Engineering, Inc."
Progress I.T. Pty Ltd,,ACT-00164164,,Progress I.T. Pty Ltd
Skynet Broadband Pty Ltd,,ACT-00124965,661339e0457a3244970e0288,Skynet Broadband Pty Ltd
"Friona Industries, LP",,ACT-00106120,5e9f482d404ad31c98540596,"Friona Industries, LP"
Merrimac IT Services LLC,,ACT-00059776,5e70f7797357483b83079319,Merrimac IT Services LLC
Front Range Workplace IT,,ACT-00240166,61313e4680c5d40b767f8a68,Front Range Workplace IT
"WorldTech Management Solutions, LLC",,ACT-00031102,59a6c87cfc06d01a4c8b4588,"WorldTech Management Solutions, LLC"
Mailers Haven,,ACT-00298856,5a74d54a7bfd706e848b45a3,Mailers Haven
Good Karma Brands,,ACT-00043729,590a07e3301b776fad8b4569,Good Karma Brands
Hybrid ICT,,ACT-00246246,,Hybrid ICT
Servodata Services,,ACT-00287569,6446d65ae09e7600e408a641,Servodata Services
Blikbrein Pyn,,ACT-00270748,,Blikbrein Pyn
"Parrish Consulting Services, Inc.",,ACT-00420220,,"Parrish Consulting Services, Inc."
Chalvington Group,,ACT-00191501,,Chalvington Group
Cyber Fix Inc,,ACT-00203896,,
Homeport Electronics Inc,,ACT-00240097,60743ed4dea7a85ee50f0646,Homeport Electronics Inc
Grand Canyon Business Solutions,,ACT-00113749,59300735b81b773fe48b456f,Grand Canyon Business Solutions
SIERRA CONSULTING SERVICES,,ACT-00361955,,SIERRA CONSULTING SERVICES
Acora Ltd T/A Acora One,,ACT-00166004,,Acora Ltd T/A Acora One
Virtual Office Solutions,,ACT-00204392,5d486bfb404ad33ff348705b,Virtual Office Solutions
ElCiberTech,,ACT-00162878,69c2c323d59ff22d31089bee,ElCiberTech
Tech Check LLC,,ACT-00264705,65c126a85dc448b4f9040a54,Tech Check LLC
"BITS Consulting, LLC",,ACT-00198196,,"BITS Consulting, LLC"
Big Sur Technologies,,ACT-00133632,6439ab5939700749750094a9,Big Sur Technologies
Advanced Systems,,ACT-00195588,5dd6c62873574839d9550a96,Advanced Systems
W Coast IT Group (West Coast IT Group - 79865b),,ACT-00057753,5ec350eb404ad36371357d87,W Coast IT Group (West Coast IT Group - 79865b)
Synetek Solutions,,ACT-00073779,,
sierra-consulting-services,,ACT-00361955,62a50abec428b57cc10ccf96,sierra-consulting-services
Xpower-IT,,ACT-00171022,,Xpower-IT
Oil Country Computers,,ACT-00239557,,Oil Country Computers
Yon-Ka Paris US,,ACT-00295645,6577681f1ba38bb7c20a8a38,Yon-Ka Paris US
Tech Mesa (WMI Technical LLC),,ACT-00265196,61f181251e920b46351959f5,Tech Mesa (WMI Technical LLC)
Magic IT Solutions Ltd.,,ACT-00250527,6175c89d7277f71aa7732f74,Magic IT Solutions Ltd.
Circle cloud,,ACT-00194504,,Circle cloud
WINKIT,,ACT-00444856,,WINKIT
IT Ninjas,,ACT-00210515,,IT Ninjas
Network Dynamics,,ACT-00142623,5ffdb8c40d21ea09b731a98a,Network Dynamics
Development Service Group,,ACT-00256906,,Development Service Group
Indxlogic,,ACT-00286204,63fea92ebda99b832805ef14,Indxlogic
Intact Software (UK) Limited,,ACT-00182780,,Intact Software (UK) Limited
Pro Network Solutions,,ACT-00008478,,Pro Network Solutions
Beta Comp International,,ACT-00055400,656504630537e016510fe7ea,Beta Comp International
BCIT Solutions,,ACT-00267798,5756bb2db81b7765f08b4568,BCIT Solutions
Joker IT Consulting,,ACT-00060191,636407cd6c93a87e03071676,Joker IT Consulting
RCB,,ACT-00286710,639a43c8ad16c12cd00b1048,RCB
Lynx Technologies Inc.,,ACT-00013031,,Lynx Technologies Inc.
"Advanced Office Systems, Inc.",,ACT-00011729,59baf820faf311aae38b457d,"Advanced Office Systems, Inc."
Optimum Overwatch LLC,,ACT-00287648,649edb244f3eb9a0370ea226,Optimum Overwatch LLC
Uniag CoopÃ©rative,,ACT-00275259,6388a094de8db6e17d02ec78,Uniag CoopÃ©rative
KIS Technologies Inc.,,ACT-00224880,662fbe2abe2afcd4ac0f8274,KIS Technologies Inc.
CompuTant,,ACT-00233320,5e051d040d21ea387666205b,CompuTant
AD.Infogestion (dl@adinfogestion.ca),,ACT-00010658,5f7621390d21ea38b7295936,AD.Infogestion (dl@adinfogestion.ca)
Computeam,,ACT-00245535,,Computeam
Umbrella Technologies,,ACT-00208029,,Umbrella Technologies
Salco Solutions,,ACT-00084579,,Salco Solutions
OMT Veyhl,,ACT-00244986,5dbb0ad50d21ea0e0b1c799c,OMT Veyhl
"Hi-Impact Technology, Inc.",,ACT-00118656,58e66d39b81b77797d8b4576,"Hi-Impact Technology, Inc."
Flmakebusiness LLC,,ACT-00265683,67db1c1de7958a74c70658fa,Flmakebusiness LLC
Sonic Computing Technologies,,ACT-00234729,5d5ed69d735748459c49038c,Sonic Computing Technologies
Network Utilities,,ACT-00156122,,Network Utilities
Assured Technology Services,,ACT-00190660,,Assured Technology Services
OnPar Inc.,,ACT-00059547,5812404f301b77a5818b4570,OnPar Inc.
Microtel Systems Corp,,ACT-00099396,,Microtel Systems Corp
Software Solutions S.r.l.,,ACT-00225596,,Software Solutions S.r.l.
SUURV INC,,ACT-00245578,,SUURV INC
Soteria Technology Solutions PTY LTD,,ACT-00439918,67763f6cb95f5e00aa0ab5f6,Soteria Technology Solutions PTY LTD
BDR VOICE & DATA SOLUTIONS LTD,,ACT-00166537,,BDR VOICE & DATA SOLUTIONS LTD
Future Tek,,ACT-00238709,5db9db7b0d21ea1c106126cf,Future Tek
"Cintechs, LLC",,ACT-00000343,601c4148404ad3286112d6a5,"Cintechs, LLC"
"Creative Network Innovations, Inc",,ACT-00035761,605a8bd2c4e159660165a588,"Creative Network Innovations, Inc"
VersAlta Technology Solutions,,ACT-00268871,634f23ef3fa25f1c33088e66,VersAlta Technology Solutions
Zenzero Solutions Ltd,,ACT-00020131,,Zenzero Solutions Ltd
SuperHiTech,,ACT-00046694,61a7e938e51bef5f5c2929d8,SuperHiTech
Quick Fix Network,,ACT-00278157,672bb2d31822a9e9520fc8ee,Quick Fix Network
"Classic Office Systems, Inc.",,ACT-00076051,5ec57fba73574847881d6728,"Classic Office Systems, Inc."
Elite MSP,,ACT-00225842,5e27621b0d21ea62877a152a,Elite MSP
"St Aubin Technologies, Inc.",,ACT-00019470,63af46b019ff8117e9032f7a,"St Aubin Technologies, Inc."
Defender Services,,ACT-00269554,62f6abf0b1cf0a3ece054f4a,Defender Services
"Right Click, Inc (rightclick)",,ACT-00240105,5e8999e1404ad356f6351455,"Right Click, Inc (rightclick)"
Emit Reversing Time,,ACT-00253118,,Emit Reversing Time
Daffodil IT,,ACT-00035413,,Daffodil IT
Clarity Limited,,ACT-00043705,,Clarity Limited
DEXSTA FCU,,ACT-00089332,6242f6c22a2c2a1a843bcd3e,DEXSTA FCU
The Midtown Group,,ACT-00453229,698e3a3d332576fcee08da21,The Midtown Group
U Marketing IT LLC,,ACT-00461742,669819d3aefc3126d60e97c6,U Marketing IT LLC
MIS Support,,ACT-00016711,5e988bd9404ad349f33f150a,MIS Support
Rhesus inc (RHESUS INC (Partenaire),,ACT-00206449,5e5813910d21ea3e023c5b16,Rhesus inc (RHESUS INC (Partenaire)
Dot.Interactive BV,,ACT-00422776,,Dot.Interactive BV
Go Eco,,ACT-00287298,,Go Eco
Baleehoo Media Inc,,ACT-00298323,,Baleehoo Media Inc
"Compass Network Group, Inc.",,ACT-00154692,,"Compass Network Group, Inc."
Alpha Technologies,,ACT-00246776,,Alpha Technologies
Maine PC Solutions 5554,,ACT-00052414,642c767eb212fa7767017337,Maine PC Solutions 5554
Computer Solutions Texas,,ACT-00056089,595170b0301b77a9648b458a,Computer Solutions Texas
"Data Byte, Inc.",,ACT-00125296,,"Data Byte, Inc."
Symmetry-IT,,ACT-00058245,66625745fc2ca3b92508fb6b,Symmetry-IT
Mr Internet Systems,,ACT-00150224,60cba6b6a8c0d2366573c4f5,Mr Internet Systems
Avidon Health,,ACT-00267401,,Avidon Health
FSA Consulting,,ACT-00269195,62fb954e31c403ddb504c586,FSA Consulting
CFR Solutions LLC,,ACT-00216214,67f3e35196094207520be011,CFR Solutions LLC
EDGE IT CONSULTING Ltd,,ACT-00229194,,EDGE IT CONSULTING Ltd
Logix Data Products Inc,,ACT-00155171,66e1a6dd195d8977dc01095f,Logix Data Products Inc
Pure Tech Solutions LLC,,ACT-00119643,675064693a3f11f187051b1f,Pure Tech Solutions LLC
Dijital Majik Computer Clinic,,ACT-00293453,,Dijital Majik Computer Clinic
Mino IT Managed Services Pty Ltd,,ACT-00188612,661c776f0e7632221c0fe16a,Mino IT Managed Services Pty Ltd
IT Health Technologies LLC,,ACT-00391242,,
ETAN Tolling,,ACT-00128005,5e4bdfd7404ad347c86688d9,ETAN Tolling
Proficient Technologies,,ACT-00264935,632ca2b75a4aa10434010326,Proficient Technologies
OnSite Computer Solutions Inc,,ACT-00078846,,OnSite Computer Solutions Inc
Foster Klima,,ACT-00073080,638830060f02feb5ec041941,Foster Klima
"AI Crossroad, LLC",,ACT-00248856,5feb80c97a45de19a7611aa4,"AI Crossroad, LLC"
NV JFG SYSTEMS LLC,,ACT-00108136,,NV JFG SYSTEMS LLC
Efficium,,ACT-00336768,67407694ee0f5a35a80f8a7b,Efficium
MNGD Networks,,ACT-00264068,6164426323d07a77f2435009,MNGD Networks
Go2IT Group,,ACT-00149316,,Go2IT Group
Lynx Technologies,,ACT-00013031,5e20f6bf0d21ea6e3d541987,Lynx Technologies
Prestige IT 4 U,,ACT-00263364,617ae5541eca2c4892220a35,Prestige IT 4 U
TBS Electronics Inc,,ACT-00337172,66993db6106c57b82b0de9cc,TBS Electronics Inc
IntraSystems,,ACT-00240216,,IntraSystems
Entegrity Networks,,ACT-00169418,677bfec6866a04531e0dbdce,Entegrity Networks
Technology Services Co Llc (TECHNOLOGY SERVICES COMPANY),,ACT-00240127,5c3f7ebb6c031846078b4591,Technology Services Co Llc (TECHNOLOGY SERVICES COMPANY)
Southeastern Computer Associates LLC,,ACT-00133260,,Southeastern Computer Associates LLC
Zero-In,,ACT-00083287,,Zero-In
"Mirrored Storage, Inc.",,ACT-00186702,59dacfc17bfd70f7888b45e1,"Mirrored Storage, Inc."
Allegiance Computer Technologies,,ACT-00048726,6359dcbd4b45d5e5000ec158,Allegiance Computer Technologies
Madere Towing,,ACT-00052849,6606f475461a06bfe105c1ea,Madere Towing
Advantage IT Services,,ACT-00268464,65a94c512374e6962e08fc97,Advantage IT Services
Heartland Business Systems (Heartland Business Systems Global),,ACT-00223570,61ba724af55318561a6f4674,Heartland Business Systems (Heartland Business Systems Global)
"Excell It, Inc.",,ACT-00242862,62d8361b0ae517041b0f212a,"Excell It, Inc."
Nerd Crossing (Nerd Crossing SMB),,ACT-00073612,5c34ebb76e16d670238b456b,Nerd Crossing (Nerd Crossing SMB)
"Reliable Technology Solutions, LLC",,ACT-00078453,,"Reliable Technology Solutions, LLC"
Carson's Nut-Bolt & Tool Co.,,ACT-00260447,64dfcd52a1c482448800572b,Carson's Nut-Bolt & Tool Co.
"Ephesus Office Technologies, Inc",,ACT-00206307,,"Ephesus Office Technologies, Inc"
"Devout Consulting, LLC",,ACT-00360534,,"Devout Consulting, LLC"
Mile High Behavioral Health Care,,ACT-00107098,5e99c01a73574842a246e943,Mile High Behavioral Health Care
Secure SI,,ACT-00071156,59579655faf31122df8b45ef,Secure SI
Bucher Technologies,,ACT-00234623,,Bucher Technologies
Caffeinated Computer Consulting Inc.,,ACT-00084599,5e2f3733404ad3155c5e6c86,Caffeinated Computer Consulting Inc.
Thornfield Cyber,,ACT-00248102,5fef88c90d21ea149e4c0f14,Thornfield Cyber
"N&L Business Systems, Inc.",,ACT-00059319,628418309ad56b1b3d167749,"N&L Business Systems, Inc."
MCS Computer Support,,ACT-00269471,,MCS Computer Support
SolveIT Solutions,,ACT-00361170,696ea0fa641c490e2a04a15f,SolveIT Solutions
Blackhawk Bank & Trust,,ACT-00296888,665d394efa81ab8fa60c3ec8,Blackhawk Bank & Trust
Zenith Networks Ltd,,ACT-00125668,,Zenith Networks Ltd
Compass Network Group,,ACT-00154692,60c121a53eaa984384547de5,Compass Network Group
London Systems Ltd,,ACT-00018627,,London Systems Ltd
Rockford IT.,,ACT-00083874,6456838bd43f0429d202cdb9,Rockford IT.
Nova Flex,,ACT-00074123,6001d25e7a45de6b292d23aa,Nova Flex
Insight Tech Advisors (Insight Technical Advisors 42952),,ACT-00099384,5cc8bc1a735748658011d9f5,Insight Tech Advisors (Insight Technical Advisors 42952)
Cattle Tech Inc.,,ACT-00269251,63c8986513ef3f098d0bc7b6,Cattle Tech Inc.
Custom IT Solutions,,ACT-00201402,,Custom IT Solutions
Rx Technology,,ACT-00246798,5b76cc046c031890128b456a,Rx Technology
Rock Island/Milan School District 41,,ACT-00155805,639b87c86e959cac2c01a997,Rock Island/Milan School District 41
"Tech Guru Consulting, Inc",,ACT-00334256,6261d0eb701dd115863545b7,"Tech Guru Consulting, Inc"
Paragon Consulting Services Inc,,ACT-00073520,6258742b6626ed1bb54e610f,Paragon Consulting Services Inc
PROFESSIONAL INTEGRATIONS LLC,,ACT-00175037,61535e7376c1837e6561d6f7,PROFESSIONAL INTEGRATIONS LLC
"YanceyWorks, LLC",,ACT-00169623,55bbf5888507f976e98b4579,"YanceyWorks, LLC"
Guardian Microsystem,,ACT-00056889,,Guardian Microsystem
PCX,,ACT-00265923,687e5327b38cfe87b7018855,PCX
Automated Business Solutions-ABSNE,,ACT-00176514,59a93a58fc06d0b1a68b4584,Automated Business Solutions-ABSNE
Moon Computers Ltd,,ACT-00227718,,Moon Computers Ltd
"Intec Solutions, Inc.",,ACT-00053385,59f213e7faf3110ff48b459b,"Intec Solutions, Inc."
Judge Technology Solutions,,ACT-00239926,5e738df00d21ea5b9331ee6d,Judge Technology Solutions
Icon Computer Solutions,,ACT-00146558,6217856a28d26815ce731816,Icon Computer Solutions
Strategic Network Consulting Ltd (UK),,ACT-00178035,,Strategic Network Consulting Ltd (UK)
Unique Appliances,,ACT-00252258,65c28c127e21b4059b07a8ad,Unique Appliances
OnSite Computer Solutions Inc (OnSite IT),,ACT-00078846,5dc07c89735748762718bbea,OnSite Computer Solutions Inc (OnSite IT)
Custom IT Solutions NJ,,ACT-00201402,674dcedd01b62c24670f1d4a,Custom IT Solutions NJ
IT Care & Repair,,ACT-00001784,,
Cloudcover,,ACT-00010178,5a5e3c8cfc06d0d47f8b4579,Cloudcover
D3 Technologies,,ACT-00142426,,
Dato Technology Solutions,,ACT-00072379,5d56fe410d21ea878d2ac9b5,Dato Technology Solutions
Computer Doctor,,ACT-00051656,,Computer Doctor
Echoflare Managed Services,,ACT-00267993,62f57b3e77b437e7bd082108,Echoflare Managed Services
SouthBridge Consulting,,ACT-00062722,5e583f9b0d21ea2eac01ca79,SouthBridge Consulting
Pro Network Solutions 73a6,,ACT-00008478,6217ba43216f102781714ba5,Pro Network Solutions 73a6
"Sites Computer Resources, Inc.",,ACT-00074806,,"Sites Computer Resources, Inc."
Communication Systems Inc.,,ACT-00120841,62ec3e561edc8c1cf909e176,Communication Systems Inc.
NetworkPro Consultant,,ACT-00259326,69a090b980378fc58709b324,NetworkPro Consultant
"Tekswork, LLC",,ACT-00092065,6859cb821b0fea379f080d19,"Tekswork, LLC"
Fusion Dental,,ACT-00128068,5d44683a0d21ea3b272768be,Fusion Dental
LMT Computer Systems Inc. (LMT TECHNOLOGY Solutions),,ACT-00171250,5fff549d0d21ea4137405fe8,LMT Computer Systems Inc. (LMT TECHNOLOGY Solutions)
Tech Check,,ACT-00264705,,Tech Check
Little Big Tech Ltd.,,ACT-00264994,,Little Big Tech Ltd.
Cortexx Software,,ACT-00415996,6762d4c446ec3426280da1cc,Cortexx Software
TECHNITRICK (Partenaire),,ACT-00225398,5ad0cc01faf31122248b4582,TECHNITRICK (Partenaire)
NorthFork Technologies LLC,,ACT-00266290,,NorthFork Technologies LLC
"ReppertFactor, LLC.",,ACT-00136759,5ed96d5d404ad306c407ac84,"ReppertFactor, LLC."
Merrimac IT Services,,ACT-00059776,,Merrimac IT Services
LMT Computer Systems Inc.,,ACT-00171250,,LMT Computer Systems Inc.
AWD,,ACT-00080075,,AWD
Utah Tech Repair,,ACT-00418625,67ad205d168c138dfe0d4ada,Utah Tech Repair
1-UP IT Consulting,,ACT-00208999,5e2b15b4404ad30e406177e9,1-UP IT Consulting
NXT IT Solutions,,ACT-00071766,6711abd6d73ea4f4120efdf8,NXT IT Solutions
Burton & Co (Burton &amp; Co),,ACT-00265860,61f006ccbab3052ac95d1d95,Burton & Co (Burton &amp; Co)
Accelerated IT Inc.,,ACT-00361914,,Accelerated IT Inc.
COMHOME Network Solutions (Comhome Technology Solutions),,ACT-00023310,6013055b7a45de1c9b30cd94,COMHOME Network Solutions (Comhome Technology Solutions)
"Wilson Technology Group, Inc.",,ACT-00186050,,"Wilson Technology Group, Inc."
The Summit Group,,ACT-00205788,,The Summit Group
Airx Climate Solutions,,ACT-00264115,66c785ea847cae452a049ad6,Airx Climate Solutions
AlphaKOR Group Inc,,ACT-00246173,60a54396bc3eec1e4072bbd7,AlphaKOR Group Inc
"Kishiyama Consulting, Inc.",,ACT-00017540,,"Kishiyama Consulting, Inc."
Veritas IL (Veritas Association Management),,ACT-00245896,60dc80fa39940e752b6ed4d4,Veritas IL (Veritas Association Management)
Technifirma,,ACT-00459657,,Technifirma
KORE Power,,ACT-00361353,671feee770ebcf38e00f12aa,KORE Power
Dental IT Corp (Dental IT Corporation),,ACT-00267134,628292330a1a031f6257cf69,Dental IT Corp (Dental IT Corporation)
numÃ©risecure,,ACT-00455932,68de9fdcb4088c7e270899ef,numÃ©risecure
1311339 Ontario Limited O/A Onit,,ACT-00133429,,
Akan Technologies,,ACT-00455079,,Akan Technologies
PCS Medical Solutions,,ACT-00120399,57dac064301b771c4b8b4645,PCS Medical Solutions
"We Are Stardust, LP",,ACT-00296631,,"We Are Stardust, LP"
Sure Systems Ltd,,ACT-00020300,68daefcb853d6b9dd20e4d8a,Sure Systems Ltd
Transnet Communications,,ACT-00266248,,Transnet Communications
Scout IT Systems,,ACT-00260429,674f35d9570ab319390baeaa,Scout IT Systems
ComTech Network Solutions,,ACT-00246018,5ec2c94f404ad306095c7c67,ComTech Network Solutions
North Country Business Products,,ACT-00235743,5d4d99d6404ad3881604baa6,North Country Business Products
FoxNet Solutions,,ACT-00246139,31083,FoxNet
"FPA Technology Services, Inc.",,ACT-00153573,21002,VC3
"Framework IT, LLC",,ACT-00030259,18984,"Framework IT, LLC"
Frank Miller Lumber Company,,ACT-00245876,-,Frank Miller Lumber Company
Galaxie Business Equipment Inc.,,ACT-00168953,,"Galaxie Business Equipment, Inc."
Genesis BCS,,ACT-00247720,20834,Genesis BCS
Gershow Recycling,,ACT-00270710,29684,Gershow Recycling
GFI Digital,,ACT-00094459,20371,GFI Digital
GiaSpace Inc,,ACT-00144334,3387,GiaSpace INC.
Glenbrook Automotive,,ACT-00027161,25384,Glenbrook Automotive Group
Golden West Technologies,,ACT-00179568,19020,Golden West Technologies
Goliad County,,ACT-00276342,,Goliad County
Greystone Technology,,ACT-00009188,531,Greystone Technology Group
Grid4 Communications,,ACT-00057747,17199,Grid4 Communications
GURU,,ACT-00041946,23824,"GURU, Inc"
H5 Networks,,ACT-00096021,26961,Hoop5 Networks
Harbor IT,,ACT-00227433,26707,"Noynim, Inc"
Harris Technology Services,,ACT-00265744,23878,"Harris Technology Services, LLC"
Hashtech Managed IT Services,,ACT-00115988,11300,"AAA Business Systems, Inc."
ConnectWise - APAC,,-,-,-
ConnectWise Inc,,Internal Account,-,Internal Account
ConnectWise Sandbox,,Internal Account,-,Internal Account
"ConnectWise, LLC",,Internal Account,-,Internal Account
Consilien LLC,,ACT-00066638,1978,Consilien LLC
ConXioN,,ACT-00213430,,ConXioN
"CorCystems, Inc",,ACT-00035758,26551,"CorCystems, Inc."
"Corporate Technical Services, Inc.",,ACT-00069026,-,Corporate Technical Services
CoventBridge Group,,ACT-00061320,29392,CoventBridge Group
Crimson It Services,,ACT-00210731,19044,Crimson IT
Cross Sound Ferry,,ACT-00252144,25471,Cross Sound Ferry
CWL Systems,,ACT-00184685,15052,Cwl Systems
Cyber Advisors Inc,,ACT-00224068,24522,Cyber Advisors Inc.
CyberSheath,,ACT-00200294,23225,CyberSheath
Cyberstreams,,ACT-00132703,17321,CyberStreams
Daemen ICT,,ACT-00024154,15890,Daemen Networking ICT Solutions
Datec (Fiji) Pte Limited,,ACT-00129910,-,Datec (Fiji) Pte Limited
"Decian, Inc.",,ACT-00176472,25482,Decian Inc
Turner Teleco of Alexandria,,ACT-00012919,7913,Turner Teleco Alexandria
"TurnKey Solutions, LLC",,ACT-00021518,,"Turn Key Solutions, LLC"
TWC INC,,ACT-00067031,23292,TWC INC
Twin Networks,,ACT-00209639,,"Twin Networks, Inc."
TXINetworkSystemsInc,,ACT-00240546,1747,TXINetworkSystemsInc
U.S. Computer Connection,,ACT-00169700,,USCC
Ubiquitous Computer Consultants,,ACT-00191906,1050,Ubiquitous Computer Consultants
UBIQUITY LTd,,ACT-00141273,6638,UBIQUITY
UBQT inc,,ACT-00097861,24608,Ubqt
Ultimate Communications,,ACT-00295984,,Ultimate Communications
Umlaut IT Pty Ltd,,ACT-00020858,,Umlaut IT Pty Ltd
Unified IT Services LLC,,ACT-00110321,11680,Unified IT Services LLC
Unified Network Group,,ACT-00187054,,Unified Network Group
Unique IT Pro,,ACT-00187255,18341,Unique IT Pro
United Data Technologies Inc,,ACT-00197910,,United-UK Technology
United Datacom Networks,,ACT-00165050,19283,"United Datacom Networks, Inc."
United UK,,ACT-00197910,16647,United-UK Technology
Unitel Inc,,ACT-00227356,6643,Unitel Inc
Universal AVIT,,ACT-00151460,16651,Universal Avit
"University PC Care, Inc.",,ACT-00175909,,"University PC Care, Inc."
Unleashed,,ACT-00072095,17397,Unleashed IT Ltd
"Urban Computing, Inc.",,ACT-00141329,14705,"Urban Computing, Inc."
User Friendly Computing Ltd.,,ACT-00113665,16096,USER FRIENDLY COMPUTING LTD
V INFOSYS INC,,ACT-00051632,19569,V INFOSYS INC
VADA Technologies,,ACT-00112834,5581,vada technologies
Value Centered Solutions Inc,,ACT-00238072,,Value-Centered Solutions Inc.
Value IT Consulting,,ACT-00198616,,Value IT Consulting
Valueforge Inc,,ACT-00079944,1750,Valueforge Inc
Vann Data,,ACT-00170532,995,"Vann Data Services, Inc"
VC3 Inc,Ingram Micro,ACT-00153573,,VC3
VDI Communications Inc,,ACT-00128980,10435,VDI Communications Inc
Velocitii,,ACT-00072078,,Velocitii
Velvet Systems Pty Ltd,,ACT-00013511,,Velvet Systems (Bluechip Infotech Pty Ltd)
Venture Pointe,,ACT-00246832,,Venture Pointe
VentureNet Inc,,ACT-00131928,,vnet
"Verified Technologies, Inc.",,ACT-00032932,,verifiedtech
Vermont Connections,,ACT-00036308,23027,VTC Tech
Vertical IT,,ACT-00160638,1814,Vertical IT
Vertigo Systems,,ACT-00197919,13556,Vertigo Systems
Vertisys,,ACT-00105948,,vertisys
Verus Cloud Secure,,ACT-00208872,,verusgroup
viaTech Global,,ACT-00057474,17947,viaTech Global
Vicinity Group LLC,,ACT-00286584,,"Vicinity Group, LLC"
VIcom Virginia Integrated Communications,,ACT-00187986,,VIcom Virginia Integrated Communications
VIcom Virginia IntegratedCommunications,,ACT-00187986,,VIcom Virginia Integrated Communications
Victorious IT,,ACT-00173734,24971,Victorious IT
Viener4Gates,,ACT-00122074,2522,Viener Consulting Inc
Viewdata Computing Ltd,,ACT-00233643,19164,Viewdata Computing Ltd
Vighetto Networking Inc.,,ACT-00110097,31273,Vighetto Networking Inc
Vigo Software Ltd,,ACT-00147862,,Vigo Software Ltd
Vine IT,,ACT-00122747,14194,VineIT
Virginia Business Systems,,ACT-00174716,18253,Virginia Business Systems
Virtual Bookkeeping,,ACT-00033669,,Virtual Bookkeeping
Virtual Networking,,ACT-00060184,14707,Think Cloud
Virtual Networking Managed Services UK,,ACT-00206431,,Virtual IT Group
Virtual Office Solutions,,ACT-00206431,,Virtual IT Group
Virtual Support Teks,,ACT-00153546,24552,Virtual Support Teks
Virtual Team Technology,,ACT-00206431,,Virtual IT Group
Virtual World Technologies,,ACT-00206431,,Virtual IT Group
VirtualTechnologyServices,,ACT-00165664,20616,Virtual Technology Services Ltd
Vision 118 dba Team Office Tech,,ACT-00242576,8252,Vision 118 dba Team Office Tech
Vision of Hope,,ACT-00035341,17179,Vision & Hope
Vision Technology Group,,ACT-00240119,,"Vision Technology Group, LLC"
Visionary Systems,,ACT-00457142,,Visionary Systems
Vista IT Systems,,ACT-00189753,,Vista IT Systems
VistaTech Instant IT Helpdesk,,ACT-00130900,12894,Vista Tech Computers
vIT4u Ltd,,ACT-00238970,,VIT4U Ltd
Vivitec,,ACT-00077056,13333,Vivitec
VLInteractive,,ACT-00151227,,VLInteractive
VoiceVerge Inc,,ACT-00202912,4641,VoiceVerge Inc
Voltkix Corporation,,ACT-00131227,11133,Voltkix Business Solutions AKA KHESolutions
"Voyager Technologies, Inc.",,ACT-00142663,,"Voyager Technologies, Inc."
"VPLS, Inc.",,ACT-00012436,,VPLS Solutions
vsystems,,ACT-00114095,,vsystems
Walshtecs Inc,,ACT-00110907,18592,WalshTecs Inc
Warrior Network Solutions,,ACT-00092176,20971,Warrior Network Solutions
Warwick Inc.,,ACT-00201986,14999,Warwick Communications
Wavehill IT,,ACT-00106371,500000382,Wavehill IT Solutions
WayTek,,ACT-00237783,,WayTek
"WCA Technologies, Inc.",,ACT-00092056,,wcatech
"WDCS, Inc.",,ACT-00188908,,"WDCS, Inc."
"Webetek, Inc.",,ACT-00034035,17279,Webetek
"Webroot, Inc.",,ACT-00042351,13296,Webroot Inc.
websetukltd,,ACT-00192690,15192,Websetuk Ltd
"Welch & Company, Inc.",,ACT-00235049,,welchco
West Carolina Telephone,,ACT-00189530,,West IP Ltd
West County Computers,,ACT-00189530,,West IP Ltd
West IP Ltd,,ACT-00189530,17692,West IP Ltd
West Sound Data Solutions,,ACT-00003871,7587,west sound data solutions
West Wales Systems,,ACT-00189530,,West IP Ltd
Westtek Solutions Limited,,ACT-00041294,7497,Westtek Solutions Ltd
Wheelhouse IT,,ACT-00067995,,Wheelhouse IT
Whidbey Tech SOlutions,,ACT-00031198,,Whidbey Tech Solutions
"WHOLISTIC COMPUTERS, LLC",,ACT-00259766,,"Wholistic Computing Solutions, LLC"
Wholistic Computing,,ACT-00259766,24835,"Wholistic Computing Solutions, LLC"
Wilcox & Flegel Oil Company,,ACT-00154397,,Wilcox & Flegel Oil Company
Wilkin & Guttenplan,Ingram Micro,ACT-00151708,,Wilkin & Guttenplan
William Jarrod Partnership Ltd,,ACT-00055917,,William Max & Co
William Max & Company,,ACT-00055917,,William Max & Co
Willow Bend Systems,,ACT-00011605,,Willow Bend Systems
Wilson and Associates PC,,ACT-00174066,14532,"Whole IT Solutions dba Wilson and Associates, PC"
Windward Networks,,ACT-00133087,,windward
Winet Ltd,,ACT-00050988,16532,Winet Ltd
Wired Solutions,,ACT-00246822,23200,Wired Direct
Wisch Network Consulting,,ACT-00206814,17946,Wisch Network Consulting
Wood Networks,,ACT-00051663,438,Wood Networks
WordSource,,ACT-00099638,9935,WordSource
Worksighted Inc,,ACT-00140085,,Worksighted Inc
"WorldTech Management Solutions, LLC",,ACT-00031102,,"WorldTech Management Solutions, LLC"
WP Computers Inc.,,ACT-00223582,28533,WP Computers
WRIGHTCORE INC,Ingram Micro,ACT-00246672,,WrightCore Inc.
Wyvern Business Systems Ltd,,ACT-00097065,,Wyvern Business Systems
Xanthe Technology Systems Inc,,ACT-00208565,7171,Xanthe Technology Systems Inc
Xantip,,ACT-00189738,15128,Xantip
Xceed Networks,,ACT-00132718,590,"Xceed Networks, LLC"
XCy Pty Ltd,,ACT-00243271,,xcy
Xsys Inc.,,ACT-00150550,,xsys
Xyber Solutions,,ACT-00020657,,Xyber Solutions Pty
Xydom Technologies Ltd.,Ingram Micro Canada,ACT-00229508,,Xydom Technologies Ltd.
YlemLtd,,ACT-00009208,16992,Ylem Ltd
Yor Health,,ACT-00201342,,Yor Health
You Must Be Lost,,ACT-00267658,27291,You Must Be Lost
Young Systems,,ACT-00228658,,Young Systems Corporation
"Your Simple IT, Inc",,ACT-00061597,19713,YourSimpleIT
YourNewDesktop,,ACT-00181218,,YourNewDesktop
Z-Tech Associates,,ACT-00011954,,ztechnet
Zaphyr Technologies,,ACT-00138191,2951,Zaphyr Technologies LLC
ZBRELLA Technology Consulting,,ACT-00236582,2630,ZBRELLA
ZephyrNetworks,,ACT-00241779,2517,Zephyr Networks
Zinc LLC,,ACT-00108012,4485,Zinc LLC
ZLan Partners,SEC through SBS (SBS HQ MITS),ACT-00118437,3609,SEC through SBS (SBS HQ MITS)
Zorris IT Solutions LLC,,ACT-00248069,,Zorris IT Solutions LLC
zuutech,,ACT-00222024,15388,Zuutech
Brownspider IT services,,ACT-00201434,,Brownspider IT services
Bryce Computers,,ACT-00010845,,Bryce Computers
BTI Communications Group Limited,,ACT-00189778,11287,"BTI Communications Group, Ltd"
BubbleIT,,ACT-00219909,15926,BubbleIT Solutions Limited
Bulletproof Infotech,Ingram Micro Canada,ACT-00239634,,Bulletproof InfoTech Inc.
Bulletproof InfoTech Inc.,,ACT-00150133,,BulletProof Systems
BulletProof Systems,,ACT-00150133,24058,BulletProof Systems
Bullseye Tech Support,,ACT-00110533,,Bullseye Tech Support
Burley Technology Solutions LLC,,ACT-00109269,21836,Burleytech
"Busch Consulting, Inc",,ACT-00048596,,"Busch Consulting, Inc."
"Business Communications, Inc.",,ACT-00082427,,"Business Communications, Inc."
BusinessWare,,ACT-00163824,12917,Businessware
Byte Link LLC,,ACT-00124040,15615,Byte Link LLC
Bytecafe Consulting Inc,,ACT-00063196,3270,Bytecafe Consulting Inc
C-Cured,,ACT-00094441,,c-cured consulting
"C3 Integrated Solutions, Inc.",Ingram Micro,ACT-00245545,11824,C3 Integrated Solutions
C6 Technology LLC,,ACT-00228581,16099,N8 Solutions LLC
CaffComm Systems Inc,,ACT-00297572,,CaffComm Systems Inc
Caislean Consulting Inc,,ACT-00118131,20064,Caislean Consulting Inc
CalAV Inc,,ACT-00216932,,"CalAV, Inc"
Calculated Research and Technology,,ACT-00221426,13844,Calculated Research and Technology Inc
CalCyber,,ACT-00419674,30767,Calcyber
California Retina Consultants,,ACT-00065199,,California Retina Consultants
Cameron Park Computer Services,,ACT-00100535,665,Cameron Park Computer Services
"Canaan Technology, LLC",,ACT-00157524,15425,Canaan Technology
CannonBro IT LLC,,ACT-00102365,1917,AsceNT Technologies
CanWeb Internet Services Ltd.,TD Synnex Canada,ACT-00242304,,CanWeb Internet Services Ltd.
CAPE COASTAL COMPUTERS,,ACT-00021551,,Cape Coastal Computers
Cape Cod Computer Specialists,,ACT-00234776,,"Cape Cod Computer Specialists, LLC"
Capital Business Systems,,ACT-00083764,15056,Capital Business Systems
Capital Datacorp,,ACT-00238376,3083,"Wicklund IT Consulting, LLC"
"Capitol Idea Technology, Inc.",,ACT-00022545,,"Capitol Idea Technology, Inc."
Captain Enterprises LLC,,ACT-00263538,,Captain Enterprises LLC
Care network Health,,ACT-00249051,,Care network Health
CarefreeIT,,ACT-00061201,,CarefreeIT Ltd.
CARING INFOTECH,,ACT-00163557,13037,Caring InfoTech
Carter Computer Solutions Inc,,ACT-00123189,,carter computer solutions
Caspian IT Group,,ACT-00004198,,Caspian IT Group
"Cassid, LLC.",,ACT-00245258,14526,"Cassid, LLC"
Cave Computer Solutions,,ACT-00085262,,Cave Computer Solutions
CCS Networks,,ACT-00098821,2892,CCS Business Solutions
CCS Technology Group,,ACT-00146690,,"CCS, Inc"
CCTS IT Solutions,,ACT-00203258,18060,OneCloud IT Solutions
CDK Global Dealer IT Solutions,,ACT-00238014,9961,CDK Global Dealer IT Solutions
Cederblom Associates LLC,,ACT-00181658,2640,CMS Consulting/Cederblom
CEI Group,,ACT-00037056,21209,CEI Group
cenetron,,ACT-00162487,,cenetron
Centra Networks,,ACT-00234742,19379,Centra Networks
Central Business Systems New York,,ACT-00021513,,Central Business Systems-NY
"Central Business Systems, Inc.",,ACT-00048740,15719,"Central Business Systems, Inc"
"Central Coast Solutions, Inc.",,ACT-00220683,16197,"Central Coast Solutions, Inc."
Central Computer Distribution (CCD) DBA Hi-Tech Distribution,,ACT-00021513,,Central Business Systems-NY
Cerebral IT Services,,ACT-00104544,,Cerebral IT Services
Certified CIO,,ACT-00004438,,Certified CIO
CetSat,,ACT-00193189,,CETSAT
"Charles IT, LLC",,ACT-00167031,9263,Charles IT
Cheeky Munkey,,ACT-00180592,15276,Cheeky Munkey
Chelsea Technologies,,ACT-00233914,309,Chelsea Technologies
Cherry Bekaert,,ACT-00188394,,Cherry Bekaert Advisory LLC
Chicago Info Tech,,ACT-00128187,5641,Chicago Info Tech
Children and Teen Dental,,ACT-00275370,,Oak Dental Partners
Chris Humphrey Office National,,ACT-00064045,14930,Chris Humphrey Office National
CHS Networks Limited,,ACT-00084560,,CHS Networks Limited
CIO Main Street Managed Services,,ACT-00087785,10443,CIO Main Street
Circulent,,ACT-00158396,,Circulent
Cirrus Up,,ACT-00058582,,cirrusup
Citadel Blue,,ACT-00178951,3961,Citadel Blue
citadeltcs.com,,ACT-00221805,,CitadelTCS
"Citoc, inc.",,ACT-00240238,,"CITOC, Inc."
City Network,,ACT-00156111,,City Network
CKS Business Solutions,,ACT-00064595,7713,CKS Business Solutions
ClareComputer,,ACT-00091251,23,Clare Computer Solutions
Clark Computers Ltd t/a Clark Integrated Technologies,,ACT-00134384,17803,Jera IT Limited
Clarkson Evans Ltd,,ACT-00194045,,Clarkson Evans Ltd
Clear Concepts,,ACT-00110996,,Convergence Networks
"Clear Connection,Inc",,ACT-00237238,,Cleartech
Clear Guidance,,ACT-00237081,,Clear Guidance
"Clear Link Systems, Inc",,ACT-00063833,,"Clear Link Systems, Inc"
Clear Perceptions Graphics Inc,,ACT-00199674,10115,Clear Perceptions Graphics Inc
Cleartech Solutions,,ACT-00237238,9528,Cleartech
Cloud 9 PBX,,ACT-00239043,,Cloud 9 PBX
Cloud and More,,ACT-00253411,21256,Cloud & More
Cloud Business Technology,,ACT-00151844,,cloudIT
Cloud VBS,,ACT-00053440,,Cloud VBS
Cloud9 TechSolution Ltd T/AInfologic IT,,ACT-00086209,,Infologic IT
Cloudelligent,,ACT-00019607,,Cloudelligent
CloudHance,,ACT-00135849,12462,CloudHance
Cloudience,,ACT-00237226,13877,Cloudience
cloudIT,,ACT-00151844,,cloudIT
CloudMatters,,ACT-00000005,500000772,CloudMatters IT Solutions LTD
CMC Network Solutions,,ACT-00013052,,cmcns
"CMI Services, LLC",,ACT-00139115,,"CMI Services, LLC"
CMIT Headquarters,CMIT Headquarters,ACT-00174754,214,CMIT Headquarters
Cmit Sol Of San Diego North,,ACT-00174754,,CMIT Headquarters
CMIT Solutions,CMIT Headquarters,ACT-00291377,26788,CMIT Solutions of Oakland North & Walnut Creek
CMIT Solutions - Houston West,,ACT-00174754,,CMIT Headquarters
CMIT Solutions Conyers,,ACT-00174754,,CMIT Headquarters
CMIT Solutions Jacksonville SW,,ACT-00174754,,CMIT Headquarters
CMIT Solutions Las Vegas,,ACT-00174754,,CMIT Headquarters
CMIT Solutions Northern Shenandoah Valley,CMIT Headquarters,ACT-00291863,26871,CMIT Solutions of Northern Shenandoah Valley
CMIT Solutions Northwest MetroDetroit,,ACT-00174754,,CMIT Headquarters
CMIT Solutions of Anaheim West,CMIT Headquarters,ACT-00240781,18151,CMIT Solutions of Anaheim West
"CMIT Solutions of Ann Arbor, Plymouth and Novi",CMIT Headquarters,ACT-00240739,17939,CMIT Solutions of Ann Arbor & Plymouth
CMIT Solutions of Appleton,CMIT Headquarters,ACT-00240764,1966,CMIT Solutions of Appleton
CMIT Solutions of Atlanta - North Perimeter,CMIT Headquarters,ACT-00245647,9959,CMIT Atlanta North Perimeter
CMIT Solutions of Atlanta Northeast,CMIT Headquarters,ACT-00245660,16176,CMIT Solutions of Atlanta Northeast
CMIT Solutions Of Austin Central,CMIT Headquarters,ACT-00245692,16837,CMIT Solutions of Austin Central
CMIT Solutions of Austin Downtown and West,CMIT Headquarters,ACT-00240774,2231,CMIT Solutions of Austin Downtown and West
CMIT Solutions of Austin East,CMIT Headquarters,ACT-00245676,19472,CMIT Solutions of Austin East
CMIT Solutions of Austin Southwest,CMIT Headquarters,ACT-00245695,9880,CMIT Solutions of Austin Southwest
CMIT Solutions of Baltimore County,CMIT Headquarters,ACT-00245629,11460,CMIT Solutions of Baltimore County
CMIT Solutions of Bellevue Kirkland and Redmond,CMIT Headquarters,ACT-00245607,4764,CMIT Solutions of Bellevue Kirkland and Redmond
CMIT SOLUTIONS OF BILTMORE,,ACT-00174754,,CMIT Headquarters
CMIT Solutions of Birmingham South,CMIT Headquarters,ACT-00265244,22904,CMIT Solutions of Birmingham South
CMIT Solutions of Boston,CMIT Headquarters,ACT-00245641,5396,CMIT Solutions of Cambridge
"CMIT Solutions of Boston, Newton, Waltham",CMIT Headquarters,ACT-00240751,19166,"CMIT Solutions of Boston, Newton, Waltham"
CMIT Solutions of Brentwood and Franklin,CMIT Headquarters,ACT-00245603,17516,"CMIT Solutions of Nashville, Southwest-Franklin"
CMIT Solutions of Brighton Thornton,CMIT Headquarters,ACT-00245618,19177,CMIT Solutions of Brighton/Thornton
CMIT Solutions of Brooklyn North,,ACT-00174754,,CMIT Headquarters
CMIT Solutions of Capitol Hill,CMIT Headquarters,ACT-00240255,18238,CMIT Solutions of Capitol Hill
CMIT Solutions of Carlsbad,CMIT Headquarters,ACT-00245677,19836,CMIT Solutions of Carlsbad
CMIT Solutions of Carrollton,CMIT Headquarters,ACT-00296367,27333,CMIT Solutions of Carrollton
CMIT Solutions of Cary-Apex,CMIT Headquarters,ACT-00245666,17868,CMIT Solutions of Cary-Apex
CMIT Solutions of Cedar Rapids,CMIT Headquarters,ACT-00245620,15436,CMIT Solutions of Cedar Rapids
CMIT Solutions of Central Bucks,CMIT Headquarters,ACT-00245670,7852,CMIT Solutions of Central Bucks
CMIT Solutions of Central Fairfield County 183,CMIT Headquarters,ACT-00245696,1024,CMIT Central Fairfield County 183
CMIT Solutions of Central Oregon,,ACT-00174754,,CMIT Headquarters
CMIT Solutions of Central Orlando 181,,ACT-00174754,,CMIT Headquarters
CMIT Solutions of Central Rhode Island 132,CMIT Headquarters,ACT-00240765,301,CMIT Central Rhode Island 132
CMIT Solutions of Central Union County,CMIT Headquarters,ACT-00245608,7478,CMIT Solutions of Central Union County
CMIT Solutions of Chapel Hill,CMIT Headquarters,ACT-00245639,15161,CMIT Solutions of Chapel Hill
CMIT Solutions of Cherokee Forsyth,CMIT Headquarters,ACT-00240742,17667,CMIT Solutions of Northwest Georgia
CMIT Solutions of Cherry Hill,CMIT Headquarters,ACT-00245610,8447,CMIT Solutions of Cherry Hill
ENT of Georgia,,ACT-00249706,-,ENT of Georgia
ePossible,,ACT-00075958,19640,"E-possible, inc."
ES Consulting,,ACT-00028723,21526,ES Consulting
EuGenius Solutions,,ACT-00084733,28975,Eugenius
Excite Consulting,,ACT-00289605,26427,Excite Consulting
"Exigent Technologies, LLC",,ACT-00140776,-,"Exigent Technologies, LLC"
Expedient Technology,,ACT-00181061,27076,Expedient Technology Solutions
Fenix 24 Inc,,ACT-00066609,-,Fenix 24 Inc
FeraDyne Outdoors,,ACT-00268296,,Feradyne outdoors
Fernco Inc,,ACT-00278420,29404,Fernco Inc
Ferrara IT Services LLC,,ACT-00125849,17383,"Ferrara IT Services, LLC"
Fireblade-IT,,ACT-00148976,21107,Fireblade-IT
First Equipment Company,,ACT-00113852,7735,First Equipment Company
FIT Network,,ACT-00084387,21548,FitNetworks
FIT Solutions,,ACT-00245381,10255,Freedom IT Solutions
Fitzrovia I.T. Limited,,ACT-00018227,20336,Fitzrovia IT
Five Rivers IT,,ACT-00151042,19214,Five Rivers IT
Flagship Lab Services LLC,,ACT-00045388,6500,Flagship Lab Services LLC
Fluid IT Ltd,,ACT-00122234,500000063,Fluid IT
"Forthright Technology Partners, Inc.",,ACT-00225160,17564,"Forthright Technology Partners, Inc."
Towner Communications,,ACT-00249572,-,
Data Fast Solutions,,ACT-00021247,24897,
JWS Solutions,,ACT-00084813,,
Your IT Department,,ACT-00222035,20452,
PC Solutions,,ACT-00084737,24426,
J&S Advanced I.T.,,ACT-00125530,15229,
Community Action Partnership Huntsville / Madison,,ACT-00142478,,
Elevity IT,,ACT-00238028,10330,
Infinity Group / France,,ACT-00064853,27054,
New Level Technology,,ACT-00152102,,
Simplified Business Solutions,,ACT-00165023,23587,
N1Discovery LLC,,ACT-00037128,27795,
Five Rivers IT,,ACT-00151042,19214,
Turner Teleco - Alexandria LA,,ACT-00012919,7913,
Prevos Solutions,,ACT-00185511,25316,
Sterling Technology Solutions,,ACT-00131379,30165,
Enhanced Computing Solutions,,ACT-00215787,28661,
KAB Computer Services LLC,,ACT-00074333,28550,
Extech Ltd (1010936),,ACT-00095923,500000207,
Trimble Networks Pty Ltd,,ACT-00171731,28502,
Kezber,,ACT-00056015,22647,
Harwood International Corp.,,ACT-00067264,21194,
RAD Group,,ACT-00048901,500000723,
Catapult Tek,,ACT-00146523,19793,
Merit Technology Consultants,,ACT-00069243,19226,
Eugenius,,ACT-00084733,,
Cattle Tech Inc,,ACT-00269251,24866,
Premier Technology LLC,,ACT-00066446,-,
Resonant Technology Partners LLC,,ACT-00171734,-,
BluWave,,ACT-00119428,24752,
Simple Works IT,,ACT-00237043,25529,
Custom Solutions,,ACT-00180877,-,
Vision Lab,,ACT-00080715,300000306,
Vermeer Heartland,"Harmonity Technologies, LLC",ACT-00239679,-,
Staley Technologies – Cyber & Managed IT Services (HoganTaylor),,ACT-00175494,,Staley Technologies ? Cyber & Managed IT Services
Philantech3,,ACT-00230842,,Philantech3
Origami Technology Group,,ACT-00151761,,
Network Design Systems,,ACT-00132533,-,
Virtual Communication Specialists 1,,ACT-00246010,29175,
Clementech,,ACT-00296777,27524,
Digidogtech,,ACT-00188658,500000205,
"Blough Tech, Inc.",,ACT-00133656,21185,
Scout Energy Partners,,ACT-00000040,30583,
Computeam,,ACT-00245535,26378,
Focus Technology Solutions Ltd,,ACT-00137254,23111,
Desert IT Solutions /1,,ACT-00057174,,
Promethius Consulting,,ACT-00149467,28179,
Libra ICT,,ACT-00237872,21507,
Trahan Computer Tech,,ACT-00073070,24127,
Motion 3 Technology LLC,,ACT-00079178,24288,
ROCC Computers Ltd,,ACT-00039411,500000508,
"HRI Properties, LLC",,ACT-00121826,33161,
Geecon IT Solutions,,ACT-00275378,500000135,
BB2 Technology Group,,ACT-00253088,23134,
Automated Business Products,,ACT-00174175,20476,
Nice-pak,,ACT-00239004,28373,
QIT Solutions,,ACT-00265920,27442,
ThreatAdvice,,ACT-00118650,32122,
ADECS-Maple,,ACT-00219799,17089,
Keystone Information Technology,,ACT-00103890,21354,
HCITSP,,ACT-00288784,26714,
Bellwether Technology Corporation,,ACT-00246770,24731,
Southwest Office Systems Inc,,ACT-00024717,10992,
"Harris Technology Services, LLC",,ACT-00265744,23878,
ArgoNet,,ACT-00170095,,
Technical drive limited,,ACT-00243291,500000182,
Computer FX,,ACT-00160507,,
Pivotal IT,,ACT-00188474,,
Titan Technology Partners,,ACT-00291628,26890,
CyberNET,,ACT-00459313,32925,
RMHT Solutions LLC,,ACT-00222306,29801,
Prime Tech Support,,ACT-00049535,23982,
Genone Technology Services Inc,TD Synnex Corp,ACT-00245995,-,
SHARKTOOTH NETWORKS INC,Ingram Micro,ACT-00153605,32232,
Achronix Semiconductor Corp,,ACT-00150615,,
"Ion Technology Group, LLC",,ACT-00059565,31813,
In-Telecom,,ACT-00246692,19794,
Computer FX,,ACT-00160507,28731,
ARGO-TECH Solutions Inc.,,ACT-00246643,20671,
PCPLUS NETWORKS1,,ACT-00121227,7224,
Community Action Partnership Huntsville / Madison,,ACT-00142478,-,
The Cloud Platform,,ACT-00208415,,
Commercial Networks LTD,,ACT-00107189,500001162,
POS Partners Inc,,ACT-00181522,,
Oscar Wilson Engine & Parts,,ACT-00318009,-,
BulletProof Systems,,ACT-00150133,24058,
The Learning Exchange,,ACT-00239688,,
Amangiri Resort & Villas,,ACT-00249577,32156,
Micro Computer Consulting Inc.,,ACT-00239637,,
SNS - Secure Network Services,,ACT-00216891,14677,
Lietz Development,,ACT-00153600,26965,
F8 Tech LLC,,ACT-00153596,26523,
BIZITSS,,ACT-00196565,10609,
MRL Network Solutions,,ACT-00050957,28443,
SecureTech,,ACT-00287953,26153,
Network Concern,,ACT-00138068,24512,
TheSoftwareConsultant,,ACT-00018351,24084,
Nex-Tech LLC,,ACT-00237849,16272,
Computer Heaven,,ACT-00191379,27962,
Blue Technologies Smart Solutions Inc.,,ACT-00168475,11915,
Baltnetos Komunikacijos,,ACT-00116583,,
Power Up Boston,,ACT-00191319,27192,
Capital Business Machines,,ACT-00110859,26053,
The Connected Office,,ACT-00253166,23773,
The Computer Doctors,,ACT-00243659,1658,
OPEN CLOUD MEDIA LTD,,ACT-00444743,500000838,
"Southeastern Security Professionals, LLC",,ACT-00056472,28618,
Krueger Communications,,ACT-00140142,25287,
DS Network Ltd,,ACT-00317023,28129,
Louisiana Eye & Laser,,ACT-00263923,,
Ashbury,,ACT-00288321,26077,
Fusion Factor Corporation,,ACT-00145015,5169,
Nuvex Solutions,,ACT-00188402,26906,
ENT Networks Inc,,ACT-00204987,17367,
"Sedona, Inc.",,ACT-00126432,6784,
Hanatechinc,,ACT-00084764,,
"Prosper IT, LLC",,ACT-00006386,21233,
Jilasoan,,ACT-00035439,27594,
Buddy Rents,,ACT-00186523,24120,
Prefix Technologies,,ACT-00207844,,
Carter Computer Consulting,,ACT-00099032,-,
BD Managed Services,,ACT-00120914,23372,
Netsource One Inc /1,,ACT-00037128,27795,
Maverick Gardner,,ACT-00275949,26542,
JointVue,,ACT-00257123,-,
Twin Pines Technology,,ACT-00263875,25808,
Karhu Cyber,,ACT-00289107,26423,
VIcom Virginia Integrated Communications,,ACT-00187986,,
Omni Technologies Alliance,,ACT-00161783,-,
ZenOps,,ACT-00119933,,
Fusion Factor Corporation,,ACT-00145015,-,
"Envision Technology Advisors, LLC",,ACT-00016529,-,
Bedford Regional Water Authority,,ACT-00287751,26218,
Xcellerate,,ACT-00227008,25826,
Cyber Total Solutions,,ACT-00459313,,CyberNET LLC
Itro (do not use),,ACT-00197497,,itro
Networking Technologies,,ACT-00059470,23259,Networking Technologies
NewGen Administrative Services,,ACT-00442208,31812,NewGen Administrative Services
North State Bank,,ACT-00270869,29793,North State Bank
Novatech,,ACT-00149048,19752,Nova Technology Solutions LLC
Ockers,,ACT-00236888,2495,Ockers Company
"Omni Data, LLC",,ACT-00108965,24139,Omni Data LLC
"On Line Support, Inc.",,ACT-00082455,20462,"On Line Support, Inc."
OneNet Global,,ACT-00214036,27551,OneNet Global
OnPar Technologies,,ACT-00059547,23705,OnPar Inc.
Original Consultants Ltd,,ACT-00252919,500000791,Original Consultants Ltd
Oryx Align Limited,,ACT-00188468,500001120,Oryx Align Ltd
Paradyn,,ACT-00171004,10930,Paradyn
Paronubi,,ACT-00117330,16658,Paronubi
PCnet (Syntrio),,ACT-00166059,26932,"Syntrio Solutions, LLC"
PEI,,ACT-00036103,22740,PEI
Pine Cove Consulting,,ACT-00117031,22832,Pine Cove Consulting LLC
Plains Internet DBA CPU Onsite,,ACT-00027780,15712,Plains Internet
TESYS Networks,,ACT-00221878,28537,Tesys Networks
The Apex Technology Group,,ACT-00131305,23782,ApexTechnologyCorporation
The Instillery Group Limited,,ACT-00134029,,The Instillery Group Limited
The Nine Minds Group LLC,,ACT-00296434,28621,The Nine Minds Group LLC
The Walker Group,,ACT-00141822,22732,The Walker Group
TOTLCOM INC,,ACT-00044142,10522,TOTLCOM Inc.
Town of Parker,,ACT-00127075,-,Town of Parker
TrueITPros,,ACT-00213909,5801,trueITpros
Truewater,,ACT-00072512,5837,"Truewater, LLC"
Turrito,,ACT-00148163,23102,Turrito Networks
TVGconsulting,,ACT-00055432,5444,TVGComputerConsultingCorpor
"TwinHats, LLC",,ACT-00150092,29168,TwinHats L.L.C
UberData Networks,,ACT-00407500,33186,UberData Networks
United Country Real Estate,,ACT-00268350,-,United Country Real Estate
V2 technology,,ACT-00065554,25168,V2 Technology
Vann Data Services Inc.,,ACT-00170532,995,"Vann Data Services, Inc"
Veerman ICT,,ACT-00118063,23483,Veerman ICT Services BV
kainenterprises,,ACT-00270954,,kainenterprises
"KeyNet Technologies, LLC",,ACT-00204086,,"KeyNet Technologies, LLC"
Keytel Systems,,ACT-00079066,,Keytel Systems
Kler Dental Group,,ACT-00117047,,Kler Dental Group
Lansafe Ltd,,ACT-00056214,,Lansafe Ltd
"Last Line Solutions, Inc.",,ACT-00021458,,"Last Line Solutions, Inc."
Legend Networking & Telecom,,ACT-00182006,,Legend Networking & Telecom
Leverage Technology Group,,ACT-00237047,,Leverage Technology Group
Lexcloud.ca Corp,,,,
Liberating Insight,,ACT-00188992,,Liberating Insight LLC
Light Industries Services Corporation,,ACT-00125682,,Light Industries Services Corporation
"Lionfield Technology Solutions, Ltd.",,ACT-00103525,,"Lionfield Technology Solutions, Ltd."
Lower Valley Water District,Environmental Intelligence LLC,ACT-00151175,,Lower Valley Water District
Luminate Home Loans,,ACT-00265541,,Luminate Home Loans
M3 networks,,ACT-00224711,,M3 Networks
MainSail Data,,ACT-00097838,,MainSail Data
McCarthy Technical Services,,ACT-00182772,,McCarthy Technical Services
"Micro Technology Group, Inc.",,ACT-00008149,,"Micro Technology Group, Inc."
MicroAge Chatham,,ACT-00235750,,MicroAge Chatham
Multi Parts Supply,,ACT-00237856,,Multi Parts Supply
NeoLore Networks Inc.,,ACT-00065960,,NeoLore Networks Inc.
"NERD""-""1""-""1 IT Consultants",,ACT-00138383,,NERD-1-1 IT Consultants
NERD-1-1 IT Consultants,,,,
Netbox Managed IT Services,,ACT-00079016,,Netbox Managed IT Services
"Netcetera, LLC",,ACT-00189870,,"Netcetera, LLC"
Netcomm,,ACT-00159808,,netcomm
Netessentials,,ACT-00055980,,Netessentials
Netmatters,,ACT-00186829,,Netmatters Ltd
Netranom Communications Inc.,,ACT-00007573,,netranom
Network PhD,,ACT-00119388,,Network PhD
New Technology Networks,,ACT-00037838,,New Technology Networks
Nextx Communications Inc.,Ingram Micro,ACT-00245571,,Nextx Communications Inc.
Noah Morrison,,ACT-00103409,,Noah Morrison
Nortech Data Services Ltd.,,ACT-00092949,,Nortech Data Services Ltd.
"Novus Insight, Inc.",Ingram Micro,ACT-00151801,,"Novus Insight, Inc."
Now IT Works,,ACT-00150247,,Now IT Works
NSR Business Solutions,,ACT-00024391,,NSR Business Solutions
OmniLogic,,ACT-00070263,,OmniLogic
"One Call PC Help, LLC",,ACT-00365619,,"One Call PC Help, LLC"
Oram Cybersecurity Advisors,,ACT-00129439,,Oram Corporate Advisors LLC
OrthoSC,,ACT-00071263,,OrthoSC
Outsource IT Inc.,,ACT-00246118,,Outsource IT Inc.
Pegasus Industries and Packaging,,ACT-00171583,,Pegasus Industries and Packaging
"Penn Information Technology, LLC",,ACT-00133972,,"Penn Information Technology, LLC"
Perfection PC,,ACT-00219597,,Perfection PC
Personalized Computers,,ACT-00085627,,Personalized Computers
Premier IT Support,,ACT-00057254,,Premier IT Support
ProLink IT,,ACT-00160677,,ProLink IT
Puma Capital,,ACT-00253379,,Puma Capital
"R""-""Computer",,ACT-00044239,,R-Computer
R-Computer,,,,
Redfire Technology Services,,ACT-00170192,,Redfire Technology Services
Redwood Group,,ACT-00094133,,Redwood Group
Resolution Technology,,ACT-00143178,,Resolution Technology
Rigidnet LLC,,ACT-00042139,,Rigidnet LLC
Rock Solid Computer Services,,ACT-00143675,,Rock Solid Computer Services
RockIT Ltd,,ACT-00043440,,RockIT Ltd
Rockwood Service Corporation,Quarterhorse Technology,ACT-00151262,,Rockwood Service Corporation
Roroe Consulting,,ACT-00102224,,Roroe Consulting
RTC Business Solutions,,ACT-00150836,,RTC Business Solutions
"SecureNetMD, LLC",,ACT-00069236,,SecureNetMD
SecureTech,,ACT-00043237,,SecureTech
Seifert Technologies,,ACT-00021656,,Seifert Technologies
Seimitsu,,ACT-00140579,,Seimitsu
Sentrian Pty Ltd,,ACT-00067466,,Sentrian Pty Ltd
"Sevaa Group, Inc.",,ACT-00235331,,"Sevaa Group, Inc."
Sheikh Brothers LLC.,,ACT-00358245,,Sheikh Brothers LLC.
"Shift IT Solutions, Inc.",,ACT-00246185,,"Shift IT Solutions, Inc."
Sikich LLP,,ACT-00028403,,Sikich LLP
Silbertech i.t. llc,,ACT-00066622,,Silbertech i.t. llc
Singularis IT LLC,,ACT-00214880,,Singularis IT LLC
Small Business IT Solutions,,ACT-00083806,,small Business IT Solutions
"Solerant, LLC",,ACT-00132696,,Enable Resource Group
"Solid Networks, Inc.",,ACT-00040048,,"Solid Networks, Inc"
Solution Builders INC,,ACT-00140133,,Solution Builders
SPG Digital Solutions,Ingram Micro Canada,ACT-00246129,,SPG Digital Solutions
Switch IT Support,,ACT-00022533,,Switch IT Support
Syngenius,,ACT-00174194,,Syngenius
Synogen Solutions LLC,,ACT-00177257,,Synogen Solutions LLC
"Sysarc, Inc.",,ACT-00125137,,"Sysarc, Inc."
SysTechNY,,ACT-00046476,,SysTechNY
"Szymanski Consulting, Inc.",,ACT-00021195,,"Szymanski Consulting, Inc."
"T4 Resources, Inc.",,ACT-00033586,,"T4 Resources, Inc."
Targeted Technologies LLC,,ACT-00091097,,Targeted Technologies LLC
TCC Software Solutions,,ACT-00049557,,TCC Software Solutions
Tech Tonics,,ACT-00043626,,Tech Tonics
TechFIT,TD Synnex Corp,ACT-00236890,,TechFIT
Technology Training Association,,ACT-00019945,,Technology Training Association
TekWise Solutions,,ACT-00239633,,TekWise Solutions
TG Consulting,,ACT-00137241,,TG Consulting
The Computer Doctors,,ACT-00243659,,The Computer Doctors
"The Dirks Group, LLC",,ACT-00143255,,"The Dirks Group, LLC"
The JC Dean Group,,ACT-00204059,,The JC Dean Group
The Learning Exchange,"Harmonity Technologies, LLC",ACT-00239688,,The Learning Exchange
The Tech Company,,ACT-00228265,,The Tech Company
Think Technology Advisors,Ingram Micro,ACT-00240089,,Think Technology Advisors
Tobin Solutions Inc.,,ACT-00014974,,Tobin Solutions Inc.
Tomizone,,ACT-00040752,,Tomizone
Total Computer Solutions,,ACT-00053413,,Total Computer Solutions
"Total Technology Resources, LLC",,ACT-00211922,,Total Technology Resources
Transnology Solution Inc,,ACT-00159361,,Transnology Solution Inc
TRG Networking,,ACT-00078433,,TRG Networking
TSM32 Pty Ltd,,ACT-00239336,,TSM32 Pty Ltd
UK/EMEA/ROW Legacy License Billing - **Please do not touch**,,,,
Umansky Automotive Group,,ACT-00079079,,Umansky Automotive Group
"Uptime Systems Canada, ULC (Lexcloud.ca Corp)",,ACT-00019704,,"Uptime Systems Canada, ULC"
VC3 (Ingram Micro),Ingram Micro,ACT-00153573,,VC3
"Velecor, LLC",,ACT-00131885,,"Velecor, LLC"
"Velocity Network, Inc.",,ACT-00105484,,"Velocity Network, Inc."
Vermeer Heartland,"Harmonity Technologies, LLC",ACT-00239679,,Vermeer Heartland
Virtual Communication Specialists,,ACT-00246010,,Virtual Communication Specialists
Vistitude Computer Solutions,,ACT-00215679,,"Vistitude Computer Solutions, Inc"
VLCM,,ACT-00154535,,VLCM
VMG Strategic Consulting,,ACT-00083139,,VMG Strategic Consulting
Weldfit,,ACT-00265535,,WeldFit
WhiteHat Virtual Technologies,,ACT-00145520,,Whitehat Virtual Technologies
Wilkins Miller,,ACT-00239399,,Wilkins Miller
"XFER Communications, Inc.",,ACT-00118340,,"XFER Communications, Inc."
xploITtech,,ACT-00079127,,xploITtech
Yara Computers,,ACT-00184644,,Yara Computers
"Yardstick Technologies, Inc.",,ACT-00174548,,"Yardstick Technologies, Inc."
"ZYTECH CONSULTING, LLC",,ACT-00191641,,"Zytech Consulting, Llc"
ALLLINESTECH- Pittec Solutions,,ACT-00032429,24606,All Lines Technology
010CLOUDCOMP-Netpro,,ACT-00024650,17951,010 Cloud Computing Ltd
TECHMD-INTERNAL,,ACT-00203594,21562,TechMD
010CLOUDCOMP-Lantronics,,ACT-00024650,17951,010 Cloud Computing Ltd
KTAAPS-NONSOC,,ACT-00237971,24730,KTA ApS
AIRIT-NORTH WEST,,ACT-00018262,23135,Air-IT
010CLOUDCOMP-OneIT,,ACT-00024650,17951,010 Cloud Computing Ltd
010CLOUDCOMP - NetSupport,,ACT-00024650,17951,010 Cloud Computing Ltd
CENTARIS-IROQUOIS,,ACT-00089507,20839,Centaris
USCOMP,,ACT-00169700,133,"U.S. Computer Connection, LLC"
ORYXALIGN-NON-RESTRICTED,,ACT-00188468,20529,Oryx Align Ltd
MTECHITSOLUTIONS,,ACT-00094423,25271,MTech  IT Solutions
DANMARKCOMM,,ACT-00141079,27188,Danmark Communications
ACTIVECO,,ACT-00188685,25196,ActiveCo Technology Management
MORROW,,ACT-00361813,29566,City of Morrow
DIGITALINSYTE,,ACT-00062172,27485,Digital Insyte
CST,,ACT-00239047,18879,"Computer Support Team, Inc"
SECURENETWORKSOLUTIONS,,ACT-00113502,27428,"Secure Network Solutions, Inc"
INFONALIGY,,ACT-00148503,26539,Infonaligy
CITONCC,,ACT-00180484,20864,"ACP CreativIT, LLC d/b/a Tusker Technology"
IVALLEYTECH,,ACT-00141283,2705,iValley Technology Partners
FLUSHINGCOMPUTERS,,ACT-00455805,32208,Flushing Computer Repair
YOURTECHSUPPORT,,ACT-00169496,27119,Your Technology Support
FIS,,ACT-00106195,19139,Fully Involved Solutions dba Rocketwise
RIVELL,,ACT-00296907,27340,"Rivell, LLC"
ECMANAGEDIT,,ACT-00249561,20909,EC Managed IT
CMITNORTHERNSHENANDOAHVALLEY,CMIT Headquarters,ACT-00291863,26871,CMIT Solutions of Northern Shenandoah Valley
SECURITYSUPPORT,,ACT-00111520,30094,Security Support Services
ROCKITSOLUTIONS,,ACT-00181532,24227,RockIT Solutions
MESSERTECHNOLOGIES,,ACT-00411297,33111,"Messer Technologies, LLC"
TECHNUF,,ACT-00290738,26790,"Technuf, LLC"
JALLIS,,ACT-00290422,33159,"Jallis, LLC"
KNSTECH,,ACT-00108966,27832,KNS Tech Services
MPBCOMPUTING,,ACT-00133239,9567,MPB Computing
TEKIE,,ACT-00034027,19435,Tekie Geek LLC
DATAGROUPTECHNOLOGIES,,ACT-00205337,23653,DataGroup Technologies
VALLEYCONNECTTECHNOLOGIES,,ACT-00267467,23955,Valley Connect Technologies
DFSOL,,ACT-00104763,19206,Dataflow Solutions
ALLYTECH,,ACT-00250609,21110,Ally Technologies
MICROMAN,,ACT-00183502,31789,MICROMAN
ASCENSION,,ACT-00202961,11727,Ascension Technology
SET,,ACT-00209557,19237,Storm's Edge Technologies
SDBSN,,ACT-00047516,32100,"SDB Specialty Networking, Inc."
ROSEVILLE-MI,,ACT-00286548,31964,City of Roseville
VERUSGROUP,,ACT-00208872,26470,Verus Group
BYTELINK,,ACT-00124040,15615,Byte Link LLC
CSINETWORKS,,ACT-00015093,24620,CSi Networks
ONESTEPRETAIL,,ACT-00140176,21133,One Step Retail Solutions
CONCERTIUM,,ACT-00245375,22941,Shield Watch
MISSOLUTIONS,,ACT-00067977,24602,"MIS Solutions, Inc."
EMERGEDIGITAL,,ACT-00209449,16634,Emerge Digital Limited
ABS,,ACT-00228503,977,ABS Information Systems Inc
STORM7,,ACT-00063966,22632,"Storm7 Labs, LLC"
UNIQUEIT,,ACT-00187255,18341,Unique IT Pro
RNCINC,,ACT-00163457,374,Rubino Network Consulting dba RNC Inc
KAINTHTECH,,ACT-00070468,29991,Kainth Technology Solutions
BROADBANDTECHNOLOGY,,ACT-00367779,31178,Broadband Technology Corporation
JBR,,ACT-00287583,28191,JBR Computers
SMITHANDLOVELESS,,ACT-00334196,28622,Smith & Loveless Inc
PROSERV,,ACT-00099640,20208,"ProServ Business Systems, Inc."
CHACETECH,,ACT-00246713,25304,ChaceTech
SEYYON,,ACT-00290319,26693,Seyyon Inc
DIGITALBAY,,ACT-00020297,26299,DigitalBay
I-LANSOLUTIONS,,ACT-00268816,30948,I-LAN Solutions Inc
CMITCORP,CMIT Headquarters,ACT-00174754,214,CMIT Headquarters
ISOLVEBV,,ACT-00317158,500000590,isolve BV
MCRS,,ACT-00099431,14876,"Mcrs, Llc"
TRUSTEDTECH,,ACT-00184844,29560,"Trusted Technologies, LLC"
SPLASHCARWASH,,ACT-00280041,31209,Splash Car Wash
TSI,,ACT-00050104,23223,TSI
ALLEGIANCETECH,,ACT-00039390,26285,Allegiance Technologies & Consulting
COPELANDTECH,,ACT-00264722,23143,Copeland Technology Solutions
YANASYSTEMS,,ACT-00263890,29313,Yana Systems
COAXINTE250630,,ACT-00063573,31669,Coaxis International
TELECOMINC,,ACT-00199661,8058,Telesys Communications Inc
SARJEANT,,ACT-00360668,29310,The Sarjeant Company
VOICEVERGE,,ACT-00202912,4641,VoiceVerge Inc
NEOLORE,,ACT-00065960,23032,NeoLore Networks Inc.
CTBENSALEM,,ACT-00098046,2409,Computer Troubleshooters - Bensalem
WESTTEK,,ACT-00041294,7497,Westtek Solutions Ltd
HELP4IT,,ACT-00177290,24947,Help 4 IT
CONNECTTPS,,ACT-00457216,32343,TP Solutions LLC
ABSSUPPLY,,ACT-00073096,10789,Advance Business Systems & Supply
MYTEK,,ACT-00195130,13087,MyTek Network Solutions
INDUSTRIALNETWORKS,,ACT-00070284,26773,Industrial Networks
INFINETSOLUTIONS,,ACT-00026702,28518,InfiNet Solutions Inc
EPOCH,,ACT-00151206,29847,Epoch IT
AXIOMSYSTEMS,,ACT-00135613,26851,Axiom Systems Inc
DRAGONSCALECS,,ACT-00080021,30912,Dragon Scale Cyber Security
FISHERCC,,ACT-00104401,31073,Fisher Computer Consulting
CENTRIWORKS,,ACT-00158485,18280,Thermocopy of Tennessee d/b/a CENTRIWORKS
AGENCYTECH,,ACT-00240124,28193,"Agency Technologies, Inc."
CMITSGSL,CMIT Headquarters,ACT-00240783,6159,CMIT Solutions of Greater Saint Louis aka Clayton
ITCLOUDGLOBAL,,ACT-00423608,33267,IT Cloud Global
CENTARIS,,ACT-00089507,20839,Centaris
VECTORONE-ITS,,ACT-00036754,32014,"Vector One IT Solutions, Inc"
FLEXIT,,ACT-00096605,26600,FlexIT LLC
NOBEL,,ACT-00180199,14504,"Nobel Systems, Inc."
IPINGSYSTEM,,ACT-00166065,32725,IPing System Inc
EXCELOS,,ACT-00240960,12511,Excel Office Services
WESTCENTRALTECHNOLOGY,,ACT-00151848,18593,West Central Technology
BASCOMTELEPHONE,,ACT-00459218,32821,Bascom Advanced Services
SHINERTECHNOLOGIES,,ACT-00020835,24192,SineTech
JD MURPHY,,ACT-00079178,24288,Motion 3 Technology LLC
OFFICEADV,,ACT-00040942,19741,The Office Advantage
GROUNDFORCEIT,,ACT-00275630,25081,Ground Force IT
TRIVALENCETECH,,ACT-00455080,32247,Trivalence Technologies
DCGTECH,,ACT-00007157,866,"DCG Technical Solutions, LLC"
ENTHEO,,ACT-00116337,23034,Entheo
BBMUSA,,ACT-00185698,4962,Brandon Business Machines Inc
CAPITOLPRESENCE,,ACT-00361153,28668,Capitol Presence
PERFORMIVE,,ACT-00040924,26732,Performive
CYPRESSTECHLA,,ACT-00242845,33785,Cypresstech
MBACS,,ACT-00030496,24181,Micro Business Automation
MILLENNIUMIT,,ACT-00070276,27243,"Millennium IT, LLC"
LANTEK,,ACT-00236877,25068,LANtek
LIBRASERVICE,,ACT-00237872,21507,Libra Service Automatisering
GREATLAKESITS,,ACT-00196597,5131,Great Lakes IT
URBANCOMP,,ACT-00141329,14705,"Urban Computing, Inc."
JASUDO,,ACT-00337482,28673,Jasudo
LOYALITY,,ACT-00242979,32783,Loyality Inc.
CCSBS,,ACT-00098821,2892,CCS Business Solutions
BEAUTIFULNETWORKS,,ACT-00233064,17529,Beautiful Networks
REEVENTE250612,,ACT-00250273,29111,Reeve Enterprise
TSICLOUD,,ACT-00401038,32365,Tech Strategies Inc
FIDELIS,,ACT-00020963,11479,"Fidelis, Inc."
CRSOLUTIONS,,ACT-00138839,30653,CR Solutions Group Inc.
ALTNETSOL,,ACT-00180331,7419,Alternative Network Solutions
SMARTLOGIC,,ACT-00360537,500000597,SmartLogic IT Ltd
BDS,,ACT-00246016,30781,"Business Data Solutions, Inc."
SOCONNECT,,ACT-00163614,24155,SoConnect
RIC,,ACT-00196543,12472,Renaissance Intercomputing Llc
BROADVIEW,,ACT-00265938,21009,MSP Corp
UNITEDSYSTEMSTECH,,ACT-00459416,32694,United Systems Technologies
BIEBELHAUSENER,,ACT-00368145,500000612,Biebelhausener MÃ¼hle seit 1647 GmbH
CRCTECH,,ACT-00030275,10857,CRC Data Technologies
BLOUGHTECH,,ACT-00133656,21185,Blough Tech
ACCENTIMAGING,,ACT-00098127,11869,Accent Imaging
DBCLLC,,ACT-00236848,14759,Diamond Business Communications
NEVHC,,ACT-00109791,28240,Northeast Valley Health Corporation
4LEET,,ACT-00166044,27521,4Leet
ZAPHYRTECH,,ACT-00138191,2951,Zaphyr Technologies LLC
NETEXDATA,,ACT-00274986,24350,Concerto Networks
MICROCOMPUTERENT,,ACT-00451458,32408,MCE
OBJECTIVETECH,,ACT-00060504,26526,Objective Technologies Ltd
CLICKCOMP,,ACT-00041917,27562,Click Computers inc
CYBERPRAIRIE,,ACT-00153622,453,CyberPrairie
MSP360,,ACT-00276334,24860,MSP 360
COMPSTUDIOS,,ACT-00161318,10398,"Computer Studios, Inc."
MEANTIDEASSOCIATES,,ACT-00032600,23788,"Meantide Associates, LLC"
JRSRLLC,,ACT-00137045,30616,James River Solution Repository LLC
IPDVV,,ACT-00204018,26630,Integrated Communication Solutions Inc.
IMAGINEIT,,ACT-00012823,30811,Imagine IT Inc.
GTECH,,ACT-00368147,30042,G-Tech Services
DASILVA,,ACT-00288523,26314,Dasilva Consulting LLC
BRAINLINKINT,,ACT-00136617,6297,"Brainlink International, Inc"
LEVEL8,,ACT-00140163,27074,Level 8 Technology
CMITAAP,CMIT Headquarters,ACT-00240739,17939,CMIT Solutions of Ann Arbor & Plymouth
LOWFI,,ACT-00361168,29532,LowFi Wireless
NETWIZ,,ACT-00136882,10846,Netwiz Computer Services
RITZCRAFT,,ACT-00287335,25940,Ritz-Craft
Techwise Group (LUMEN21),,ACT-00086484,26751,Techwise Group
REHMANNTECHNOLOGYSOLUTIONS,,ACT-00062549,443,Rehmann
TTALX,,ACT-00012919,7913,Turner Teleco Alexandria
MAPSYSINC,,ACT-00041931,20820,MapSys Inc
TRUSTEDTECHPARTNERS,,ACT-00455587,32201,Trusted Technology Partners
LEAFCOMPUTERS,,ACT-00047995,23614,Leaf
SELDOVIA,,ACT-00361233,29931,Seldovia Village Tribe
NETWORKMASTERS,,ACT-00229999,11763,Network Masters
RETAILCONTROLSYSTEMS,,ACT-00176467,24959,Retail Control Systems
CYBERLOGICSECURITY,,ACT-00287846,30724,"CyberLogic Security, LLC"
CRITICALPROJECT,,ACT-00298597,27677,Critical Project Services
HOLZSAGER,,ACT-00163842,19603,Holzsager Technology Services
PULSARTELECOM,,ACT-00361200,33420,Pulsar Telecom
MAGMAG,,ACT-00643401,33317,Magnum Magnetics
TDAV,,ACT-00091213,18922,Texas Data and VoIP
Compnology LLC,,ACT-00038469,24475,Compnology LLC
"Mobile Tech Shop, LLC",,ACT-00186225,18886,"Mobile Tech Shop, LLC"
Agility Managed Services Inc,,ACT-00289717,26518,Agility Managed Services Inc
TEST ACCOUNT (MNL),,ACT-00123018,500000064,TEST ACCOUNT (MNL)
Prosora Technologies,,ACT-00191606,21305,Prosora Technologies
JAD Technologies LLC,,ACT-00171008,18395,JAD Technologies LLC
Providence Consulting Co.,,ACT-00164707,20187,Providence Consulting Co.
Computer Troubleshooters - Danbury North,,ACT-00020988,13789,Computer Troubleshooters - Danbury North
The Network Doctor Inc,,ACT-00155670,18956,The Network Doctor Inc
Neuron Security Solutions Inc,,ACT-00228966,18829,Neuron Security Solutions Inc
INTEGRIS,,ACT-00203594,21562,INTEGRIS-INTERNAL
AIRIT-WEST MIDLANDS,,ACT-00018262,23135,Air-IT
AIRIT-INTERNAL,,ACT-00018262,23135,Air-IT
COMMTECH1,,ACT-00133312,5164,CommTech
BLACKBOTTLE,,ACT-00113285,24020,Black Bottle
UCOS,,ACT-00289013,26734,UCOS
CALSOFTSYS,,ACT-00135860,1405,Calsoft systems
BrightlinkTech,,ACT-00205322,32307,BrightlinkTech
UNIWAN,,ACT-00180912,20940,UNIWAN.BE SPRL
DSE,,ACT-00222046,14097,DSE - Diversified Services Enterprises Inc
CMITSCUC,CMIT Headquarters,ACT-00245608,7478,CMIT Solutions of Central Union County
CNIIT,,ACT-00179480,20978,Complete Network Integration
PARTNERSCONSULTINGGROUP,,ACT-00268573,29718,Partners Consulting Group
ST.FRANH250725,,ACT-00420016,31794,"St. Francis House NWA, Inc DBA Community Clinic"
SBSCHICAGO,SEC through SBS (SBS HQ MITS),ACT-00118437,3609,SEC through SBS (SBS HQ MITS)
CITYOFANDOVER,,ACT-00228667,26261,City of Andover
TIER3PARTNERS,,ACT-00245351,28413,Tier 3 Partners
CCPSOLUTIONS,,ACT-00361295,30041,CCP Solutions
GO2ITGROUP,,ACT-00149316,23583,Go2IT Group
AXISCOMPUTERNETWORKS,,ACT-00195511,24305,Axis Computer Networks
SHIFT TECHNOLOGIES,,ACT-00120068,31401,"Shift Technologies, Inc"
FCCSINC,,ACT-00090363,32577,First Choice Communication Services
CORETECHKY,,ACT-00039420,19138,Core Tech
NUVIOIT,,ACT-00442237,31783,nuvioIT LLC
PANATECH,,ACT-00228942,19395,Panatech Computer Management
IUVO,,ACT-00145045,24596,iuvo LLC
CROSSLINTECH,,ACT-00240217,21406,Crosslin Technologies
Wise Lausnir ehf (Thekking),,ACT-00014876,500000097,Wise Lausnir ehf
TVCINC,,ACT-00130183,24822,"Tvc, Inc"
APPLIEDNS,,ACT-00189434,33661,Applied Network Solutions
TELCO,,ACT-00151958,21553,"Telco Holdings, Inc."
EQUITYNETWORKS,,ACT-00002814,500000669,Equity Networks Ltd
BRIGHTSIDE,,ACT-00155747,33839,Brightside Technologies
SPARKSTECH,,ACT-00442656,31514,Amperesand Inc.
COSC,,ACT-00199733,23167,COSCORP
SERVODATA,,ACT-00249768,25244,Servodata
KEZBER,,ACT-00056015,22647,Kezber
BETHELITSERVICES,,ACT-00451649,31934,Bethel IT Services
FRIDELL,,ACT-00091255,26795,Fridell Solutions
S1TECHNOLOGY,,ACT-00252369,23518,S1 Technology
AVC,,ACT-00143299,23928,AVC Communications
MERCYTECH,,ACT-00267810,28185,Mercytech
JTOCOMPUTERSOLUTIONS,,ACT-00088987,32115,"JTO Computer Solutions, LLC"
UNIFIED,,ACT-00091199,18781,"Unified System, Inc."
KITEMSP,,ACT-00442638,31452,KiteMSP
DNSITHELP,,ACT-00133625,31926,Dynamic Needs Solutions
GLOBAL CTI,,ACT-00011801,24287,"Global CTI Group, Inc."
INFOSHELTER,,ACT-00288325,26121,InfoShelter Ltd
NTECHNET,,ACT-00037838,21328,New Technology Networks
ABELMIT,,ACT-00643251,33187,Abel Technologies
WPGCONSULTING,,ACT-00250551,22835,WPG Consulting
SECUR3IT,,ACT-00061839,20822,Secur3IT
KPMTECHNOLOGY,,ACT-00073347,24810,KPM Technology Llc
RSG,,ACT-00241066,4349,Rand Solutions Group Inc
ADVANCEDITLLC,,ACT-00289706,26410,Advanced IT LLC
COMTECH,,ACT-00246018,20441,ComTech Network Solutions
LINKSERVCOMPUTERSOLUTIONS,,ACT-00153751,6392,LinkServ Computer Solutions
CMITCARYAPEX,CMIT Headquarters,ACT-00245666,17868,CMIT Solutions of Cary-Apex
ACTIONTECH,,ACT-00121510,13377,Action Technology
CMITNORTHCHESTERCOUNTY,CMIT Headquarters,ACT-00240745,1193,CMIT Solutions of North Chester County 176
ISSL,,ACT-00158183,27251,Infinite Solutions Systems Ltd
NOVACOMPUTERSOLUTIONS,,ACT-00092034,24934,"NOVA Computer Solutions, LLC"
SUMMITDIGITAL,,ACT-00212035,26097,Summit Digital Networks
UNIFIEDTECHNOLOGIES,,ACT-00248926,30336,Unified Technologies
NETWORKCABLINGSERVICES,,ACT-00050656,24985,Network Cabling Services
GFNETSPEC,,ACT-00096500,23993,"Networking Specialists, Inc."
VICOMNET,,ACT-00068476,23564,Vicom ProServ
INTELUS,,ACT-00153508,30229,Intelus Technology Group
HOGANTAYLOR,,ACT-00175494,24798,Staley Technologies ? Cyber & Managed IT Services
MCS,,ACT-00115799,21554,MCS Parent LLC dba Technology Architects
HAYSELECTRICAL,,ACT-00449406,33113,Hays Electrical Services
ZorrisITSolutionsLLC,,ACT-00248069,24000,Zorris IT Solutions LLC
ARGUSWEST,,ACT-00057440,31043,Argus West
BLACKLEAF,,ACT-00025627,26383,Blackleaf Solutions LLC
LGCORPORATION,,ACT-00085292,21380,Local Government Corporation
FUNCTION4,,ACT-00231669,16440,"Function4, LLC"
SAGACENT,,ACT-00122714,23667,"Sagacent Technologies, Inc."
SYNCIT,,ACT-00181013,16106,Sync IT
TELSTRA,,ACT-00150903,22935,MTG Solutions
NEARNORTH,,ACT-00177252,31366,Near North Business
CENTRALSUPPORTTECH,,ACT-00159667,21392,Central Support Technologies
CABCO,,ACT-00288703,26169,Cabco Communications Group
TECHADVISORS,,ACT-00239407,30844,TechAdvisors
RS LTD,,ACT-00270933,500000681,RS (Greater China) Ltd
YETTERCOLEMAN,,ACT-00318004,29565,Yetter Coleman
COMMSYSTEMS,,ACT-00120841,16800,Communication Systems Inc
GENESIS,,ACT-00247720,20834,Genesis BCS
WRIGHTTECH,,ACT-00031570,31058,"Wright Tech, Corp"
TECHSAVVY,,ACT-00263817,27185,TechSavvy LLC
ZEROCOM,,ACT-00192709,13293,1-zero-1 Computers
FORWARDITTECH,,ACT-00449456,32561,Forward IT
PAYNELESS-NONSOC,,ACT-00019195,24528,Plex IT
ALOFT,,ACT-00225640,30757,Aloft AeroArchitects
KELTYIMGMT,,ACT-00063902,12557,Kelty Business Solutions.
DENTALPROIT,,ACT-00277771,30402,DentalPro IT Inc
CMITSANMATEO,CMIT Headquarters,ACT-00263994,21444,CMIT Solutions of San Mateo
MADAC,,ACT-00054128,18937,MAD Data IO
CURRENTTECHFL,,ACT-00038655,25194,Current Technologies Corp.
CONNECTEDOFF,,ACT-00253166,23773,The Connected Office
VENTIS,,ACT-00645260,33571,Ventis Consulting Group
WATECHINC,,ACT-00163222,21045,"WA Technologies, Inc."
REDEYE,,ACT-00066666,30161,"RedEye, Inc."
EHPN,,ACT-00033977,18248,EHPN
ADVANCEDSYSTEMS,,ACT-00195588,21135,Advanced Systems
BLUETIDECOMM,,ACT-00266078,23939,BlueTide Communications
CMITSOLML,CMIT Headquarters,ACT-00245610,8447,CMIT Solutions of Cherry Hill
SIXWATCH,,ACT-00018756,27296,SixWatch
COPIERSPLUS,,ACT-00128668,15339,Copiers Plus
TECHOS,,ACT-00397426,32582,Techos
FITNETWRX,,ACT-00084387,21548,FitNetworks
CMITLIVERMOREMANTECA,CMIT Headquarters,ACT-00361234,28838,CMIT Solutions Livermore-Manteca
AMERICANLAZER,,ACT-00200376,24078,American Lazer Services
EBCGROUP,,ACT-00022528,25222,EBC Group (UK) Ltd
INTELLIGENTCO,,ACT-00452383,32153,The Intelligent Company
TURTLEBAY,,ACT-00223718,27987,Turtle Bay IT
PRONETSER,,ACT-00061294,16964,Proactive Network Services
SCHUMACHERCOMPANIES,,ACT-00381593,30606,Schumacher Companies
PEGASYSTECH,,ACT-00022380,27968,Pegasys Technologies
MP-Ishop,,ACT-00286358,27670,The iShop Center
WAVEHILLITSOLUTIONS,,ACT-00106371,500000382,Wavehill IT Solutions
INSIX,,ACT-00033948,33493,Insix
DATAIMAGINGSYSTEMS,,ACT-00178684,25625,"Data Imaging Systems, Inc."
ADTECH,,ACT-00296616,27984,Adtech IT Solutions
Bilodeau Couture Assurances Inc.,,ACT-00009679,27645,Bilodeau Couture Assurances Inc
ELEVITYIT,,ACT-00238028,10330,Elevity IT
ARNETTECH,,ACT-00043091,19080,Arnet Technologies
CONCORDHOSPITALITY,,ACT-00263245,23401,Concord Hospitality
SKYTOUCH,,ACT-00190337,27421,SKYTOUCH Solutions LLC
DVMTECH250713,,ACT-00443674,31739,DVM Technology
BUSINESSTECHSOLUTIONS,,ACT-00057080,28607,Business Tech Solutions LLC
SIRISCA,,ACT-00336990,28464,14554132 Canada Inc (Siris.ca)
EDINBURGHCS,,ACT-00028398,13810,Commsworld Limited
SSACPA,,ACT-00136570,31491,Sol Schwartz & Assoc
THERMAGLASS,,ACT-00317369,27944,Therma-Glass
RAPIDDOMAINS,,ACT-00196486,24768,"Rapid Domains, Inc."
GEMINICOMP,,ACT-00264551,33249,Gemini Computer Solutions
MP-Tower Computer Services,,ACT-00225693,21168,"Tower Computer Services, Inc."
INTEGRA,,ACT-00153008,13609,Integra System Technologies
MCSLLC,,ACT-00088693,19091,"Managed Computer Services, LLC"
INGENIO,,ACT-00075950,17702,Ingenio Technologies
PEARSONKELLY,,ACT-00192264,17532,Pearson-Kelly Office Products
TECHMI,,ACT-00269472,23949,TECHMI LLC
ITRESOURCEMGMTLTD,,ACT-00179061,27190,IT Resource Management Limited
COMPUTERS INC,,ACT-00019212,32689,"Computers, Inc."
NTIVA-CORPORATE,,ACT-00172086,25392,"Ntiva, Inc"
KABCOMPUTERSERVICES,,ACT-00074333,28550,KAB Computer Services LLC
INVTECH,,ACT-00015058,32178,"Invision Technologies, LLC"
DOLLYSYSTEMS,,ACT-00159895,15635,Prompton Services Ltd
NDL,,ACT-00174835,21472,Black Sheep Business Communications Ltd
DRITAUTOMATION,,ACT-00427157,500000988,DRIT Automation
ENET,,ACT-00110870,18904,"eNet Systems, Inc."
MP-NiedITAdmin,,ACT-00290764,26771,Nied IT
ACRIVOSHEALTH,,ACT-00336560,32704,Acrivos Systems
NORDLOBORAS,,ACT-00246448,500000467,Nordlo Boras AB
VIEWONIT,,ACT-00199572,25093,View On IT
F8,,ACT-00153596,26523,"F8 Tech, LLC"
CLARECOMP,,ACT-00091251,23,Clare Computer Solutions
NORTONMOTORS,,ACT-00081578,500000853,Netitude Ltd
QSSITLTD,,ACT-00237905,22779,QSS IT Ltd
TECHFIX,,ACT-00337139,28400,Tech Fix LLC
KARHU,,ACT-00289107,26423,Karhu Cyber
RIGHTCLICK,,ACT-00023363,28452,Right Click Solutions LLC
AVAUNTTECH,,ACT-00046310,18951,Avaunt Technologies Inc.
HAWAII,,ACT-00046836,4975,Hawaii Tech Support
NEUWAYS,,ACT-00048607,25272,Zenzero Solutions Ltd (Neuways)
Zenzero Solutions (NEUWAYS),,ACT-00048607,25272,Zenzero Solutions Ltd (Neuways)
BPRACSOL,,ACT-00057205,19194,B Practical Solutions
DSTECH,,ACT-00057740,17441,DSTECH Inc.
CITHV,,ACT-00155053,17949,Consolidated Information Technology LLC
NETWORX,,ACT-00133156,300000513,Networx
MITTENPUNKT,,ACT-00094855,28520,MITTENPUNKT
CONCURRENTADVISORS,,ACT-00296784,27752,Concurrent Advisors
JAMESIMAGING,,ACT-00237841,24776,James Imaging Systems Inc
SENTIUMTECH,,ACT-00080842,31767,"IT Resources, LLC"
COMPITI,,ACT-00038527,21384,"Computer Integration Technologies, Inc."
TECHARCH,,ACT-00049406,3375,Technology Engineers & Architects
KGIS,,ACT-00365634,300000262,KG Invicta Services Private Limited
CROSSITCONSULTING,,ACT-00176223,33944,CrossIT Consulting
CAJUNCLOUD,,ACT-00458796,32637,Cajun Cloud Services
SYSCONNECT,,ACT-00266049,23417,System Connection Networks
ACCLAIMIT,,ACT-00065012,21278,Acclaim IT
MANAGEOPS,,ACT-00174530,26544,ManageOps
OSGOOD,,ACT-00227393,24067,Osgood Unlimited Inc
SBSNC,SEC through SBS (SBS HQ MITS),ACT-00102370,11989,Sharp Business Systems of NC
CLOCKWISEQ,,ACT-00024100,29521,Clockwise Q Consulting
INFOCLOUD,,ACT-00072485,4843,InfoCloud LLC
GLOBALNET,,ACT-00215709,27062,Globalnet IT Innovations Ltd.
MCCOE,,ACT-00010764,27431,Missouri CyberSecurity Center of Excellence(MCCoE)
APSIA(SHARP),,ACT-00457496,500000970,Apsia (Sharp)
SBSNORCAL,SEC through SBS (SBS HQ MITS),ACT-00112785,12115,Sharp Business Systems of Northern California
ELEVSOLU250731,,ACT-00317282,31841,Elevate Solutions
EXECUTIVEIT,,ACT-00225313,11284,Executive IT Help Inc
EQUIPEMICROFIX,,ACT-00064229,27318,Equipe Microfix Services
MCMTS,,ACT-00188394,23916,Cherry Bekaert Advisory LLC
AZTECHGROUP,,ACT-00147327,32827,Aztech Consulting Group
NICS,,ACT-00194642,33360,NICS Ltd
ENTERPRISEBUSINESSIT,,ACT-00287422,25296,Enterprise Business IT Solutions Pty Ltd
GENNET,,ACT-00011921,32628,General Networks Corporation
INFINITE CLOUD SYSTEMS (Sentry Cloud Inc),,ACT-00005661,30332,Sentry Cloud Inc
EXCEDEO,,ACT-00066995,3518,IT Support Pros Inc dba Excedeo
SBSSWEDENAB,,ACT-00056702,17924,Sharp Business Systems Sweden AB
VERGEMOBILE,,ACT-00296102,27348,Verge mobile
MIRUSMED,,ACT-00644769,33604,MiRus
infinIT,,ACT-00093663,1149,infinIT
HENKO,,ACT-00218938,24837,Henko Srl
MooIT,,ACT-00137430,27704,MooIT
LIGHTHILLSOLUTIONS,,ACT-00290474,26715,LightHill Soultions
CMITSOFCENTRALRHODE,CMIT Headquarters,ACT-00240765,301,CMIT National
BETATECH,,ACT-00265121,25177,Beta Tech
INNOVATIVEPARTNERS,,ACT-00268808,23787,INNOVATIVE PARTNERS LLC
ACOMPENGSOL,,ACT-00017254,20827,ACES
TIER1TECHS,,ACT-00066009,23739,Tier 1 Techs
HSComputerConsulting,,ACT-00196636,9104,H&S Computer Consulting
CTISYSTEMS,,ACT-00451620,32192,CTI Systems
GLASSER,,ACT-00088641,19261,Glasser Tech LLC
CANWEB,,ACT-00242304,19387,CanWeb Internet Services Ltd.
2NDCHANCEPC,,ACT-00267991,26239,"2nd Chance PC, Inc"
DOYB,,ACT-00137225,33226,"DOYB Technical Solutions, Inc"
ABACUSIT,Ingram Micro,ACT-00197019,22799,Abacus IT Inc
PATHFINDER,,ACT-00289704,26436,"Pathfinder Technology Solutions, Inc"
ACAD,,ACT-00175589,10292,Acad Us com LLC
HSMITSOL250627,,ACT-00166075,300000473,HSM IT Solutions
CMITAC,CMIT Headquarters,ACT-00245692,16837,CMIT Solutions of Austin Central
JUNGLE,,ACT-00053417,500000204,Jungle It Ltd
BASE,,ACT-00030112,20201,BASE Technologies Inc
BIGCORNER,,ACT-00334175,28246,Big Corner Creative
VISTAIT,,ACT-00189753,16245,Vista IT Systems
ARCHISTECH,,ACT-00124015,26928,Archis Technologies
SBNM,,ACT-00408017,30657,State Bar of New Mexico
LAMBERT,,ACT-00211703,11314,Lambert Consulting Services
NIC,,ACT-00100524,23024,NIC Inc.
PRUITTCOMM,,ACT-00205450,28138,"Pruitt Communications, Inc."
CTRLALTREPAIR,,ACT-00455987,32285,CtrlAltRepair
ENVISIONITLLC,,ACT-00032995,20642,Envision IT LLC
SOUTHERNITNETWORKS,,ACT-00113646,16637,Southern IT Networks
WELINKU,,ACT-00289526,32776,Computer Solutions
SEMSOFT,,ACT-00286185,25061,Semsoft
MAINSPRING,,ACT-00133573,1990,"MainSpring, Inc."
ONEGUARDIT,,ACT-00434491,32020,TRT Studios LLP
VIRTUALIT,,ACT-00206431,16537,Virtual IT Group
CONSAMAL250624,,ACT-00385103,31551,Consultation AmaltiTEK
SHIFTF1SYS,,ACT-00103588,20836,"Shift F1 Systems, Inc."
MICROTECHUSA,,ACT-00070699,23895,Microtech USA
GCS SOFTWARE,,ACT-00175027,31495,GCS Software
ITECHLASVEGAS,,ACT-00197484,2292,Itech Las Vegas LLC
WESTECHSOLUTIONS,,ACT-00118233,23699,WesTech Solutions
KEYSTONE,,ACT-00189427,19006,Keystone Solutions Inc
WHIDBEY,,ACT-00031198,21532,Whidbey Tech Solutions
CMITCURRITUCK,CMIT Headquarters,ACT-00245652,14788,CMIT Solutions of Currituck
ABPCOPY,,ACT-00174175,20476,Automated Business Products/Colorado LLC
NUCLEUS,,ACT-00246124,21563,Nucleus Networks
SALTLOGIX,,ACT-00006110,25243,SaltLogix Technologies
TEKMARK,,ACT-00297387,27758,TEKMARK LLC
SENSEIENT,,ACT-00071722,2965,"Sensei Enterprises, Inc"
BRIDGEITS,,ACT-00286524,33428,Bridge IT Services
CMITGS,CMIT Headquarters,ACT-00245689,19948,CMIT Solutions of Greensboro
PDSCONSULTING,,ACT-00058353,23066,PDS Consulting
FITZROVIA,,ACT-00018227,20336,Fitzrovia IT
SBSMIDWEST,SEC through SBS (SBS HQ MITS),ACT-00027737,21410,Sharp Business Systems Midwest
ADIMCORP,,ACT-00076408,27200,ADIM Corp.
DOS,,ACT-00189721,11631,Digital Office Systems Inc
SILIGENT,,ACT-00288641,26215,Siligent LLC
SOLUTIONIT,,ACT-00250548,28177,Solution IT Montreal
KNIGHTCOMPUTERCONSULTING,,ACT-00042760,30429,"Knight Computer Consulting, LLC"
EKARU,,ACT-00040023,267,Ekaru
FEC,,ACT-00113852,7735,First Equipment Company
CMIT - FREMONT,CMIT Headquarters,ACT-00263993,21443,CMIT Solutions of Fremont
CYBERCOVER,,ACT-00003859,17809,Cyber Cover Solutions
CROSSIT,,ACT-00116592,27691,"Cross IT Services and Solutions, LLC"
BLUEWALLTECH,,ACT-00121787,500000129,BlueWall
TELECOMP,,ACT-00171504,17327,"TeleComp, Inc."
TEKSCAPE,,ACT-00239923,27114,Tekscape Inc.
PRASAD,,ACT-00395321,30608,PRASAD
CYBERSTREAMS,,ACT-00132703,17321,CyberStreams
MODULARSERVICES,,ACT-00200751,31414,Modular Services Company
APEXTECHMGMT,,ACT-00097043,22755,Apex Technology Management
FUTURELOGIC,,ACT-00163452,15119,Future Logic
DARYLMAYASSOC,,ACT-00269721,31166,DARYL MAY & ASSOCIATES INC
SEXTONCOMPANIESINC1,,ACT-00099664,17265,Sexton Companies Inc 1
SAFEHARBORSOLUTIONS,,ACT-00250319,26078,"Safe Harbor Solutions, LLC"
MARTIN,,ACT-00201464,18913,MartinConsulting
BTTSKAYLINK,,ACT-00317151,500000764,Btt Group UAB (Skaylink)
LINDAMOOD,,ACT-00288107,26012,Lindamood
PROCOMPUTERS,,ACT-00205832,23277,Pro Computers
CMITATLNE,CMIT Headquarters,ACT-00245660,16176,CMIT Solutions of Atlanta Northeast
INTWOCLOUD,,ACT-00195596,834,"Intwo, Inc."
RS (Greater China) Ltd,,ACT-00270933,500000681,RS (Greater China) Ltd
NETWORKS PLUS,,ACT-00019636,11770,"Blue Valley Technologies, Inc. operating as Networks Plus"
ALGSENIOR,,ACT-00290189,26963,ALG Senior
AIRIT-NORTH,,ACT-00018262,23135,Air-IT
VCSIT,,ACT-00243402,27498,VCS IT SOLUTIONS
SKYEN,,ACT-00242218,28257,Skyen LLC
CYBER SUPPORT IT,,ACT-00286299,25120,Cyber Support IT
PITS,,ACT-00062749,19108,Progressive It Solutions
CIRN250730,,ACT-00230582,31805,Cirnovus
BB2TECH,,ACT-00253088,23134,BB2 Technology Group
TAMPATECH,,ACT-00025081,23348,Tampa Bay Tech Solutions LLC
BATTLELUMBER,,ACT-00361377,29509,Battle Lumber Co.
WTSOLUTIONS,,ACT-00363015,29741,WTSolutions
KELLSTROM,,ACT-00288851,26444,Kellstrom Aerospace
TECHRYAN,,ACT-00099726,26066,"Techryan, Inc"
MP-36-400 IT Solutions,,ACT-00205444,25882,36-400 IT Solutions
IECONSULTING,,ACT-00279898,26829,IE Consulting
NTIVA,,ACT-00172086,25392,"Ntiva, Inc"
ONYX-IT-UK,,ACT-00233388,24329,Onyx IT-UK
PROLINKSYSTEMS,,ACT-00111117,22903,Pro Link Systems
BISCHOF,,ACT-00060034,29569,Bischof Consulting Group LLC
GOXTECHNOLOGIES,,ACT-00118902,1503,RedRock Information Security
TECHNOTC,,ACT-00059888,19274,Techno Advantage
ITASAP,,ACT-00296794,27309,I.T. ASAP LLC
CMITBOSTON,CMIT Headquarters,ACT-00240751,19166,"CMIT Solutions of Boston, Newton, Waltham"
WGTECH,,ACT-00060613,24313,Workgroup Technology Partners
MKCONSULTANTS,,ACT-00093086,33398,MK Consultants Inc
HLBSYS,,ACT-00223570,21411,"Heartland Business Systems, LLC"
SHORELINECOMP,,ACT-00236878,26160,Shoreline Computer Systems
INS,,ACT-00030810,8493,"Integrated Network Solutions, Inc"
SYS-SUP,,ACT-00286159,24970,System Support Associates
WARRIOR,,ACT-00092176,20971,Warrior Network Solutions
ULTREX,,ACT-00297384,27683,Ultrex Business Solutions
CRDSTECHGROUP,,ACT-00265938,21009,MSP Corp
xlrINT,,ACT-00104412,19246,xlrINT
VGM Forbin,,ACT-00196065,19644,VGM Forbin
Computer Troubleshooters of North Phoenix,,ACT-00142836,18921,Computer Troubleshooters of North Phoenix
Professional Business Products,,ACT-00267612,23908,Professional Business Products
SWK Technologies Inc,,ACT-00141560,25026,SWK Technologies Inc
JS Computek LLC,,ACT-00097843,18905,JS Computek LLC
Universal Network Solutions Inc,,ACT-00056723,16828,Universal Network Solutions Inc
EMDTec,,ACT-00007257,19584,EMDTec
Austin Technology,,ACT-00094997,21508,Austin Technology
My Blue Umbrella,,ACT-00246177,21046,My Blue Umbrella
"Complete Network Management, Inc.",,ACT-00245051,21222,"Complete Network Management, Inc."
CMIT Solutions of Greenville,,ACT-00074109,449,CMIT Solutions of Greenville
Phoenix Tech Partners LLC,,ACT-00252208,21013,Phoenix Tech Partners LLC
010CLOUDCOMP-Syslogics,,ACT-00024650,17951,010 Cloud Computing Ltd
DRTC-Internal,,ACT-00153486,11826,"ReadiTech, a DRN Company"
AIRIT-MILTON KEYNES,,ACT-00018262,23135,Air-IT
NAVARINO-INTERNAL,,ACT-00107768,20200,Navarino Technology CY Ltd.
ARGENTUM,,ACT-00041202,24845,Argentum IT
GRQ,,ACT-00048813,23979,GRQ Innovations
CSISOC,,ACT-00112824,14479,"Computer Solutions, Inc"
SOBS,,ACT-00061482,6965,Source One Business Services Llc
VyonCloud,,ACT-00049961,21803,VyonCloud
Spectrum Technology Solutions,,ACT-00040526,19079,Spectrum Technology Solutions
"Tricom, Inc.",,ACT-00031950,8781,"Tricom, Inc."
Elite Cyber Partners,,ACT-00364294,30007,Elite Cyber Partners
Arrow IT Solutions Ltd,,ACT-00150446,17294,Arrow IT Solutions Ltd
City of Andover,,ACT-00288572,26261,City of Andover
MiLEND,,ACT-00186172,19256,MiLEND
Axia Technology Partners,,ACT-00101066,21295,Axia Technology Partners
CRDS Operational Corp.,,ACT-00022153,23592,CRDS Operational Corp.
New England Technology,,ACT-00027393,24917,New England Technology
Digit IT Pty Ltd,,ACT-00230016,16229,Digit IT Pty Ltd
BK Technology Professionals,,ACT-00234837,24166,BK Technology Professionals
AIRIT-SOUTH,,ACT-00018262,23135,Air-IT
AIRIT-UTTOXETER,,ACT-00018262,23135,Air-IT
BLUELINE-NFR,,ACT-00077736,2370,Blue Line Technologies Inc
ORYXALIGN-RESTRICTED,,ACT-00188468,20529,Oryx Align Ltd
010CLOUDCOMP-Legalog,,ACT-00024650,17951,010 Cloud Computing Ltd
GBSTECH,,ACT-00218881,23286,GBS Technologies
CYBERFIREITSOL,,ACT-00016900,30315,CyberFire IT Solutions
VERSETAL,,ACT-00018077,12193,Versetal Information
COMPASSNETWORKGROUPINC,,ACT-00154692,24869,"Compass Network Group, Inc."
ITRISKMGRS,,ACT-00181429,3929,IT Risk Managers
CSPWAL,,ACT-00233318,33463,"Community Service Programs of West AL, Inc."
CMIT-PLANO&GARLAND,CMIT Headquarters,ACT-00286683,25055,CMIT Solutions of Plano & Garland
QAS,,ACT-00218412,27497,QAS
WINDSOR-TELECOM,,ACT-00107433,500000899,Windsor Telecom
TRUEITPROS,,ACT-00213909,5801,trueITpros
TEKLEAP,,ACT-00062163,26866,Tekleap
WARWICK,,ACT-00267162,26079,City of Warwick
INTEGRIS-INTERNAL,,ACT-00203594,21562,INTEGRIS-INTERNAL
GREENQUBE,,ACT-00138376,26897,"Green Qube, Inc"
EDGETECH,,ACT-00199700,16741,EdgeTech Consulting
CYBERTECHHUB,,ACT-00448606,500000894,Cybertechhub Ltd
MINOTTECH,,ACT-00084241,22653,Minot Technology Group
NTAV,,ACT-00054850,26852,nTav Inc.
CTUNI,,ACT-00102418,19712,Computer Troubleshooters Irvine aka master account
SECURETECHGRP,,ACT-00287953,26153,SecureTech
AERIESLLC,,ACT-00457916,32459,Pacific Allied Products
EXPLOREIT,,ACT-00239562,23960,ExploreIT Network Solutions
MICROCHICAGO,,ACT-00131823,32172,Microsystems Development
MERIWETHER,,ACT-00149041,18523,Meriwether Protects
ATLCAMPBELL,,ACT-00063406,19001,Campbell Family Medicine
GLOBALDATA,,ACT-00011787,27823,Global Data Systems
BUTTERICK,,ACT-00170188,31840,"Butterick Computer Consulting, Inc."
ABLETECHNOLOGY,,ACT-00218576,10755,ABLE Technology Partners
COMPUTERSHOOTERS,,ACT-00233349,10433,Computer Troubleshooters - Anderson
DUBIT,,ACT-00135758,19607,3 DUB IT Services LLC
CELITONET,,ACT-00131678,26198,Celito Net
DCPCTECH,,ACT-00065825,24675,DCPC Technical Services
NORTHSTARTECHNOLOGYSERVICES,,ACT-00231856,18496,Northstar Technology Services LLC
CORE82,,ACT-00241816,18970,Core 82 Inc.
ANALYTIX,,ACT-00188491,25928,Analytix
LEADINGTECHNOLOGY,,ACT-00061762,25104,Leading Technology Europe Ltd
SRPG,,ACT-00188401,25223,SRPG Inc.
HIGHERRING,,ACT-00172208,19218,HigherRing
FSTS,,ACT-00069079,21364,Five-Star Technology Solutions
ITKANSOLUTIONS,,ACT-00445708,33058,Itkan Solutions LLC
AEGISNETWORKINGSOLUTIONS,,ACT-00085270,26459,Aegis Networking Solutions
OMNIDATA,,ACT-00108965,24139,Omni Data LLC
DPSOL,,ACT-00157421,23999,DP Solutions
VEERMANICTSERVICES,,ACT-00118063,23483,Veerman ICT Services BV
COMPUTERBRILLIANCE,,ACT-00184363,26896,Computer Brilliance
CHESTER,,ACT-00156993,31717,"Trust Tech, LLC"
CMITSOLUCORALSPRINGS250623,CMIT Headquarters,ACT-00444882,31607,CMIT Solutions Coral Springs
LTECHSOLUTIONS,,ACT-00034260,33514,"LTech Solutions, Ltd."
SKOPEIT,,ACT-00246221,300000358,Skope IT
LUCKY13SOLUTIONS,,ACT-00236678,23503,Lucky 13 Solutions
SOUNDITSOLUTIONS,,ACT-00198432,26007,Long Island Information Technology
DATAREVOLUTIONLLC,,ACT-00247241,24516,Data Revolution LLC
QUANTIUM,,ACT-00462407,33049,Quantium IT
TECKSHIELD,,ACT-00416841,30652,Teck Shield LLC
ACCOONA PARENT,,ACT-00038170,28657,Accoona Global
SIEVENETWORKS,,ACT-00240125,22786,"Sieve Networks, Inc"
BLUECOMPUTER,,ACT-00107101,30521,BLUE COMPUTER & NETWORK SERVICES
NUVEX,,ACT-00188402,26906,Nuvex Solutions
COMPUNET-CONSULTING,,ACT-00122707,32678,CompuNET Consulting
BAKETECH250624,,ACT-00261144,31033,Baker Tech Services
CTNOLA,,ACT-00225305,1499,Computer Troubleshooters - New Orleans
SYNERGITINCORPORATED,,ACT-00206410,24698,synergIT Incorporated
MANAGEDSOL,,ACT-00170773,1826,Managed Solution LLC
OFFICETECH,,ACT-00216273,11124,The Office Technology Group
WIRED TECHNOLOGY,,ACT-00153502,26934,WIRED! Technology Partners
STORCOM,,ACT-00072742,30631,Storcom Inc
GUIDEIT,,ACT-00110203,22655,Guide IT
NATIONALFOP,,ACT-00457063,32361,National Fraternal Order of Police
EXACTITCONSULTING,,ACT-00116367,32450,Exact IT Consulting
CMITCINCYNE,CMIT Headquarters,ACT-00240775,16192,CMIT Solutions of West Chester and Mason
RRCONSULTANTS,,ACT-00095666,18076,R&R Consultants
CLICKCOMPUTERS,,ACT-00042756,23229,Click Computers
SOLUNETCORP,,ACT-00052543,26327,Solutions Networking Corporation
THREATCON1,,ACT-00452745,32012,Threatcon1
BRIVYLLC,,ACT-00289729,26465,Brivy LLC
PENNCOMP,,ACT-00106603,24391,"PennComp, LLC"
JSMORTON,,ACT-00361830,30685,JS Morton School District
SYSTNET,,ACT-00061876,920,SystemsNet
ENCOMPASSIT,,ACT-00296518,27820,EncompassIT
TEXAPORT,,ACT-00227494,25322,Texaport UK
PRODA,,ACT-00000576,18344,Proda Technology
SECUREITNETWORKS,,ACT-00025095,24779,Secure I.T. Networks
CRESPOMSP,,ACT-00648588,33637,CRESPOMSP
BEACON,,ACT-00035128,24175,Beacon Communications
EZSOLUTIONS,,ACT-00420249,30784,EZ Solutions
IT3TEK,,ACT-00124245,21390,IT3Tek
CTNS,,ACT-00099557,2063,Computer Troubleshooters - North Scottsdale
STRATUSIS,,ACT-00233063,2211,Stratus Information Systems
MAYNARD,,ACT-00257050,26333,The Maynard Group
KINETIX,,ACT-00174686,26974,Kinetix Technology Services
I3BUSINESS,,ACT-00041953,642,"i3 Business Solutions, LLC"
ISMGROUP,,ACT-00040282,15016,Itek Systems Management Group
SOCALSMARTHOMES,,ACT-00075315,16750,"SoCal Smarthomes, LLC"
CONNSYSTEMS,,ACT-00200557,16525,Connected Systems Solutions Ltd
ATS-COMPANIES,,ACT-00241956,22650,ATS Companies
LRC,,ACT-00191378,21504,"Louisiana Radio Communications, Inc"
CYBERSPECTIVE,,ACT-00644878,33710,Cyberspective
SOURCEPASS,,ACT-00070689,23586,"Sourcepass, LLC"
PERIPHERIQ,,ACT-00291579,26969,Peripheriq
RSQDOGTECH,,ACT-00042317,18784,Rescue Dog Technology
EMPIRECONSULTANTS,,ACT-00169196,25663,"Empire Consultants, Inc"
NETIZEN,,ACT-00267849,25851,"Netizen, LLC"
XCEED,,ACT-00132718,590,"Xceed Networks, LLC"
SBSSOCAL,SEC through SBS (SBS HQ MITS),ACT-00012030,11886,Sharp Business Systems of Southern California
MOUNTAINEERIT,,ACT-00236966,24093,Mountaineer IT
GFHWORKSHOP,,ACT-00460842,32935,GFH & Associates
SERVERLI,,ACT-00434501,31018,Serverli Inc
LEMONOV,,ACT-00104319,25165,Lemonov LLC
CMITMANHATTANMURRAYHILL,CMIT Headquarters,ACT-00245669,5138,CMIT Solutions of Manhattan Murray Hill
EASY IT PROS,,ACT-00436229,31183,Easy IT Pros
TOPDOG PC,,ACT-00245043,27547,Top Dog PC
CWCSNY,,ACT-00170527,31497,"CWC Security, LLC"
LRSTECSERVICES,,ACT-00148537,30174,LRSTecServices
FYISYS,,ACT-00361867,29357,"FYISYS, Inc."
WEBETEK,,ACT-00034035,17279,Webetek
CMITSTAMFORD,CMIT Headquarters,ACT-00240257,347,CMIT Solutions of Stamford 150
ADVANTAGEIT,,ACT-00268464,27317,Advantage IT Services
STRUCTURED,,ACT-00136094,19616,"Structured Communication Systems, Inc."
COASTALTECHPROS,,ACT-00358178,28569,Coastal Tech Pros
ALLIEDTECH,,ACT-00048001,24783,"Allied Technologies Online, Inc"
COMPUTERTRUBWICHITA,,ACT-00144644,20838,Computer Troubleshooters of Wichita
MACKSTUDIOS,,ACT-00366410,30025,Mack Studios
COMPUTERS&MORE,,ACT-00090999,32204,Computers & More
LUMINARECONSULTING,,ACT-00097716,26136,Luminare Consulting
APTICALLC,,ACT-00240962,19193,Aptica LLC
DAKROI,,ACT-00026951,14527,DAKROI Enterprises LLC
THETECHZEN,,ACT-00234747,33194,"The Tech Zen, LLC"
SF Industries,,ACT-00007495,31661,Southern Motion Inc
TOMORROWS,,ACT-00062606,28148,Tomorrows Internet Solutions
WESTTEXASIT,,ACT-00028740,18938,West Texas IT Consulting
CHRISTOITS,,ACT-00013283,21430,Christo IT Services
PRESENT,,ACT-00245838,20649,GROUPE INFORMATIQUE PRESENT INC.
CYBER74,,ACT-00267833,23890,"Cyber74, LLC"
TECHSONCALL,,ACT-00125847,17024,Techs On Call LLC
HUBCOMP,,ACT-00245763,20917,HUB Technology Solutions
ADVOTELE250701,,ACT-00032575,24249,Advocate Telecom
FLUID IT,,ACT-00122234,500000063,Fluid IT
TEKFUELIT,,ACT-00265652,30596,TekFuel IT
Velonex Technologies,,ACT-00170531,22975,Velonex Technologies
"IndieTECH, Inc.",,ACT-00083942,15681,"IndieTECH, Inc."
Legal Technology Solutions,,ACT-00214263,26042,Legal Technology Solutions
"Technology Assurance Group, Inc.",,ACT-00064019,20415,"Technology Assurance Group, Inc."
"Stealth Technology Group, Inc",,ACT-00167013,751,"Stealth Technology Group, Inc"
"MoePro Systems, Ltd.",,ACT-00462136,32988,"MoePro Systems, Ltd."
Sanapptx,,ACT-00171005,20092,Sanapptx
KL Tech Consulting,,ACT-00110826,20579,KL Tech Consulting
Diamond C Trailers,,ACT-00249682,28168,Diamond C Trailers
Goss Communications Inc,,ACT-00160608,19089,Goss Communications Inc
Shammam Consulting Services Inc,,ACT-00050539,4038,Shammam Consulting Services Inc
Pacific Edge Technology,,ACT-00430873,30904,Pacific Edge Technology
"Patriot Networks, Inc",,ACT-00151825,5221,"Patriot Networks, Inc"
"SMB Networks, LLC",,ACT-00127651,18988,"SMB Networks, LLC"
MEDICUSIT,,ACT-00095260,20308,Medicus IT LLC
NUVOLLO,,ACT-00095728,25544,Nuvollo
ONTECH,,ACT-00188446,11579,Ontech Systems Inc.
INTELICE,,ACT-00130307,18429,"Intelice Solutions, LLC"
DKMSP,,ACT-00079282,27716,"DKMSP, LLC"
MESHDMSP,,ACT-00183575,25883,Meshd MSP
ROMETEK,,ACT-00059702,21234,ROMETEK
D3TECH,,ACT-00142426,20496,D3 Technologies
GTECHDATA,,ACT-00135117,20575,GTech Data LLC
IPQUEST,,ACT-00176479,31150,IPQuest
VERTICAL,,ACT-00154856,31740,Vertilocity
NORTH SHORE PC SERVICE,,ACT-00382042,31191,North Shore PC Service
ATECH4U,,ACT-00246833,20651,A Tech 4 U
TAILORMADETECH,,ACT-00295035,500000322,Tailor Made Technologies
UMBRALTECHNOLOGIES,,ACT-00136922,31197,Umbral Technologies
MERIDIAN,,ACT-00263357,30985,Meridian IT Systems
AXIOCOMPUTER,,ACT-00008919,26587,"Axio Computer Solutions, LLC"
ONPLATINUM,,ACT-00035401,20268,onPlatinum ICT Pty Ltd
SOCLOGIX,,ACT-00291541,27201,Soclogix
CMITSNF,CMIT Headquarters,ACT-00245656,11383,CMIT Solutions of North Fulton
COMBINEDSYS,,ACT-00109233,1916,Combined Systems Technology Inc
TECHSOLUTIONS-CRB,,ACT-00015476,1056,Tech Solutions Computer Repair in Boston
JATCOMPUTERSOLUTIONS,,ACT-00115842,8467,JAT Computer Solutions
GCTECHSOLUTIONS,,ACT-00287398,25224,Gulf Coast Technology Solutions LLC
100x,,ACT-00197127,27819,100x
TRISTATE,,ACT-00036918,22737,Tristate IT Inc
CMITNNASSAU,CMIT Headquarters,ACT-00240785,2453,CMIT Solutions of North Nassau
DIGITALSOUTH,,ACT-00111137,31909,Digital South Communications Inc.
COMTEL,,ACT-00125937,24977,Comtel Systems
MORTGAGETECHASSIST,,ACT-00286701,27386,"Mortgage Tech Assist, LLC"
ETT,,ACT-00055415,23662,Et&T
CTH,,ACT-00218557,1265,Computer Troubleshooters - Huntsville
NORDLOELEVATE,,ACT-00123446,28829,Nordlo Elevate AB
TECH4BIZ,,ACT-00070572,24316,Tech4biz Pty Ltd
CLOUDNS,,ACT-00110065,20983,Cloud Network Solutions
PARANET,,ACT-00102342,23966,Paranet Solutions
BIGFOOT,,ACT-00259318,27829,Bigfoot Technology Group
CTCV,,ACT-00235031,12033,"21 Technology, LLC"
WESGROUPEQUIP,,ACT-00277620,27044,Wesgroup equipment
XTERRASOLUTIONSINC,,ACT-00240213,24887,Xterra Solutions Inc.
DENTRONSYSTEMS,,ACT-00196512,30182,Dentron Systems
CMITDULLES,CMIT Headquarters,ACT-00240253,20220,CMIT Solutions of Dulles
THEITGUY,,ACT-00337160,31397,The IT Guy
SILVERSTORM,,ACT-00009434,24962,Silver Storm Solutions
PROMILES,,ACT-00093845,26835,ProMiles Software Development Corp
BAUERNFEIND,,ACT-00167026,11708,Bauernfeind Business Technologies
RIVER-RUN-COMPUTERS,,ACT-00146706,24840,River Run Computers
RESULTANT,,ACT-00209208,26235,Resultant
PROMSYST250801,,ACT-00133333,500000861,Promo Systems
RCTECH,,ACT-00171905,30140,RC Technology Services
RANGINFO250723,,ACT-00112949,300000466,Range Information Systems
PARASTRA250701,,ACT-00227548,31675,Paragus Strategic I.T.
COMPSOLUK,,ACT-00081161,500000876,Computer Solutions Cymru Ltd
SECURENETWORK,,ACT-00216891,14677,SNS - Secure Network Services
RICOHCANADARCLOUD,,ACT-00033957,32541,Ricoh Canada Inc
COMPU-NET SYSTEMS,,ACT-00057592,24311,Compu-Net Systems
PENNIT,,ACT-00133972,23730,Penn Information Technology
CMITS-FWDOWNTOWN,CMIT Headquarters,ACT-00245600,283,CMIT Solutions of Fort Worth Downtown 4
ASSETTECHNOLOGY,,ACT-00195541,26893,"Asset Technology, LLC"
ARCITECHX,,ACT-00407498,32531,Arcitechx
ALLSTAR,,ACT-00138776,21322,ALLSTAR Partners LLC
REGENTISO,,ACT-00114657,26063,"Regent ISO, LLC"
RECIGNITION,,ACT-00176732,30951,Recignition
CMITJCMCH,CMIT Headquarters,ACT-00240763,19991,CMIT Solutions of Jersey City and Manhattan CH
COMEAUX,,ACT-00148518,24757,Vince Comeaux LLC
ADVANTICOM,,ACT-00107509,31347,Advanticom
BUDERIMGINGER,,ACT-00268756,23748,Buderim Ginger
CMITBDC,CMIT Headquarters,ACT-00245665,30637,CMIT Solutions of Boulder Denver and Chicagoland
HITECH,,ACT-00043330,23444,HiTech Business Systems Ltd
PETRATECH,,ACT-00004994,26914,"Petra Technologies, Inc."
NXCHOLDINGS,,ACT-00286715,25232,"NXC Holdings, LLC"
MARMIC,,ACT-00194969,27974,Marmic Associates
INDIANASTECH,,ACT-00290742,28086,Indiana's Tech Support
LINKCOMP,,ACT-00123037,2830,Link Computer Corporation
CTC,,ACT-00153031,10158,Computer Troubleshooters - Collegeville
KELLEYCONNECT,,ACT-00245191,16624,Kelley Create
BETTERWORLDT,,ACT-00208525,19650,BetterWorld Technologies
ROYALITAU,,ACT-00084907,16211,Royal IT - AU
AIRULTRALLC,,ACT-00445181,32932,"AirUltra, LLC"
THEITGUYLLC,,ACT-00368612,30318,The IT Guy LLC
KEWAY,,ACT-00091012,33760,Knobelsdorff Enterprises
Platform 24,,ACT-00030476,22627,Platform 24
CENTRALDIGITALSOLUTIONS,,ACT-00021513,31921,Central Business Systems-NY
NATIONALBUSINESS,,ACT-00090788,15456,National Business Technology
QUORUM,,ACT-00292124,27687,Quorum International
UMBRELLAIT,,ACT-00220926,30899,"Umbrella IT Services, Inc."
AUFSITE,,ACT-00295874,27089,Aufsite
SAFETYNET,,ACT-00134159,20863,"Safety NetAccess, Inc."
EZTEK,,ACT-00263696,27808,Eztek
OCCHAM,,ACT-00064161,32730,Occham Consulting
HINTONASSOCIATES,,ACT-00155994,24867,"Hinton & Associates, Inc."
TUCTECHNOLOGIES,,ACT-00240098,25955,TUC Technologies
PROFCOMPASSOC,,ACT-00053798,3136,Professional Computer Assoc
ENTRECS,,ACT-00133375,10721,Entre Computer Services
VISTEM,,ACT-00103024,24495,"Vistem Solutions, Inc"
RECLAMERE,,ACT-00119594,20582,Reclamere
WrightCore,,ACT-00246672,21382,WrightCore Inc.
SEIFERT,,ACT-00021656,26663,Seifert Technologies
ONPOINT,,ACT-00234198,26556,OnPoint Technology
ITKAUAI,,ACT-00033691,26895,"IT Kauai, Inc."
DOMAINDIGITAL,,ACT-00187507,18831,Domain Digital
BCS-COMPUTING,,ACT-00067355,32350,BCS Computing
FRAMEWORKIT,,ACT-00030259,32120,"Framework IT, LLC"
SBSSWITZERLANDAG,,ACT-00267270,23398,Sharp Business Systems Switzerland AG
KIMBERLITE,,ACT-00298372,27661,Kimberlite Corp
Vodafone - LAB,Vodafone,ACT-00316876,29837,Vodafone IT Hubs Lab
CMITNLC,CMIT Headquarters,ACT-00245659,19123,CMIT Solutions of North Lake County
FIRSTFOCUS,,ACT-00167760,300000150,First Focus IT
NERDSRUS,,ACT-00035399,19034,"Taktical Tek, Inc."
UDNI,,ACT-00165050,19283,"United Datacom Networks, Inc."
KAISERITGROUP,,ACT-00150976,14483,Digital Bits Network dba Kaiser IT Group
SBSTX,SEC through SBS (SBS HQ MITS),ACT-00245303,17375,Sharp Business Systems of Dallas
COMPUWORLDINC,,ACT-00151445,25961,CompuWorld Inc
SMBTECHNICALSERVICES,,ACT-00100633,26672,SMB Technical Services
SOHO,,ACT-00166406,26191,"SOHO Integration, LLC"
CMITWESTOMAHA,CMIT Headquarters,ACT-00245667,12761,CMIT Solutions of West Omaha
SYSTEMSSOL,,ACT-00215770,21122,Systems Solutions
INFORMATIONSYSTEMS,,ACT-00117705,24786,Information Systems Solutions
COMPHUT,,ACT-00024375,23189,Pinnacle IT
CTWILMINGTON,,ACT-00223468,13030,Computer Troubleshooters - Wilmington
AUSTINCOMPUTERGUYS,,ACT-00168210,15449,Austin Computer Guys
NITRAMTECH,,ACT-00026150,24143,Nitram Technologies
DELTADESK,,ACT-00268470,24770,Delta Desk
TRIDENTDIGITAL,,ACT-00153570,26213,Trident Digital Technologies
CPIDKS,,ACT-00234087,21543,"Connect Partners, Inc DBA Kyber Security"
TECHSAVVYTEAMLLC,,ACT-00077573,27798,Tech Savvy Team LLC
MILLIGANCPA,,ACT-00195763,32179,"Milligan & Company, LLC"
CMITCENTRALBUCKS,CMIT Headquarters,ACT-00245670,7852,CMIT Solutions of Central Bucks
ESECURITYSOLUTIONSLLC,,ACT-00128548,27395,"eSecurity Solutions, LLC"
Situate Business Solutions,,ACT-00027729,23619,Situate Business Solutions
Hill Country Tech Guys,,ACT-00144223,17793,Hill Country Tech Guys
Massive IT,,ACT-00158688,21054,Massive IT
Visual Edge Inc.,,ACT-00030511,11010,Visual Edge Inc.
Aliva,,ACT-00199190,20895,Aliva
KINGWOOD,,ACT-00050530,15313,Kingwood IT
IWERK,,ACT-00052393,25498,iwerk
CMITBOWIE,CMIT Headquarters,ACT-00290826,26716,CMIT Solutions of Bowie
BITSOLUTION,,ACT-00265547,30611,BIT Solution
DESKSIDELLC,,ACT-00057671,30173,deskside llc
BLUETEAMNETWORKS,,ACT-00237516,26833,Blueteam Networks
VERITASIT,,ACT-00027520,27303,Veritaz IT Solutions
OMNITECH,,ACT-00441754,31602,OmniTech
NETTECHI250803,,ACT-00296807,31850,Net Tech Integration
DSILtd,,ACT-00035348,20014,DSI Ltd
NASOL,,ACT-00049371,17249,NetAscendant Solutions
HIGHLINETECH,,ACT-00289981,26676,Highline Technologies
ERTECH,,ACT-00263857,29402,ER Tech Pros
CYBER3D,,ACT-00063547,24583,Cyber 3D
ICGINCORPORATED,,ACT-00461245,32904,Integrated Construction Group
SBSDC,SEC through SBS (SBS HQ MITS),ACT-00233129,32314,Sharp Business Systems of Washington DC
SHARPUKLTD,,ACT-00108868,500000084,Sharp IT Services (UK) Limited
NWITSERVICES,,ACT-00114485,23047,Northwest IT Services Inc.
NVIRON,,ACT-00026129,22951,Nviron
ITDESIGNS,,ACT-00246812,32151,Innovative Technology Designs
NANOTECH,,ACT-00268978,29359,Nanotech Solutions
TECHSAVVI,,ACT-00291831,26966,Tech Savvi
SPARTANTECHSERVICES,,ACT-00030195,20968,Metric
SECURIUM,,ACT-00296698,27310,Securium IT Solutions
NguyenSolutionsLLC,,ACT-00092099,23355,Nguyen Solutions LLC
CMITSOSUGAR,CMIT Headquarters,ACT-00245599,19937,CMIT Solutions of Sugarland
ENHALO,,ACT-00004490,21529,ENHALO
SMPNETWORK,,ACT-00069348,13254,SMP Network Solutions Ltd
AVERYLABS,,ACT-00643112,33243,Avery Labs LLC
DIDDLYSQUATCONSULTING,,ACT-00365297,32817,Diddly Squat Consulting
CONVERGEDCOMMSOLUTIONS,,ACT-00146960,22989,Converged Communication Solutions Ltd
SUPERIORNATIONALBANK,,ACT-00264873,27280,Superior National Bank
NETSURIT,,ACT-00093245,3402,"Netsurit, Inc"
ACCESSTECH,,ACT-00165553,27810,Access Tech
INFINITTECHSOLUTIONS,,ACT-00179021,21098,Infinit Technology Solutions
CMITSIOUX,CMIT Headquarters,ACT-00245671,18407,CMIT Solutions of Sioux Falls
DAVIK,,ACT-00133285,12559,"Davik Consulting, Inc"
CGBTECH,,ACT-00228695,20591,CGB Tech Solutions Inc.
SCEPTREIT,,ACT-00153586,22796,Sceptre IT LLC
VICKOHM,,ACT-00156578,26447,Vickohm Inc
DATANET,,ACT-00097066,23651,Data Network Solution
BIFFDUNCANASSOCIATES,,ACT-00037090,23541,"Biff Duncan Associates, Inc."
AINDALE,,ACT-00076441,16097,Aindale Business Management Services Ltd
NETLOGYX,,ACT-00246257,19559,Netlogyx Technology Specialists
BALSAMITSERVICES,,ACT-00643513,33308,Balsam IT Services
FUTURISM,,ACT-00287274,25983,Futurism Technologies
ECHO,,ACT-00154839,22911,Echo IT
MARTINITSERVICES,,ACT-00380102,33043,Martin IT Services
CREATIVE CONSULTANTS,,ACT-00087067,24279,"Creative Consultants Group, Inc."
COMPUTERENGINEERINGGROUP,,ACT-00118539,26011,Computer Engineering Group
FLYNAUT,,ACT-00437937,31177,Flynaut
CNE,,ACT-00114199,16779,CNE
ADVANNOVA,,ACT-00142509,32188,"Advannova, Inc."
THEVGROUP,,ACT-00137562,1181,The V Group
COMPSYSINTEGRATION,,ACT-00141389,3242,CSI
SKYCOMPSOLUTIONS,,ACT-00147893,28128,SkyComp Solutions Inc.
IQ Technologies (IQTECH),,ACT-00442877,32775,IQ Technologies
INSTAL,,ACT-00275900,24710,In-Stal Technologies
OTEROCONSULTINGGROUP,,ACT-00358119,30355,Otero Consulting Group
CTSTECH,,ACT-00243074,3679,CTS Technology Solutions
PITTBULLSEC,,ACT-00217819,30141,Pitt Bull Secure Technologies
PTS,,ACT-00086234,18848,"PTS DATA CENTER SOLUTIONS, INC."
AUTOMATEDRESULTS,,ACT-00199490,30634,Automated Results Computer Consulting LLC
CMITSWCHARLOTTE,CMIT Headquarters,ACT-00245595,12345,CMIT Solutions of Southwest Charlotte
REDPALADIN,,ACT-00138089,31632,Red Paladin
STRATANETWORKSLLC,,ACT-00431898,30972,Strata Networks LLC
STRATEGIC INFO GROUP,,ACT-00239933,29839,Strategic Information Group
ITLINKNOW,,ACT-00298595,30160,IT Link Now  LLC
HODGESYSTEMS,,ACT-00051844,29191,Hodge Systems & Consulting Service
SUPERFASTIT,,ACT-00040014,16276,SuperFast IT
SURAZALSYSTEMS,,ACT-00151857,31784,"Surazal Systems, Inc."
DODSEC,,ACT-00011765,26880,DoD Security
OUTBOUND,,ACT-00139669,500000102,Outbound Group
TECHTEAMBRAVO,,ACT-00345061,30973,Tech Team Bravo
GSDTECH,,ACT-00241592,24579,GSD Technology
CYBERWORKSTECGROUP,,ACT-00269505,24442,Cyberworks
M2COMP,,ACT-00249278,23093,M2 Computing Ltd
DECISIONDIGITAL,,ACT-00203119,18539,Decision Digital
RJRSOLUTIONS,,ACT-00109197,4438,RJR SOLUTIONS INC
WAGNERCOLLEGE,,ACT-00043008,33478,Wagner College
ORICKMARINE,,ACT-00317523,32093,Greg Orick Marine Construction
FUTURELINKIT,,ACT-00153547,22681,Future Link IT
LOGIXCARE,,ACT-00151819,21023,LogixCare
IRONEDGEGROUP,,ACT-00066822,30982,IronEdge Group
ADSNJ,,ACT-00290067,26582,ADS of NJ Inc
CORETECHSLN,,ACT-00132707,4451,CORETECH SOLUTIONS INC.
DATAMAX,,ACT-00238800,21102,DataMax IT Services for Business
210SOLUTIONS,,ACT-00259145,30929,"210 Solutions, LLC"
STONEBRAKERMCQUARY,,ACT-00338725,30520,Stonebraker Mcquary Insurance
RIVALTECHGROUP,,ACT-00463934,33074,Rival Tech Group
DILLONENTERPRISES,,ACT-00434304,31431,Dillon Enterprises LLC
VIRTUALTECH,,ACT-00165664,20616,Virtual Technology Services Ltd
MSQUARED,,ACT-00240540,10619,M-Squared Networks
FEREIRAGROUP,,ACT-00010871,1436,Ferreira Group
NORDICOMTECHNOLOGIESINC,,ACT-00130503,24886,"Nordicom Technologies, Inc"
AT MEDICAL MANAGEMENT,,ACT-00369092,30980,AT Medical Management LLC
BECKTEK,,ACT-00056189,13811,BeckTek Computer Consultants
CCSHORIZON,,ACT-00085262,20771,Cave Computer Solutions
ANDGROUP,,ACT-00110850,19190,Advanced Network Design Inc
CYBERTEXSOLUTIONS,,ACT-00301537,31861,Tecnologex
SLTTECH,,ACT-00041289,28572,SLT Tech
APEX TECH GROUP,,ACT-00177751,13792,Apex Technology Group
KONVERGETECHNOLOGIES,,ACT-00464608,33433,Konverge Technologies Inc.
COOPSYS,,ACT-00042129,20560,"Cooperative Systems, Inc."
WCTELEPHONE,,ACT-00026079,25066,West Carolina Telephone
WWIT,,ACT-00287811,26924,World Wide Information Technology LLC
CENTEXTECH,,ACT-00020861,23856,CenTex Technologies
ROWT,,ACT-00118040,20314,Right Of Way Technology
BLAIRLEIGH,,ACT-00246749,24873,"Blair & Leigh Enterprises, LLC"
RESOLUTE,,ACT-00102979,23459,Resolute Technology Solutions
SINGULARISIT,,ACT-00214880,27034,Singularis IT LLC
ELECTRONICBUSINESS,,ACT-00157376,25931,Electronic Business Systems UK
MP-responseit,,ACT-00139476,29289,ResponseIT
SYNDEONETWORK,,ACT-00312243,32677,"Syndeo Networks, Inc"
IGNATEK,,ACT-00156386,20631,Ignatek
NEXOTECHLLC,,ACT-00057926,21037,"Nexotech, LLC"
ANDORIX,,ACT-00246184,24825,Andorix Inc
MEDLIN,,ACT-00103519,29825,Medlin Communications Inc
NETMEDIASOL,,ACT-00064266,20736,NetMedia Solutions
CCBTECH,,ACT-00151780,20562,CCB Technology
C-3IS,,ACT-00380852,30170,C-3is
GEEKHQ,,ACT-00270997,24744,GeekHQ
CMITPC,CMIT Headquarters,ACT-00245691,17959,CMIT Solutions of Portland Central
CATAPULT,,ACT-00146523,19793,"Catapult TEK, LLC"
MP-REVIT,,ACT-00149026,20956,Revolution IT Ltd
NORDLOEVOLVE,,ACT-00296260,500000992,Nordlo Evolve
FESI,,ACT-00257149,21247,"Framework Enterprise Systems, Inc."
VIGHETTONETWORKING,,ACT-00110097,31273,Vighetto Networking Inc
LGC-INTERNAL,,ACT-00268926,23827,Local Government corporation_
NUWAVETECH,,ACT-00246681,25749,NuWave Technology Partners
LUMEN21,,ACT-00086484,26751,Lumen21
AGILENETWORKSPA,,ACT-00100700,27852,Agile Networks PA
CMITDOWNTOWNCOLUMBUS,CMIT Headquarters,ACT-00263992,21442,CMIT Solutions of Downtown Columbus
ONSUPPORT,,ACT-00227885,26552,Onsupport Corporation
CYNCSOLUTIONS,,ACT-00165651,24898,CYNC Solutions
TIMEMANAGEMENTSYSTEMS,,ACT-00139810,33056,Time Management Systems
ELITEMSP,,ACT-00225842,23175,Elite MSP
ACCUCOM,,ACT-00130209,17678,Accucom Systems Integration PTY LTD
DOKTORHD,,ACT-00293158,27290,Dok-Tor Harddrive
AMPROD,,ACT-00336835,28463,AMPROD LLC
VIRASEC,,ACT-00104038,25053,VIRASEC
ITSPOT,,ACT-00361344,30345,IT Spot
INLINE,,ACT-00230572,19438,Inline Computer Support Inc.
BIZITSS,,ACT-00196565,10609,BIZITSS
COMMERX,,ACT-00161969,31803,Commerx Computers Systems
OUTSOURCESOLUTIONS,,ACT-00055833,25164,Outsource Solutions Group
OFFICE,,ACT-00136631,19411,Office Essentials
TEAMLOGIC,,ACT-00157403,19434,"TeamLogic IT - Memphis, TN"
CENDIEN,,ACT-00150463,26340,Cendien
TCECOMPANY,,ACT-00050907,24407,"TCE Company, Inc"
ISERVCOMPANY,,ACT-00073714,23679,Iserv Company
BROTHERSMGH,,ACT-00058593,21309,Spectrio LLC
DDSCOMPUTERS,,ACT-00275193,28554,ddsComputers
EPHESUSTECH,,ACT-00206307,18486,"Ephesus Office Technologies, Inc"
BELLWETHER,,ACT-00246770,24731,Bellwether Technology Corporation
STINGTECHNOLOGIES,,ACT-00058177,32160,Sting Technologies Inc.
BLUWAVE,,ACT-00119428,24752,BluWave
ADNET,,ACT-00239379,500,"ADNET Technologies, LLC"
NWGHA,,ACT-00451313,32987,Northwest Georgia Housing Authority
TEAMOFFICE,,ACT-00242576,8252,Vision 118 dba Team Office Tech
NUVODIA,,ACT-00088740,21389,Nuvodia
MSPBLUESHIFT,,ACT-00207781,21126,"MSP Blue Shift, Pty Ltd."
ARIZONAPIPELINE,,ACT-00317851,28306,Arizona Pipeline
"CMIT Solutions of Manhattan, Times Square",,ACT-00245668,17108,"CMIT Solutions of Manhattan, Times Square"
FTS Business Solutions INC.,,ACT-00076030,24848,FTS Business Solutions INC.
"CMIT Solutions of Nashville, Southwest-Franklin",,ACT-00245603,17516,"CMIT Solutions of Nashville, Southwest-Franklin"
Byte Right Support,,ACT-00111007,27001,Byte Right Support
US Medical IT,,ACT-00015623,19121,US Medical IT
Adirondack Technical Solutions,,ACT-00085281,23623,Adirondack Technical Solutions
E2E Technology Solutions,,ACT-00148004,23977,E2E Technology Solutions
Gem Office Technologies,,ACT-00040037,21296,Gem Office Technologies
ZMR - Portal ZAMAR,,ACT-00014890,7803,ZMR - Portal ZAMAR
Abbecus Recovery Systems,,ACT-00240085,18113,Abbecus Recovery Systems
Pacific I.T Solutions,,ACT-00199646,13773,Pacific I.T Solutions
Node IT Solutions,,ACT-00173714,16655,Node IT Solutions
Argus Connection,,ACT-00078017,20632,Argus Connection
SOS Tech Group,,ACT-00153476,24591,SOS Tech Group
Unitec IT Solutions,,ACT-00245539,22921,Unitec IT Solutions
Creative IT,,ACT-00056148,18971,Creative IT
INFINITYINC,,ACT-00023768,19030,"Infinity, Inc."
BLUENOVO,,ACT-00043489,23872,BlueNovo
APEX365TECH,,ACT-00239567,22926,Apex 365 Tech Inc.
INDIRECTIT,,ACT-00362402,30077,inDirect IT Inc.
APARTNERINTECHNOLOGY,,ACT-00027660,23334,A Partner in Technology
EYETSOLUTIONS,,ACT-00455989,32219,EYE T SOLUTIONS LLC
BRITECITY,,ACT-00204994,18632,BriteCity
ACSSERVICES,,ACT-00140320,20785,"ACS Services, Inc"
CATSTECH,,ACT-00151889,24477,CATS Technology Solutions Group
PANURGY,,ACT-00227737,3642,Panurgy
UNITEK,,ACT-00244163,19229,Pinnacle Access
TEKSWORK,,ACT-00092065,27973,"Tekswork, LLC"
STICKBOY,,ACT-00267839,24509,Stickboy
AMULEXCORP,,ACT-00195527,21534,Amulex Corp
SERVCOM,,ACT-00019114,5194,Servcom USA
TOPTIERITSOLUTIONS,,ACT-00194339,32991,"Top Tier IT Solutions, LLC"
ADECSLTD,,ACT-00219799,17089,ADECS LTD
AMGS,,ACT-00179837,30035,Application Management Group Services Inc
INSIGNIT,,ACT-00019668,20658,Insign.it
PATHWAYTECHNOLOGIES,,ACT-00056078,27073,"Pathway Technologies, Inc"
PRESPONSE,,ACT-00027107,32501,Presponse Technologies Inc
KDI-INC,,ACT-00099576,30766,Keystone Digital Imaging Inc
COVALENT,,ACT-00195398,15329,Covalent Consulting Group LLC
PREMIERDATASERVICES,,ACT-00112823,13048,Premier Data Services
CMIT - BALTIMORE COUNTY,CMIT Headquarters,ACT-00245629,11460,CMIT Solutions of Baltimore County
LREC,,ACT-00456847,32354,Lake Region Electric Cooperative
ANCGLLC,,ACT-00070285,33595,"Amoskeag Network Consulting Group, LLC"
ZURCTECH,,ACT-00296015,27090,ZURC TECHNOLOGIES LLC
PROVISIONDATA,,ACT-00199701,17561,Provision Data Systems Inc
HAWKR,,ACT-00298326,27662,Hawkr
SIEDERSCONSULTING,,ACT-00459698,32939,Sieders Consulting
INITIALIZEBIZ,,ACT-00019597,27660,Initialize Biz
TTDEPOT,,ACT-00200299,22807,"The Technology Depot, Inc."
ACSLTD,,ACT-00213520,24079,"Associated Computer Systems, Ltd."
VODAFONESANDBOX,Vodafone,ACT-00153023,500000090,Vodafone Sandbox/Training
DIGITALCONNECTION,,ACT-00230303,30872,NextGen Automation Ltd
ZBRELLA,,ACT-00236582,2630,ZBRELLA
HALOGENDBACLEARCONN,,ACT-00053060,247,Halogen dba Clear Connection
HELIX,,ACT-00063924,18644,"Helix Systems, Inc"
ERGOSTECH,,ACT-00123802,500000238,ERGOS Technologies Ltd
SPARKTECH,,ACT-00224484,27529,"Spark Technologies, Inc."
FLRSPECTRON,,ACT-00012675,25067,FLR Spectron
CRMD,,ACT-00464535,33523,Center for Retina & Macular Diseases
0FOOTPRINT,,ACT-00016568,25969,0 Footprint
NEWGENADMIN,,ACT-00442208,31812,NewGen Administrative Services
IDEAL TECHNOLOGY INC,,ACT-00201357,28082,"Ideal Technology, Inc."
TECHCESSGROUP,,ACT-00133914,26002,Techcess CyberSecurity Group
CMITNorCharConcord,CMIT Headquarters,ACT-00240758,17948,CMIT Solutions of North Charlotte and Concord
EOS,,ACT-00243957,8529,Eos Systems
MATRIXNETWORKS,,ACT-00125102,25976,Matrix Networks
NAMHS,,ACT-00134459,26900,North American Mental Health Services
VC3-Team Canada,,ACT-00153573,21002,VC3
SPARTANIT,,ACT-00119542,30950,"Spartan IT, LLC"
Vodafone Business IT Managed Services,Vodafone,ACT-00316924,500001011,Vodafone Business IT Managed Services
NCGIT,,ACT-00151831,24375,North Light IT
RAMPUPTECH,,ACT-00240170,24056,Ramp Up Technology
VECTRAMEDIA,,ACT-00199419,32510,Vectra Media
GREGORY_CHAPMAN_IT_LTD,,ACT-00336577,500000386,Chapman Technology Partners Ltd
VECTORTECH,,ACT-00084680,25540,Solutions Plus Inc dba Vector Tech Group
MGXTECH,,ACT-00152143,30910,"MGX Technologies, LLC."
ITECHWV,,ACT-00252978,21117,iTech
IMAGEQUEST,,ACT-00206609,13555,ImageQuest
STEELBROOKTECH,,ACT-00360522,28652,Steelbrook Technology Group
DJJTECH,,ACT-00126060,26071,DJJ Technologies NTL LLC
NETSURITINC,,ACT-00093245,3402,"Netsurit, Inc"
ETWORKS,,ACT-00287785,500000583,ET Works
TECHDOCTOR,,ACT-00259287,33156,Tech Doctor
FOUNDERSITGROUP,,ACT-00431740,31329,Founders IT Group
WICKDTECH,,ACT-00446242,33319,Wickdtech
PLACEONE,,ACT-00068470,16167,Place One Systems
EESCONSULTING,,ACT-00110493,7039,EES Consulting
BTTS,,ACT-00085267,20344,Bennett Thrasher Technology Services
SIMODA_LTD,,ACT-00234784,25915,Simoda Ltd
MEDCODATA,,ACT-00131476,28609,MedCo Data
ELITEPROSOL,,ACT-00059356,20644,Elite Pro Solutions Inc.
SEIT,,ACT-00237901,300000166,S E IT
TELSTRONG,,ACT-00171352,12205,TelStrong
WENATCHEECOMPUTER,,ACT-00444867,32502,Interwest Technologies LLC
ESCONSULTING,,ACT-00028723,21526,ES Consulting
CoreTechd,,ACT-00301957,500000341,CoreTechd
OTHERGUYS,,ACT-00361345,29499,Other Guys IT
COMPLETECAREIT,,ACT-00020591,1457,Complete Care IT
NAVARINO,,ACT-00107768,20200,Navarino Technology CY Ltd.
STUDPIRA250725,,ACT-00317237,500000398,Studio Piras
STAFFORDASSOCIATES,,ACT-00171683,30995,Stafford Associates
UNIVERSALSYSTEMS,,ACT-00086721,27963,"Universal Systems, Inc."
SIMPLESOLUTIONS,,ACT-00268852,26533,Descent Inc
KBMF,,ACT-00260864,23842,Kingsburg Media Foundation
STLLC,,ACT-00170441,13056,Synergy Technical LLC
TCI,,ACT-00068455,18423,TCI Voice and Data Networks
OMEGATECHNICALSOLUTIONS,,ACT-00245384,28375,"Omega Technical Solutions, Inc"
SOFTSOL,,ACT-00225596,20879,Software Solutions S.r.l.
SOUTHERN TECH PRO,,ACT-00086449,25236,Southern Tech Pro
ESCOPE,,ACT-00218036,24324,eScope Solutions Inc
BLOCK22,,ACT-00269322,26669,Block 22 LLC
DCST,,ACT-00208557,10008,DCS Technologies LLC
GRAINS,,ACT-00419836,32121,U.S. Grains & Bioproducts Council
JTEK,,ACT-00108388,24711,JTEK Solutions Inc.
ISH,,ACT-00448913,31798,Ish IT Services
B3ENTERPRISE,,ACT-00263149,27211,"B3 Enterprise Technologies, LLC"
APEXSOLUTIONS,,ACT-00144665,16344,APEX Solutions
CMITSOCE,CMIT Headquarters,ACT-00253045,21090,CMIT Solutions of Cincinnati East
CLOUDWIZE,,ACT-00246250,26379,Cloudwize
RKS,,ACT-00183009,18892,Red Key Solutions
V2TECHNOLOGY,,ACT-00065554,25168,V2 Technology
EXECUTEL,,ACT-00177047,30235,Executel
DORSET,,ACT-00069994,22700,"Palmetto Technology Group, Inc."
HEART,,ACT-00238542,21551,Heart Technologies Inc.
CMITROA,CMIT Headquarters,ACT-00267385,23405,CMIT Solutions of Roanoke
TWERXE,,ACT-00116766,19400,TechWerxe
FOSTER,,ACT-00153883,2992,Beratung LLC dba Foster MSP
MARENGO,,ACT-00418702,30721,Marengo Community High School District 154
BENECOMTECH,,ACT-00141291,26828,Benecom Tech Inc.
SUPERHITECH,,ACT-00046694,27347,SuperHiTech
LOGICEDGESOLUTIONS,,ACT-00428148,300000578,Logic Edge Solutions
CIT,,ACT-00178261,17272,Complete Interactive Technologies
BDR,,ACT-00166537,500000400,BDR VOICE & DATA SOLUTIONS LTD
BAYFRONT,,ACT-00458064,32443,Bayfront Cloud LLC
MYLUCIDTECH,,ACT-00153920,33132,Lucid Technologies
CBM,,ACT-00110859,26053,Capital Business Machines
ITDATAWISE,,ACT-00203236,4544,IT DataWise Inc
HYPERIONMS,,ACT-00205860,27195,Hyperion Managed Services
ZEHTEK,,ACT-00038303,4622,ZehTek
PACTIT,,ACT-00121162,17892,PACT IT Solutions
BUCHERTECH,,ACT-00234623,27702,Bucher Technologies
ITONTHEDOT,,ACT-00438922,31283,IT On the Dot LLC
SENTINELDATASOLUTIONS,,ACT-00166297,500000474,Sentinel Data Solutions Ltd
CMITSILICONV,CMIT Headquarters,ACT-00240755,5076,CMIT Solutions of SW Silicon Valley
IMCTECH,,ACT-00211334,21455,IMC Technologies
GREENMAN,,ACT-00197514,5802,"GreenmanIT, Inc"
UMBRELLATECHNOLOGIES,,ACT-00208029,25098,Umbrella Technologies
SOBOIT251004,,ACT-00156549,32189,Core12
FOCUSTECHLTD,,ACT-00137254,23111,Focus Technology Solutions Ltd
FIREBLADEIT,,ACT-00148976,21107,Fireblade-IT
VERTICALCORP,,ACT-00160638,1814,Vertical IT
MOWRYINT,,ACT-00153545,26586,Mowry International
JLCOMPUTERS,,ACT-00045984,32515,"Jl Computers, Inc"
ENTRUTECH,,ACT-00236856,500001061,Entrutech CC
INSIGHTTECH,,ACT-00099384,24809,Insight Tech Advisors
WALLACETELECOM,,ACT-00458495,32517,Wallace Telecommunications Inc.
ISM,,ACT-00362999,30013,ISM
SERVODATASERVICES,,ACT-00287569,25874,Servodata Services
CMITASW,CMIT Headquarters,ACT-00245695,9880,CMIT Solutions of Austin Southwest
EMAXIS,,ACT-00289896,26481,Emaxis ICT
PARKERDATAVOICE,,ACT-00072065,17224,"Parker Data & Voice, LLC"
ALLIANCE,,ACT-00014847,17746,Alliance Solutions Ltd
PSOFT,,ACT-00439584,31461,Precision Software Corp.
RALIN,,ACT-00361376,30045,RaLin Construction
GRAYTONTECH,,ACT-00419794,30768,Grayton Technologies LLC
CAL-TELE250714,,ACT-00063950,31396,Cal-Ore Telephone Co.
"CSG Technologies, LLC",,ACT-00199857,27295,"CSG Technologies, LLC"
Com Pro IT Ltd,,ACT-00151219,23566,Com Pro IT Ltd
Access Systems,,ACT-00125031,32767,Access Systems
LYLAB Technology Solutions,,ACT-00055056,24909,LYLAB Technology Solutions
Ascent Systems,,ACT-00218439,30440,Ascent Systems
SECURENETWORKS,,ACT-00144936,26493,Secure Networks for Small Business Inc
DIRECTCOMPANIES,,ACT-00151759,24700,"Direct Companies, LLC"
ECMSP,,ACT-00245526,14966,EC-MSP Ltd
FAIRDINKUM,,ACT-00197019,23384,Fairdinkum Consulting
ASCENTPHARM,,ACT-00091564,32027,Ascent Pharma
SHARPELECGMBHPOLAND,,ACT-00268328,24926,Sharp Business Systems Polska Sp. z o.o.
MACWORKS360,,ACT-00224495,18774,MacWorks 360
BGCGH,,ACT-00455419,32585,Boys and Girls Club of Greater Houston
NSISERV,,ACT-00107969,3114,NSI New England Systems
BOSTONHD,,ACT-00191410,20874,"Boston HelpDesk, Inc."
LMQTECHNOLOGY,,ACT-00645224,33488,LMQ TECHNOLOGY
MP-SuperHITech,,ACT-00046694,27347,SuperHiTech
ESPO,,ACT-00157556,23267,ESPO Systems
LUDLOWTOOLINC,,ACT-00269485,23967,Ludlow tool Inc
CUSTOMITSOLUTIONS,,ACT-00201402,29588,Custom IT Solutions
OILCOUNTRY,,ACT-00239557,24013,Oil Country Computers
TECHNICALFRAMEWORK,,ACT-00125317,22880,Technical Framework
CAFFCOMM,,ACT-00297572,32468,CaffComm Systems Inc
VSPINE,,ACT-00266001,26822,"VSpine Networks & Advisors, LLC"
T3NETWORKS,,ACT-00006638,21271,T3 Networks
JNMDATASOLUTIONS,,ACT-00265746,23462,JNM Data Solutions Inc
ASCENT,,ACT-00162537,19134,Ascent Information Technology
PROTECHSERVICES,,ACT-00196143,26374,"Protech Systems Group, Inc."
OCTAL,,ACT-00149104,20998,"Octal Systems, LLC"
TOTALSECURETECH,,ACT-00177708,272,Total Secure Technology
REVAMP,,ACT-00153513,23003,Digital Ethic LLC
CASTLELIGHT,,ACT-00287049,25217,Castlelight Enterprise LLC
ENSOL,,ACT-00185222,21448,EssentialNet Solutions
CONEXPRO,,ACT-00413814,30378,ConexPro
TECHNOLOGYPLUS,,ACT-00050775,23891,Technology Plus
BUZZMSP,,ACT-00361986,29495,Buzz LLC
BEYONDINFINITY,,ACT-00111294,25895,Beyond Infinity LLC
JOINKLLC,,ACT-00104189,20858,Joink LLC
TEXASTECHNOLOGY,,ACT-00239232,32318,"Texas Technology Support, Inc"
AndersMinklerHuberHelm,,ACT-00095755,21464,Anders Minkler Huber & Helm LLP
WAYTEK,,ACT-00237783,29556,WayTek
SPECGRAVITY,,ACT-00238605,13336,Specific Gravity Group
CTECHIT,,ACT-00068362,32116,C-Tech IT Solutions
DELEGO,,ACT-00288327,26023,Delego
DTIMPORTS,,ACT-00022311,30376,D & T Imports
R4TECHNOLOGY,,ACT-00009776,28606,R4 Technology
TKOZ,,ACT-00126018,23917,TechnoKoz
CBCI,,ACT-00148885,20994,Computer Business Consultants
APEXPRO,,ACT-00459453,32736,Apex Pro AI Inc
HUBTECH,,ACT-00246724,14011,Hub Technical Services LLC
YHWHSYSTEMSLLC,,ACT-00643300,33244,"YHWH Systems, LLC"
AVANTI,,ACT-00004273,21248,Avanti Technologies
OPTIVISE,,ACT-00036471,24963,"Opti-Vise, LLC."
LAUNCHIT,,ACT-00139826,24548,Launch IT Corp.
BETTERCONNECTED,,ACT-00296871,27401,Better Connected IT
CARIBBEAN,,ACT-00290453,28802,Caribbean Networking
ITWORKS,,ACT-00274326,24202,IT Works Group LLC
IDTSUPPORT,,ACT-00109129,24141,IDT Support
INTREPIDCREDITUNION,,ACT-00434331,31080,Intrepid Credit Union
GUARDIANNETWORKS,,ACT-00035171,32411,Guardian Networks
CMIT - CLEVELAND - AKRON,CMIT Headquarters,ACT-00274846,24308,CMIT Solutions of Cleveland SW & Akron
BUCHANANTECHNOLOGIES,,ACT-00140443,27452,Buchanan Technologies
AIRIT-INFRASTRUCTURE,,ACT-00018262,23135,Air-IT
MKMXCS,,ACT-00034037,11297,MkMx Computer Solutions
HUFF,,ACT-00156635,18973,HUFFDATA
TECHSERVICESWI,,ACT-00076476,33091,Â Technology Services LLC
PCCL,,ACT-00172248,3364,Proactive Computer Care LLC
MITECH,,ACT-00287892,31067,MI Technology Management
NETMATTERS,,ACT-00186829,500000072,Netmatters Ltd
KPPM,,ACT-00128568,27553,Keystone Pacific Property Management
FILCONET,,ACT-00171699,28412,FILCONET
PITTSBURGHCOMPUTERSOLUTIONS,,ACT-00056546,23978,Pittsburgh Computer Solutions
FALCONRIDGEIT,,ACT-00159853,33092,"Falcon Ridge IT, LLC"
GLOBALQUESTINC,,ACT-00000509,20668,Globalquest Solutions Inc
TITANTECHSYSTEMS,,ACT-00366809,29956,"Titan Technology Systems, LLC"
MURPHTECH,,ACT-00004825,28101,MurphTech LLC
ALLIANTTECH,,ACT-00037022,888,Alliant Technology Group
SHARKTOOTHNET,,ACT-00153605,32232,SHARKTOOTH NETWORKS INC
CMITWHITEPLAINS,CMIT Headquarters,ACT-00253049,21087,CMIT Solutions of White Plains
ALLLINESTECH,,ACT-00032429,24606,All Lines Technology
ONE2CALL,,ACT-00031842,16918,One2Call UK
TANCHES,,ACT-00066645,27500,"TanChes Global Management, Inc."
SUNRISECHILDREN,,ACT-00295708,28837,Sunrise Children's Services
CSQUAREDNETWORKS,,ACT-00266210,23265,C Squared Networks
SHOSHIN,,ACT-00219467,23962,"Shoshin Technologies, Inc."
INFINITECHUSA,,ACT-00263756,28645,Infinite Techologies USA
SCYBER,,ACT-00453142,32089,Scyber
FUSIONCYBER,,ACT-00151240,26915,Fusion Cyber Group Inc.
IT EXPERT,,ACT-00146297,31135,IT Expert MSP
MCA,,ACT-00167113,21538,MCA
EXPRIASOLUTIONS,,ACT-00361251,30443,Expria Solutions Inc.
VENTURE,,ACT-00065579,18865,IronCloud Technologies
INFINITE CLOUD SYSTEMS,,ACT-00005661,30332,Infinite Cloud Systems
DCHOUSING,,ACT-00290564,29958,District of Columbia Housing Authority
INNOVATIVE,,ACT-00118822,1821,Innovative Systems dba ISI
COMMERCIALIT,,ACT-00001090,500000321,Commercial Limited
Morse Networks Ltd (ITEAM),,ACT-00227815,16891,Morse Networks Ltd
TEKCOMCOMPUTER,,ACT-00017980,30221,Puckett IT Group
HEMISOLUTIONS,,ACT-00020380,30129,Hemi IT Solutions
TRIDENT,,ACT-00029982,500000442,Trident
KAINNOVATIONS,,ACT-00290823,27220,"K & A Innovations, LLC"
ATLPSNYLAW,,ACT-00209625,19093,"Scahill Law Group, PC"
CROWDERGULF,,ACT-00302313,27834,Crowder Gulf
INTEGRATED,,ACT-00119139,15216,Integrated MSP Corporation
CASSID,,ACT-00245258,14526,"Cassid, LLC"
HEADIT,,ACT-00242876,28108,HeadIT
ROEBUCKTECH,,ACT-00092471,15219,Roebuck Technologies
VELOCITYNET,,ACT-00105484,22703,"Velocity Network, Inc."
LASERLINE,,ACT-00110219,21022,Laser Line
C2TECH,,ACT-00178807,26859,C2 Technology Systems
CMITSOLDWRHP,CMIT Headquarters,ACT-00240265,17957,CMIT Solutions of Dallas
MADISON-AVE,,ACT-00136026,32766,"Madison Ave Computer Services, Inc"
SPLICENET,,ACT-00111332,6555,SpliceNet Inc
KRANTZ,,ACT-00052315,18828,Krantz Secure Technologies
ELECTRICALCOMPUTERRESOURCES,,ACT-00141837,21512,Electrical & Computer Resources
CMITSWMI,CMIT Headquarters,ACT-00245615,11538,CMIT Solutions of Southwest Michigan
OASIS,,ACT-00230132,10474,Oasis LLC
CYSECTECH,,ACT-00287017,27343,Cysec Technologies
HELIXSTORM,,ACT-00126987,18216,Helixstorm
DUBLOW,,ACT-00298577,29856,DubLow Consulting LLC
HUNTLOCK,,ACT-00416853,30607,HuntLock
INFINET,,ACT-00124677,17577,Infinet Services
ADVANCEDNETWORX,,ACT-00101925,27738,Advanced Networks
SJPACK,,ACT-00163387,31319,St-.John Packaging
BALTIMORETECH,,ACT-00213995,22760,Baltimore Technology Group LLC
SANTOSITS,,ACT-00000329,15438,Santos ITS Ltd
CMITMERRIMACKVALLEY,CMIT Headquarters,ACT-00245661,16523,CMIT Solutions of Merrimack
MANAGECAST,,ACT-00170625,26636,Managecast
TERRASOFT,,ACT-00457661,32448,Terrasoft
CYBERMEDDR,,ACT-00048128,31908,CyberMedDr
DDMMATERIALS,,ACT-00441114,31501,DDM Materials
JEFFCOMPUTERS,,ACT-00004890,26335,Jeff Computers
KITSAP,,ACT-00107086,24417,"Kitsap Networking Services, Inc"
DAEMONCONSULTING,,ACT-00239459,30051,Daemon Consulting
EXPRESSTECH,,ACT-00125888,17843,"Paply, Inc."
TOTALCOMPTECH,,ACT-00209922,9008,Total Computing Technology
ISINGUARD,,ACT-00173173,23479,Isinguard Technology Group Inc
SYMBIS,,ACT-00012670,26315,Symbis
MICROTELSYS,,ACT-00099396,2130,Microtel Systems Corp
TEKNABYTE,,ACT-00158923,27471,Teknabyte Consulting
TCTRL,,ACT-00246671,19142,Take Ctrl
HARWOOD,,ACT-00067264,21194,Harwood International Corp.
INDIANRIVERNETWORKS,,ACT-00203960,72,Indian River Networks
MAHERTECH,,ACT-00139934,10114,Maher Technology
MANNINGSOFFICESOLUTIONS,,ACT-00113073,21486,Manning's Office Solutions
WARWICKCOMM,,ACT-00201986,14999,Warwick Communications
WIREDDIRECT,,ACT-00246822,23200,Wired Direct
CIRRUS,,ACT-00264764,23478,Cirrus Connect Inc
BTS,,ACT-00334745,28188,BTS Solutions
NETSMARTAI,,ACT-00245993,28255,Applied Innovation
KEYIT,,ACT-00115616,3453,Key IT Systems
TRADITIONTECH,,ACT-00188255,31337,Tradition Technology
MERIT,,ACT-00069243,19226,Merit Technology Consultants
WORKFLOWSOLUTIONS,,ACT-00223359,500000405,Workflow Solutions
CTSDUDLEY,,ACT-00178321,13353,Computer Troubleshooters - Dudley UK
KEETCONSULTING,,ACT-00279927,25305,"Keet Consulting Services, LLC"
ROCKSOLIDTECH,,ACT-00128075,28314,Rock Solid Technology Solutions
CYBERUNLOCKED,,ACT-00248864,20812,CyberUnlocked
HOMETECHNOLOGYSUPPORTLLC,,ACT-00175100,29008,Home Technology Support LLC
NETVALUP250611,,ACT-00441538,31555,Net Value Partners LLC
TRINWARE,,ACT-00154368,23894,Trinware
COMPUTERTALKSERV,,ACT-00223245,1191,CTS - Computer Talk Service
PARAGONNETWORKS,,ACT-00287178,26760,Paragon Networks
CARMICHAEL,,ACT-00069316,27582,Carmichael Consulting Solutions
VANGUARDTECH,,ACT-00239568,30398,Vanguard Tech Services
OLIVER,,ACT-00210274,14360,"Group Oliver, Inc."
METASOLUTIONS,,ACT-00099588,26137,Meta Solutions
CROSSWOODTECH,,ACT-00287915,29767,Crosswood Technology Group
IVCTECH,,ACT-00362399,30405,IVC Technologies
SPECTRUM,,ACT-00112608,13323,Spectrum Technologies
Computer Troubleshooters - El Dorado,,ACT-00064578,8515,Computer Troubleshooters - El Dorado
Sharp Business Systems of Houston,,ACT-00149553,18427,Sharp Business Systems of Houston
"Grauer Technologies, LLC",,ACT-00242313,18014,"Grauer Technologies, LLC"
Think Cloud,,ACT-00060184,14707,Think Cloud
Bluetowne,,ACT-00163478,13035,Bluetowne
Monster Tech IT,,ACT-00317747,30957,Monster Tech IT
"Ihloom, Inc.",,ACT-00227717,19820,"Ihloom, Inc."
010CLOUDCOMP-Zipcom,,ACT-00024650,17951,010 Cloud Computing Ltd
COMPITI-MN,,ACT-00038527,21384,"Computer Integration Technologies, Inc."
VC3-Team Michigan,,ACT-00153573,21002,VC3
OneCom Ltd,,ACT-00224155,500001040,
Pure Technology /1,,ACT-00151751,24338,
AMS Retail Solutions,,ACT-00157004,20813,
SZS Consulting,,ACT-00077485,33480,
Frontline Security Solutions,,ACT-00055707,26506,
Reliable Technology Solutions,,ACT-00078453,26577,
Rockford IT,,ACT-00083874,25890,
"Rapid Domains, Inc.",,ACT-00196486,24768,
"Higher Ground Technologies, Inc.",,ACT-00040717,23795,
Binyod LLC,,ACT-00091572,24631,
ACT Enviro,,ACT-00068995,28600,
Business Data Solutions,,ACT-00246016,30781,
EZ Solutions,,ACT-00420249,30784,
WPG Consulting,,ACT-00250551,22835,
David Horne Consulting,,ACT-00201417,26028,
"JDI Technology Group, Inc.",,ACT-00110882,22929,
Network Utilities,,ACT-00156122,27217,
Vulcan Business Solutions LLC,,ACT-00151784,20989,
Agilico,,ACT-00106185,500000904,
Copy Systems Inc,,ACT-00180388,11044,
United Datacom Networks Inc,,ACT-00165050,19283,
MCS Computer Support,,ACT-00269471,25941,
IDT Support,,ACT-00109129,24141,
Proactive Data,,ACT-00008941,26591,
DigitalBrainz,,ACT-00217986,21485,
SouthBridge Consulting,,ACT-00062722,29140,
Technology Services LLC - b4b158ba-e742-4ba1-9b41-fa35798c71d6,,ACT-00076476,33091,
ThrottleNet Inc,,ACT-00230196,,
Northern Computer,,ACT-00229712,26124,
Blackleaf Solutions LLC,,ACT-00025627,,
Beartech Inc,,ACT-00269371,29651,
"Louisiana Radio Communications, Inc",,ACT-00191378,21504,
Uniag Cooperative,,ACT-00275259,-,
Metrix,,ACT-00265102,,
"AZComp Technologies, Inc",,ACT-00210127,4510,
Netbox Managed IT Services,,ACT-00079016,500000659,
Twin Pines Technology,,ACT-00263875,,
Client Solutions & Systems,,ACT-00125001,-,
Advanced Technology Solutions,,ACT-00195588,,Advanced Systems
"Bourgtech, LLC",,ACT-00244896,,"Bourgtech, LLC"
Nex-Tech LLC,,ACT-00237849,,
Associated Time & Parking Controls,,ACT-00113763,-,
Educational Records Bureau,,ACT-00263860,-,
Blueline Computing (DAFTech),,ACT-00113333,500000134,
Crodin,,ACT-00289038,30293,
On-Site Computers Inc.,,ACT-00025822,26821,
NXT IT Solutions,,ACT-00071766,300000155,
Five Star Technology Solutions,,ACT-00069079,21364,
ICSI,,ACT-00296553,500000262,
Moon Computers Ltd,,ACT-00227718,25889,
NIC Inc.,,ACT-00100524,23024,
SoftLink Computer Solutions,,ACT-00040869,28149,
Complete I.T. Limited,,ACT-00108868,500000084,
Cyberlink ASP Technology LLC (Avitus Tech),,ACT-00051086,23059,
Noah Morrison,,ACT-00103409,,
MicroSPED (#5607),,ACT-00148634,28327,
Infinite Systems Inc,,ACT-00077188,29783,
Semsoft,,ACT-00286185,25061,
Microtel Systems Corp,,ACT-00099396,2130,
Today's Business Computers Inc,,ACT-00045351,32815,
E2E Technology Solutions,,ACT-00148004,23977,
Intrada Technologies LLC,,ACT-00209017,32227,
Bel USA LLC,,ACT-00154470,,
ByteWyze Computer Services,,ACT-00197873,29657,
Comstar Technologies,,ACT-00038049,25433,
Genone Technology Services Inc,TD Synnex Corp,ACT-00245995,,
ScotiaComp Technologies,,ACT-00065309,29456,
SIAX COMPUTING SOLUTIONS,,ACT-00009043,300000632,
Myriad Technologies Services Pty Ltd,,ACT-00093598,22996,
"Innovative Network, Inc.",,ACT-00067989,,
Homeport Electronics,Ingram Micro,ACT-00240097,,
Zenxeon Technologies,,ACT-00260421,29193,
"AZComp Technologies, Inc",,ACT-00210127,,
"Professional Business Systems, Inc - (BAD Tenant)",,ACT-00219320,23634,
Yielder IT & Communication Solutions East B.V.,,ACT-00148072,500000058,
Coviah,,ACT-00289041,28111,
Copiers Plus,,ACT-00128668,15339,
Louisiana Eye & Laser,,ACT-00263923,-,
Rx Technology,TD Synnex Corp,ACT-00246798,-,
"International Micro Systems, Inc.",,ACT-00037816,-,
Network & Security,,ACT-00083687,24571,
Keystone Pacific Property Management,,ACT-00048610,,Keystone
Your Way IT Solutions,,ACT-00222035,,Your IT Department
IT Kauai Inc,,ACT-00033691,26895,
Unique Appliances,,ACT-00252258,27501,
Austin Computer Guys,,ACT-00168210,15449,
SIAX COMPUTING SOLUTIONS,,ACT-00009043,25878,
Platform 24,,ACT-00030476,300000464,
Computer Engineering Group,,ACT-00118539,26011,
A Tech 4 U,,ACT-00246833,20651,
ECTECH LLC,,ACT-00291201,28285,
Eugenius,,ACT-00084733,28975,
Blue Line Technologies,,ACT-00077736,2370,
Abbey Telecom,,ACT-00075562,500000353,
"Petra Technologies, Inc.",,ACT-00004994,,
Computers Etc,,ACT-00267395,27827,
Mason Infotech Ltd,,ACT-00076763,24160,
"HRI Properties, LLC",,ACT-00121826,,
The IT Bunch,,ACT-00286798,25134,
Veerman ICT Services BV,,ACT-00118063,23483,
T3 Networks,,ACT-00006638,21271,
"Midwest Computing Group, Inc.",,ACT-00066411,26098,
Custom Solutions,,ACT-00180877,,
CSI,,ACT-00141389,3242,
Lemonov LLC,,ACT-00104319,25165,
ByteWyze Computer Services,,ACT-00197873,,
Montec IT Group,,ACT-00198204,26428,
"FSi Strategies, Inc.",,ACT-00200968,26322,
FastString,,ACT-00268138,24114,
Knowing Technologies,,ACT-00057589,30807,
Titanium,,ACT-00185004,29258,
The Hill Country Tech,,ACT-00253010,25327,
Network Design Systems,,ACT-00132533,,
CenTex Technologies,,ACT-00020861,23856,
"Circle Technologies, Ltd",,ACT-00246156,27039,
Magoo & Associates LLC,,ACT-00154951,24839,
Specific Gravity Group,,ACT-00238605,13336,
Aufsite,,ACT-00295874,27089,
Desert IT Solutions /1,,ACT-00057174,-,
ABtec Computer Solutions Ltd,,ACT-00187333,22843,
National Oak Distributors,,ACT-00110200,-,
Techton Consulting LLC,,ACT-00264694,23953,
LP Techs LLC,,ACT-00317711,27992,
Advantech IT Solutions,,ACT-00133809,27439,
Network Connections Inc (NCI),,ACT-00266244,24480,
Netsource One Inc,,ACT-00037128,27795,
Enterprise Business IT Solutions Pty Ltd,,ACT-00287422,25296,
Objective Technologies Ltd,,ACT-00060504,26526,
1 ZERO 1 Comp Sols Ltd,,ACT-00192709,13293,
WTA Consulting,,ACT-00243438,23373,
Omni Technologies Alliance,,ACT-00161783,,
V2 Technology,,ACT-00065554,25168,
Tech4Biz,,ACT-00070572,24316,
Network Enginuity,,ACT-00133064,30065,
Northern Saints Catholic Education Trust,,ACT-00018341,,
Intricate Networks,,ACT-00249585,26133,
"1 Up Tech, LLC",,ACT-00014442,21077,
HostFaddy,,ACT-00291473,500000440,
Navious Technologies,,ACT-00190413,21176,
"Xpertechs, LLC",,ACT-00158933,3214,
Dexcore LLC,,ACT-00275427,29568,
"TechnoLogyx, Inc.",,ACT-00104087,,
ACT Enviro,,ACT-00068995,,
OneCom Ltd,,ACT-00224155,24180,
Northern Saints Catholic Education Trust,,ACT-00018341,-,
"AxTech - 887,528",,ACT-00136702,31360,
"Backroom IT, LLC",,ACT-00124060,-,
TC IT Solutions,,ACT-00208137,25267,
Uniag Cooperative,,ACT-00275259,29743,
IT In Demand,,ACT-00069340,21183,
Fort & Schlegel,,ACT-00202377,,Fort Austin Consulting Group
Advanced Office,,ACT-00195588,,Advanced Systems
Paronubi,,ACT-00117330,,Paronubi
VIcom Virginia Integrated Communications,,ACT-00187986,-,
"iDiscovery Solutions, Inc",,ACT-00245864,-,
Otero Consulting Group,,ACT-00358119,30355,
Wired! Technology Partners,,ACT-00153502,26934,
Aldebaran Group,,ACT-00015574,5866,
Towner Communications,,ACT-00249572,,
IT Automation,,ACT-00181497,24276,
BEAR BYTE GmbH,,ACT-00382785,500000676,
PDC Wellness,Minerva Computers,ACT-00267799,,
Acuity Network Services,,ACT-00109488,,
CWL Systems Ltd,,ACT-00184685,15052,
Concerto Networks,,ACT-00274986,24350,
Manna Networks,,ACT-00013956,21293,
Prosper IT,,ACT-00006386,21233,
Electronic Business Systems UK,,ACT-00157376,500000663,
PA Computer Connections,,ACT-00060766,5112,
Armagh Cash Register Ltd,,ACT-00128573,24859,
Turner Teleco Alexandria,,ACT-00012919,7913,
Williams Technology Pty Ltd,,ACT-00067506,300000172,
"Regent ISO, LLC",,ACT-00114657,26063,
Archis Technologies,,ACT-00124015,26928,
Staley Technologies ? Cyber & Managed IT Services,,ACT-00175494,24798,
MicroSPED (#5607),,ACT-00148634,,
Technology Plus,,ACT-00050775,23891,
Community Alternatives,,ACT-00013043,28494,
"Gray Wolf Information Technologies, Inc.",,ACT-00046473,-,
GEM Technologies Inc,,ACT-00148300,14529,
Computer FX,,ACT-00160507,-,
Baltnetos Komunikacijos,,ACT-00116583,-,
Advanced Hospitality Technologies,,ACT-00195588,,Advanced Systems
Omni Computer Service,,ACT-00441754,,OmniTech
Tech Horse Electronics,,ACT-00225398,,Technitrick
Oryx Align,,ACT-00188468,20529,
Vermeer Heartland,,ACT-00239679,,
Therma-Glass,,ACT-00317369,27944,
Seiu-Uhw,,ACT-00068325,31428,
Chris Humphrey Office National,,ACT-00064045,14930,
DG Network Solutions LLC,,ACT-00166582,26846,
Carmichael Consulting Solutions,,ACT-00069316,27582,
S Hotel Jamaica,,ACT-00295892,27171,
Athens Micro,,ACT-00123913,21169,
Terminal B,,ACT-00156536,23466,
"NXC Holdings, LLC",,ACT-00286715,25232,
Premier Technology LLC,,ACT-00066446,,
Radiance Technology Solutions,,ACT-00295614,27650,
Carter Computer Consulting,,ACT-00099032,,
Skynet Broadband Pty Ltd,,ACT-00124965,27058,
"Meantide Associates, LLC",,ACT-00032600,23788,
BrainWave Computers,,ACT-00270754,,
FLR Spectron Ltd,,ACT-00012675,25067,
NEO TECHNOLOGIES CONSULTING PTY LTD,,ACT-00267425,24406,
MBACIO,,ACT-00301391,27712,
CHS Networks,,ACT-00084560,24987,
rzlynt,,ACT-00259058,24628,
Kaminski Engineering & Management,,ACT-00075647,27644,
Temple & Associates,,ACT-00118650,32122,
Medical Technology Solutions LLC,,ACT-00150785,25411,
Computer Ally,,ACT-00361706,29848,
"SOHO Integration, LLC",,ACT-00166406,26191,
Fusion Factor Corporation,,ACT-00145015,,
Allied Business Systems,,ACT-00127057,24702,
Uniag Cooperative,,ACT-00275259,,
Advanced Systems,,ACT-00195588,21135,
Izzio Artisan Bakery,,ACT-00361841,29308,
Proven Business Systems /1,,ACT-00058165,26933,
Virtual World Technologies,,ACT-00147828,28593,
Total Group International Ltd.,,ACT-00149039,16023,
Pivotal IT,,ACT-00188474,33534,
Flex IT Solutions,,ACT-00202184,20742,
COECO Office Systems,,ACT-00040625,,
Tech Savvy Team LLC,,ACT-00077573,27798,
"GSG Computers, Inc.",Ingram Micro,ACT-00240157,-,
ACT Enviro,,ACT-00068995,-,
Advanced Computer Electronics Inc,,ACT-00195588,,Advanced Systems
1 Up Tech,0,ACT-00014442,21077,"1 Up Tech, LLC"
4Way Support Services,,ACT-00246380,24763,4way Support Services
4leet,0,ACT-00166044,27521,4Leet
612 Network,0,ACT-00115611,11374,612 Network
A Corp Computers,0,ACT-00113670,18301,A Corp Computers
AMC Solutions,,ACT-00002293,27760,Modern IT
AMPROD LLC,0,ACT-00336835,28463,AMPROD LLC
AOP,0,ACT-00291772,27019,AOP
ATS,,,,
AU_ETERNALS_TEST_PARTNER,,ACT-00438304,300000371,AU_ETERNALS_TEST_PARTNER
AWD,0,ACT-00080075,8380,AWD
Acad US com LLC,0,ACT-00175589,10292,Acad US com LLC
Access Group Inc,0,ACT-00200001,23997,Access Group Inc
Access Tech,0,ACT-00165553,27810,Access Tech
Ace Networks Computer Systems Inc,0,ACT-00247036,23217,ACE Systems
Acora Ltd T/A Acora One,,,,
Acrivos Systems,0,ACT-00336560,32704,Acrivos Systems
Action Point Technology Limited,,ACT-00030823,500000119,Viatel Ireland Ltd
"ActiveCare Business IT Services, LLC",0,ACT-00444891,31672,"ActiveCare Business IT Services, LLC"
Adept Networks,,,,
Advanced Business Solutions,,,,
Advanced Innovative IT Solutions (AIIS),0,ACT-00122186,29368,Advanced Innovative IT Solutions (AIIS)
"Advanced Network Solutions, LLC",,,,
Advanced Networks,,,,
Advanced Systems,0,ACT-00195588,21135,Advanced Systems
"Advantage IT Management, Inc.",,,,
Advocate One,0,ACT-00032575,24249,Advocate Telecom
Affinity It Group,0,ACT-00048535,20897,Affinity It Group
"After The Warranty, LLC",0,ACT-00442077,31682,"After The Warranty, LLC"
"Agility Technology Group, LLC",,,,
All IT Solutions,,,,
All In Tek,0,ACT-00110029,9984,All In Tek
Alliance Solutions Partners Inc,,ACT-00246640,27768,Alliance Solutions Partners Inc
Allied Technologies Online,0,ACT-00048001,24783,"Allied Technologies Online, Inc"
Allpro Technology,0,ACT-00077209,27715,Allpro Technology
Allstar Communications,0,ACT-00039896,28016,Allstar Communications
Aloft AeroArchitects,0,ACT-00225640,30757,Aloft AeroArchitects
Alpha & Omega Technology LLC,,,,
Alt Gr SA,0,ACT-00136789,19155,Alt Gr SA
Altrua Group,0,ACT-00034140,15662,Altrua Group
Americhoice FCU,0,ACT-00317491,28116,Proactive Supply
Archdiocese Of Seattle,0,ACT-00441105,31649,Archdiocese Of Seattle
Arizona Pipeline,0,ACT-00317851,28306,Arizona Pipeline
Arkansas Network Experts,,ACT-00093240,23505,Arkansas Network Experts
Asio Self Service Demo 5,0,ACT-00382666,300000187,Asio Self Service Demo 5
Ask4Support,0,ACT-00208225,17130,Ask4Support Ltd
AspireTech,,ACT-00061211,11,AspireTech
"Associated Computer Systems, Ltd.",,,,
Aufsite,,ACT-00295874,27089,Aufsite
AuthZEUTestPartner1,0,ACT-00334120,500000370,AuthZEUTestPartner1
Auxzillium,0,ACT-00007100,25190,Auxzillium LLC
Aztech IT Solutions,,ACT-00187124,24697,Aztech IT Solutions
B2B IT Services,,ACT-00165395,500000340,B2B IT Services
BCIT Solutions,,ACT-00267798,24248,BCIT Solutions
BCM Technologies,,,,
BE Connected,,ACT-00011954,3239,Z-TECH Associates
BIZITSS - Division of TCM Group LLC,0,ACT-00196565,10609,BIZITSS
BMK Media,0,ACT-00099534,26461,BMK Media
Baker Tech Services,0,ACT-00261144,31033,Baker Tech Services
BeckTek Computer Consultants,,,,
Beheerd nl BV,,ACT-00068934,500000209,Beheerd nl BV
Ben Axelrod,0,ACT-00136702,31360,AxTech LLC
BestSecurity,,ACT-00056209,500000297,BestSecurity
Better Connected IT,,ACT-00296871,27401,Better Connected IT
BetterWorld Technologies,0,ACT-00020697,1297,Computer Troubleshooters - Mamaroneck
BetterWorld Technology,0,ACT-00208525,19650,BetterWorld Technologies
Bigfoot Technology Group,0,ACT-00259318,27829,Bigfoot Technology Group
Bilodeau Couture Assurances Inc,0,ACT-00009679,27645,Bilodeau Couture Assurances Inc
Black Box Consulting,0,ACT-00046983,29087,Black Box Consulting
Blue Island Technology,,,,
Blue Sky iSolutions,0,ACT-00292650,27971,"BlueSky Solutions, LLC"
BlueTide Communications,0,ACT-00266078,23939,BlueTide Communications
Boone REMC,,ACT-00336449,28243,Boone REMC
Brand Tech,,,,
Brandon Business Machines Inc,0,ACT-00185698,4962,Brandon Business Machines Inc
BridgeTech,0,ACT-00070690,28163,BridgeTech
Bruns Construction Enterprises In,,,,
Bryley Systems Inc,0,ACT-00059428,30790,Bryley Systems Inc
Buderim Ginger,0,ACT-00268756,23748,Buderim Ginger
Business Engineering Inc,0,ACT-00100960,19168,"Business Engineering, Inc."
Business System Solutions,,ACT-00050925,28238,Business System Solutions
Bytesurance,0,ACT-00153574,32119,Next Level Technologies
C-3is,0,ACT-00380852,30170,C-3is
"CAi Software, LLC",,,,
CBH Computers,,ACT-00252171,500000232,CBH Computers Ltd
CCFW,,,,
CCS Business Solutions,0,ACT-00098821,2892,CCS Business Solutions
"CFR Solutions, LLC",0,ACT-00216214,12008,"CFR Solutions, LLC"
CGB Tech Solutions Inc.,,,,
CIC,,ACT-00295915,31502,CIC
CMD2CWTestPartnerPROD4,0,ACT-00061876,920,SystemsNet
CMIT Solutions of East Brunswick,CMIT Headquarters,ACT-00291376,26787,CMIT Solutions of East Brunswick
COSCORP,,,,
COSO Media,,,,
CTECH Consulting Group Inc.,,,,
"CTN Solutions, Inc.",,,,
CWL Systems Limited,0,ACT-00184685,15052,Cwl Systems
CaDan Computers,,,,
Cabco Communications Group,,ACT-00288703,26169,Cabco Communications Group
CaffComm Systems Inc,0,ACT-00297572,32468,CaffComm Systems Inc
Calidibio Inc,0,ACT-00286125,25078,IT Support Unlimited
Calmira B.V.,0,ACT-00086449,25236,Southern Tech Pro
Calypsi,,ACT-00023089,30394,Fusion Computing Limited
Campfire I T Ltd,,,,
Capital Business Machines,0,ACT-00110859,26053,Capital Business Machines
Capital Techies,,ACT-00130286,27106,Capital Techies
Cartwheel IT,,,,
Cendien,0,ACT-00268425,26340,Cendien
Centex Technologies,0,ACT-00020861,23856,CenTex Technologies
CentraLink,0,ACT-00087044,28013,CentraLink
Certified CIO,,ACT-00004438,28349,Certified CIO
ChaceTech,0,ACT-00246713,25304,ChaceTech
Charles IT,,ACT-00167031,9263,Charles IT
Christo IT Services,,ACT-00013283,21430,Christo IT Services
Circle Technologies ltd,0,ACT-00246156,27039,"Circle Technologies, Ltd"
Click Computers inc.,,,,
Cloud & More,,,,
Cloud Business Florida,0,ACT-00143730,27461,Cloud Business Florida
CloudMatters IT Solutions LTD,,,,
CloudSpace USA,,,,
"Coast Networx, Inc.",0,ACT-00209037,26659,"Coast Networx, Inc."
Coastal Carolina IT,,ACT-00287910,25960,Coastal Carolina IT
Colorado Network Management Inc.,,,,
Combined Systems Technology INC,0,ACT-00109233,1916,Combined Systems Technology Inc
Commercial Networks LTD,,ACT-00209449,16634,Emerge Digital Limited
Communications Engineering Company,0,ACT-00182138,22793,Communications Engineering Company
Community Care Partners,,ACT-00257051,32845,Community Care Partners
Compass IT Services,,,,
Complete Interactive Technologies,,,,
Complete Technologies Outsourced IT Ltd.,,,,
CompuNET Consulting,0,ACT-00122707,32678,CompuNET Consulting
Computech,,ACT-00036410,26414,Computech
Computer Business Consultants,0,ACT-00148885,20994,Computer Business Consultants
Computer Logic,0,ACT-00026766,24371,Computer Logic
Computer Service Professionals Inc,0,ACT-00162061,24465,Computer Service Professionals Inc
Computer Troubleshooters - North Scottsdale,,ACT-00099557,2063,Computer Troubleshooters - North Scottsdale
Computer Troubleshooters - Virginia Beach,,,,
Computer Troubleshooters UK Dudley,0,ACT-00178321,13353,Computer Troubleshooters - Dudley UK
Computerland of East Texas,,,,
Computers Etc,,ACT-00267395,27827,Computers Etc
Concord Hospitality,0,ACT-00263245,23401,Concord Hospitality
Concurrent Advisors,0,ACT-00296784,27752,Concurrent Advisors
"ConsultX, LLC",#N/A,ACT-00116290,8557,"J2 IT Group, LLC"
Continuity247 Live Test,,ACT-00201346,29195,National Networks LLC
"Control Solutions, Inc",,,,
CorpCloud,,ACT-00173353,25870,CorpCloud
"Creative Consultants Group, Inc.",0,ACT-00087067,24279,"Creative Consultants Group, Inc."
Creative IT (Aust) Pty Ltd,,,,
Creative Tech,0,ACT-00317359,27835,Creative Tech
Critical Project Services,0,ACT-00298597,27677,Critical Project Services
Crowder Gulf,,,,
CtrlAltRepair,0,ACT-00455987,32285,CtrlAltRepair
Cued Collective,0,ACT-00295868,500000213,Cued Collective
CyberAgency Group,0,ACT-00441368,300000390,CyberAgency Group
CyberGuardian22,0,ACT-00317994,28084,CyberGuardian22
DDM Materials,0,ACT-00441114,31501,DDM Materials
"DKMSP, LLC",0,ACT-00079282,27716,"DKMSP, LLC"
DVM Technology,0,ACT-00443674,31739,DVM Technology
Danmark Communications,0,ACT-00061566,11108,SHIELD Networks Inc.
Dash Simplified Solutions,,ACT-00276510,27843,Dash Simplified Solutions
"Data Cube Systems, Inc",,,,
Data Revolution LLC,0,ACT-00247241,24516,Data Revolution LLC
David Allen IT Solutions,0,ACT-00182774,500000678,David Allen IT Solutions
David Latham,,,,
Davis Advanced Technology,,ACT-00266187,26786,Davis Advanced Technology
De Backenders,,ACT-00287187,25238,De Backenders
Decision Digital,0,ACT-00203119,18539,Decision Digital
Deihs Solutions,,,,
Delego - Sterk in ICT,0,ACT-00288327,26023,Delego
Derive Technologies,0,ACT-00140761,30179,Derive Technologies
DevQAPune,,,,
Diagnostics Technical Support,0,ACT-00267777,23577,Diagnostics Technical Support
Diddly Squat Consulting,0,ACT-00365297,32817,Diddly Squat Consulting
DigiDog Tech Ltd,,ACT-00188658,500000205,DigiDog Tech Ltd
Digital323,0,ACT-00189801,27279,Digital323
Dok-Tor Harddrive,,,,
Dot.Interactive BV,0,ACT-00422776,500000785,Dot.Interactive BV
Duo Computers LLC,0,ACT-00153378,6252,Duo Computers LLC
"DuraVent, Inc",,,,
"DynaSis, division of Novatech",0,ACT-00265570,24559,Pivit Strategy
EBC Group,0,ACT-00022528,25222,EBC Group (UK) Ltd
EBC Group (UK) Ltd,0,ACT-00420329,30947,Infihedron | MSP
EC Group,0,ACT-00209311,26397,EC Group
EFAPEL,,ACT-00219185,500000172,EFAPEL
EMEA Tech Sales,0,ACT-00290130,500000071,EMEA Tech Sales
ENA,,,,
ET Works,0,ACT-00287785,500000583,ET Works
EU_ETERNALS_TEST_PARTNER,#N/A,ACT-00438306,500000753,EU_ETERNALS_TEST_PARTNER
"Eagle Consulting Group, LLC",,,,
Echo IT,0,ACT-00154839,22911,Echo IT
Elevity IT,0,ACT-00238028,10330,Elevity IT
Elite Pro Solutions Inc.,,,,
EmergingTel,0,ACT-00267082,23736,EmergingTel
Empower IT Solutions,,ACT-00246215,26759,Empower IT Solutions
Empowered IT Solutions Inc,0,ACT-00024387,14404,Empowered IT Solutions
Enterprise Business IT Solutions Pty Ltd,,ACT-00287422,25296,Enterprise Business IT Solutions Pty Ltd
Enterprise Systems,0,ACT-00056126,17776,Enterprise Systems Corp
Entre Computer Services,,,,
Envirovision 2010 INC,,ACT-00069495,26876,Envirovision 2010 INC
Envision IT LLC,0,ACT-00032995,20642,Envision IT LLC
Eos Systems,0,ACT-00243957,8529,Eos Systems
Escape IT,,,,
ExploreIT Network Solutions,0,ACT-00239562,23960,ExploreIT Network Solutions
"F8 Tech, LLC",#N/A,ACT-00153596,26523,"F8 Tech, LLC"
FabSouth LLC,0,ACT-00317113,27921,FabSouth LLC
Facilitex,,ACT-00218879,22849,Technology Associates
Fairdinkum Consulting,,ACT-00153469,23384,Fairdinkum Consulting
Filconet,,ACT-00171699,28412,Filconet
Finch Technical Solutions Ltd,,ACT-00291698,26993,Finch Technical Solutions Ltd
Fire Safety and Protection,0,ACT-00275830,24715,Masra Tech Inc
First Choice Communication Services,0,ACT-00090363,32577,First Choice Communication Services
First Solution Technologies Ltd,,,,
Fitzrovia IT,0,ACT-00018227,20336,Fitzrovia IT
Flex1 Technology Solutions,,,,
Flexible Solutions Pty Ltd,0,ACT-00206431,16537,Virtual IT Group
Fluid IT Services,0,ACT-00246740,24339,Fluid IT Services
Flynaut,0,ACT-00437937,31177,Flynaut
Forged IT Services,0,ACT-00290152,26631,Forged IT Services
Fortified Solutions,0,ACT-00316982,27723,Fortified Solutions
Founders IT Group,0,ACT-00431740,31329,Founders IT Group
FoxNet,,ACT-00246139,31083,FoxNet
FreshEdge LLC,,ACT-00334162,28608,FreshEdge LLC
Fusion Computing Limited,,,,
GC Technology Ltd,,ACT-00048742,26212,GC Technology Ltd
GCITS,,ACT-00240788,24556,GCIT
GEM Technologies,0,ACT-00148300,14529,GEM Technologies
GOX Technologies inc,0,ACT-00238554,31305,GOX Technologies inc
GP Computers,0,ACT-00429795,30940,TEK247 Support
GP computers Limited,0,ACT-00149030,23179,GP Computers
GRQ Innovations,,,,
GRT Test Extensibility,#N/A,ACT-00436822,300000362,GRT Test Extensibility
GT Technical Solutions,0,ACT-00240179,29004,GT Technical Solutions
GammalTech,0,ACT-00379444,32568,GammalTech
Geecon IT Solutions,0,ACT-00275378,500000135,Geecon IT Solutions
GeekHQ,,ACT-00270997,24744,GeekHQ
"General Informatics, LLC.",,,,
Global Data Systems,,ACT-00011787,27823,Global Data Systems
GoodSuite,,,,
Granero Data Systems,0,ACT-00235349,7261,Granero
"Granite Information Technology, LLC",,,,
Granite Networks Inc,0,ACT-00198120,23913,"Granite Networks, Inc."
Green Six Solutions,0,ACT-00288155,26273,Green Six Solutions
Griffin Technology Group,0,ACT-00164548,30421,Griffin Technology Group
H E S IT Services,0,ACT-00268575,27958,H E S IT Services
HD Technologies,0,ACT-00086350,21530,H&D Technologies LLC.
HLPAssociatesInc,0,ACT-00087572,2362,"HLP Associates, Inc"
HMB Tech,0,ACT-00216274,26298,HMB Tech
Hashtech,0,ACT-00115988,11300,"AAA Business Systems, Inc."
HeadIT,,ACT-00242876,28108,HeadIT
Heart Technologies Inc.,,ACT-00238542,21551,Heart Technologies Inc.
Henko Srl,,ACT-00218938,24837,Henko Srl
HuFriedy Manufacturing,0,ACT-00041978,32223,Hu-Friedy Manufacturing
ICS (TechMD),,,,
"IITS Networks & Automation Group, LLC",0,ACT-00442655,31986,"IITS Networks & Automation Group, LLC"
IMP Solutions,#N/A,ACT-00161401,18599,IMP Solutions
IT 4 Business Limited,0,ACT-00043550,18838,IT 4 Business
IT Business Advisors,,,,
IT Crew Pty Ltd,,ACT-00094025,27129,IT Crew Pty Ltd
"IT Kauai, Inc.",,,,
"IT Management Services, Inc.",,,,
IT Nation Demo 2023,0,ACT-00295048,26958,IT Nation Demo 2023
IT Resource Management Limited,,ACT-00179061,27190,IT Resource Management Limited
IT Risk Managers,0,ACT-00181429,3929,IT Risk Managers
ITC Service,,ACT-00066666,30161,"RedEye, Inc."
ITData Inc.,,ACT-00083767,29360,ITData Inc.
ITSS LLC,0,ACT-00290037,26804,"Information Technology Systems Simple, LLC"
"Ihloom, Inc.",,,,
In-Telecom,,ACT-00055050,15798,Robokopp Technologies Corp.RTC Managed Services
Indevtech Incorporated,,,,
Infinite Technologies LLC,0,ACT-00049021,23262,Infinite Technologies LLC
InfoShelter Ltd,0,ACT-00288325,26121,InfoShelter Ltd
Infoxchange,,ACT-00265813,27027,Infoxchange
InfraZen Ltd,,,,
Inner Join Technologies,0,ACT-00173132,25171,Inner Join Technologies
Innovation Networks Inc,,,,
Innovative Network Solutions Corp,,,,
Innovative Technology Designs,0,ACT-00246812,32151,Innovative Technology Designs
Integrated Construction Group,,ACT-00461245,32904,Integrated Construction Group
Intek LLC,0,ACT-00334199,28171,Intek LLC
Intersectis,0,ACT-00287862,26329,Intersectis
Intricate Networks,0,ACT-00249585,26133,Intricate Networks
Iowa Solutions Inc,,,,
"Iron Gate Technology, Inc.",0,ACT-00066469,31499,"Iron Gate Technology, Inc."
Ited Solution Inc,,,,
Itek,0,ACT-00040282,15016,Itek Systems Management Group
Itek Systems Management,0,ACT-00040282,15016,Itek Systems Management Group
"J&M Data Services, INC.",,,,
JDC ca Inc,0,ACT-00141179,24242,JDC ca Inc
"JPMerc & Co., Inc.",,,,
K and M Communications,0,ACT-00268129,23764,The Navicon Group
KHCB Network,0,ACT-00448419,31996,KHCB Network
Karpel Solutions,0,ACT-00143646,659,Karpel Solutions
Kearns Oquirrh Parks & REC District,0,ACT-00419510,31028,Kearns Oquirrh Parks & REC District
"Kelley Connect dba Core Business Services, LLC",,,,
Kellstrom Aerospace,0,ACT-00288851,26444,Kellstrom Aerospace
Kelser Corporation,0,ACT-00246722,24054,Kelser Corporation
Key Data IT,0,ACT-00171616,31615,Key Data IT
Key Technologies Pty Ltd,0,ACT-00225579,20225,Key Technologies Pty Ltd
Keystone Digital Imaging Inc,0,ACT-00099576,30766,Keystone Digital Imaging Inc
Kirk iSS,0,ACT-00149901,27802,Kirk iSS
Klaren,,ACT-00264351,27402,Klaren
Klugman IT Consulting,,,,
Kraken Technology Solutions LLC,0,ACT-00361333,28805,"Kraken Technology Solutions, LLC"
Kyocera Document Solutions America,0,ACT-00174582,30427,Kyocera Document Solutions America
LAN-Quest Ltd,,,,
LYLAB Technology Solutions,,,,
Leading I.T. Solutions,,,,
"Lee Computers, LLC",0,ACT-00102972,31913,"Lee Computers, LLC"
Leeward Holdings Corporation,,ACT-00122946,23650,Leeward Holdings Corporation
Les Olson Company,,,,
Lieberman Technologies,0,ACT-00128546,20513,Lieberman Technologies
Lighthouse Technology Services,0,ACT-00199490,30634,Automated Results Computer Consulting LLC
LogixCare,0,ACT-00151819,21023,LogixCare
Lost in IT,,ACT-00031056,17774,Lost in IT
Lucky 13 Solutions,0,ACT-00236678,23503,Lucky 13 Solutions
MCS Computer Support,0,ACT-00269471,25941,MCS Computer Support
MDS (Micro-Data Systems),,,,
MHIT Automatisering,0,ACT-00040163,26977,DataServ Corporation
MOATiT,0,ACT-00119475,30617,MOATiT
MSP BlueTeam,0,ACT-00444987,31646,MSP BlueTeam
MSP Networks,,ACT-00157548,22962,MSP Networks
"MainSpring, Inc.",,,,
"Mainstay Technologies, LLC",0,ACT-00147466,31082,Savitek
Manage Tech Service,,ACT-00046293,28804,Manage Tech Service
ManagedITExperts,0,ACT-00055279,20977,Managed IT Experts Ltd
Mann Information Technology LLC,,ACT-00211861,28184,Mann Information Technology LLC
Marengo Community High School District 154,0,ACT-00418702,30721,Marengo Community High School District 154
Marksmen General Contractors,0,ACT-00449000,31782,Marksmen General Contractors
Mason-Brown IT,,ACT-00246258,23830,Mason-Brown IT
Maureen Data Systems Inc,0,ACT-00155345,21284,Maureen Data Systems Inc
Maverick Gardner,#N/A,ACT-00275949,26542,Maverick Gardner
Maxlife Care Pty Ltd,0,ACT-00298827,27766,Maxlife Care Pty Ltd
Meantide Associates LLC,0,ACT-00032600,23788,"Meantide Associates, LLC"
MediTelecare,,ACT-00358316,28627,MediTelecare
Medic Cloud,,ACT-00275363,24582,Medic Cloud
"Merit Technologies, LLC",,,,
Micro Serv Consulting,0,ACT-00112813,18495,Micro Serv Consulting T/A Warwick Computer Service
Micro Support Services Inc,0,ACT-00197093,31247,Micro Support Services Inc
MicroAge Chatham,0,ACT-00235750,23849,MicroAge Chatham
Microtec Performance Informatique,,ACT-00063012,26843,Microtec Informatique
Millennium IT LLC,0,ACT-00070276,27243,"Millennium IT, LLC"
Minnesota IT Partners Inc,0,ACT-00218757,27010,Minnesota IT Partners Inc
Minot Technology Group,0,ACT-00084241,22653,Minot Technology Group
Mirus IT,,ACT-00019231,26351,Mirus IT
Mjolnir Technology,,,,
Modern Networks,0,ACT-00438915,500000762,Modern Networks EU
Motion 3 Technology LLC,0,ACT-00079178,24288,Motion 3 Technology LLC
My 365 Admin,,,,
Myriad Technologies Services Pty Ltd,,ACT-00093598,22996,Myriad Technologies Services Pty Ltd
NA_ETERNALS_TEST_PARTNER,,ACT-00438301,31153,NA_ETERNALS_TEST_PARTNER
NRG Technology Services,0,ACT-00031961,24617,NRG Technology Services
NXT IT Solutions,,ACT-00071766,300000155,NXT IT Solutions
Nanna Networks Inc,0,ACT-00047411,28626,Nanna Networks Inc.
National Networks LLC,,,,
Neo Technologies,,ACT-00267425,24406,Neo Technologies
Net Computers,0,ACT-00324932,500000397,Net Computers
Net Value Partners LLC,0,ACT-00441538,31555,Net Value Partners
NetConnect,0,ACT-00203599,31466,NetConnect
NetFusion Designs,0,ACT-00239563,29505,NetFusion Designs
NetMedia Solutions,,,,
Netpoint Solutions (dba NPSOL ),,,,
Netsource One Inc,0,ACT-00037128,27795,"Netsource One, Inc."
Netsurit Inc,0,ACT-00093245,3402,"Netsurit, Inc"
Network & Security,,ACT-00061482,6965,Source One Business Services Llc
Network Alliance,0,ACT-00230631,28578,Network Alliance
Network Dynamics,0,ACT-00142623,26419,Network Dynamics
Networx,,ACT-00133156,300000513,Networx
Neuways Ltd,,,,
"NewQuest IT Solutions, LLC",0,ACT-00053066,12554,"NewQuest IT Solutions, LLC"
NextSys Networking Inc,0,ACT-00259052,25288,NextSys
Nitec Solutions,0,ACT-00016615,500000080,Nitec Solutions
NoFerno LLC,,,,
Nobel Systems Inc,0,ACT-00180199,14504,"Nobel Systems, Inc."
North Country Business Products,0,ACT-00235743,22699,North Country Business Products
Northeast Computer Services Corp,,,,
Northwest IT Services Inc.,0,ACT-00114485,23047,Northwest IT Services Inc.
"Numa Networks, LLC",,,,
OSC Technical,0,ACT-00106368,26262,OSC Technical
"Olmec Systems, LLC",#N/A,ACT-00163903,24447,"Olmec Systems, LLC"
OnSite IT,0,ACT-00078846,22670,OnSite Computer Solutions Inc
"OnSite Network Consultants, Inc.",#N/A,ACT-00223777,32782,ONCi Networks Inc. dba ICMicro
Onboarding and Consulting Demo Portal-Test,#N/A,ACT-00288585,26139,Onboarding & Consulting Demo Portal-Test
One Communications,,,,
Online Computing,0,ACT-00208500,17307,Tela Technology
Online Learning Consortium,0,ACT-00454982,32182,Online Learning Consortium
Onsite Helper,0,ACT-00125402,19754,Onsite Helper
Outbound Group,,ACT-00139669,500000102,Outbound Group
Ovation Technology Group - (CCI),0,ACT-00133019,29515,Ovation Technology Group - (CCI)
PA Software Inc,0,ACT-00201009,31687,PA Software Inc
PCPLUS NETWORKS INC,0,ACT-00121227,7224,PCPLUS NETWORKS1
PCS Medical Solutions,0,ACT-00120399,28284,PCS Medical Solutions
PCX,0,ACT-00265923,31726,PCX
PDS Consulting,0,ACT-00099507,26492,Trigent Tech
PDS Consulting LLC,0,ACT-00058353,23066,PDS Consulting
PM ConnectWise,,,,
PM Continuum,,,,
PRODCWRMMPARTNER,,ACT-00066419,27722,Northeast Computer Services Corp
"Pace Systems, Inc",,,,
Patriot Erectors LLC,0,ACT-00151502,31120,"Patriot Erectors, LLC"
Pegasus Technology Pty Ltd,,ACT-00232225,26743,Pegasus Technology Pty Ltd
Pegasys Technologies,,ACT-00022380,27968,Pegasys Technologies
Pickard Solutions,,,,
Piedmont Technical Experts,,ACT-00317320,33284,Piedmont Technical Experts
Pinpoint IT Australia,0,ACT-00101581,300000221,Pinpoint IT Australia
Pitt Bull Secure Technologies,,ACT-00217819,30141,Pitt Bull Secure Technologies
Pittsburgh Computer Solutions,0,ACT-00056546,23978,Pittsburgh Computer Solutions
Plum Networks Ltd,,ACT-00414543,500000680,Plum Networks Ltd
Preferred Communication Systems,,,,Preferred Communication Systems
Prizm Tech,0,ACT-00036124,32453,Prizm Tech
Prizmatech Informatique,0,ACT-00449606,31985,Prizmatech Informatique
Pro Network Solutions,0,ACT-00008478,31625,Pro Network Solutions
ProCom,,ACT-00336855,500000411,ProCom
ProTech Services Group Inc,0,ACT-00196143,26374,"Protech Systems Group, Inc."
Proactive Data,,,,
Professional Advantage Pty Ltd,0,ACT-00064072,26472,Professional Advantage Pty Ltd
Prophet Network Integration,,,,
Pure Cloud Solutions,,,,
Quadstrat Strategies,0,ACT-00432131,31077,Quadstrat Strategies
Quantech Corporation,,,,
Queensland Computers,,ACT-00220143,300000378,Queensland Computers
R and B Networks,0,ACT-00266351,27389,R&B Networks
R-Computer,,ACT-00044239,28006,R-Computer
RH Technology Solutions,0,ACT-00202488,31533,RH Technology Solutions
RMON Networks Inc,0,ACT-00124746,11527,RMON Networks Inc
ROC Business Technologies,,,,
Rachis Technology,,ACT-00208710,26856,Rachis Technology
Ramp Up Technology,0,ACT-00240170,24056,Ramp Up Technology
Ravitron,0,ACT-00286900,25149,Ravitron
Razoom IT Ltd,0,ACT-00130291,20960,Razoom IT Ltd
RealPage,0,ACT-00137227,22691,RealPage
Reality Bytes Incorporated,0,ACT-00246147,22773,Reality Bytes Incorporated
Realtime Information Services,0,ACT-00185397,30913,"Real-Time Information Services, Inc."
Recover Continuum,,,,
Recover EU,0,ACT-00122186,29368,Advanced Innovative IT Solutions (AIIS)
RecoverMigration2PlatQA27,,ACT-00296490,24906,RecoverMigration2PlatQA27
RecoverProd01,,,,
"RedEye, Inc.",,,,
Referentia Systems Incorporated,0,ACT-00228279,31299,Referentia Systems Inc
Regent ISO LLC,0,ACT-00114657,26063,"Regent ISO, LLC"
Resolute Technology Solutions,0,ACT-00102979,23459,Resolute Technology Solutions
Resolution IT Limited,0,ACT-00225101,16567,Resolution IT
Reveille Systems Inc,0,ACT-00203077,25977,Reveille Systems Inc
RevolutionIT,0,ACT-00149026,20956,Revolution IT Ltd
"Richline Technical Services, LLC",,,,
Ridegell Consulting,,,,
Ritz-Craft,,ACT-00287335,25940,Ritz-Craft
Robokopp Technologies Corp.RTC Managed Services,,,,
Rouse Consulting Group,0,ACT-00122983,1988,Rouse Consulting Group
Rubino Network Consulting dba RNC Inc,,,,
SENSEI ENTERPRISES,0,ACT-00071722,2965,"Sensei Enterprises, Inc"
SNS - Secure Network Services,0,ACT-00177047,30235,Executel
SOLA Payment,,ACT-00030722,33198,SOLA Payment
SUBNET,0,ACT-00121918,26339,SUBNET
"Sahaka, Llc",#N/A,ACT-00205537,23313,"Sahaka, Llc"
"Saltmarsh, Cleaveland & Gund",,,,
Sapphire Computing Solutions,,ACT-00141023,23215,Sapphire Computing Solutions
ScotiaComp Technologies,0,ACT-00065309,29456,ScotiaComp Technologies
Secur3iT,0,ACT-00061839,20822,Secur3IT
Secure Networks,0,ACT-00144936,26493,Secure Networks for Small Business Inc.
SecureTech,,ACT-00287953,26153,SecureTech
Secured Cyber Services,0,ACT-00425170,32409,Secured Cyber Services
Security Development LLC,0,ACT-00442212,31457,"Security Development LLC, (McCOE)"
Securium IT Solutions,0,ACT-00296698,27310,Securium IT Solutions
Sedona Technologies,,,,
SemTech IT Solutions,0,ACT-00036104,23008,SemTech IT Solutions
"Sensei Enterprises, Inc",0,ACT-00071722,2965,"Sensei Enterprises, Inc"
Sercante LLC,0,ACT-00317655,28085,Sercante LLC
Servodata,,ACT-00249768,25244,Servodata
Sfy It,0,ACT-00035427,29133,Sfy It
Shamsa global LLC,0,ACT-00269711,27308,Shamsa global LLC dba Strikeproof
Sharp Business Systems Danmark AS,0,ACT-00420905,500000758,Sharp Business Systems Danmark AS
Sharp Business Systems Sweden AB,,,,
Sharp IT Services (UK) Limited,,ACT-00108868,500000084,Sharp IT Services (UK) Limited
Shift IT Solutions Inc,0,ACT-00246185,18939,"Shift IT Solutions, Inc."
"Sieve Networks, Inc",,,,
Simoda,0,ACT-00234784,25915,Simoda Ltd
Simon IT,0,ACT-00336718,28653,Simon IT
"Simplatech, LLC",,,,
Simple Solutions Consulting,0,ACT-00268852,26533,Descent Inc
Simplified IT Consulting,,,,
SinglePoint Global,,ACT-00265539,30290,Klugman IT Consulting
Skope IT,,,,
SkyTerra Technologies LLC,,ACT-00154806,27189,SkyTerra Technologies LLC
Skytel Networks Inc.,0,ACT-00114403,28247,Skytel Networks Inc.
Smart Pro Technologies LLC,0,ACT-00070255,24762,Smart Pro Technologies LLC
Smy IT service,,,,
"SoCal Smarthomes, LLC",0,ACT-00075315,16750,"SoCal Smarthomes, LLC"
Soaring Towers,0,ACT-00097791,23951,Soaring Towers
Software Distribution SOFTDISTRIBUTION C.A.,,ACT-00429035,31449,Software Distribution SOFTDISTRIBUTION C.A.
Sol Schwartz and Assoc,0,ACT-00136570,31491,Sol Schwartz & Assoc
Solution IT Montreal,0,ACT-00250548,28177,Solution IT Montreal
Solution ITED,0,ACT-00019966,20965,ited solutions inc
Solutions IT LLC,,,,
Solutions Networking Corporation,0,ACT-00052543,26327,Solutions Networking Corporation
SolveIT Managed Services,0,ACT-00291430,32268,SolveIT Managed Services
SomersetLLC,0,ACT-00223810,23984,Somerset Systems
Sort IT Out,,ACT-00035349,19537,Sort IT Out
Source One Business Services Llc,,,,
South-Western City School District,,,,
Southern IT Networks,,ACT-00140049,28446,Indevtech Incorporated
Southern Motion Inc,0,ACT-00007495,31661,Southern Motion Inc
Stash Ventures,0,ACT-00259262,31529,Stash Ventures
Status Pros,,ACT-00284322,27671,Status Pros
Steel and Metal Systems Inc,0,ACT-00419284,30812,"Steel & Metal Systems, Inc."
Steelbrook Technology Group,0,ACT-00360522,28652,Steelbrook Technology Group
StepFar IT,,,,
Storm IT,,ACT-00153981,500000283,Storm IT
Strategic Network Consulting Ltd (UK),,,,
Strategic Solutions of Virginia,,,,
Strayer Communications Inc,0,ACT-00043581,31515,"Strayer Communications, Inc"
Streamline I.T. Solutions Inc,,,,
Streeter Technology Solutions,0,ACT-00290638,27046,Streeter Technology Solutions
Structured Technologies,,,,
Summit Digital Networks,,ACT-00056189,13811,BeckTek Computer Consultants
SuperFast IT,0,ACT-00040014,16276,SuperFast IT
Superion Inc.,,,,
Sycap IT,,,,
SymTec,0,ACT-00046103,22947,SymTec
Synapse IT Consultants,,ACT-00141858,300000239,All IT Solutions
Systems IT Support & Consultancy Limited,,,,
TCT,,ACT-00324679,28180,TCT
TMD Technology Services Inc,0,ACT-00200563,11791,TMD Technology
TR COMPUTER SALES LLC,0,ACT-00216411,2720,Tr Computer Sales Llc
"TRUSTit, LLC",,,,
Tab Computer Systems Inc,,,,
TabTech,0,ACT-00288007,23089,Education Early Access Demo Portal
Tech 2U,0,ACT-00046889,12108,Tech 2U
Tech Fix LLC,0,ACT-00337139,28400,Tech Fix LLC
"Tech Heads, Inc.",0,ACT-00147202,25800,Tech Heads Inc.
"Tech3 Business Systems, LLC",,,,
TechAdvisors,0,ACT-00239407,30844,TechAdvisors
"Techguides, Inc.",,,,
Technical Drive,,ACT-00243291,500000182,Technical Drive
Technical Integration Services,,,,
Technical Sales APAC rmm,0,ACT-00411934,22646,Technical Sales APAC rmm
Technical Sales Demo - North America,0,ACT-00161422,20141,Technical Sales Demo Portal North America
Technical Sales Demo Portal - EMEA,0,ACT-00449064,500000851,Z-DNU Emea TechSales
Technology Advisory Group,0,ACT-00073557,1103,Technology Advisory Group
Technology Associates,,,,
"Technology Holdings, LLC",0,ACT-00317815,28279,"Technology Holdings, LLC"
Technology Partners Associates,0,ACT-00239460,23870,Technology Partners Associates
Technology Professionals LLC,0,ACT-00246847,10005,Technology Professionals LLC
Techsol Group,,ACT-00288158,500000219,Techsol Group
Techtank IT,0,ACT-00275871,24844,Techtank IT
TekFuel IT,0,ACT-00265652,30596,TekFuel IT
Teknabyte Consulting,,,,
Tele-Plus Corp,0,ACT-00198458,5388,Tele-Plus Corp
"TeleComp, Inc.",0,ACT-00171504,17327,"TeleComp, Inc."
Telligens Technologies,0,ACT-00317397,27850,Telligens Technologies
Test123,,,,
The Connection Inc.,,ACT-00085143,20791,The Connection Inc.
The Cornerstone Professional Group,0,ACT-00218008,2841,The Cornerstone Professional Group
The Financial Services Network,0,ACT-00177708,272,Total Secure Technology
The Greentree Group,,ACT-00102749,21138,The Greentree Group
The HITCO Co,,ACT-00317134,27811,The HITCO Co
The Hill Country Tech,,ACT-00253010,25327,The Hill Country Tech
The IT Security Guys,0,ACT-00296044,31392,The IT Security Guys
Think IP Systems,,ACT-00136609,31188,Think IP Systems
ThreatAdvice Technologies,0,,,ThreatAdvice
Titan Tech Partners,,ACT-00291628,26890,Titan Technology Partners
Totlcom_Inc,0,ACT-00044142,10522,TOTLCOM Inc.
Touchlines Ltd,0,ACT-00109843,24390,Touchlines Ltd
Traditions Spirits Inc,,ACT-00265989,31480,Traditions Spirits Inc
TriCore,,ACT-00148077,500000298,TriCore
Trident Digital Technologies,0,ACT-00153570,26213,Trident Digital Technologies
TruStack Ltd,,ACT-00028849,500000070,TruStack Ltd
Trusted Technology Partners,0,ACT-00455587,32201,Trusted Technology Partners
"Turnkey Computer Systems, Inc.",,,,
UCS Sydney PTY Ltd,,ACT-00290846,26796,UCS Sydney PTY Ltd
"US itek, Inc.",,,,
Ulu Malu Systems,0,ACT-00274371,24402,Ulu HI-Tech
Umbrella Technologies,0,ACT-00208029,25098,Umbrella Technologies
Under One Cloud Consultancy Ltd,,,,
United Systems Technologies,0,ACT-00459416,32694,United Systems Technologies
Universal Information Systems,0,ACT-00119602,1907,Universal Information Systems
University Computers,,ACT-00176376,28144,University Computers
Up Time Technology,,ACT-00092011,28299,Up Time Technology
VBS IT Services,0,ACT-00031558,26514,VBS IT Services
VectorPro LLC,0,ACT-00286639,26168,UMIT Technologies
"Velocity Network, Inc.",,ACT-00105484,22703,"Velocity Network, Inc."
Vesta Tech B.V.,0,ACT-00143829,500000722,Vesta Tech B.V.
Viatel Ireland Ltd,,ACT-00030823,500000119,Viatel Ireland Ltd
Virtual Consulting Solutions LLC,0,ACT-00288922,26323,VCS
Vivek IT Services,0,ACT-00453227,32142,Vivek IT Services
Vodafone IT Hub South Wales,0,ACT-00316924,500001011,Vodafone Business IT Managed Services
WISE TECH CORP,,,,
Wavehill IT Solutions,,ACT-00106371,500000382,Wavehill IT Solutions
Work Services Corp,,ACT-00361770,29990,Work Services Corp
Workflow Solutions,,ACT-00223359,500000405,Workflow Solutions
World Line Networks,0,ACT-00290407,27755,World Line Networks
World Synergy,,,,
Worldband,0,ACT-00138366,27446,Worldband
Your IT Department,,,,
Your Technology Support,,ACT-00169496,27119,Your Technology Support
Z-TECH Associates,,,,
Zenith Networks Ltd,,,,
Zenzero Solutions Ltd,,ACT-00020131,24187,Zenzero Solutions Ltd
Zurc Technologies,0,ACT-00296015,27090,ZURC TECHNOLOGIES LLC
allit,0,ACT-00317373,300000101,DropBear IT
becktek,0,ACT-00378590,30395,Florida Technology
clandet,,ACT-00002557,25439,Cynergy Technologies
"eb Logix, Inc.",0,ACT-00069210,27541,"eb Logix, Inc."
i3 Business Solutions,0,ACT-00041953,642,"i3 Business Solutions, LLC"
"iClarity Solutions Group, Inc.",,,,
"iNet Technology Group, LLC",,,,
"iTrust IT, LLC",,,,
idtsupport,,ACT-00212035,26097,Summit Digital Networks
iiSolutions,0,ACT-00249688,503,iiSolutions
ited solutions inc,,ACT-00154806,27189,SkyTerra Technologies LLC
itro,0,ACT-00197497,16857,itro
kelty,0,ACT-00063902,12557,Kelty Business Solutions.
nTav Inc.,,,,
pcsinc,0,ACT-00132215,24444,Pinnacle Computer Services
savitek,,ACT-00008941,26591,Proactive Data
stratait,0,ACT-00381040,30240,AxisCare
vsi,0,ACT-00103024,24495,"Vistem Solutions, Inc"
y1j583-lhm0tz-syoeln,0,ACT-00099396,2130,Microtel Systems Corp
Infraware,,ACT-00246364,,Infraware
Ingenious Ltd,,ACT-00160641,17316,Ingenious Ltd
Inline Computer Support Inc,,ACT-00230572,,Inline Computer Support Inc.
"InnoLink Systems, Inc.",,ACT-00153469,,Fairdinkum Consulting
InnovaTech Solutions LLC.,,ACT-00072025,17657,Innovatech Solutions
Innovative Computer Concepts Inc,,ACT-00145631,11399,Innovative Computer Concepts Inc
Innovative Vision Technologies,,ACT-00074322,,"Innovative Vision Technologies, Inc.,"
Insight Technologies Inc,,ACT-00153486,11826,"ReadiTech, a DRN Company"
Instone Corporation,,ACT-00037677,1428,Instone Corporation
IntalectUK,,ACT-00116303,17134,Intalect Ltd
Integra Business Center,,ACT-00151247,1519,integraONE
Integra System Technologies,,ACT-00153008,13609,Integra System Technologies
Integral Networks Inc.,,ACT-00173761,,Integral Networks Inc.
IntegraONE,,ACT-00151247,,integraONE
"Integratech,Inc.",,ACT-00035336,32054,"Integratech, Inc."
Integrated Computer Solutions,,ACT-00203594,,Integris
Integrated Data Technologies Inc,,ACT-00245256,2559,Integrated Data Technologies Inc
Integrated Document Technologies Inc,,ACT-00219935,21332,Integrated Document Technologies inc
Integrated Network Associates,,ACT-00288968,26563,Integrated Network Associates
Integrated Solutions,,ACT-00119139,,Integrated MSP Corporation
Integrated Telemanagement Services Inc.,,ACT-00166347,,ITSTelecom
Integrated.Network.Solutions.LLC,,ACT-00030810,8493,"Integrated Network Solutions, Inc"
Integration Technologies,,ACT-00167381,7937,Integration Technologies Inc
"Intelice Solutions, LLC",,ACT-00130307,,Intelice Solutions
IntelliCom,,ACT-00151792,,intellicom
Intelligent Designs,,ACT-00039490,29828,Intelligent Designs
"Intelligent Technical Solutions, Inc.",,ACT-00142836,,"Intelligent Technical Solutions, Inc."
Interakt,,ACT-00057426,,Interakt
Interleave Computers Pty Ltd.,,ACT-00108142,,interleave
Interlink Cloud Advisors,,ACT-00136888,,"Interlink Cloud Advisors, Inc."
InterLink Consulting,,ACT-00167038,,Interlink Computer Consulting
"International Micro Systems, Inc.",,ACT-00037816,,"International Micro Systems, Inc."
Interstate Plastics,,ACT-00237785,,Interstate Plastics
Intranet Technica,,ACT-00195738,,Intranet Technica
Intuit Technologies,,ACT-00245722,,Intuit Technologies
Intuit Technologies Pty Ltd,,ACT-00245722,,Intuit Technologies
Ion Technology Services,,ACT-00163775,17970,Ion Technology Services LLC
iPro Media,,ACT-00246701,,iPro Media
Iron Comet,,ACT-00073574,,Iron Door Cyber Inc
Iron Gate Technology,,ACT-00066469,31499,"Iron Gate Technology, Inc."
IS-T Consulting Group,,ACT-00024677,2586,IS & T Consulting Group
ISG Technology,,ACT-00240193,23514,ISG Technology
ISN Solutions Ltd,,ACT-00218675,,ISN Solutions Limited
IT Architechs Inc.,,ACT-00091987,,ita
IT Authorities,,ACT-00200014,,IT Authorities
IT Automation,,ACT-00181497,24276,IT Automation
"IT Consulting Group, Inc.",,ACT-00074086,5245,IT Consulting Group
IT DataWise Inc,,ACT-00203236,4544,IT DataWise Inc
IT Desk (UK),,ACT-00153390,18327,IT Desk (UK) Ltd
IT Edge,,ACT-00184934,,ite
IT InterConnect,,ACT-00000325,11654,IT Interconnect
IT KBH ApS,,ACT-00253232,21153,IT-KBH ApS
IT Local,,ACT-00212913,17282,IT Local
IT North Texas,,ACT-00080436,,I.T. North Texas
IT Pilots,,ACT-00179332,,itpilots
IT Positive Limited,,ACT-00057504,16924,IT Positive
IT Radix,,ACT-00148566,,Itradix
IT Sales & Service Ltd,,ACT-00072744,,IT Sales & Service Ltd
IT Simplified KS,,ACT-00104452,17726,IT Simplified LLC
IT Spot Inc.,,ACT-00361344,30345,IT Spot
IT Support 247,,ACT-00152983,20245,IT Support 247 Pty Ltd
IT Surrey,,ACT-00249714,,IT Surrey
IT Works Group LLC,,ACT-00274326,24202,IT Works Group LLC
IT-Zaken,,ACT-00242651,500000455,IT-Zaken
IT3Tek,,ACT-00124245,,it3tek
ITBLUE Solutions,,ACT-00150173,,ITB
ITC Data Corp,,ACT-00086058,9802,ITC
ITCubed,TD Synnex Corp,ACT-00246721,,ITCubed
ITDefenses LLC,,ACT-00087692,3085,"ITDefenses, LLC"
iTeam Solutions Ltd,,ACT-00227815,16891,Morse Networks Ltd
"iTeam Technology Associates, LLC",,ACT-00104435,17903,"iTeam Technology Associates, LLC"
ITEC Connect Ltd,,ACT-00094310,,ITEC Connect Limited
iTeeth,,ACT-00269025,23957,I-Teethpc
iThinkTech Technology Group,,ACT-00046842,16053,iThinkTech Technology Group
ITNC,,ACT-00240307,20263,Intellectual Technology & Communication Pty Ltd ( IT&C )
ITrust-IT,,ACT-00203936,13814,"iTrust IT, LLC"
ITStitch LLC,,ACT-00200321,15328,IT Stitch
ITwerx Corp,,ACT-00076333,,ITwerx Corp
ITWiser LLP,,ACT-00228667,,ITWiser LLP
ITX,,ACT-00233063,2211,Stratus Information Systems
"iValley Technology Partners, Inc.",,ACT-00141283,2705,iValley Technology Partners
ivionics,,ACT-00156306,,ivionics
J Darin Thomas Technology LLC,,ACT-00237432,14359,J. Darin Thomas Technology LLC
J J ETC Inc,,ACT-00053077,612,J J Etc Inc
J Tech Integrations LLC,,ACT-00228645,235,JJ Integrations
J2 IT Group,,ACT-00116290,8557,"J2 IT Group, LLC"
"J2 IT Group, LLC",,ACT-00116290,8557,"J2 IT Group, LLC"
Jackson Thornton,,ACT-00165626,,Jackson Thornton Technologies
JAT Computer Solutions,,ACT-00115842,8467,JAT Computer Solutions
JD Young,,ACT-00241033,9811,JD Young / Geek Rescue
"JDI Technology Group, Inc.",,ACT-00110882,,JDI Technology Group
JDIT,,ACT-00128683,10871,JDIT
JEC Technologies Group,,ACT-00236854,21137,JEC Technologies Group
JetSweep,,ACT-00237205,19994,JetSweep
"JFR Consulting, Inc.",,ACT-00224925,,"JFR Consulting, Inc."
JP Schwartz-Ed Tech Fusion dba JP Schwartz Inc,,ACT-00120912,,JPSchwartz
JRCC Inc,,ACT-00170055,,JRCC Inc
JS Advanced IT,,ACT-00125530,15229,J&S Advanced I.T.
JS COMPUTEK LLC,,ACT-00097843,,jscomputekllc
"KAB Computer Services, LLC",,ACT-00074333,,KAB Computer Services LLC
Kaiser IT Group LLC,,ACT-00150976,14483,Digital Bits Network dba Kaiser IT Group
Kamtech IT Solutions LLC,,ACT-00143631,14522,Kamtech IT
Kapp Communications,,ACT-00181871,17033,Kapp Communications
KB Computer Consulting Inc,,ACT-00225951,,KB Computer Consulting
KCI / SystemsNet,,ACT-00061876,920,SystemsNet
KCS,,ACT-00082478,,KCS
"KEAO Technology Solutions,  LLC",,ACT-00046118,,"KEAO Technology Solutions, LLC"
"KEAO Technology Solutions, LLC",,ACT-00046118,11704,"KEAO Technology Solutions, LLC"
Keith Jones-IT,,ACT-00259796,,Keith Jones-IT
Keith Weldon Design,,ACT-00097852,,Keith Weldon Design
Kelly Office Solutions,,ACT-00152911,24868,Kelly Office Solutions
Kelty iManagement,,ACT-00063902,12557,Kelty Business Solutions.
Kemlyn Consultants Ltd,,ACT-00264590,22591,Kemlyn Consultants Ltd
Kerr Consulting,,ACT-00048492,21035,Kerr Consulting
Kevin Brown,,ACT-00243255,17975,IT Consultant
Key I.T. Systems Inc.,,ACT-00115616,3453,Key IT Systems
Keystone Information Technology,,ACT-00099576,,Keystone Digital Imaging Inc
Kezber,,ACT-00056015,22647,Kezber
Kilobytes Data Solutions,,ACT-00167012,17658,Kilobytes Data Solutions Inc
Kinetic Consulting Group,,ACT-00295615,27142,Kinetic Consulting Group
Kinetik IT,,ACT-00124673,12212,Kinetik IT
Kingwood PC Repair,,ACT-00050530,15313,Kingwood IT
KIS Technologies Inc,,ACT-00224880,27456,KIS Technologies Inc.
Kite Technology Group,,ACT-00121128,,Kite Technology Group
KLB Systems,,ACT-00035338,18125,KLB Systems
KME Systems,,ACT-00171729,18111,"KME Systems, Inc."
KMicro,TD Synnex Corp,ACT-00246783,,KMicro
Knight Computer Consulting LLC,,ACT-00042760,30429,"Knight Computer Consulting, LLC"
Knight Office Solutions,,ACT-00082148,15154,"Knight Office Solutions, Inc."
ISOutsource,,ACT-00154903,31189,ISOutsource
"iTEAM Consulting, LLC",,ACT-00119681,,"ITeam Consulting, LLC."
Itek Systems Management Ltd,,ACT-00040282,15016,Itek Systems Management Group
Jungle IT,,ACT-00053417,500000204,Jungle It Ltd
Kalmer Solutions,,ACT-00140160,30064,"Kalmer Solutions, LLC"
Keen IT Services,,ACT-00153601,22824,Keen IT Services
Kelley Create,,ACT-00245191,16624,Kelley Create
Kent School District in WA state,,ACT-00415184,-,Kent School District
Kilobytes Data Solutions Inc,,ACT-00167012,17658,Kilobytes Data Solutions Inc
"Kraft & Kennedy, Inc.",,ACT-00111689,28532,"Kraft & Kennedy, Inc."
Krueger Communications,,ACT-00140142,25287,Krueger Communications
"Lead-In Technologies, Inc.",,ACT-00038275,5557,Lead-In Technologies
"Leading Edge Solutions, Inc.",,ACT-00240112,28714,"Leading Edge Solutions, Inc."
LeadingIT,,ACT-00094898,24905,Leading I.T. Solutions
Liberty Maritime,,ACT-00185404,29281,Liberty Maritime
Lincoln Computer Services,,ACT-00092612,22866,Lincoln Computer Services
Liquid Pear Technologies,,ACT-00096969,33025,"Liquid Pear Technologies, Inc."
"1 Up Tech, LLC",,ACT-00014442,21077,"1 Up Tech, LLC"
1SWISS1 SA,,ACT-00172679,500000728,1Swiss1
360 Consulting,,ACT-00246258,23830,Mason-Brown IT
4Leet,,ACT-00166044,27521,4Leet
7CYBER PR,,ACT-00457560,32522,
AD Infogestion,,ACT-00010658,27490,AD Infogestion
AID Group,Q4-24-CW-Promo,ACT-00059485,24118,AID Group
AMP Information Systems Limited,,ACT-00202333,500000337,AMP Information Systems Limited
ASAP Computer,,ACT-00167562,33302,
AT Management,,ACT-00250605,500000558,
"Abacus Information Systems, Inc.",,ACT-00244200,31511,
Accent Imaging,,ACT-00098127,11869,Accent Imaging
Access Systems (Century Business Technologies),,ACT-00125031,32767,
Acme Business,,ACT-00064005,26888,Acme Business
Adira,,ACT-00296563,33471,Adira
Advanced Computers,"Advanced Microcomputers, Inc.",ACT-00039502,29528,
Allegiance Technologies & Consulting LLC,,ACT-00039390,26285,
Alliance IT LLC,,ACT-00147987,30257,
"Alliance IT, LLC",,ACT-00147987,30257,"Alliance IT, LLC"
Allied IT Systems,,ACT-00133179,30780,Allied IT Systems
"Allied Technologies Online, Inc",,ACT-00048001,24783,"Allied Technologies Online, Inc"
Allied Technology Group LLC,,ACT-00073163,32788,
"Allied Technology Group, LLC",,ACT-00073163,,"Allied Technology Group, LLC"
Altruistic Technology Solutions,,ACT-00317346,29526,
American Products,,ACT-00336835,,AMPROD LLC
Anatomy IT,,ACT-00237049,,"Anatomy IT, LLC"
Anatomy_IT (Former Compufit),"Anatomy IT, LLC",ACT-00237049,24594,
Andrews & Associates,,ACT-00209069,21378,
Anytime IT Solutions,,ACT-00062070,,Anytime IT Solutions
Applied Network Solutions,,ACT-00189434,,Applied Network Solutions
Aptek,Q4-24-CW-Promo,ACT-00063262,23976,Aptek
Archon IT Services Ltd,,ACT-00275763,27257,Archon IT Services Ltd
Arcitechx,,ACT-00407498,32531,Arcitechx
Atticus Rowan,,ACT-00246808,33484,
Automated Results Computer Consulting LLC,,ACT-00199490,30634,Automated Results Computer Consulting LLC
Avaunt Technologies Inc.,,ACT-00046310,18951,
AxTech LLC,,ACT-00136702,31360,AxTech LLC
BHD,"Boston HelpDesk, Inc.",ACT-00191410,20874,"Boston HelpDesk, Inc."
BIT Solution,,ACT-00265547,30611,BIT Solution
BOW-BOECK ENTERPRISES LLC Dba Reach Technologies,,ACT-00003440,26044,BOW-BOECK ENTERPRISES LLC Dba Reach Technologies
BTS Solutions,,ACT-00334745,28188,BTS Solutions
BYTECAFE,,ACT-00063196,3270,
"BZW Consulting Group, Inc.",,ACT-00253088,23134,BB2 Technology Group
Baleehoo Media Inc,Q4-24-CW-Promo,ACT-00298323,31644,Baleehoo Media Inc
BalsamTechnologies,,ACT-00108589,3067,BalsamTechnologies
Barry Communications,,ACT-00004219,32013,
Barry Communications Inc,,ACT-00004219,32013,Barry Communications Inc
Be-Ci,,ACT-00276563,29203,
Beringer Technology Group,,ACT-00229927,24049,Beringer Technology Group
"Bethel IT Services, LLC",,ACT-00451649,31934,
Better World Tech,,ACT-00208525,19650,
BizITy,,ACT-00286788,31643,BizITy
BluWave,,ACT-00119428,24752,BluWave
BlueArmor,,ACT-00246005,27750,
Boltacity LLC,,ACT-00249493,23440,
Boys and Girls Club of Greater Houston,,ACT-00455419,32585,Boys and Girls Club of Greater Houston
BriteCity,,ACT-00204994,18632,BriteCity
Brivy,,ACT-00289729,26465,
"Burk Technology, Inc",,ACT-00250486,27003,"Burk Technology, Inc"
Business Communication Solutions,,ACT-00092099,23355,
"Business Data Solutions, Inc.",,ACT-00246016,30781,"Business Data Solutions, Inc."
"Business Technologies, LLC",,ACT-00235589,26229,"Business Technologies, LLC"
ByteCafe,,ACT-00063196,3270,
Bytes Computer & Network Solutions,,ACT-00231644,10440,
"Byteworks, LLC",,ACT-00019714,29761,
C Squared Networks,,ACT-00266210,23265,C Squared Networks
CAI Software LLC,,ACT-00268553,2316,
"CAi Software, LLC",,ACT-00268553,2316,"CAi Software, LLC"
CBH Computers,,ACT-00252171,500000232,
CEG,,ACT-00118539,26011,
CHS Networks Ltd,,ACT-00084560,24987,
CMA Technologies,,ACT-00274377,26413,CMA Technologies
CMIT Solutions of Columbus,CMIT Headquarters,ACT-00245648,15992,CMIT Solutions of Columbus
CONSULTATION AMALTITEK,,ACT-00385103,31551,
COSCORP,,ACT-00199733,23167,COSCORP
CR Solutions Group Inc.,,ACT-00138839,30653,CR Solutions Group Inc.
"CR Solutions Group, Inc.",,ACT-00138839,30653,
CRC Cloud,,ACT-00249506,26950,
CT Solutions,,ACT-00431883,32174,CT Solutions
CW Security Dashboard,,ACT-00453923,32060,
CYB3R LLC,,ACT-00296847,500000241,
Canyon Point Technologies,,ACT-00416736,32596,Canyon Point Technologies
"Capstone Works, Inc.",,ACT-00110147,29573,"Capstone Works, Inc."
Captivate Technology Solutions.,,ACT-00361188,500000437,Captivate Technology Solutions Limited
Carisma Managed IT Solutions,,ACT-00090782,28614,
Carmichael Business Technology (CBT),,ACT-00043657,27147,
Carmichael Consulting Solutions,Q4-24-CW-Promo,ACT-00069316,27582,Carmichael Consulting Solutions
Celera Networks,,ACT-00072403,,Celera Networks Inc
Century Business Technologies,,ACT-00065731,19721,Century Business Technologies
Chalvington Group,,ACT-00191501,500000729,Chalvington Group
Chalvington Group.,,ACT-00191501,500000729,
Cipe Solutions,,ACT-00027335,30747,Cipe Solutions
Collective Data,,ACT-00286852,26564,Collective Data
Commercial Business Technology Corporation,,ACT-00181729,28931,Commercial Business Technology Corporation
Commlink IT,,ACT-00031719,24097,
"Community Service Programs of West AL, Inc.",,ACT-00233318,33463,
Complete Computing Solutions,,ACT-00225052,23864,Complete Computing Solutions
"Compu-Net Systems, LLC",,ACT-00057592,24311,
Compustores Managed IT Services,,ACT-00098990,31358,
Computer Business Solutions Spokane,,ACT-00096031,27743,
"Computer Logic, Inc",,ACT-00026766,24371,
"Computer Networking Solutions, Inc.",,ACT-00107003,27281,
Computer Solutions Texas,Q4-24-CW-Promo,ACT-00056089,26989,Computer Solutions Texas
Computer Systems Development Services Inc,,ACT-00063404,391,Computer Systems Development Services Inc
Computer Troubleshooters - Galway,Q4-24-CW-Promo.connectwise.com,ACT-00007348,13100,
Computer Troubleshooters of West Littleton,,ACT-00086225,7137,
Computer Troubleshooters ÃÂÃÂ¢ÃÂ¢Ã¢ÂÂÃÂ¬ÃÂ¢Ã¢ÂÂ¬Ã Â Galway,Q4-24-CW-Promo.connectwise.com,ACT-00007348,13100,Computer Troubleshooters ÃÂÃÂ¢ÃÂ¢Ã¢ÂÂÃÂ¬ÃÂ¢Ã¢ÂÂ¬Ã Â Galway
Comtel Systems,,ACT-00125937,24977,Comtel Systems
Concerto Networks of Detroit,,ACT-00136044,15109,
ConexPro,Q4-24-CW-Promo,ACT-00413814,30378,ConexPro
Consortyo Networks and Security,,ACT-00250501,28760,
Consultation AmaltiTEK,,ACT-00385103,31551,Consultation AmaltiTEK
Converged Communication Solutions Ltd,,ACT-00146960,22989,Converged Communication Solutions Ltd
Creative Consultants Group,,ACT-00087067,24279,
Creative One,,ACT-00296735,27668,
Crosslin Technologies,,ACT-00240217,21406,Crosslin Technologies
Crown Computers,,ACT-00031595,26921,
Crown Networks Llc,,ACT-00296795,27312,
Cwfinc [23686],,ACT-00009288,33315,
Cws,,ACT-00004197,23235,Cws
Cyber Advisors,,ACT-00224068,24522,
Cyber Stone Ltd,,ACT-00431330,300000377,Cyber Stone Ltd
CyberlinkASP -,,ACT-00051086,23059,
Cybertech360,,ACT-00267901,27409,CYBERTECH360
Cypher Connect LLC,,ACT-00649749,33858,Cypher Connect LLC
DAGI,Q4-24-CW-Promo,ACT-00283709,31666,DAGI
"DCG Technical Solutions, Inc.",,ACT-00007157,,"DCG Technical Solutions, LLC"
"DCG Technical Solutions, LLC",,ACT-00007157,866,"DCG Technical Solutions, LLC"
Danmark Communications,,ACT-00141079,,Danmark Communications
Dasilva Consulting LLC,,ACT-00288523,26314,Dasilva Consulting LLC
"Data Cube Systems, Inc",,ACT-00200532,22783,"Data Cube Systems, Inc"
Deihs Solutions,,ACT-00224519,26083,Deihs Solutions
Delta Desk,,ACT-00268470,24770,Delta Desk
Dental Designs,,ACT-00112951,30658,
Desk Side,,ACT-00057671,30173,
Desktop Services,,ACT-00268173,23740,Desktop Services
Digicentric Inc,,ACT-00116314,27017,
Digicentric Inc.,,ACT-00116314,27017,Digicentric Inc.
Digicomp Networks Inc.,,ACT-00157931,30308,Digicomp Networks Inc.
"Digicomp Networks, Inc.",,ACT-00157931,30308,
DirectNetworks,,ACT-00027687,23320,
"Divergys, LLC",,ACT-00104078,21394,
Dragon Scale Cyber Security,,ACT-00080021,30912,Dragon Scale Cyber Security
E-Safe Technologies,,ACT-00152145,,E-Safe Technologies
EBC Group (UK) Ltd,,ACT-00022528,25222,EBC Group (UK) Ltd
"EPC Computer Solutions, Inc.",,ACT-00191626,33095,ePC Services
EZ Solutions,,ACT-00420249,30784,EZ Solutions
Eagle Consulting Group LLC,Computer Weavers,ACT-00009498,28350,Computer Weavers
"Eagle Consulting Group, LLC",Computer Weavers,ACT-00009498,28350,"Eagle Consulting Group, LLC"
Eastbay Technologies Inc.,,ACT-00031591,24881,Eastbay Technologies Inc.
Edge IT,,ACT-00229194,24870,
"Efficacy IT, LLC",Q4-24-CW-Promo,ACT-00268450,31369,"Efficacy IT, LLC"
Elite Pro Solutions,,ACT-00059356,20644,
Emerge Digital,,ACT-00209449,16634,
"Empire Consultants, Inc",,ACT-00169196,25663,"Empire Consultants, Inc"
Energy,,ACT-00644471,33772,
"Enertron, LLC",,ACT-00202675,25022,"Enertron, LLC"
"Engineered Medical Systems, Inc",,ACT-00144238,,
"Ephesus Office Technologies, Inc",,ACT-00206307,18486,"Ephesus Office Technologies, Inc"
ExecPro Enterprises,,ACT-00004457,32289,
FCG Services,,ACT-00150120,30354,FCG Inc
Fairdinkum Consulting (Abacus IT),,ACT-00197019,,Fairdinkum Consulting
Fenner Consulting Services,,ACT-00448419,31996,
Finch Technical Solutions,,ACT-00291698,26993,
First District Association,,ACT-00276386,33716,
Fortech,Q4-24-CW-Promo,ACT-00143551,21514,Fortech
Fortified Solutions,,ACT-00316982,27723,
Founders Innovative Technology,,ACT-00257034,27653,
Future Business Solutions,,ACT-00208579,33012,
GENERAL INFORMATICS,,ACT-00243016,251,
GFH & Associates,,ACT-00460842,32935,GFH & Associates
General Stamping & Metalworks,,ACT-00459593,32760,
Global Data Systems Inc.,,ACT-00011787,27823,
Go Eco,,ACT-00287298,32313,Go Eco
Grav-iti,,ACT-00225398,27178,
"Grid4 Communications, Inc",,ACT-00057747,17199,
"GroundForce IT, Inc.",,ACT-00275630,25081,
H&S Computers,,ACT-00196636,9104,
HFC Systems Ltd,,ACT-00049518,,HFC Systems Ltd
"HealthNet, Inc.",,ACT-00086343,27584,
HighPoint Medical,,ACT-00086725,21377,HighPoint Medical
Houston Christian Broadcsaters,,ACT-00448419,31996,KHCB Network
Howell's Motor Freight,,ACT-00361263,28845,
Hunter Express Ltd.,,ACT-00276511,32392,
I-Virtualize,,ACT-00103461,31094,I-Virtualize
IDwellings DBA Bevlin,,ACT-00039188,32943,IDwellings DBA Bevlin
IFS Institute,,ACT-00455393,32476,IFS Institute
IT Crew 2021 Pty Ltd,,ACT-00094025,27129,
IT Expert MSP,,ACT-00146297,31135,IT Expert MSP
IT Integrity TN,,ACT-00184839,13080,IT Integrity TN
IT North Texas,,ACT-00080436,25709,IT North Texas
IT On the Dot LLC,,ACT-00438922,31283,IT On the Dot LLC
IT Solutions,,ACT-00156353,25097,
IT Solutions (US3),Steady Networks - Acquired by - IT Solutions Consulting,ACT-00156353,27444,IT Solutions Consulting
"IT Solutions Consulting, Inc",,ACT-00156353,,IT Solutions Consulting
IT Spot,,ACT-00361344,30345,IT Spot
IT Works Network,,ACT-00065946,26529,IT Works Network
IT4ME,,ACT-00008091,33149,
ITD Group PTY LTD,,ACT-00197497,16857,
Ignatek LLC,,ACT-00156386,20631,
Impact Networking,,ACT-00039360,31156,
Inc-Sys,,ACT-00156104,26240,Inc-Sys
Industrial Networks,,ACT-00070284,26773,Industrial Networks
Infinite Technologies LLC,,ACT-00049021,23262,
Infonaligy,,ACT-00148503,26539,Infonaligy
"Information Technology Systems Simple, LLC",,ACT-00290037,26804,"Information Technology Systems Simple, LLC"
Insight Tech Advisors,,ACT-00099384,24809,Insight Tech Advisors
Insight Tech Advisors.,,ACT-00099384,24809,
Integrated IT Solutions [24055],,ACT-00230655,27453,
Integrity IT Consulting & MSP,,ACT-00336564,28259,Integrity IT Consulting & MSP
Integrity IT consulting & MSP,,ACT-00336564,28259,
International Crane Foundation,,ACT-00115698,32965,
Intrepid Credit Union,Q4-24-CW-Promo,ACT-00434331,31080,Intrepid Credit Union
"Intwo, Inc.",,ACT-00195596,834,"Intwo, Inc."
IronCloud Technologies,,ACT-00020617,33051,
"J&M Data Services, INC.",,ACT-00018939,27345,"J&M Data Services, INC."
JEFY Tech,,ACT-00298824,30011,JEFY Tech
JMARK,,ACT-00111396,27599,
JPA Technologies,,ACT-00155833,32499,JPA Technologies
JTEK SOLUTIONS INC.,,ACT-00108388,24711,
JTEK Solutions Inc.,,ACT-00108388,24711,JTEK Solutions Inc.
"JTO Computer Solutions, LLC",,ACT-00088987,32115,"JTO Computer Solutions, LLC"
"JVH Consulting, LLC",,ACT-00088088,,JVH Consulting LLC
James River Solution Repository LLC,,ACT-00137045,30616,James River Solution Repository LLC
Jeff Computers,,ACT-00004890,26335,Jeff Computers
Jerika Inc,,ACT-00000925,31976,
Joker Business Solutions,,ACT-00060191,32262,
"K & A Innovations, LLC",,ACT-00290823,27220,"K & A Innovations, LLC"
KG Invicta Services Private Limited,,ACT-00365634,300000262,KG Invicta Services Private Limited
KIS Technologies Inc.,,ACT-00224880,27456,KIS Technologies Inc.
Kamran Culinex LLC,,ACT-00364291,30027,Kamran Culinex LLC
Kelty Business Solutions.,,ACT-00063902,12557,Kelty Business Solutions.
Kintek Cybersecurity,,ACT-00249317,28487,Kintek Group
"Knight Office Solutions, Inc.",,ACT-00082148,15154,"Knight Office Solutions, Inc."
Konverge Technologies Inc.,,ACT-00464608,,Konverge Technologies Inc.
LANAIR Group Admin,,ACT-00044260,23331,
LANSource Incorporated,,ACT-00246678,21055,LANSource Incorporated
LMT Technology Solutions,,ACT-00171250,23799,
LTI Information Technology,,ACT-00245547,26894,LTI Information Technology
LanSource Incorporated,,ACT-00246678,21055,
Lavoda Systems,,ACT-00165633,1091,Technology Services Wholesale Group LLC
Legado Systems,,ACT-00365300,29752,Legado Systems
"Lifeline Computer Solutions, Inc.",,ACT-00061461,30086,
Lifeline Technology Solutions,,ACT-00118026,23327,Lifeline Technology Solutions
Lighthouse IT,,ACT-00027288,500000059,Lighthouse IT
Link High Technologies,,ACT-00022169,24544,Link High Technologies
Linzer Products,,ACT-00060090,33254,Linzer Products
Little Big Tech Ltd,,ACT-00264994,500000445,
Little Big Tech Ltd.,,ACT-00264994,500000445,Little Big Tech Ltd.
Logan Bus,,ACT-00441636,32405,Logan Bus
"LogixCare, LLC.",,ACT-00151819,21023,
Lotus Management Services,,ACT-00080007,9655,Lotus Management Services
Lucky 13 Solutions LLC,,ACT-00236678,23503,
M TECH CONSULTING LLC,,ACT-00042217,33169,
M2 Technology,,ACT-00067319,26270,
MHIT Automatisering,,ACT-00232862,25319,MHIT Automatisering
MINDFORE INC,,ACT-00416753,30746,MINDFORE INC
MSP - ScoutLogic Screening,,ACT-00289805,26497,
MSP Networks,Q4-24-CW-Promo,ACT-00157548,,MSP Networks
Mace IT Services Limited,,ACT-00184322,27499,
Macnificent IT,,ACT-00166560,27292,
Madison-ave [23450],,ACT-00136026,32766,
Major IT LLC,,ACT-00415044,30416,
Mason Infotech Ltd,,ACT-00076763,24160,Mason Infotech Ltd
Mclaneintel [23537],,ACT-00132829,30078,
"Meantide Associates, LLC",,ACT-00032600,23788,"Meantide Associates, LLC"
Medicus IT,,ACT-00095260,20308,
Melgaards IT,,ACT-00156120,25215,Melgaards IT
Meridian IT Systems,,ACT-00263357,30985,Meridian IT Systems
"Merit Technologies, LLC",,ACT-00057478,19653,"Merit Technologies, LLC"
Meritech,,ACT-00245304,15302,
Microsystems Development,,ACT-00131823,32172,Microsystems Development
Minerva Computers,,ACT-00161173,500000287,
Modus Scotland,,ACT-00294748,500000812,Modus Scotland
Montec IT Group,,ACT-00198204,26428,Montec IT Group
Morgan Birge & Associates,,ACT-00175935,20339,Morgan Birge & Associates
"Mortgage Tech Assist, LLC",,ACT-00286701,27386,"Mortgage Tech Assist, LLC"
Motion 3 Technology,Q4-24-CW-Promo,ACT-00079178,24288,
Mountaineer IT,,ACT-00236966,24093,Mountaineer IT
NCIT Network Consultants,,ACT-00134188,26055,NCIT
NOVATECH,,ACT-00149048,19752,
"NUage Wireless, LLC",,ACT-00110030,,"NUage Wireless, LLC"
"NXC Holdings, LLC",,ACT-00286715,25232,"NXC Holdings, LLC"
National Networks LLC,,ACT-00201346,29195,
Nemsys,,ACT-00196074,32095,
NetAdmins,,ACT-00138056,24135,
NetConnect,,ACT-00203599,31466,
NetTech LLC,,ACT-00246817,24446,
Netsurit NY,"Netsurit, Inc",ACT-00093245,3402,"Netsurit, Inc"
Network Center Communications,,ACT-00061025,25280,Network Center Communications
Network South Inc,,ACT-00035874,32810,Network South Inc
Networking Denver Computer Solutions LLC,,ACT-00075755,28130,
Networkinguys,,ACT-00175848,28286,
New York Tritech LLC,,ACT-00071270,,New York Tritech LLC
"NewQuest IT Solutions, LLC",,ACT-00053066,12554,
NexGen Technology Services,Q4-24-CW-Promo,ACT-00104388,26471,
NexGenGuard,,ACT-00357972,28581,NexGenGuard
Next Level,,ACT-00056704,19476,Next Level
Next Step Technology Solution Provider,,ACT-00268167,30715,Next Step Technology Solution Provider
NextSys Networking Inc,,ACT-00259052,25288,
Nivika Systems (UK),,ACT-00441205,500000960,
NoFerno LLC,,ACT-00358146,33883,NoFerno LLC
Northfield Tech Solutions,,ACT-00302188,31535,Northfield Tech Solutions
Northwest Georgia Housing Authority,,ACT-00451313,32987,Northwest Georgia Housing Authority
NovaTech,,ACT-00149048,19752,Nova Technology Solutions LLC
ONPLATINUM,,ACT-00035401,20268,
OT Group Managed Services,OT Group,ACT-00133429,26985,Ot group
Objective Technologies Ltd,,ACT-00060504,26526,Objective Technologies Ltd
Oil Country Computers,,ACT-00239557,24013,Oil Country Computers
OmegaIT,,ACT-00444494,500000819,
OnCall IT Inc.,,ACT-00029526,17382,
"OnCall IT, Inc.",,ACT-00029526,25569,"OnCall IT, Inc."
OnPlatinum,,ACT-00035401,20268,
Onit,,ACT-00133429,26985,
Online Learning Consortium,,ACT-00454982,32182,
Oreta,,ACT-00223007,300000176,
Orthopaedic Institute Brielle Orthopaedics,,ACT-00334261,28610,Orthopaedic Institute Brielle Orthopaedics
Out of the Box Solutions,,ACT-00156176,,"Out of the Box Solutions, Inc."
P5 Ventures,,ACT-00383495,30233,P5 Ventures
PACSTATES,,ACT-00062542,16562,PACSTATES
PCe Solutions,,ACT-00239570,29563,
PDS Consulting,,ACT-00058353,23066,PDS Consulting
PSI (Protection Strategies Incorporated),,ACT-00459229,32590,
PSI Molded Plastics,,ACT-00431997,30984,
"PTS DATA CENTER SOLUTIONS, INC.",,ACT-00086234,18848,"PTS DATA CENTER SOLUTIONS, INC."
PacStates,,ACT-00062542,16562,PacStates
"Paloma Technologies, LLC",,ACT-00031148,30722,
Paranet Solutions LLC,,ACT-00102342,23966,
Pearson-Kelly Office Products,,ACT-00192264,17532,Pearson-Kelly Office Products
Phantom Point,,ACT-00157464,25951,Phantom Point
"Pickard Solutions, LLC",,ACT-00336886,28401,
Pinnacle IT,,ACT-00024375,23189,Pinnacle IT
Pivit Strategy,,ACT-00265570,24559,Pivit Strategy
Plan Design Build,,ACT-00107591,20737,Plan Design Build
Plasma Networks,,ACT-00142623,26419,Network Dynamics
Puckett IT Group,,ACT-00017980,,Puckett IT Group
QCA Systems Ltd,,ACT-00301436,27656,
"R""-""Computer",,ACT-00044239,,Rcomputer
R&R Consultants,,ACT-00095666,18076,R&R Consultants
RESILIENTTECHPARTNERS CORP (DBA CyDo Tech),,ACT-00337061,28405,RESILIENTTECHPARTNERS CORP (DBA CyDo Tech)
ROCK | IT Consultancy Services,,ACT-00246372,26010,
RWAM Insurance Administrators Inc.,,ACT-00413818,30363,
RYMARK (Byte Inc. d/b/a RYMARK),,ACT-00187173,2513,
Razoom IT,,ACT-00130291,20960,
Red Mosquito,,ACT-00170291,25309,Red Mosquito Ltd
RedEye Inc,,ACT-00066666,30161,
"RedEye, Inc.",,ACT-00066666,30161,"RedEye, Inc."
Reeve Enterprise,,ACT-00250273,29111,Reeve Enterprise
Reliable Network Solutions,,ACT-00203641,26531,Reliable Network Solutions
"Repeat Business, Inc.",,ACT-00155233,18589,
Resilient Technologies,,ACT-00264079,27747,Resilient Technologies
Resultant,,ACT-00209208,26235,Resultant
Right Click Solutions LLC,,ACT-00023363,28452,Right Click Solutions LLC
River Run,,ACT-00146706,24840,
RnD Systems,,ACT-00031594,500000767,
Rockford IT,,ACT-00083874,25890,Rockford IT
Rockwater Associates,Q4-24-CW-Promo,ACT-00290788,28208,Rockwater Associates
Rowe Furniture,,ACT-00043654,31159,Rowe Furniture
Rummage Technical,,ACT-00162628,300000171,Rummage Technical
S E IT,,ACT-00237901,300000166,S E IT
SAFE-GROUP,,ACT-00110958,26578,SAFE-GROUP
SC Broadband,,ACT-00363266,30220,SC Broadband
SERVOPLEX,,ACT-00086045,30018,
SILIGENT,,ACT-00288641,26215,
SMIKTECK,,ACT-00231385,25303,SMIKTECK
SUBNET,,ACT-00121918,26339,
SYST99 - Systems Engineering,,ACT-00246624,27429,
"Safer Network Solutions, LLC",,ACT-00240227,,Safer Network Solutions
"Salco Properties, LLC",,ACT-00084579,24177,
San IT,Q4-24-CW-Promo.connectwise.com,ACT-00246375,25130,San IT
Sasa Consulting,,ACT-00112897,27250,Sasa Consulting
Sax Technology Advisors,,ACT-00035337,17382,
Seaway Plastics Engineering Llc.,,ACT-00458044,32789,
Secur-Serv,,ACT-00246623,25952,Secur-Serv
Secur-Serv - Internal,Secur-Serv,ACT-00246623,25952,Secur-Serv
Secure Future Tech Solutions,,ACT-00224787,648,Secure Future Tech Solutions
SecureTrust Technologies N.V,,ACT-00228028,32779,SecureTrust Technologies N.V
"SelTec, Inc.",,ACT-00081372,27203,
Server Bays LLC,,ACT-00118482,25040,Server Bays LLC
ServoPlex,,ACT-00086045,30018,
Servoplex [23964],,ACT-00086045,,"Servoplex, LLC"
Sexton Companies Inc 1,Q4-24-CW-Promo,ACT-00099664,17265,Sexton Companies Inc 1
"Sieve Networks, Inc",,ACT-00240125,22786,"Sieve Networks, Inc"
"Sieve Networks, Inc.",,ACT-00240125,22786,"Sieve Networks, Inc"
Siligent,,ACT-00288641,26215,
Simon IT,,ACT-00336718,28653,
Skope IT,,ACT-00246221,300000358,Skope IT
Smart Pro Security,,ACT-00070255,24762,
Smikteck,,ACT-00231385,25303,
Solutions IT LLC,,ACT-00185634,30927,Solutions IT LLC
Source One Business Services Llc,,ACT-00061482,6965,Source One Business Services Llc
"Source One Business Services, LLC",,ACT-00061482,6965,Source One Business Services Llc
"Spartan IT, LLC",,ACT-00119542,30950,
Spread The Word Nevada,,ACT-00055149,31965,
Spread the Word Nevada,,ACT-00055149,31965,Spread the Word Nevada
Spruce IT Cloud Solutions LLC,,ACT-00050812,30668,
"Staley, Inc.",,ACT-00175494,24798,
Stambaugh Ness,,ACT-00239723,32074,
Star Managed Services,Stargel Office Solutions dba Star Managed Services,ACT-00019342,11211,
Summit Digital Networks,,ACT-00212035,26097,Summit Digital Networks
"Superior Support Resources, Inc",,ACT-00184969,32230,
Systech MSP,,ACT-00046476,23606,
Systems Engineering,,ACT-00246624,27429,
T15 tech solutions,,ACT-00289546,26475,
TEK Cloud Solutions,,ACT-00093942,,TEK Cloud Solutions
TLC Solutions,,ACT-00101986,28372,
TMD Technology Services,,ACT-00200563,11791,
TMH Solutions,,ACT-00358272,28814,TMH Solutions
TSAChoice,,ACT-00045143,29475,TSAChoice
Tecflow Technology,,ACT-00361327,28830,Tecflow Technology
Techhorizons Users,,ACT-00153056,10384,
Technically Better,,ACT-00432946,32869,Technically Better
Technology Architects,,ACT-00115799,21554,
TekCom Computer,,ACT-00017980,30221,TekCom Computer
"Temple & Associates, Inc.",,ACT-00191908,,Temple & Associates
Teqworks,,ACT-00010165,27679,
The Connected Office,,ACT-00253166,23773,The Connected Office
"The Connection, Inc.",,ACT-00085143,,
The Dirks Group,,ACT-00143255,31539,
The HITCO Co,,ACT-00317134,,The HITCO Co
"The Sewell Family of Companies, Inc.",,ACT-00365300,29752,
TheSmartSource,Q4-24-CW-Promo,ACT-00259121,21426,TheSmartSource
"Top Tier IT Solutions, LLC",,ACT-00194339,32991,"Top Tier IT Solutions, LLC"
"Total Technology Resources, LLC",,ACT-00211922,31199,
Transnet Communications,,ACT-00266248,28298,Transnet Communications
Tri Sigma National Sorority,,ACT-00449254,31895,Tri Sigma National Sorority
"Tristate IT, Inc [17735]",,ACT-00036918,22737,
Trumbull Tech,,ACT-00286979,25193,
"Turnkey Computer Systems, Inc",,ACT-00086015,27014,
"Turnkey Computer Systems, Inc.",,ACT-00086015,27014,"Turnkey Computer Systems, Inc."
"US-23 || Jersey IT Solutions, LLC DBA Morris Technology Partners",Morris Technology Partners,ACT-00032466,32007,
Umbral Technologies,,ACT-00136922,31197,Umbral Technologies
Uncommon Solutions Inc,,ACT-00204756,26754,Uncommon Solutions Inc
Uniserve,,ACT-00458891,500001020,
University Service Company,,ACT-00289526,32776,
VENUSYS,,ACT-00317472,27969,
VMG Strategic Consulting,,ACT-00083139,26313,VMG Strategic Consulting
VX360Net,,ACT-00049608,28200,VX360Net
Valley Tel Service Inc,,ACT-00177034,24955,Valley Tel Service Inc
Velocity Network,,ACT-00105484,22703,"Velocity Network, Inc."
Ventis Consulting Group,,ACT-00645260,,Ventis Consulting Group
Venusys,,ACT-00317472,27969,
Virtual Technology Services Ltd,,ACT-00165664,20616,Virtual Technology Services Ltd
"Vistem Solutions, Inc",Q4-24-CW-Promo,ACT-00103024,24495,"Vistem Solutions, Inc"
"WA Technologies, Inc.",,ACT-00163222,21045,"WA Technologies, Inc."
WIRED! Technology Partners,,ACT-00153502,26934,WIRED! Technology Partners
WPG Consulting,,ACT-00250551,22835,WPG Consulting
Wallace Telecommunications Inc.,,ACT-00458495,32517,Wallace Telecommunications Inc.
Webo Ltd.,,ACT-00416764,500000727,Webo Ltd.
West Michigan Tech Services,,ACT-00017364,32137,
Western Capital Resources,,ACT-00288859,28499,Western Capital Resources
Windsor Telecom,,ACT-00107433,500000899,Windsor Telecom
Wired Technology Partners,,ACT-00153502,26934,
Workgroup Technology Partners Inc.,,ACT-00060613,24313,
"World Line Networks, LLC",,ACT-00290407,27755,
XILEF Inc. dba SoftLink Solutions,,ACT-00040869,28149,
Xperience,,ACT-00065430,500000089,
"YANA Systems, Inc.",,ACT-00263890,29313,
"YELTEK, LLC",,ACT-00070069,32228,
Zenkai Solutions,,ACT-00459759,,Zenkai Solutions
briteCITY,,ACT-00204994,18632,
cybercity - cybercityinc.com,,ACT-00093245,3402,
"ebLogix, Inc.",,ACT-00069210,27541,
iON | MSP,,ACT-00420329,30947,
iwerk,,ACT-00052393,25498,iwerk
TTx Proofpoint Admin Portal,"Teletronics Communications, Inc.",ACT-00143906,27444,"Teletronics Communications, Inc."
"Synivate, Inc. (US3)","Teletronics Communications, Inc.",ACT-00143906,27444,
010CLOUDCOMP-AlexIT,,ACT-00024650,17951,010 Cloud Computing Ltd
AIRIT-KENT,,ACT-00018262,23135,Air-IT
CAPITAL,,ACT-00083764,15056,Capital Business Systems
CMIT - TRICITIES 254,CMIT Headquarters,ACT-00245636,6158,CMIT Solutions of the Tri-Cities 254
QUADRIVIUM,,ACT-00160496,25191,Quadrivium
MOATIT,,ACT-00119475,30617,MOATiT
1SWISS1,,ACT-00172679,500000728,1Swiss1
SUPPORTCORP,,ACT-00034833,12130,System Support Corp
UNCOMMONSOLUTIONSINC,,ACT-00204756,26754,Uncommon Solutions Inc
DATAPRISE,,ACT-00063556,27187,Dataprise
OMEGACONSULT,,ACT-00216350,20445,Omega Consulting Ltd
WISCHNETWORK,,ACT-00206814,17946,Wisch Network Consulting
TECHHEROES,,ACT-00000270,25114,"Tech Heroes, Inc"
ITS247,,ACT-00364304,500000584,ITS247
WINKLER,,ACT-00260388,30021,City of Winkler
MP-rampup Technology,,ACT-00240170,24056,Ramp Up Technology
EDMAN,,ACT-00168250,14617,EDM Automation
QUANTECHCORP,,ACT-00034914,1125,Quantech Corporation
NORTHFIELD TECH SOLUTIONS,,ACT-00302188,31535,Northfield Tech Solutions
THEJDMGROUP,,ACT-00201280,33303,The JDM Group
TORIX,,ACT-00203141,16758,AzteQ Group Ltd
FORTECH,,ACT-00143551,21514,Fortech
OIBORTHO,,ACT-00334261,28610,Orthopaedic Institute Brielle Orthopaedics
VISIBILITYDOCTOR,,ACT-00295182,27410,Visibility Doctor
DEIHS,,ACT-00224519,26083,Deihs Solutions
WTACONSULTING,,ACT-00243438,23373,WTA Consulting
CAMPUSWORKS,,ACT-00241051,24838,CampusWorks
BALEMEDI250630,,ACT-00298323,31644,Baleehoo Media Inc
CONDUITRESOURCES,,ACT-00262899,31971,"Conduit Resources, Inc"
MBACIO,,ACT-00301391,27712,MBACIO
CMITLAUDERDALE12,CMIT Headquarters,ACT-00361291,29185,CMIT Solutions Ft. Lauderdale 1 and 2
REVEILLESYSTEMS,,ACT-00203077,25977,Reveille Systems Inc
ACSICONNECT,,ACT-00242231,25265,ACSI Connect
NETWORKSCR,,ACT-00204093,22688,"Net Works Consulting Resources, Inc."
EBLOGIX,,ACT-00069210,27541,"eb Logix, Inc."
DCSN,,ACT-00042755,2518,DCS Netlink
MLINKUK,,ACT-00074258,500000645,Missing Link Communications Ltd
ITDEPARTMENT,,ACT-00179264,21181,The IT Department Inc.
NXTIERSERVICES,,ACT-00361318,30038,NxTier Services
PLANDB,,ACT-00107591,20737,Plan Design Build
ENS,,ACT-00178319,1509,eCLIPSE Network Solutions LLC
UTEC,,ACT-00153619,19928,UTEC
CAPSTONEITSERVICES,,ACT-00061308,32512,Capstone IT Florida LLC
ATS,,ACT-00105825,9369,ATS
"MOONEY Information Technology Services, LLC",,ACT-00286732,26802,"Mooney Information Technology Services, LLC"
BRYLEYSYSTEMS,,ACT-00059428,30790,Bryley Systems Inc
MINDCREEK,,ACT-00291480,26875,Mindcreek
COMMERCIALNETWORKS,,ACT-00107189,500001162,Commercial Networks LTD
KEYSTONETECH,,ACT-00241936,26832,Keystone Technology LLC
TECHGUIDES,,ACT-00144806,21092,"Techguides, Inc."
HELPOX,,ACT-00019966,20965,ited solutions inc
IT Support and Security (ISS),,ACT-00269569,500000270,IT Support and Security
MARKGENE250731,,ACT-00449000,31782,Marksmen General Contractors
DIGITALPRACTICEINC,,ACT-00144043,32389,Digital Practice Inc HI
MINNESOTAITPARTNERS,,ACT-00218757,27010,Minnesota IT Partners Inc
NEWERATECH,,ACT-00145059,23835,New Era Technology
HCI,,ACT-00288784,26714,HCITSP
CMITSAE,CMIT Headquarters,ACT-00245676,19472,CMIT Solutions of Austin East
TEMPLESA,,ACT-00191908,20532,Temple & Associates
JSADVANCEDIT,,ACT-00125530,15229,J&S Advanced I.T.
CMITCORLA,CMIT Headquarters,ACT-00245604,955,CMIT Solutions of Central Orlando
ADVANCEDITS,,ACT-00039617,33251,Advanced IT Support
OCD ANXIETY,,ACT-00413066,30632,"OCD Anxiety Centers, LLC"
QVADIMUS,,ACT-00031028,9204,Quo Vadimus Tech LLC
RKBLACK,,ACT-00128511,2882,"R K Black, Inc."
ITRO,,ACT-00197497,16857,itro
ROCKITLTD,,ACT-00043440,23971,RockIT Ltd
PRTC,,ACT-00146173,27437,Prtc
CNETWORK,,ACT-00365449,30112,C Network Systems
JAMESMOORE,,ACT-00211605,30650,James Moore & Co. P.L
LutheranMetro,,ACT-00266143,23333,LutheranMetro
UBQT,,ACT-00097861,24608,Ubqt
SITE2,,ACT-00103168,23523,Site2
DIGITALSOLUTIONS,,ACT-00010157,27394,DIGITAL SOLUTIONS
NUTMEGTECHNOLOGIES,,ACT-00042280,25088,Nutmeg Technologies
S3HOLDINGLLC,,ACT-00366419,30259,S3 Holding LLC
MYRIAD,,ACT-00093598,22996,Myriad Technologies Services Pty Ltd
CUCIT,,ACT-00151056,5451,CUCIT Solutions
IRONCLOUDTECH,,ACT-00020617,33051,IronCloud Technologies
ROCKWATER,,ACT-00290788,28208,Rockwater Associates
WEBO,,ACT-00416764,500000727,Webo Ltd.
ALLPRO,,ACT-00077209,27715,Allpro Technology
RBRTECHNOLOGY,,ACT-00392334,33695,Rbr Technologies LLC
CMITCFC,CMIT Headquarters,ACT-00245696,1024,CMIT Central Fairfield County 183
ADVISSETEQ,,ACT-00337445,300000290,AdvisseTeq Limited
KVELLNET,,ACT-00083889,3702,KVELL Networks
SULLIVAN-SOLUTIONSLLC,,ACT-00459993,33618,Sullivan Solutions LLC
SADOS,,ACT-00150175,20292,"SADOS MSP, Inc."
VODAFONE - IT HUBS TEST,Vodafone,ACT-00296496,27273,Vodafone IT Hubs TEST
ADVANCEDMICRO,,ACT-00166528,25990,Advanced Micro Systems & Solutions Inc
OMNI,,ACT-00075316,20365,Omni Business Solutions
RZLYNT,,ACT-00259058,24628,Rzlynt
MICROIMAGING,,ACT-00091249,27023,Microimaging Source Inc
TEKMANAGEMENT,,ACT-00089390,21027,"Tekmanagement, Inc."
CCIDATA,,ACT-00133019,29515,Ovation Technology Group - (CCI)
ITSCO,,ACT-00021572,25946,ITSco
AMPINFOSYS,,ACT-00202333,500000337,AMP Information Systems Limited
NETWORKCONNECTIONS,,ACT-00266244,24480,Network Connections Inc
JORDEX,,ACT-00078861,30010,Jordex Solutions
JEFYTECH,,ACT-00298824,30011,JEFY Tech
MAKESENSEOFIT,,ACT-00184950,25092,Make Sense of IT
CMIT Tampa South,CMIT Headquarters,ACT-00253047,21088,CMIT Solutions of Tampa South
BALANCEDIT,,ACT-00059251,23685,Balanced IT Solutions
TECHSICOIT,,ACT-00287022,25298,Techsico Information Technology LLC
KB-CONSULTING,,ACT-00225951,30155,KB Computer Consulting
TECHMICHIGAN,,ACT-00429791,30900,"Tech Michigan, LLC"
CMITCAMBR,CMIT Headquarters,ACT-00245641,5396,CMIT Solutions of Cambridge
WIREDTELCOM,,ACT-00123772,31427,Wired Telcom LLC
SMARTCOMPUTERS,,ACT-00236948,24587,Sm@rt Computers
PAMTEN,,ACT-00148579,31140,PamTen Inc
TRULEAP,,ACT-00380099,30357,Truleap Technologies
CENTURAWEALTH,,ACT-00444661,32525,Centura Wealth Advisory
PROFESSIONALINTEGRATIONS,,ACT-00175037,24035,"Professional Integrations, LLC"
KEITJONE250722,,ACT-00259796,28404,Keith Jones-IT
CTSGWUK,,ACT-00007348,13100,Computer Troubleshooters â€“ Galway
CMITMEADOWLANDS,CMIT Headquarters,ACT-00456176,32211,CMIT Solutions Meadowlands
ITINTERCONNECT,,ACT-00000325,11654,IT Interconnect
KERR,,ACT-00048492,21035,Kerr Consulting
SWEETWATER,,ACT-00036856,22856,Sweetwater Technology Services
RAZOOMIT,,ACT-00130291,20960,Razoom IT Ltd
BARNHART,,ACT-00360723,29351,Barnhart Inc
INTEGRITYIT,,ACT-00336564,28259,Integrity IT Consulting & MSP
VERITAZITS,,ACT-00027520,27303,Veritaz IT Solutions
INNOVATIVENET,,ACT-00268435,24455,Innovative Network Solutions
RELIANTGROUP,,ACT-00084848,27559,Reliant Group
WGHI,,ACT-00455763,32198,Western Group Holdings Inc.
MARKC,,ACT-00245717,23120,Integrated ICT
CANONSOC,,ACT-00164646,21299,Canon Capital Computer Solutions
HDCO,,ACT-00439250,31330,HDCO GROUP LLC
MHD,,ACT-00149229,23880,MHD Communications
OLTECH,,ACT-00253017,500000449,Oltech Office Logics
GLOBENET,,ACT-00027750,7362,GlobeNet
TURRITO,,ACT-00148163,23102,Turrito Networks
JPNETSOLS,,ACT-00462243,33314,JP Network Solutions
SHIELD,,ACT-00061566,11108,SHIELD Networks Inc.
ULUHI,,ACT-00274371,24402,Ulu HI-Tech
CMIT SILVERSPRING,CMIT Headquarters,ACT-00291378,26789,CMIT Solutions of Silver Spring
CARISMAMANAGEDIT,,ACT-00090782,28614,Carisma Managed IT
PAIRELECTRONICS,,ACT-00289587,33370,Pair Electronics
WAV,,ACT-00121497,30230,Wav Inc
ALLINTEK,,ACT-00110029,9984,All In Tek
EDGEITCONSULTINGLTD,,ACT-00229194,24870,EDGE IT CONSULTING Ltd
SEAGLASS,,ACT-00240302,17936,SeaGlass Technology
ITSUPPORTUNLIMITED,,ACT-00286125,25078,IT Support Unlimited
VINCOVITECHNOLOGY,,ACT-00086138,23888,VINCOVI Technology Solutions Inc
UNIVERSALAVIT,,ACT-00151460,16651,Universal Avit
DATAHEALTH,,ACT-00238165,17955,DataHEALTH
INSIGHTIT,,ACT-00291072,26990,Insight IT
JHCOMPUTECH,,ACT-00246685,30137,Jh Computech LLC
"Mindfire, Inc",,ACT-00138040,30382,"Mindfire, Inc"
247support,,ACT-00177225,17032,247support
Coulee Tech Link Inc,,ACT-00164956,19390,Coulee Tech Link Inc
"Cook Consulting & Services, LLC",,ACT-00238296,30978,"Cook Consulting & Services, LLC"
Innovative Technology Ltd,,ACT-00045174,24359,Innovative Technology Ltd
Pinnacle IT Systems Pty Ltd,,ACT-00224347,20255,Pinnacle IT Systems Pty Ltd
Nwaj Tech,,ACT-00036222,24183,Nwaj Tech
Latg,,ACT-00133114,22643,Latg
Logix MSP Inc,,ACT-00030512,20455,Logix MSP Inc
KRAKENTECH,,ACT-00361333,28805,"Kraken Technology Solutions, LLC"
ITRUST,,ACT-00203936,13814,"iTrust IT, LLC"
JAVIS,,ACT-00297990,28152,Javis Industries
TIDTECH,,ACT-00643552,500001117,Tidtech Ltd
VERISION,,ACT-00298736,27718,"Verision, Inc"
BRDSLLC,,ACT-00031018,16062,"Blue Ridge Data Services, LLC"
PRIMETECH,,ACT-00049535,23982,Prime Tech Support
MELGAARDS,,ACT-00156120,25215,Melgaards IT
SECUREFUTURE,,ACT-00224787,648,Secure Future Tech Solutions
CCCANADA,,ACT-00093712,32986,Communication Connections Inc
BITSANDBYTESIT,,ACT-00382912,30232,"Bits & Bytes, IT"
HEALTHSMART,,ACT-00296167,27325,HEALTHSMART PHARMACY
COMPUTECH,,ACT-00036410,26414,Computech
NEXUSTECH,,ACT-00296619,27266,Nexus Technology
RATCLIFF,,ACT-00180941,5434,Ratcliff
MHIT,,ACT-00232862,25319,MHIT Automatisering
Accruetek,,ACT-00256795,21333,AccrueTek Consulting Ltd
GENERAL INFORMATICS,,ACT-00243016,251,"General Informatics, LLC."
SAFEGROUP,,ACT-00110958,26578,SAFE-GROUP
ROUSE,,ACT-00122983,1988,Rouse Consulting Group
VERALINK,,ACT-00388467,31441,Veralynk LLC
SOLUCIONESDETECHNOLOGIA,,ACT-00382920,30329,Soluciones De Tecnologia Guerrero PeÃ±a
UPENASYSTEMS,,ACT-00023758,30699,Upena Systems
TECHNICALDOCTOR,,ACT-00001613,23540,Technical Doctor LLC
VIRTUALGURU,,ACT-00268657,25975,Virtual Guru
NETALLIANCE,,ACT-00230631,28578,Network Alliance
KIS,,ACT-00224880,27456,KIS Technologies Inc.
PBSTEAM,,ACT-00219320,23634,"PBS Technology Services, LLC"
INFIHEDRON,,ACT-00420329,30947,Infihedron | MSP
VERITASICT,,ACT-00275876,24597,Veritas ICT Services B V
CHON,,ACT-00064045,14930,Chris Humphrey Office National
CTMICRONET,,ACT-00179285,31106,CT Micronet LLC
HOMETOWN,,ACT-00011958,20407,Hometown Computer Consulting
DATACUBESYSTEMS,,ACT-00200532,22783,"Data Cube Systems, Inc"
WILLISIT,,ACT-00182905,25338,"Willis Information Technologies, Inc."
BIGFISH,,ACT-00240197,1700,Big Fish Technology
CMITAPPLETON,CMIT Headquarters,ACT-00240764,1966,CMIT Solutions of Appleton
FUJIFILMCODEBLUE,,ACT-00163890,24352,FUJIFILM CodeBlue Limited
COMPUTERSNATIONWIDE,,ACT-00236899,25386,Computers Nationwide
JHSUPPORTAB,,ACT-00270706,27068,JH Support
INTHECLOUDIT,,ACT-00113448,29992,In the Cloud IT
NaviconGroup,,ACT-00268129,23764,The Navicon Group
LIFELINETECH,,ACT-00118026,23327,Lifeline Technology Solutions
TELETRONICS,,ACT-00143906,27444,"Teletronics Communications, Inc."
BREVALL,,ACT-00137583,14339,BrevAll Technologies
CMITGG82,CMIT Headquarters,ACT-00245605,449,CMIT Greater Greenville 82
SKYLINEITS,,ACT-00031035,5367,SkylineITS
BOLDYN,,ACT-00058314,28648,Boldyn Networks
MULTIPLECOMPUTERSOLUTIONS,,ACT-00006044,25711,"Multiple Computer Solutions, Inc."
KHCB,,ACT-00448419,31996,KHCB Network
ZTECHNET,,ACT-00011954,3239,Z-TECH Associates
CMITHARRIS,CMIT Headquarters,ACT-00245643,18358,CMIT Solutions of Greater Harrisburg
POLACOMM250705,,ACT-00023798,31708,Polar Communications
PCRXCOMPUTERS,,ACT-00268036,31577,PCRx Computers
COLLECTIVEDATA,,ACT-00286852,26564,Collective Data
CFX,,ACT-00360619,29487,CFX Incorporated
CWS,,ACT-00004197,23235,Cws
010CLOUDCOMP,,ACT-00024650,17951,010 Cloud Computing Ltd
BELNIS,,ACT-00245392,24645,Belnis Llc
TEKLAB,,ACT-00194311,24937,Teklab
APLUSDATASOLUTIONS,,ACT-00383279,30426,A+ Data Solutions
PROSTYLE,,ACT-00046053,30919,Prostyle Consulting
DIGICOMP,,ACT-00157931,30308,Digicomp Networks Inc.
EASTBAY,,ACT-00031591,24881,Eastbay Technologies Inc.
MAGNITECH,,ACT-00132724,24504,"Magnitech, Inc."
CMITSRR,CMIT Headquarters,ACT-00240780,12266,CMIT Solutions of Round Rock
RX-TECH,,ACT-00246798,33277,Rx Technology
ABACUS IT SOLUTIONS,,ACT-00137259,24284,Abacus I.T. Solutions LLC
WESTECHSYSTEMS,,ACT-00027658,25129,Westech Systems
CANONCCS,,ACT-00164646,21299,Canon Capital Computer Solutions
DEALERTECHPROS,,ACT-00460118,33133,Dealer Tech Pros
EASTDATA250620,,ACT-00072383,31709,"Eastern Data, Inc."
BAYSHOREINTERACTIVE,,ACT-00133089,30992,Bayshore Interactive
TALC,,ACT-00129021,10417,Computer Troubleshooters - Cumming
SIMPLATECH,,ACT-00075813,14375,"Simplatech, LLC"
INTERWARESYSTEMS,,ACT-00118577,32793,Interware Systems
CLOWDCOVER,,ACT-00008839,24771,ClowdCover
INTELICA,,ACT-00026352,32811,Intelica Solutions Inc.
NITROTECH,,ACT-00120556,33141,Nitro-Tech IT Solutions
SUPERION,,ACT-00063904,27400,Superion Inc.
CEIGROUP,,ACT-00037056,21209,CEI Group
ELEVATE,,ACT-00015497,24040,Elevate Systems
PURETECH,,ACT-00119643,30341,Pure Tech Solutions LLC
COMPUTYPEITSOLUTIONS,,ACT-00209653,24820,CompuType IT Solutions
CTV,,ACT-00243199,10269,Computer Troubleshooters - Vienna
ROBOKOPP,,ACT-00055050,15798,Robokopp Technologies Corp.RTC Managed Services
BLUESHIFT,,ACT-00148870,30033,Blueshift Computer Technology Inc.
DOMINIONSECURITY,,ACT-00265719,31412,Dominion Security Partners
CIPESOLUTIONS,,ACT-00027335,30747,Cipe Solutions
HITCO,,ACT-00317134,27811,The HITCO Co
SOFTLINK,,ACT-00040869,28149,SoftLink Computer Solutions
DCAREY,,ACT-00293987,28450,D Carey Services
STRATUSCONCEPT,,ACT-00112807,32600,"Stratus Concept, LLC"
CMITNYCE,CMIT Headquarters,ACT-00240777,747,CMIT Solutions of NYCE
CLOUD&MORE,,ACT-00253411,21256,Cloud & More
WARCOM,,ACT-00112813,18495,Micro Serv Consulting T/A Warwick Computer Service
WCCT,,ACT-00182086,27260,Wine Country Computers & Technologies
NETWORKINGTECH,,ACT-00059470,23259,Networking Technologies
INFISYST250701,,ACT-00077188,29783,Infinite Systems Inc
ETERNATECH,,ACT-00259119,21307,Eterna Technology
QUESTCONLTD,,ACT-00095206,21048,Quest Consulting Limited
S76TECHNOLOGIES,,ACT-00268557,24508,S76 Technologies
SOTERIATECH,,ACT-00056382,21152,Soteria Technology Solutions
TABUSH,,ACT-00208201,32261,Tabush Group
UNNO,,ACT-00019931,27124,UNNO Inc
SPADE,,ACT-00080730,24857,"Spade Technology, Inc"
VALLEYTEL,,ACT-00177034,24955,Valley Tel Service Inc
TURNKEYSOL,,ACT-00021518,23829,"Turn Key Solutions, LLC"
HANUSTECH,,ACT-00381312,30189,Hanus Tech Solutions
RMG,,ACT-00032975,28526,"RMG Enterprise Group, LLC."
MRPCSERVICES,,ACT-00146787,32514,"MR PC, Inc"
CMITNWHOU,CMIT Headquarters,ACT-00245687,297,CMIT Solutions - Northwest Houston Suburbs
ALLTELNETWORKS,,ACT-00086355,26848,All Tel Networks
ONVISOURCE,,ACT-00438291,31278,OnviSource
NUSPECT,,ACT-00114520,21369,Nuspective
RJ2TECH,,ACT-00027703,21362,RJ2 Technologies
PCISNM,,ACT-00253103,24767,PC Integrated Solutions
CMITJ,CMIT Headquarters,ACT-00245664,15508,CMIT Solutions of Jacksonville
SCHROEDERCONSULTANCY,,ACT-00156620,18614,"The Schroeder Consultancy, LLC"
BLUEBOXIT,,ACT-00070631,26067,Blue Box IT Ltd
ITSS,,ACT-00290037,26804,"Information Technology Systems Simple, LLC"
ASCDATA,,ACT-00035116,19674,Ascent Data
ASTECIT,,ACT-00161329,24163,Astec IT Consultancy LTD
SERVOPLEX,,ACT-00086045,30018,"Servoplex, LLC"
HOLIDAYBUILDERS,,ACT-00432414,31057,Holiday Builders
NETPRIMATES,,ACT-00199760,17086,Netprimates ltd
HABEKTECH,,ACT-00219451,29253,"Habek Technologies, Inc"
XPERTEKIT,,ACT-00288068,27475,Xpertek IT
DICECOMM,,ACT-00234304,24378,Dice Communications
THEPCLAN250624,,ACT-00351901,31380,The PC Landing Zone
KILOBYTES,,ACT-00167012,17658,Kilobytes Data Solutions Inc
CBSEDGE,,ACT-00048740,15719,"Central Business Systems, Inc"
HANEY,,ACT-00250452,20950,"Haney Consulting, LLC"
NETADMINS,,ACT-00138056,24135,NetAdmins Inc.
LINEAGEBANK,,ACT-00644160,33381,Lineage Bank
ELSCOMM,,ACT-00234694,20702,Elscomm
MYCONNECTSOLUTIONS,,ACT-00151729,21528,MyConnectSolutions Inc
HYPERION-SOLUTIONS,,ACT-00644026,33589,Hyperion Solutions
INNOVATEBUSINESSTECH,,ACT-00166606,26903,Innovate Business Technology
LUMOS,,ACT-00249556,24957,Lumos Technology Services
INTEGRATEDDATA,,ACT-00245256,2559,Integrated Data Technologies Inc
CTMAMARONECK,,ACT-00020697,1297,Computer Troubleshooters - Mamaroneck
LITHIUMNETWORKS,,ACT-00234591,32334,Lithium Networks
COASTNETWORX,,ACT-00209037,26659,"Coast Networx, Inc."
HOOP5,,ACT-00096021,26961,Hoop5 Networks
DATASERVCORP,,ACT-00040163,26977,DataServ Corporation
COMMUNITYIT,,ACT-00239332,2492,Community IT Innovators
AMERITECHPRO,,ACT-00155288,27246,AmeriTech Pro
SUMNERONE,,ACT-00073094,21550,Sumner One
CARA,,ACT-00118868,17205,Restore Computer Services Ltd t/a Cara Technology
DAPWI,,ACT-00649270,33712,DAP
RESILIENTTECHNOLOGIES,,ACT-00264079,27747,Resilient Technologies
SOVRAN,,ACT-00120255,11197,"Sovran, Inc."
ENVIZIONIT,,ACT-00073691,23941,Envizion IT LLC
MIDWESTCOMPGROUP,,ACT-00066411,26098,"Midwest Computing Group, Inc."
WESTGATE COMPUTERS,,ACT-00217524,21470,WESTGATE COMPUTERS
Re-Mark Technologies,,ACT-00392898,32451,Re-Mark Technologies
Communicloud,,ACT-00061860,19173,Communicloud
PROIT,,ACT-00006386,21233,"Prosper IT, LLC"
CENTRALCOAST,,ACT-00220683,16197,"Central Coast Solutions, Inc."
MIRACULOUSSOLUTIONS,,ACT-00223470,30876,Miraculous Solutions
CARMINESOFTWARE,,ACT-00456480,32391,Carmine Software
LOGICAL,,ACT-00191598,23476,Logical Net
SYNOVATEC,,ACT-00023041,21381,Synovatec Inc
BANS,,ACT-00061809,20209,Bay Area Networking Solutions
IRONGATE250701,,ACT-00066469,31499,"Iron Gate Technology, Inc."
CLOUDCOVER,,ACT-00010178,21622,Cloudcover
THECONNECTION,,ACT-00085143,20791,The Connection Inc
WYOLOGIC,,ACT-00407892,33793,WyoLogic Inc.
NORTHERNCOMPUTER,,ACT-00229712,26124,Northern Computer
CENTRETECH,,ACT-00042910,22693,Centre Technologies
WMCOMPUTERGUY,,ACT-00432580,31103,WM Computer Guy
FARMERSMERCHANTS,,ACT-00317163,28261,Farmers & Merchants Union Bank
PARONUBI,,ACT-00117330,16658,Paronubi
SUNSETSHOES,,ACT-00420482,32846,Sunset Shoes
INSC,,ACT-00092608,28447,Innovative Network Solutions Corp
COMPUTERLOGIC,,ACT-00026766,24371,Computer Logic
BTI,,ACT-00189778,11287,"BTI Communications Group, Ltd"
PEGASUSTECH,,ACT-00232225,26743,Pegasus Technology Pty Ltd
PROJECTNIGHTHAWK,,ACT-00139378,26782,Project Nighthawk
TURNKEYCS,,ACT-00086015,27014,"Turnkey Computer Systems, Inc."
NAUTICONOFFICE,,ACT-00244358,17940,Nauticon Office Solutions
SEHI,,ACT-00192563,27294,SEHI Computer Products
ACTIBUSI250701,,ACT-00444891,31672,"ActiveCare Business IT Services, LLC"
ONCALLIT,,ACT-00029526,25569,"OnCall IT, Inc."
ITNINJAS,,ACT-00210515,27813,IT Ninjas
LANDCOMPUTER,,ACT-00060377,1567,Land Computer
SPRINGINTELLECT,,ACT-00288425,26320,Spring Intellect
BIZFORCE,,ACT-00140329,27665,BizForce Technology
INNOVATIVEINTEGRATION,,ACT-00228276,23865,"Innovative Integration, Inc."
1STCHOICEIT,,ACT-00046885,31351,"1st Choice IT, Inc"
JCCSPC,,ACT-00280234,26430,JCCS PC
BLAIRTECH,,ACT-00177941,18478,Blair Technology Solutions
ALTGRSA,,ACT-00136789,19155,Alt Gr SA
ARCHONIT,,ACT-00275763,27257,Archon IT Services Ltd
ANTHEMTECHNOLOGYLLC,,ACT-00210688,25018,Anthem Technology LLC
BLUETECHSS,,ACT-00168475,11915,Blue Technologies Smart Solutions Inc.
ENTEC,,ACT-00246683,21085,ENTEC
SOUTEC,,ACT-00105172,22675,Soutec
AVITUS,,ACT-00051086,23059,Cyberlink ASP Technology LLC
CNPTECHNOLOGIES,,ACT-00018261,17751,"CNP Technologies, LLC"
FIVERIVERS,,ACT-00151042,19214,Five Rivers IT
TOPTECH,,ACT-00187035,14865,TopTech
EMPOWERIS,,ACT-00118784,7464,Empower Information Systems
LOFFLER,,ACT-00155077,1388,Loffler Companies Inc
ATTECHNOLOGY,,ACT-00066404,31755,AT technology Inc
SKYUNLIMITEDINC,,ACT-00267997,25953,Sky Unlimited
MIMSP,,ACT-00460117,32881,"MI MSP, Llc."
DEPENDABLEIT,,ACT-00118865,19103,Dependable IT Support
WIDECC,,ACT-00216004,28133,Wide Cloud Communications
TECHHORIZONSLLC,,ACT-00153056,10384,Tech Horizons LLC
KRAFTTECH,,ACT-00084551,24263,"Kraft Technology Group, LLC"
CYDO,,ACT-00337061,28405,RESILIENTTECHPARTNERS CORP (DBA CyDo Tech)
PHIMAC,,ACT-00056728,500000698,PhiMAC
OAKHALLC&G,,ACT-00288033,26073,Oak Hall Cap & Gown
COMPUTERSOLTEXAS,,ACT-00056089,26989,Computer Solutions Texas
READYNETWORKS,,ACT-00298820,30874,ReadyNetworks
IT Source,,ACT-00143747,9527,The IT Source
BTBIT,,ACT-00102749,21138,The Greentree Group
DWDTECH,,ACT-00123078,4846,DWD Technology Group
LAYEREDIT,,ACT-00072749,28534,LayeredIT
LEFCONLLC,,ACT-00154031,21345,"Lefcon, Llc"
ENIXNETWORKS,,ACT-00096489,30260,Enix Networks
ENVIROVISION,,ACT-00069495,26876,Envirovision 2010 INC
BURTONCOMPUTER,,ACT-00082764,25107,"Burton Computer Resources, Inc."
ClemenTechLLC,,ACT-00296777,27524,Clementech
IDT,,ACT-00219935,21332,Integrated Document Technologies inc
ADIRANOW,,ACT-00296563,33471,Adira
TECHKNOWSOL,,ACT-00115052,21047,"TechKnow Solutions, LLC"
BRIDGEMAN,,ACT-00290290,28500,"Bridgeman Civil, Inc"
KEY,,ACT-00049913,10639,Key Solutions
RITETECH,,ACT-00075773,29830,RITE Technology
IDEALCOMPUTERSOLUTION,,ACT-00187990,4814,IDeal Focus LLC
INTEGRATEDSOLUTIONSINC,,ACT-00066801,19069,intsol1
CRODIN,,ACT-00289038,30293,Crodin
PRIORITYONE,,ACT-00098406,7218,PriorityOne LLC
LANSOURCEINC,,ACT-00246678,21055,LANSource Incorporated
ABACUSINFO,,ACT-00244200,31511,Abacus Information Systems Inc
ANDERSONCOMPUTER,,ACT-00028509,27148,"Anderson Computer, LLC"
RIKRTECH,,ACT-00269037,30040,"RIKR Technology, LLC"
AAABS,,ACT-00115988,11300,"AAA Business Systems, Inc."
EGROUP,,ACT-00020548,20604,eGroup Enabling Technologies LLC
FAIROAKSIT,,ACT-00237466,18384,Fairoaks IT
EXBABYLON,,ACT-00019093,24443,Exbabylon LLC
MITCHELLTECHNOLOGIES,,ACT-00052539,25156,Mitchell Technologies
MINDFULCONSULTING,,ACT-00291840,26929,Mindful Consulting
360ENGINEERING,,ACT-00451845,300000495,360 Engineering Pty Ltd
BRAND,,ACT-00256785,28248,Brand Tech
COMPETEWARE,,ACT-00004279,27313,Competeware inc
INTERLACEDTECHNOLOGY,,ACT-00082894,31460,Interlaced Technology Solutions
GRID4COMMUNICATIONS,,ACT-00057747,17199,Grid4 Communications
WABASHVALLEYFS,,ACT-00132319,31173,Wabash Valley Service Co
WCCLOUDSOLUTIONS,,ACT-00006042,27285,Westcoast Cloud Solutions
M3NETWORKS,,ACT-00192321,23310,m3 Networks Limited
LINKCOMPUTINGSOLUTIONS,,ACT-00157390,27940,Link Computing Solutions
CELERANW,,ACT-00072403,21330,Celera Networks Inc
STRONGHOLDDATA,,ACT-00143509,22731,Stronghold Data LLC
CAPSTONE,,ACT-00110147,29573,"Capstone Works, Inc."
SOUTHAMPTON,,ACT-00156177,27316,Southampton Computers
THREATADVICE,,ACT-00118650,32122,"Magna5 MS, LLC"
ATECH,,ACT-00012913,3513,"Atech MSP, LLC IT Management Solutions"
EDGE7,,ACT-00267925,24060,Edge7 Networks
NORDLOMITT,,ACT-00246488,500000627,Nordlo Mitt AB
MERRIMACITSERVICES,,ACT-00059776,31333,Merrimac IT Services
MPCS,,ACT-00026454,19429,MyComputerStore
ANALYTICSCOMP,,ACT-00170658,24808,"Analytics Computer Information Systems, Inc."
JPC,,ACT-00093683,19583,JPC YWAVE
HOLKER,,ACT-00080738,23145,Holker IT
CTPS,,ACT-00208320,1317,Computer Troubleshooters - Palm Springs
CORCYSTEMS,,ACT-00035758,26551,"CorCystems, Inc."
CMITBRIGHTON,CMIT Headquarters,ACT-00245618,19177,CMIT Solutions of Brighton/Thornton
INSUREZONE,,ACT-00287307,30192,InsureZone
BAYTECH360,,ACT-00059818,26724,Baytech 360 Inc.
FULCRUM,,ACT-00031899,4745,Fulcrum Systems
PERSPLAC250707,,ACT-00173606,31711,"Personnel Placements Holdings, LLC"
MIRUSIT,,ACT-00019231,26351,Mirus IT
BIZI250626,,ACT-00286788,31643,BizITy
PERUVIANCONNECTION,,ACT-00368618,30679,Peruvian Connection
4BIS,,ACT-00033207,24269,"4BIS.COM, Inc."
EMPOWERISTS,,ACT-00140573,32785,Diabsolut
MORRISBUSINESSSOLUTIONS,,ACT-00168279,18463,Morris Business Solutions
BRASHSOLUTIONS,,ACT-00168274,14801,Brash Solutions
SIEFER,,ACT-00337135,28493,"Siefer Services, LLC"
DEFENSE7,,ACT-00431428,30901,Defense7 Technical Group
GCTECH,,ACT-00048742,26212,GC Technology Ltd
HALOMTS,,ACT-00199705,13532,Halo Managed Technology Solutions
FASTECHALARMS,,ACT-00221345,32047,Fastech Alarms & Telecommunication Services LLC
MP-CrimeFighters,,ACT-00270868,528744,Crime Fighters of Louisiana
VMGST,,ACT-00083139,26313,VMG Strategic Consulting
KBTECH,,ACT-00122697,14534,KB Technologies
KITASSOCIATES,,ACT-00161523,32277,KIT Associates
USWIC,,ACT-00071726,21132,USWired Inc.
NINEMINDS,,ACT-00296434,28621,The Nine Minds Group LLC
CMITNEWPORT,CMIT Headquarters,ACT-00240767,3914,CMIT Solutions of Newport Beach
MAVERICK,,ACT-00275949,26542,Maverick Gardner
FLEX1,,ACT-00336555,28195,Flex1 Technology Solutions
KEYDATAI250624,,ACT-00171616,31615,Key Data IT
SHOCKPROOFIT,,ACT-00287175,30418,ShockproofIT Inc
AMRITECH,,ACT-00444899,31734,Amri Tech Consulting
EAGLEBROADBAND,,ACT-00188948,25075,Eagle Broadband Investments LLC
NENS,,ACT-00227720,1230,Northeast Network Solutions
PANOPLY,,ACT-00268661,27138,PANOPLY IT Solutions
KEMLYN,,ACT-00264590,22591,Kemlyn Consultants Ltd
KKI,,ACT-00240150,24882,KKI Technologies
MERITTECH,,ACT-00057478,19653,"Merit Technologies, LLC"
PACIFICAHOST,,ACT-00457248,32613,Pacifica Companies LLC
RESOLUTIONIT,,ACT-00225101,16567,Resolution IT
SOLUTIONS4IT,,ACT-00243511,16849,Solutions 4 IT
RCTA,,ACT-00058013,14264,"Ryan Creek Technology Associates, Inc."
EMERGINGTEL,,ACT-00267082,23736,EmergingTel
RGVITCONSULTING,,ACT-00436051,31076,RGV IT Consulting
HOWELLNETWORKS,,ACT-00448367,31670,Howell Networks
Lighthouse Technology Partners,,ACT-00110924,20176,Lighthouse Technology Partners
"FortifyIT, LLC",,ACT-00177942,19868,"FortifyIT, LLC"
IT Support Specialists,,ACT-00076278,21366,IT Support Specialists
Technovation Design,,ACT-00027808,20267,Technovation Design
CMIT Solutions of Monmouth County North,,ACT-00245614,20231,CMIT Solutions of Monmouth County North
CBTECH,,ACT-00065731,19721,Century Business Technologies
WELLTECKIT,,ACT-00069115,21397,WellTeck IT
TECHMD,,ACT-00203594,21562,TechMD
COHESIVE,,ACT-00249576,27464,Cohesive Connections Llc
EQUIVIANT,,ACT-00361343,32495,Equiviant
COPYSYSTEMS,,ACT-00180388,11044,"Copy Systems, Inc."
CMITSOLUTIONS250815,CMIT Headquarters,ACT-00451470,31898,CMIT Solutions South Denver
ARIZONAITCONCEPTS,,ACT-00007108,31302,Arizona IT Concepts
COLORADOCOMP,,ACT-00170120,22923,Colorado Comptech
THEISS,,ACT-00369714,30159,Theiss
CANAANTECHNOLOGY,,ACT-00157524,15425,Canaan Technology
STRATIFYMSP,,ACT-00264412,22625,Stratify MSP
MILNER,,ACT-00037693,20082,Milner Technologies
VIGILANTCONSULT,,ACT-00270692,24133,Vigilant Consulting LLC
DAEMEN,,ACT-00024154,15890,Daemen Networking ICT Solutions
DIGITALOFFICEEQUIPMENT,,ACT-00107317,28961,Digital Office Equipment
EAGLEVIEW,,ACT-00288775,26408,"Eagleview IT, LLC"
CTVB,,ACT-00095641,10283,Computer Troubleshooters - Virginia Beach
APOLLOMANAGEDSERVICESLLC,,ACT-00418713,30729,Apollo Managed Services LLC
ATHENSMICRO,,ACT-00123913,21169,Athens Micro
NETFORCE,,ACT-00241782,23892,"NetForce PC, Inc."
ALDEBARAN,,ACT-00015574,5866,Aldebaran Group Inc
JMWILSON,,ACT-00278683,29963,JM Wilson
INLETTECHNOLOGIES,,ACT-00228030,31136,Inlet Technologies Ltd.
FORTIFIED,,ACT-00316982,27723,Fortified Solutions
EAGLE,,ACT-00009498,28350,Computer Weavers
FLAGSHIPNETWORKS,,ACT-00242509,23893,Flagship Networks
AFFINITYIT,,ACT-00048535,20897,Affinity It Group
JUSTASK,,ACT-00026424,748,ASK
LOGIX,,ACT-00155171,10508,LOGIX Data Products Inc
PCMAC,,ACT-00193196,500000248,Pc Mac
VCSINC,,ACT-00238072,20533,Value-Centered Solutions Inc.
JUDGE,,ACT-00239926,32324,Judge Technology Solutions
PINNACLE,,ACT-00244163,19229,Pinnacle Access
TECHSUPPORTNOW,,ACT-00135142,26728,Tech Support Now
NETACORP,,ACT-00246736,20944,NetaCorp Tech
CMITHEADQUARTERS,CMIT Headquarters,ACT-00174754,214,CMIT Headquarters
AG&E,,ACT-00158831,30778,AG&E Structural Engenuity
THINKSMART,,ACT-00123691,27301,Think Smart Inc.
TENCU,,ACT-00286098,31987,TENCU
HongFook,,ACT-00451650,32560,HongFook
EVOSOLUTIONCONSEIL,,ACT-00409907,30289,Ã‰vosolution Conseil Inc.
DRAKEHS,,ACT-00145096,30069,Drake Hardware and Software
MYITASSISTANCE,,ACT-00249334,33454,My IT Assistance
MP-gokallit,,ACT-00178710,,GoKallIT
INTACTSOFTWARELIMITED,,ACT-00182780,25065,Intact Software (UK) Limited
SHIETECH250623,,ACT-00394587,31619,Shield Tech Inc.
REDESTECNOLOGICAS,,ACT-00288204,26203,Redes TecnolÃ³gicas de Occidente SA de CV
CTNSOLN,,ACT-00156132,11905,"CTN Solutions, Inc."
GRUDENTECH,,ACT-00363264,29843,Gruden Technologies
NORTHBAYIT,,ACT-00099420,26164,NorthBay IT
BYTECAFE,,ACT-00063196,3270,Bytecafe Consulting Inc
BLUELINE,,ACT-00077736,2370,Blue Line Technologies Inc
ARKNETEX,,ACT-00093240,23505,Arkansas Network Experts
JMADDINGTON,,ACT-00092887,29486,JM Addington Technology Solutions
GICPM,,ACT-00260399,32050,GICPM technology
NORVETMSP,,ACT-00334193,32922,Norvet MSP
BLUESWITCH,,ACT-00042252,32475,"Blueswitch Ny, Inc"
Zetron,,ACT-00026002,28466,Zetron
MEDHURST-IT,,ACT-00066795,24600,Medhurst Communications Limited
COMPUCAROLINALLC,,ACT-00240424,31032,CompuCarolina LLC
JAM,,ACT-00264638,30056,JAM Technical Solutions
1ACCORD,,ACT-00009914,23379,1 Accord Technologies
HILINK,,ACT-00167035,19588,HiLink Technology Group
SYSCOMCONSULTING,,ACT-00449232,31866,SYSCOMCONSULTING
CSTTECHNOLOGY,,ACT-00175968,23067,CST Technology Solutions
VIRGINIA,,ACT-00174716,18253,Virginia Business Systems
NDMTECHNOLOGIES,,ACT-00088679,12923,NDM Technologies
SBSGA,SEC through SBS (SBS HQ MITS),ACT-00151059,11990,Sharp Business Systems of Georgia
SMBWISE,,ACT-00358257,28649,SMB Wise
ONLINECOMPUTING,,ACT-00208500,17307,Tela Technology
MENARK,,ACT-00099710,784,Menark
GWTECH,,ACT-00179568,19020,Golden West Technologies
WRITETHEVISION,,ACT-00298453,30943,"WRITE THE VISION, LLC"
MP-onsitegeeks,,ACT-00134178,25970,OnSite Geeks Limited
TEK3,,ACT-00275233,24482,Tek3
MCLANE INTEL,,ACT-00132829,30078,McLane Intelligent Solutions
NOVATECH,,ACT-00149048,19752,Nova Technology Solutions LLC
COASTALBENDTECH,,ACT-00132913,32167,Coastalbend Technology Solutions
PCPLACE,,ACT-00298381,28283,PC Place
NPSOL,,ACT-00122752,16271,Netpoint Solutions (dba NPSOL )
DTC4YOU,,ACT-00216351,18186,Digital Telecommunications Corporation dba DTC
THINKTECHADV,,ACT-00240089,20945,Think Technology Advisors
RELNET,,ACT-00110400,1805,Reliable Networks Inc
CLEVAGROUP,,ACT-00192367,23138,ClevaGroup Ltd
SKYTELNETWORKS,,ACT-00114403,28247,Skytel Networks Inc.
BEDFORD,,ACT-00287751,26218,Bedford Regional Water Authority
WILLIAMSTECHNOLOGY,,ACT-00067506,22623,Williams Technology Pty Ltd
MIDWESTFAMILYSKIRESORTS,,ACT-00430210,31211,Midwest Family Ski Resorts
DIRECTNET,,ACT-00027687,23320,"DirectNetworks, inc"
CLERKBOOKS,,ACT-00421364,30917,"ClerkBooks, Inc."
CMITCLEVESW,CMIT Headquarters,ACT-00240761,17698,CMIT Solutions of Cleveland Downtown & East
CMITTRICITYFLINT,CMIT Headquarters,ACT-00464820,33143,CMIT Solutions Tri City and Flint
ONENOVATION,,ACT-00154800,22628,OneNovation Lab Ltd
TELLIGENS,,ACT-00317397,27850,Telligens Technologies
BDHTECH,,ACT-00092113,23707,BDH Technology
IDEACOM,,ACT-00015608,9826,IDeACOM ECSI
ACMIT,,ACT-00228552,18626,ACM Computers
MANAGETECHSERVICE,,ACT-00046293,28804,Manage Tech Service
ARBORCOMPUTERS,,ACT-00142181,26348,Arbor Computers
1TOUCHIT,,ACT-00295793,27162,1 Touch I T
REMLOWNET,,ACT-00317253,30060,Remlow Networks Inc
LOGANBUS,,ACT-00441636,32405,Logan Bus
MJK,,ACT-00289775,26584,MJK Consulting
NEXTSOLUTIONS,,ACT-00293161,28205,Next Solutions
DM-PC,,ACT-00456586,32240,DM - PC Llc.
ONTECHNOLOGY,,ACT-00176525,22819,ON Technology Partners
NBC,,ACT-00115611,11374,612 Network
J&RCOMPUTERS,,ACT-00068204,31089,J & R Computers
ITDEFENSE,,ACT-00087692,3085,"ITDefenses, LLC"
THOMPSONTECHNOLOGY,,ACT-00317469,28783,Thompson Technology
CMITCOLUMBUS,CMIT Headquarters,ACT-00245648,15992,CMIT Solutions of Columbus
DRMICTSOLUTIONS,,ACT-00094423,21136,DRM ICT Solutions
TYPETEC,,ACT-00079531,25229,Sentrix Technologies Limited
MACALOGIC,,ACT-00223717,27065,Macalogic
CMITSCOP,CMIT Headquarters,ACT-00240756,17443,"CMIT Solutions of Chicago, Oak Park"
REALNETS,,ACT-00196511,29305,Realnets
CMITSOLUTIONS251229,CMIT Headquarters,ACT-00458866,32781,CMIT Solutions Philadelphia West
SBSAZ,SEC through SBS (SBS HQ MITS),ACT-00062550,32315,Sharp Business Systems of AZ/NM
TVGCOMPUTERCON,,ACT-00055432,5444,TVGComputerConsultingCorpor
MSI,,ACT-00191583,19441,"Maintain Systems, Inc"
ADFRANSE,,ACT-00259372,500000596,Adfranse Automatisering B V
CMIT - SOUTHBREVARD,CMIT Headquarters,ACT-00245679,592,CMIT South Brevard 179
EXCITECONSULTING,,ACT-00289605,26427,Excite Consulting
BAYBER,,ACT-00151923,26344,Bayber Technology Solutions
GUARDNET,,ACT-00274596,24584,"Guardnet, Inc"
GREENSEAIQ,,ACT-00262913,32015,Greensea Systems
TTGSERVICES,,ACT-00168410,18889,Rampart Hosting dba TTG
SBSSEATTLE,SEC through SBS (SBS HQ MITS),ACT-00243785,12542,Sharp Business Systems of Seattle
ITNORTHTEXAS,,ACT-00080436,25709,IT North Texas
WINITS,,ACT-00186978,27474,"WIN, LLC"
NETCETERALLC,,ACT-00189870,24369,"Netcetera, LLC"
STATUSPROS,,ACT-00284322,27671,Status Pros
BLUEISLANDTECH,,ACT-00438589,31361,Blue Island Technology
IRONCOMET,,ACT-00192426,14488,Iron Comet
QUANTRONIX,,ACT-00301417,500000323,Quantronix Ltd
TEAMMTP,,ACT-00032466,32007,Morris Technology Partners
CMITSOLUTIONSX250819,CMIT Headquarters,ACT-00451476,31920,CMIT Solutions Greater Burlington
ABBUSINESS,,ACT-00224485,17470,"A&B Business Equipment, Inc."
CMITSolutionsRichmondWest,CMIT Headquarters,ACT-00456573,32264,CMIT Solutions Richmond West
CMITPITTSBURGHNORTH,CMIT Headquarters,ACT-00240768,9771,CMIT Solutions of Pittsburgh North
SARACOMPUTERSINC,,ACT-00153342,11396,Sara Computers Inc
PATSCOMPUTERRESCUE,,ACT-00030761,23345,PCR Business Systems
MICROWISE,,ACT-00225060,30630,Micro Wise Inc
STWN,,ACT-00055149,31965,Spread the Word Nevada
NEWTREND,,ACT-00171160,300000512,Newtrend IT
SCAATL,,ACT-00133260,23090,Southeastern Computer Associates LLC
BUSINESSTECHNOLOGIES,,ACT-00235589,26229,"Business Technologies, LLC"
VELOCITYIT,,ACT-00172155,19792,Velocity IT Solutions
INTEGRAONE,,ACT-00151247,1519,integraONE
LITHIUM,,ACT-00157218,23101,Lithium Systems Limited
PCL,,ACT-00244319,23289,PCL Group
ACENDEX,,ACT-00108145,27916,Acendex
ASSOCIATIONTECHNOLOGIES,,ACT-00049919,28169,Association Technologies
GOLDFARB,,ACT-00287107,28052,Goldfarb Properties
LIGHTHOUSEIT,,ACT-00027288,500000059,Lighthouse IT
MYITMASTER,,ACT-00092756,13640,My IT Master
TECHNICALLYBETTERIT,,ACT-00432946,32869,Technically Better
SELTEC,,ACT-00081372,27203,SelTec
NBM,,ACT-00197959,19987,"NBM, Inc."
EZMSP,,ACT-00146871,24267,EZ MSP
RRGPSERVICES,,ACT-00043546,17841,"RRGP Services, Inc."
OPTIMITY,,ACT-00189453,10062,Optimity IT Ltd
LGNETWORKS,,ACT-00243449,25263,LG Networks
CYB3R,,ACT-00296847,500000241,CYB3R
NETDEPOT,,ACT-00122171,24784,Network Depot
CATALYST,,ACT-00165356,530,Catalyst IT
ITSUPPORT365,,ACT-00182829,24961,IT Support 365 Ltd
MANNANET,,ACT-00013956,21293,Manna Networks
SYMPHONA,,ACT-00105948,21564,Symphona Technology LLC
DEXIMAGING,,ACT-00245304,15302,DEX Imaging (formerly North American)
TGCSERVICES,,ACT-00228243,26808,TGC Services
INFINITETECHSOL,,ACT-00297055,27550,Infinite Technology Solutions
CMITSNUC,CMIT Headquarters,ACT-00245675,6491,CMIT Solutions of Northern Union County 259
LIEBERMANTECH,,ACT-00128546,20513,Lieberman Technologies
CODEBLUETECHNOLOGY,,ACT-00236907,32824,"CodeBlue Technology, LLC"
NETQUEST,,ACT-00121224,472,NetQuest (MD)
MICROSECIT,,ACT-00450290,31924,MicroSec IT LLC
CITADELBLUEINC,,ACT-00178951,3961,Citadel Blue
MYRICKTECH,,ACT-00090757,20098,Myrick Technologies LLC
MINSTER,,ACT-00237565,24405,Minster Micro Computers Limited
ALDRIDGE,,ACT-00245085,21124,The Aldridge Company IT Services
PROTEKITSOLUTIONS,,ACT-00234934,25582,ProTek IT Solutions
DEMINGAUTOMATION,,ACT-00452663,32286,Deming Automation Llc.
GRAFTONSCHOOLINCORP,,ACT-00142540,25933,"Grafton School, Incorporated"
MFIT TECHNOLOGY SOLUTIONS,,ACT-00317680,30861,MFIT Technology Solutions LLC
ACMEBUSI250801,,ACT-00064005,26888,Acme Business
FORTRESS,,ACT-00317744,28089,"Fortress Networks, LLC"
INTECHIT,,ACT-00183830,19408,Intech Solutions
XLNTECH,,ACT-00257073,24115,"XLN Technologies, LLC"
EMPIRE TECH,,ACT-00336715,30187,Empire Technology Partner
BIGREDIT,,ACT-00249789,20922,DigitalDental Ltd
DENTALTEK,,ACT-00295756,27080,Dentaltek
MORGANBIRGE,,ACT-00175935,20339,Morgan Birge & Associates
MICROSTRAT,,ACT-00153495,31352,Micro Strategies
LENDER,,ACT-00132507,24053,"Lender Service Provider, LLC"
EMERGE,,ACT-00128482,21049,Emerge IT Solutions LLC
SUPERBINFORMATICS,,ACT-00289722,26735,Superb Informatics LLC
HELIOTROPICSYSTEMS,,ACT-00025595,5272,Heliotropic Systems Inc
WHENITMATTERS,,ACT-00146909,32763,When IT Matters
BOLTACITY,,ACT-00249493,23440,BOLTACITY
HARDDRIVESYSTEMS,,ACT-00187230,1557,Hard Drive Systems Ltd
IFS-INSTITUTE,,ACT-00455393,32476,IFS Institute
INTELLIGENT,,ACT-00043214,23266,"Intelligent Technology Solutions, Inc. NY"
LIGHTHOUSESOL,,ACT-00222031,11047,Lighthouse Solutions
TECHMECH250704,,ACT-00436236,31706,Tech Mechanix
MOSAIC,,ACT-00163560,28666,"Mosaic Data Services, Inc"
SANDHILLSCOMPUTERS,,ACT-00416491,30604,Sandhills Computers
MICROMEN,,ACT-00440871,31451,Micromen Computers
TECHGROUP,,ACT-00122994,24393,Tech Group (VT)
BRISTOL,,ACT-00383282,30665,Bristol Management Services
INTELLENETLLC,,ACT-00067512,24203,Intellenet LLC
JUSTTECH,,ACT-00092061,31488,JustTech
DANZANA,,ACT-00268307,24326,Danzana Pty Ltd
TOPNOTCH,,ACT-00006378,3545,"Pro Cloud SaaS, LLC dba TNN"
RICHLINETECH,,ACT-00011178,20332,"Richline Technical Services, LLC"
DRP,,ACT-00060990,26462,DRP Solutions
CAL TECH SOLUTIONS,,ACT-00361315,29853,Cal technology solutions llc
APEXWF,,ACT-00458736,32545,Apex IT Solutions
MICRO,,ACT-00122004,1727,Micro Enterprises LLC
VINACOMM250625,,ACT-00081466,31633,Vinakom Communications
NUCENTRICSOLUTIONS,,ACT-00082788,31167,Nucentric Solutions
OLEZKAGLOBAL,,ACT-00268580,26580,OLEZKAGLOBAL
LTCTECHSYSTEMS,,ACT-00058178,24979,LTC Technology Systems Inc
NETBOX,,ACT-00079016,500000659,Netbox Managed IT Services
CLOUDMATTERS,,ACT-00000005,500000772,CloudMatters IT Solutions LTD
IONTECHNO,,ACT-00163775,17970,Ion Technology Services LLC
MINDFORE,,ACT-00416753,30746,MINDFORE INC
PRIZMATECH,,ACT-00449606,31985,Prizmatech Informatique
ADAMSREMCO,,ACT-00063434,19862,"Adams Remco, Inc."
POWERNET,,ACT-00049836,24298,PNG Telecommunications Inc. d/b/a Powernet
OXFORD,,ACT-00008937,19085,"Oxford Computer Services, LLC"
TECHO,,ACT-00265554,27503,Techo Services
SOLVEITMS,,ACT-00291430,32268,SolveIT Managed Services
DUOCOMPUTERS,,ACT-00153378,6252,Duo Computers LLC
SECURETECHGRP251126,,ACT-00287953,26153,SecureTech
SHORELIGHT,,ACT-00290090,27990,Shorelight Technologies LLC
Odysseygaming,,ACT-00008731,300000713,Odyssey Gaming Ltd
PRESSSTART,,ACT-00159569,24568,Press Start Ltd
KNIGHTOFFICE,,ACT-00082148,15154,"Knight Office Solutions, Inc."
GREGORYMICA,,ACT-00241395,16105,Gregory Micallef Associates Ltd
RCE WORLD,,ACT-00104107,30301,RCE World
VX360NET,,ACT-00049608,28200,VX360Net
RITTGARN,,ACT-00098691,28586,"Rittgarn Professional Services, LLC"
CFORWARD,,ACT-00171269,22908,C-Forward Inc.
APTEK,,ACT-00063262,23976,Aptek
FISHERSTECH,,ACT-00240174,13047,Fishers Technology
EAG1SOURCE,,ACT-00091246,19728,EAG 1Source
DIAMONDICT,,ACT-00106185,500000904,Agilico Systems
DECISIONLOGIC,,ACT-00175613,9481,Decision Logic
TURBOITSUPPORT,,ACT-00190952,33641,Turbo IT
AMERICANBOTTOMS,,ACT-00287150,25872,American Bottoms
REDROCK,,ACT-00118902,1503,RedRock Information Security
TRIBECATECHLTD,,ACT-00070596,30626,Abacus Group
EXPERTTURNKEY,,ACT-00213610,24213,Expert Turnkey
GALILEOSG,,ACT-00230153,7463,Galileo Systems Group
NENETSOL,,ACT-00107793,21235,New England Network Solutions
LIONFIELD,,ACT-00103525,23268,"Lionfield Technology Solutions, Ltd."
EVALVETECH,,ACT-00100532,8163,Evalve Technologies
CVACS,,ACT-00164818,24432,"Central Virginia Computer Services, LLC"
AMERITEXLLC,,ACT-00108711,31079,Ameritex Machine & Fabrication
VCSOLUTIONS,,ACT-00133472,33286,"Vision Computer Solutions, Inc."
FRONTIERMSP,,ACT-00115244,23439,FrontierMSP
CMITMORRISTOWN,CMIT Headquarters,ACT-00245597,18369,CMIT Solutions of Morristown-NJ
MYERSPOWERPRODUCTS,,ACT-00365623,30292,"Myers Power Products, Inc."
KNIGHTMATERIAL,,ACT-00288509,26571,Knight Material Technologies
VITALINFOTECH,,ACT-00229369,2784,Vital Information Technology
UNIVERSALCOMONE,,ACT-00039890,27682,Universal Com One
SUGARSHOT,,ACT-00130240,20193,SugarShot
CWLS,,ACT-00184685,15052,Cwl Systems
MJXITSOLUTIONS,,ACT-00463794,33042,MJX IT Solutions
VIRTUEUK,,ACT-00121520,500000284,VirtueUk
FOSSSWIMSCHOOL,,ACT-00291613,27181,Foss Swim School
NUCARA,,ACT-00245936,23395,Nucara LTC Pharmacy
CTL,,ACT-00178260,4107,Computer Troubleshooters - Lomira
SIGNUS,,ACT-00175242,28449,Signus Technologies
KTSCOMP,,ACT-00153050,16812,KTS Computers Ltd
TECHCHECK,,ACT-00264705,26797,Tech Check
TECHUSYS,,ACT-00240165,26056,Techusys
ASCONSULTING,,ACT-00125839,3852,AS Consulting Inc
INTRICATENETWORKS,,ACT-00249585,26133,Intricate Networks
SBSNJ,SEC through SBS (SBS HQ MITS),ACT-00207983,12518,Sharp Business Systems of NJ
JABITPC,,ACT-00052166,30730,Jab IT PC
OCKERSACT,,ACT-00236888,2495,Ockers Company
CTSS,,ACT-00104449,12139,Computer Troubleshooters - Summerlin South
TEKCLOUDSOLUTIONS,,ACT-00093942,33466,TEK Cloud Solutions
FRONTLINE,,ACT-00118442,1712,Frontline Computer Services
DIGITALWAVE,,ACT-00178179,24468,Digital Wave
DESKTOPSERVICES,,ACT-00268173,23740,Desktop Services
SKAMENS,,ACT-00278919,32180,TecMechs
PTGINC,,ACT-00069994,22700,"Palmetto Technology Group, Inc."
40SHAKES,,ACT-00460233,32852,Cook Out
DEPATI250630,,ACT-00239575,31664,departement ti
VEILIANT,,ACT-00066705,27794,Veiliant Inc
PALADINIT,,ACT-00162538,10081,Paladin Infotek
FUSELOGIX,,ACT-00066869,30231,FuseLogix
ECLIPSE,,ACT-00049547,19919,"Eclipse Networks, Inc."
AVINEXT,,ACT-00084782,25476,Avinext
CONSUS,,ACT-00431610,31874,Consus Management Ltd.
TGI OFFICE AUTOMATION,,ACT-00092044,15880,TGI Office Automation
ALLYTECHVT,,ACT-00093654,33516,AllyTech
G6TECH,,ACT-00048872,32108,G6 Technologies
ITSIT4ME,,ACT-00008091,33149,IT 4 ME
MIND-CORE,,ACT-00123081,22901,"Mindcore, Inc."
TOTLCOM,,ACT-00044142,10522,TOTLCOM Inc.
ASAPCOMPUTER,,ACT-00167562,33302,ASAP Computer
KINETIXTECH,,ACT-00174686,26974,Kinetix Technology Services
ECGROUP,,ACT-00209311,26397,EC Group
CLOUDCONTEXT,,ACT-00275453,300000126,Cloud Context
ARCHER,,ACT-00276748,27390,"Archer Integration, LLC"
SECURSERV,,ACT-00246623,25952,Secur-Serv
OMEGATECH,,ACT-00245552,27103,Omega Technology Group
Advanced Risk Management,,ACT-00043103,19906,Advanced Risk Management
eTrepid Inc.,,ACT-00112609,5492,eTrepid Inc.
CMIT Solutions of Northwest Georgia,,ACT-00240742,17667,CMIT Solutions of Northwest Georgia
Nexa SecureIT,,ACT-00298874,500000306,Nexa SecureIT
Teen Challenge Canada Inc.,,ACT-00228026,27226,Teen Challenge Canada Inc.
Sweethaven Computers,,ACT-00080088,15623,Sweethaven Computers
ThrottleNet Inc,,ACT-00230196,25808,ThrottleNet Inc
K2b Technologies Inc,,ACT-00020255,32791,K2b Technologies Inc
"Jobecca Technology Group, LLC",,ACT-00229279,18909,"Jobecca Technology Group, LLC"
Allegiance Computer Technologies,,ACT-00048726,24381,Allegiance Computer Technologies
VC3-Team Minnesota,,ACT-00153573,21002,VC3
010CLOUDCOMP-Dinet,,ACT-00024650,17951,010 Cloud Computing Ltd
E-Safe Technologies,,ACT-00152145,24846,E-Safe Technologies
"I-M Technology, LLC",,ACT-00234096,19262,"I-M Technology, LLC"
Core Group,,ACT-00157419,26437,Core Group
Omnitek System Solutions,,ACT-00110693,1964,Omnitek System Solutions
Alliance Network Solutions LLC,,ACT-00065651,28536,Alliance Network Solutions LLC
TAG Computer Services,,ACT-00034070,18890,TAG Computer Services
CIO Landing,,ACT-00057963,23937,CIO Landing
Atiwa Computing / Brumer Technologies,,ACT-00125914,1201,Atiwa Computing / Brumer Technologies
Lansmith IT,,ACT-00249537,28834,Lansmith IT
Addictive Technology Solutions,,ACT-00194840,20238,Addictive Technology Solutions
Rigidnet LLC,,ACT-00042139,21337,Rigidnet LLC
"Noynim, Inc",,ACT-00227433,26707,"Noynim, Inc"
Phantic Creative,,ACT-00430207,30914,Phantic Creative
VC3-Team California,,ACT-00153573,21002,VC3
010CLOUDCOMP-Meteorit,,ACT-00024650,17951,010 Cloud Computing Ltd
FPATECH,,ACT-00213116,24344,"FPA Technology Services, Inc."
MYSHERPA,,ACT-00204714,466,MySherpa
TUCKTECH,,ACT-00107740,23642,Tuck Technologies
LEECOMP,,ACT-00102972,31913,"Lee Computers, LLC"
INNOVATIONSTECH,,ACT-00033909,26310,"Innovations Technology Group, Inc."
BLACBOXC250702,,ACT-00046983,29087,Black Box Consulting
ROYALBUSINESSSYSTEMS,,ACT-00026433,28822,"Royal Business Systems, Inc"
PARRISHCONSULTING,,ACT-00420220,30788,"Parrish Consulting Services, Inc."
PETRAKOS,,ACT-00368779,30062,"Petrakos Communications, Inc."
ENERTRON,,ACT-00202675,25022,"Enertron, LLC"
ELECTRICDATASYSTEMS,,ACT-00170068,33714,"Electric Data Systems, Inc"
MINERALWELLSTX,,ACT-00451480,32183,City of Mineral Wells
NATIONAL KIDNEY PARTNERS,,ACT-00289979,26599,National Kidney Partners
CASPIANITG,,ACT-00004198,28416,Caspian IT Group
QITSOLUTIONS,,ACT-00265920,27442,QIT Solutions
BCSYSTEMS,,ACT-00265957,28467,Business Communications Systems dba ConneX
ICTSERVICES,,ACT-00434474,31046,Industrial & Construction Technology Services Ltd.
EMPOWERED,,ACT-00024387,14404,Empowered IT Solutions
BEVLIN,,ACT-00039188,32943,IDwellings DBA Bevlin
BLUETOWERTECH,,ACT-00087025,31447,Bluetower Technical
MARTINANDASSOC,,ACT-00053103,6108,Martin and Associates
IMPSOL,,ACT-00161401,18599,IMP Solutions
BLUESKY,,ACT-00292650,27971,"BlueSky Solutions, LLC"
PCPALADINS,,ACT-00223217,18882,PC Paladins
E2E,,ACT-00274459,30122,E2E Technology Solutions Inc
UPTIMETECHNOLOGY,,ACT-00092011,28299,Up Time Technology
TERMINALBLLC,,ACT-00156536,23466,"Terminal B, LLC"
AMIHOLDINGS,,ACT-00049813,26814,AMI Holdings LLC
JPA-TECH,,ACT-00155833,32499,JPA Technologies
BASECONNECT,,ACT-00049915,23706,Base Connect Group Ltd
HIGEER,,ACT-00018023,13625,Higeer Inc
LIT,,ACT-00062597,24226,LIT Solutions
TECHNEON,,ACT-00267272,25242,Techneon LLC
METROPOLISNY,,ACT-00455845,32549,Metropolis Group
DYMAXIONRESEARCH,,ACT-00217408,30933,Dymaxion Research Ltd
COMPUNETINTER,,ACT-00012104,1688,CompuNET International
OPTIMALNET,,ACT-00061564,104,Optimal Networks Inc
TRIIO,,ACT-00197048,21008,Triio Llc
EXPERTCOMPUTERS,,ACT-00234549,3054,Expert Computers Inc
HOPEWELL,,ACT-00302202,27688,Hopewell MSP
WIPFLI,,ACT-00230436,1854,"Wipfli Advisory, LLC"
CAMPAIGN,,ACT-00361289,29257,Campaign Deputy
TACTILETECH,,ACT-00264758,23366,Tactile Technology
SECDEVLLC,,ACT-00442212,31457,"Security Development LLC, (McCOE)"
LEVEL10,,ACT-00153599,13533,Level 10 Solutions
HEIDENTECH,,ACT-00019941,26024,Heiden Technology Solutions
HOLOSKY,,ACT-00046955,23474,Holosky
AMATECHTEL,,ACT-00156002,28287,AMA TechTel Communications
SYZYGY3,,ACT-00020863,31442,"Syzygy 3, Inc."
ENTNETWORKS,,ACT-00204987,17367,ENT Networks Inc
TECHNOS,,ACT-00154991,16524,Technos Solutions Limited
FUSIONMANAGEDIT,,ACT-00098283,8431,Fusion Consulting Group
CAISLEANCONSULTINGINC,,ACT-00118131,20064,Caislean Consulting Inc
BRANDXIT,,ACT-00295820,27997,BrandX IT
TRITECHCOA,,ACT-00039364,3316,TRITECH CORPORATION AMERICA
NORDLOIMPROVE,,ACT-00456998,500000997,Nordlo Improve
ATLIGHR,,ACT-00073906,19084,IMPACT Group
GRAYGHOST,,ACT-00334176,28196,Gray Ghost LLC
HUNTLEIGHTECH,,ACT-00003265,23416,Huntleigh Technology Group
MJOLNIR,,ACT-00230138,17493,Mjolnir Technology
WORLDSYNERGY,,ACT-00159769,27980,World Synergy
DEESIGN,,ACT-00204885,31513,Dee Sign Company
COMPLETECOMPUTINGSOLUTIONS,,ACT-00225052,23864,Complete Computing Solutions
KCTC,,ACT-00053153,31434,"Kalona Cooperative Telephone Co, Inc"
SOMERBYSIT,,ACT-00019924,19878,Somerbys IT Ltd
MP-DNRComputing,,ACT-00033084,24996,DNR Computing Inc
MATRIXINTEGRATION,,ACT-00098995,21145,Matrix Integration
CHEEKYMUNKEY,,ACT-00180592,15276,Cheeky Munkey
DAVIDHORNECONSULTING,,ACT-00201417,26028,David Horne Consulting
BCDRPROFESSIONALS,,ACT-00425506,33492,BCDR Professionals LLC
STRAYER,,ACT-00043581,31515,"Strayer Communications, Inc"
PCPC,,ACT-00067639,3713,"Personal Computer Power Center, Inc."
GREXOTECH,,ACT-00004504,30095,Grexo Technology Group
FLMAKEBUSINESS,,ACT-00265683,24401,Flmakebusiness LLC
CLEARLINK,,ACT-00060625,22990,ClearLink Technology Solutions
VC3,,ACT-00153573,21002,VC3
SOLUTIONS IT,,ACT-00185634,30927,Solutions IT LLC
CITADELTCS,,ACT-00221805,30884,CitadelTCS
FIBERNETICS,,ACT-00095763,26448,Fibernetics Corp
CDSI,,ACT-00063404,391,Computer Systems Development Services Inc
CENTREWELLINGTON,,ACT-00382164,32792,Centre Wellington
AGILITYTECH,,ACT-00154701,28472,"Agility Technology Group, LLC"
CONSILIEN,,ACT-00066638,1978,Consilien LLC
AAGITLTD,,ACT-00080024,17579,AAG IT Ltd
KRUEGER,,ACT-00140142,25287,Krueger Communications
AZTECHIT,,ACT-00187124,24697,Aztech IT Solutions
MRLNETWORK,,ACT-00050957,28443,MRL Network Solutions
LIGHTHOUSE TECH SERVICES,,ACT-00047784,23339,Lighthouse Technology Services
SMARTPROTECH,,ACT-00070255,24762,Smart Pro Technologies LLC
TIAS,,ACT-00031050,14945,There Is A Solution
INFINITUS,,ACT-00218067,26394,Infinitus Computers LLC
JACKSONLUMBER,,ACT-00345018,31882,Jackson Lumber & Millwork
GOCHICAGOIT,,ACT-00215994,31023,Go Technology Group
NETWORKVISUAL,,ACT-00053118,27799,Network Visual Solutions
COMP&NET,,ACT-00245534,23600,Computer & Network Consultants Ltd.
ISTCG,,ACT-00024677,2586,IS & T Consulting Group
JETPARTSENGINEERING,,ACT-00290142,26674,Jet Parts Engineering LLC
CAPTECHIES,,ACT-00130286,27106,Capital Techies
SOUTHWORTHCONSULTANTS,,ACT-00084166,23560,Southworth Consultants Limited
365LABS,,ACT-00250241,31567,365 Labs
MOPE250616,,ACT-00017885,31574,Mopec
MVPWORKS,,ACT-00061433,28655,MVP Network Consulting
VERNLEWISWELDING,,ACT-00287997,27236,Vern Lewis Welding Supply Inc
RMON,,ACT-00124746,11527,RMON Networks Inc
HIGHERGROUNDTECH,,ACT-00040717,23795,"ACS Technologies Group, Inc."
NETTECH,,ACT-00246817,24446,NetTech
FREELANCECOMPUTERS,,ACT-00115973,33770,Freelance Computer Services
EDGEWIRE,,ACT-00101998,19407,Edgewire Digital Services
ADVANCEDOFFICESYSTEMS,,ACT-00011729,23812,"Advanced Office Systems, Inc."
AXTECH,,ACT-00136702,31360,AxTech LLC
TSWGROUP,,ACT-00165633,1091,Technology Services Wholesale Group LLC
TRISIGMA,,ACT-00449254,31895,Tri Sigma National Sorority
ATLANTICTECH,,ACT-00171655,23588,"Atlantic Technology Services, Inc."
PROVTECHG,,ACT-00225727,16745,Providence Technology Group
ANATOMYIT,,ACT-00237049,24594,"Anatomy IT, LLC"
VOSOLUTIONS,,ACT-00207420,24108,Valley Office Solutions
NETWORKCONCERN,,ACT-00138068,24512,Network Concern
PSIC,,ACT-00076368,21301,ProServeIT Corporation
ATSOLUTIONS,,ACT-00167282,24742,"Advanced Technical Solutions, LLC"
ASHE,,ACT-00186392,26211,Ashe Cosgrove Corp
PRIORITYFIRSTFCU,,ACT-00361002,30373,Priority First FCU
WORLDLINENETWORKS,,ACT-00290407,27755,World Line Networks
APPLETREE,,ACT-00036951,20916,Canadian Health Systems Inc.
ICTE,,ACT-00381799,500000615,Information Communication Technology Ebner e.U.
ELANGENI,,ACT-00204725,306,Elangeni Consulting Inc
PEAKNETWORKSOLUTIONS,,ACT-00286734,25268,Peak Network Solutions Ltd
SANIT,,ACT-00246375,25130,San IT
KEYSTONEIT,,ACT-00103890,21354,Keystone Information Technology
MATION,,ACT-00102564,18591,DOCUmation
DGNETSOL,,ACT-00166582,26846,DG Network Solutions LLC
ADAPTIVETECH,,ACT-00174200,18533,"Cyemptive Technologies, Inc"
NETCOMM,,ACT-00159808,27388,Netcomm
VDP,,ACT-00124971,500000554,VDP Automation B V
ADVANCEDMICROCOMPUTERS,,ACT-00039502,29528,"Advanced Microcomputers, Inc."
ALLIEDITS,,ACT-00133179,30780,Allied IT Systems
FEDORAINTERTECH,,ACT-00266301,27096,"Intertech Ci, LLC dba Fedora Intertech"
ITAF,,ACT-00047918,500000335,Itaf
WILDFROGSYSTEMS,,ACT-00151233,22620,WildFrog Systems Ltd.
DPCINC,,ACT-00240145,25908,DPC Inc
CONVERGEDTECH,,ACT-00058577,23598,DIDO LC D/B/A Converged Technology Services
MICROSYS,,ACT-00246190,26263,MICROSYS INC
VODAFONE - IT HUB FENLAND,Vodafone,ACT-00296569,27271,Vodafone IT Hub Fenland
ARMSS,,ACT-00121122,30004,Armss
GRAVITYSYS,,ACT-00164805,5059,Gravity Systems
LANAIRGROUP,,ACT-00044260,23331,"Lanair Group, LLC"
MASONINFOTECH,,ACT-00076763,24160,Mason Infotech Ltd
Watchkeep,,ACT-00170560,24379,Watchkeep
AOR Information Technology Solutions,,ACT-00006073,26834,AOR Information Technology Solutions
"SIC Consulting, Inc.",,ACT-00108212,1743,"SIC Consulting, Inc."
Cima Solutions Group,,ACT-00092457,18527,Cima Solutions Group
Preston Office Solutions,,ACT-00018308,20234,Preston Office Solutions
Parity Consultants,,ACT-00240151,21051,Parity Consultants
Verano Eterno Oy,,ACT-00287573,26088,Verano Eterno Oy
"VisiCom Services, Inc",,ACT-00189528,19012,"VisiCom Services, Inc"
Nerds Support Inc,,ACT-00178233,20534,Nerds Support Inc
Rivernet Communications,,ACT-00137870,21225,Rivernet Communications
"Aurora InfoTech, LLC",,ACT-00197107,16856,"Aurora InfoTech, LLC"
ALLLINESTECH-Unmanaged,,ACT-00032429,24606,All Lines Technology
In-Telecom,,ACT-00246692,19794,In-Telecom
Underdog Computer and Network Support LLC,,ACT-00114923,26811,Underdog Computer and Network Support LLC
IP Consulting Inc.,,ACT-00072953,33112,IP Consulting Inc.
Network People Inc.,,ACT-00152114,22592,Network People Inc.
lacreative,,ACT-00097808,11507,lacreative
AIRIT-THAMES VALLEY,,ACT-00018262,23135,Air-IT
BREAKWATERIT,,ACT-00010638,22756,Breakwater IT Limited
NEDIGITALINC,,ACT-00180436,21483,"NE Digital, Inc"
Langistic Networks Inc,,ACT-00054347,32487,Langistic Networks Inc
"Lake Business Products, Inc. / NetShield",,ACT-00073105,16308,"Lake Business Products, Inc. / NetShield"
Uptech Ltd,,ACT-00063389,18247,Uptech Ltd
Spadepoint Information Services,,ACT-00337047,28374,Spadepoint Information Services
Syand Corp,,ACT-00209588,14350,Syand Corp
"Infinite Loop Systems, Llc.",,ACT-00460094,32853,"Infinite Loop Systems, Llc."
TCG Network Services,,ACT-00214840,21535,TCG Network Services
Hendrix Business Systems Inc,,ACT-00053050,19926,Hendrix Business Systems Inc
Premier Networx,,ACT-00096039,22626,Premier Networx
ALLLINESTECH-Buckeye Corrugated,,ACT-00032429,24606,All Lines Technology
TwinHats L.L.C,,ACT-00150092,29168,TwinHats L.L.C
Sun River It Partners,,ACT-00107940,11191,Sun River It Partners
"The Phone Experts Communications, Ltd.",,ACT-00233768,27025,"The Phone Experts Communications, Ltd."
Intech Computer Solutions,,ACT-00078971,23212,Intech Computer Solutions
Better Technology Systems Inc,,ACT-00092930,19673,Better Technology Systems Inc
COMPITI-WI,,ACT-00038527,21384,"Computer Integration Technologies, Inc."
OUTLINESOLUTIONS,,ACT-00337169,29312,Outline Solutions
TITANTECH,,ACT-00291628,26890,Titan Technology Partners
KDI-RESTRICTED,,ACT-00099576,30766,Keystone Digital Imaging Inc
BREVARDIT,,ACT-00167505,28453,Brevard IT Services
REACHTECHNOLOGIES,,ACT-00003440,26044,BOW-BOECK ENTERPRISES LLC Dba Reach Technologies
BLACK-CIPHER,,ACT-00205510,21231,"UTRS InfoSec, LLC"
NCCWA,,ACT-00125363,33715,NCC Computer Inc
RELIABLENETWORKSOL,,ACT-00203641,26531,Reliable Network Solutions
BCMTECH,,ACT-00246687,27172,BCM Technologies
STCNETWORK,,ACT-00049802,25004,"STC NETWORK SERVICES, INC."
DENTALDESIGNS,,ACT-00112951,30658,"Dental Designs, Inc"
LEADINTECH,,ACT-00038275,5557,Lead-In Technologies
BEANIT,,ACT-00180325,16802,Bean IT Ltd
APEXTECHNOLOGY,,ACT-00131305,23782,ApexTechnologyCorporation
STILWELL,,ACT-00417906,30716,Stilwell Support
NITORSOLUTIONS,,ACT-00105476,25176,Nitor Solutions
SHARPPOLAND,,ACT-00268328,24926,Sharp Business Systems Polska Sp. z o.o.
ALVAREZTECH,,ACT-00071782,24048,"Alvarez Technology Group, Inc."
CREATIVETECH,,ACT-00317359,27835,Creative Tech
DIGITRONIX,,ACT-00248974,28756,DigiTronix
ASSUREDTECHNOLOGY,,ACT-00190660,30331,Assured Technology Services
ETC,,ACT-00134548,22733,"ETC TechSolutions, LLC"
REEDEREI_NORD,,ACT-00253231,500000365,Reederei Nord
GREENWAYTECH,,ACT-00288155,26273,Green Six Solutions
IML,,ACT-00317956,28411,Illinois Municipal League
SBSSC,SEC through SBS (SBS HQ MITS),ACT-00123053,11992,Sharp Business Systems of SC
Val-Technology Solutions (SAFE250729),,ACT-00449159,31810,Val-Technology Solutions
LESOLSON,,ACT-00231705,13394,Les Olson Company
FSCA,,ACT-00317818,28131,Frazer School of Competitive Academic
CTSI,,ACT-00036809,23074,"Computer Transition Services, Inc."
NETWORKBRIDGE,,ACT-00153044,20418,Network Bridge Solutions Ltd
SYSTEMSDR,,ACT-00040520,3592,System Doctor Inc. DBA Systemsdoctor
GRKTECHNOLOGY,,ACT-00270978,24251,GRK Technology
QUANTUMLEAP,,ACT-00010758,23887,"Quantum Leap Communications, Inc."
SISSINES,,ACT-00228547,33798,Sissine's Office Systems Inc.
SUPERIORSOLUTIONSLLC,,ACT-00102360,17139,Superior Solutions LLC
NEXTECH,,ACT-00237849,16272,Nex-Tech LLC
BERGENIT,,ACT-00096372,16627,"Bergen IT, LLC"
TECHSEVEN,,ACT-00286435,27218,TechSeven Partners
VENUSYS,,ACT-00317472,27969,Vivise Technology Solutions dba Venusys
QUESTINGHOUND,,ACT-00165381,11258,QuestingHound Technology Partners
PARROINFODÉVELOPPEMENT,,ACT-00410014,33090,Parro Info Développement
NETSOURCE,,ACT-00037128,27795,"Netsource One, Inc."
TECHSOURCE,,ACT-00051942,23769,TECH Source
SBSFL,SEC through SBS (SBS HQ MITS),ACT-00146522,11885,Sharp Business Systems of Florida
FOGODATA,,ACT-00171505,22651,FOGO Data Centers
ITDAMOLI,,ACT-00458154,32813,Damoli IT Security Llc.
CMITBIRMINGHAMSOUTH,CMIT Headquarters,ACT-00265244,22904,CMIT Solutions of Birmingham South
BUSINESSINFOGROUP,,ACT-00058011,24294,"Business Information Group, Inc (BIG)"
CONTANGO,,ACT-00056181,20074,Contango IT
CCCS,,ACT-00234776,15969,"Cape Cod Computer Specialists, LLC"
EDGE TECHNOLOGY,,ACT-00291331,26868,Edge Technology
KAMRANCULINEX,,ACT-00364291,30027,Kamran Culinex LLC
VOLOTECH,,ACT-00419518,31123,Volo Technology Solutions
NEXTSTEPTSP,,ACT-00268167,30715,Next Step Technology Solution Provider
HIGHPOINTMEDICAL,,ACT-00086725,21377,HighPoint Medical
NETWORKSOUTH,,ACT-00035874,32810,Network South Inc
DTS,,ACT-00208570,2743,Dynamic Technology Services
NEXTSYS,,ACT-00259052,25288,NextSys
SKYVIEWTEK,,ACT-00058322,20851,"SkyViewTek, LLC"
DAKONA,,ACT-00288610,26155,Dakona LLC
GABRAUN,,ACT-00121861,30072,JENSEN Braun LLC
REMNANTTECHNOLOGYGROUP,,ACT-00424939,31760,Remnant Technology Group Trust
ACCUEDATA,,ACT-00453076,32029,"Accuedata Solutions, LLC"
GLOBALIT250815,,ACT-00031548,31906,Global IT Communications Inc
KYOCERA,,ACT-00174582,30427,Kyocera Document Solutions America
NETWORKOVERDRIVE,,ACT-00227606,300000395,Network Overdrive
ADVANCEDNETWORKPRO,,ACT-00195492,25978,Advanced Network Professionals
UFCIC,,ACT-00291723,27491,Universal Fire and Casualty Ins Co
CASPIATECHNOLOGIES,,ACT-00420929,33229,Caspia Technologies
SEATTLEDATA,,ACT-00334702,28488,Seattle Data Tech
BURHANI,,ACT-00180323,19196,Burhani
WICKLUNDIT,,ACT-00238376,3083,"Wicklund IT Consulting, LLC"
ITSOLUTIONS,,ACT-00154245,23500,"IT Solutions, Inc"
EAGLETECHNOLOGYSOLUTIONS,,ACT-00160040,27692,Eagle Technology Solutions
SAFESERVE,,ACT-00030106,21414,Safeserve
SUNSOLUTIONSUSA,,ACT-00068700,31705,Sun Solutions
CMITSW,CMIT Headquarters,ACT-00240256,4362,CMIT of Southern Westchester
PCPLUS,,ACT-00121227,7224,PCPLUS NETWORKS1
CMITANAHW,CMIT Headquarters,ACT-00240781,18151,CMIT Solutions of Anaheim West
JMDATA,,ACT-00018939,27345,"J&M Data Services, INC."
SYNAGEX,,ACT-00070078,26911,Synagex
CMITSOPS,CMIT Headquarters,ACT-00245617,20524,CMIT Solutions of Overland Park South
PARTNERSITPR,,ACT-00646839,33570,Partners IT LLC
SPRUCECLOUD,,ACT-00050812,30668,Spruce IT Cloud Solutions LLC
TRIPLECITIES,,ACT-00246744,26199,Triple Cities Network Solutions
SWIFTCHIPINC,,ACT-00148060,20719,"Swift Chip, Inc."
INFRAFORTRESS,,ACT-00645205,33577,InfraFortress Llc.
THEITBUNCH,,ACT-00286798,25134,The IT Bunch
GWTMEDIA,,ACT-00268431,500000271,GWT Media Ltd
STRATA,,ACT-00134200,4733,GoodSuite
THEITSECURITYGUYS,,ACT-00296044,31392,The IT Security Guys
COASTAL,,ACT-00133340,13828,Coastal Virginia Technologies Inc
CMITSOSANE,CMIT Headquarters,ACT-00245657,8569,CMIT Solutions Of San Antonio NE
SBSTN,SEC through SBS (SBS HQ MITS),ACT-00056652,1783,Sharp Business Systems of Tennessee
TOTALASSURE,,ACT-00226961,26075,TotalAssure
RIGHTSYSTEMS,,ACT-00034306,28457,"Right! Systems, Inc."
iClarity,,ACT-00360487,29567,"iClarity Solutions Group, Inc."
BURKTECHNOLOGY,,ACT-00250486,27003,"Burk Technology, Inc"
IITSOFFICE,,ACT-00442655,31986,"IITS Networks & Automation Group, LLC"
"Razz Professional Services, Inc",,ACT-00021246,23627,"Razz Professional Services, Inc"
BRAVERTECHNOLOGY,,ACT-00030741,23820,Braver Technology
PICKARDSOLUTIONS,,ACT-00336886,28401,Pickard Solutions
NETITUDELTD,,ACT-00081578,500000853,Netitude Ltd
VIRTUALCONSULTING,,ACT-00288922,26323,VCS
SPLICECOMM,,ACT-00234119,16221,Splice Communications Inc.
POWERUPBOSTON,,ACT-00191319,27192,Power Up Boston
PIEDMONTTECHNICALEXPERTS,,ACT-00317320,33284,Piedmont Technical Experts
PROSTRATUS,,ACT-00074142,25425,"ProStratus, LLC"
1UPTECHLLC,,ACT-00014442,21077,"1 Up Tech, LLC"
CHSNETWORKS,,ACT-00084560,24987,CHS Networks Limited
ONE2ONECOMSER,,ACT-00173085,24076,One2One Computer Services
PJNETWORKS,,ACT-00201092,25273,PJ Networks
ATECHINC,,ACT-00246643,20671,ARGO-TECH Solutions Inc.
ITHATCHSOLUTIONS,,ACT-00388461,30314,IT Hatch Solutions LLC
IMAGENETVERO,,ACT-00245393,21080,ImageNet Consulting - Vero Beach
COMPULOG,,ACT-00036467,26849,Computer Logistics
ACCEL,,ACT-00209935,18179,Accelerated Technology
TEXANETW250702,,ACT-00448171,31689,Texas Network Solutions
ARCHNETWORKSERVICES,,ACT-00001596,25972,"Arch Network Services, Inc."
IZZIO,,ACT-00361841,29308,Izzio Artisan Bakery
SIMPLIFIEDITCONSULTING,,ACT-00008759,23715,Simplified IT Consulting
403IT,,ACT-00453227,32142,Vivek IT Services
PIVOTTECHNOLOGIES,,ACT-00069371,30353,Pivot Technologies
PLAINS,,ACT-00027780,15712,Plains Internet
SAMSXPRESS,,ACT-00366819,32005,Sams Xpress Car Wash
ADVANCEDBE,,ACT-00029179,11317,Advanced Business Equipment Inc
DONTSWEATITSOLUTIONS,,ACT-00032408,33335,Dont Sweat IT Solutions
COMMANDARE,,ACT-00245788,29270,Commandare Technologies
PIVITSTRAT,,ACT-00265570,24559,Pivit Strategy
VMSSECURITYCLOUD,,ACT-00453953,32097,VMS Security Cloud Inc.
RES-Q,,ACT-00246235,300000319,Res-Q It
FIXIT,,ACT-00015455,19590,Forsyth FixIT
HOWELLS,,ACT-00361263,28845,Howells Motor
MYTECHCOACH,,ACT-00291636,31467,MyTechCoach
COMPUTERASSOCIATES,,ACT-00268553,2316,"CAi Software, LLC"
PERCOM,,ACT-00237939,500000966,PerCom Automatisering B.V.
CYBERADVISORS,,ACT-00224068,24522,Cyber Advisors Inc.
MAINFRAMEIT,,ACT-00209454,15434,"MainFrameIT, LLC"
PCSIMPLE,,ACT-00156451,16334,Fortify247 Ltd
ABADATA,,ACT-00133418,17935,Abadata Computer Corporation
FORGEDIT,,ACT-00290152,26631,Forged IT Services
TEXVO,,ACT-00158478,21065,Texvo
DASH,,ACT-00276510,27843,Dash Simplified Solutions
KTAAPS,,ACT-00237971,24730,KTA ApS
SC BROADBAND,,ACT-00363266,30220,SC Broadband
ARCUSTECH,,ACT-00205327,17981,Arcus Technology Limited
HENSONGROUP,,ACT-00158554,17988,The Henson Group
BERINGER,,ACT-00229927,24049,Beringer Technology Group
SOARINGTOWERS,,ACT-00097791,23951,Soaring Towers
UNITEDLANDSERVICES,,ACT-00252974,30691,United Land Services
CMITCR,CMIT Headquarters,ACT-00245620,15436,CMIT Solutions of Cedar Rapids
CMITSSS,CMIT Headquarters,ACT-00240772,11275,CMIT Solutions of South Scottsdale
Fortis Telecom,,ACT-00096368,19477,Fortis Telecom
Captivate Technology Solutions Limited,,ACT-00361188,500000437,Captivate Technology Solutions Limited
Managed By Nerds Inc,,ACT-00061872,17128,Managed By Nerds Inc
CMIT Solutions of Encino,,ACT-00240258,18470,CMIT Solutions of Encino
LA Computer Works,,ACT-00236946,18929,LA Computer Works
Emily Cooperative Telephone Company,,ACT-00201113,21211,Emily Cooperative Telephone Company
Your IT Department,,ACT-00222035,20452,Your IT Department
Velo IT Group,,ACT-00147231,25230,Velo IT Group
"CTTS, Inc.",,ACT-00174070,1452,"CTTS, Inc."
Andersen Computer Services Inc dba Onsite Techs,,ACT-00122995,9882,Andersen Computer Services Inc dba Onsite Techs
STARMANAGED,,ACT-00019342,11211,Stargel Office Solutions dba Star Managed Services
SUPERIORSTEELSUPPLY,,ACT-00361699,30374,Superior Steel Supply
CMITEDISON,CMIT Headquarters,ACT-00240267,19132,CMIT Solutions of Edison-Piscataway
HABERSFARM,,ACT-00268907,28242,Habers Farm
GREYSTONETECH,,ACT-00009188,531,Greystone Technology Group
SCIPIOTECHNOLOGIES,,ACT-00159261,24041,"Invicta Partners, LLC dba Scipio Technologies"
CLEARWATER,,ACT-00092143,29500,Clearwater Network Solutions
EPOSSIBLE,,ACT-00075958,19640,"E-possible, inc."
APPLIEDSOLUTIONSINC,,ACT-00450309,32534,NK Tire Group
SIMPLIFIEDBS,,ACT-00165023,23587,Simplified Business Solutions
STRATEGIC,,ACT-00156375,24392,Strategic Solutions of Virginia
JUSTSOLUTIONS,,ACT-00043072,11339,"Just Solutions, Inc."
KOSHSOLUTIONS,,ACT-00246666,22718,Kosh Solutions
EPIONLLC,,ACT-00137671,23142,"EpiOn, LLC"
HTCINC,,ACT-00062603,31872,"Horry Telephone Cooperative, Inc."
INLIGO,,ACT-00046472,26579,Inligo
EBMI,,ACT-00204925,20088,Executive Business Machines Inc
CELERO,,ACT-00290953,26750,"Celero Technologies, Corp"
REDWAVEIT,,ACT-00072903,32243,"RedWave Technology Group, LLC"
NAFSA,,ACT-00336985,32680,NAFSA
CREATIVENET,,ACT-00035761,26422,Creative Network Innovations Inc
MAINFRAMECOMPUTER,,ACT-00009090,21462,Mainframe Computer Services Group
NICG,,ACT-00075907,19227,NIC Group Inc
CMITCLEVSHUD,CMIT Headquarters,ACT-00245626,17676,CMIT Solutions of Cleveland-South and Hudson
FAHSCONSTRUCTION,,ACT-00234234,32634,FAHS CONSTRUCTION GROUP
ITINTEGRITYTN,,ACT-00184839,13080,IT Integrity TN
MAXIMUM,,ACT-00063489,20259,Maximum Networks
INTEGRATIONLLC,,ACT-00048849,31196,Integration LLC
GREENOFFICESOLUTIONS,,ACT-00336586,31039,Green Office Solutions Inc
AmperesandInc. (SPARKSTECH),,ACT-00442656,31514,Amperesand Inc.
SOLULAN,,ACT-00188004,20142,Solulan
ERGOS,,ACT-00107669,32520,ERGOS
ASKBARNABY,,ACT-00287731,25926,"askBarnaby, LLC"
CYBEGROUP250617,,ACT-00441368,300000390,CyberAgency Group
GNBCT,,ACT-00235714,19905,"GEEKS OF NEWPORT BEACH, LLC dba Computer Troubleshooters"
A&AITSOLUTIONS,,ACT-00209069,21378,Andrews & Associates IT Solutions
THIRDEYEVIEW,,ACT-00381585,30803,Third Eye View Corp
CORECC,,ACT-00420327,30896,Core CC
DATATRUST,,ACT-00295678,27136,DataTrust Technologies
DRTC,,ACT-00153486,11826,"ReadiTech, a DRN Company"
SECURED-CYBER,,ACT-00425170,32409,Secured Cyber Services
DATASAFE,,ACT-00196582,21317,Data Safe Services
PHANTOMPOINT,,ACT-00157464,25951,Phantom Point
TMDTECHNOLOGY,,ACT-00200563,11791,TMD Technology
GFLEX,,ACT-00245462,22875,Gflex
PRIMEITS,,ACT-00055065,23060,Prime ITS
ADVANCEDBUSINESSSYSTEMS,,ACT-00243026,10868,Advanced Business Systems
ASHBURY,,ACT-00288321,26077,Ashbury
IMAGENET-MIAMI,,ACT-00266358,23356,ImageNet of Miami LLC
MIDWESTITLLC,,ACT-00178706,26162,"Midwest IT, LLC"
ESTESGROUP,,ACT-00009825,33425,"The Estes Group, Inc."
CIRACOM,,ACT-00078087,19505,Ciracom
NEXGENGUARD,,ACT-00357972,28581,NexGenGuard
DCC,,ACT-00270913,26996,DCC Inc
TECHASSOCIATES,,ACT-00136108,26381,Technology Associates
VANDERBILTOFFICE,,ACT-00296909,27600,Vanderbilt Office Properties
IDEACOMNC,,ACT-00268784,31364,Ideacom Of North Carolina
MRCOMPUTERLLC,,ACT-00028741,32569,Mr Computer
CMITIS,CMIT Headquarters,ACT-00240771,17763,CMIT Solutions of Indianapolis South
CMITCARLSBAD,CMIT Headquarters,ACT-00245677,19836,CMIT Solutions of Carlsbad
DATAKINETICS,,ACT-00141247,5311,Datakinetics
DOCTRONX,,ACT-00268069,28616,"Doctronx, Inc"
KOJO,,ACT-00017688,23943,Kojo
TWINNETWORKS,,ACT-00209639,16227,"Twin Networks, Inc."
CHICAGOLAND,,ACT-00055604,18635,Chicagoland Cloud LLC
MOORETECHNOLOGY,,ACT-00208380,16922,Moore Technology Ltd
NEXELSOLUTIONS,,ACT-00463858,33062,Nexel Solutions TI Inc.
LIGHTWIREINC,,ACT-00021481,25064,Lightwire Inc.
CMITNLA,CMIT Headquarters,ACT-00245593,17858,CMIT Solutions of North LA
INTRINSICAMERICA,,ACT-00053452,23840,Intrinsic Technology Group
HANELDESIGN,,ACT-00361950,30225,Hanel Design
BOTKEEPER,,ACT-00364671,29995,Botkeeper
DIALYSISCC,,ACT-00149113,27680,Dialysis Care Center
KNOWLOGIX,,ACT-00058166,30049,Knowlogix
MYBTC,,ACT-00080280,31040,BTC Broadband
AVAGIOIT,,ACT-00189453,10062,Optimity IT Ltd
IOSI,,ACT-00170041,22961,IOSi - Internal Office Solutions Inc.
EFFICACYIT,,ACT-00268450,31369,"Efficacy IT, LLC"
ICMICRO,,ACT-00223777,32782,ONCi Networks Inc dba ICMicro
ABCNETWORKSOL,,ACT-00235223,14809,A Better Choice Network Solutions
DATABYTEIT,,ACT-00125296,26186,"Data Byte, Inc."
COMPASSLANE,,ACT-00204821,29188,"Compass Lane, Inc"
DEVOUTCONSULTING,,ACT-00360534,30099,"Devout Consulting, LLC"
303NETWORKS,,ACT-00023375,23673,303Networks
SEDONA,,ACT-00126432,6784,"Sedona, Inc."
UNITAS,,ACT-00078680,24217,Unitas
RDETECH,,ACT-00245402,29452,RDE Technologies
TCS,,ACT-00053413,20342,Total Computer Solutions
HAKANEROGLU,,ACT-00267648,500001013,HAKAN EROGLU LTD
SEMTECH,,ACT-00036104,23008,SemTech IT Solutions
865IT,,ACT-00392533,30309,865IT
OZOSERVICES,,ACT-00298604,33807,OZO Services
DEX-MSP,,ACT-00245304,15302,DEX Imaging (formerly North American)
ZEPHYRNET,,ACT-00241779,2517,Zephyr Networks
INFOREMOST,,ACT-00141241,23357,Inforemost
REPEAT,,ACT-00155233,18589,"Repeat Business Systems, Inc"
FOUNDERSFCU,,ACT-00257034,27653,Founders Innovative Technology (FIT)
INCSYS,,ACT-00156104,26240,Inc-Sys
LKTECH,,ACT-00161921,21300,"Lk Tech, Llc"
KRSIT,,ACT-00124725,19393,KRS IT Consulting
TMH,,ACT-00358272,28814,TMH Solutions
CFCUK,,ACT-00189113,20934,Cfc Uk
HERITAGETECHSOL,,ACT-00144344,21171,Heritage Technology Solutions
METACONEX,,ACT-00088781,25270,Metaconex
LEONARDO,,ACT-00244989,23652,Leonardo Software
BMK,,ACT-00099534,26461,BMK Media
TechandBeyond,,ACT-00154876,23360,Technology and Beyond
ATLANTICBSI,,ACT-00246801,22759,Atlantic Business Systems Inc.
KEARNSOQUIRRHPARKSANDRECDISTRICT,,ACT-00419510,31028,Kearns Oquirrh Parks & REC District
UCSSYDNEY,,ACT-00290846,26796,UCS Sydney PTY Ltd
REKALL,,ACT-00188832,30114,Rekall Technologies
H&BCOMM,,ACT-00269180,24037,H & B Communications
CHIPSPLUSCOMPUTERS,,ACT-00393015,33581,Chips Plus
MP-Datastrive,,ACT-00121951,26837,Datastrive
VENTURECA,,ACT-00239579,30751,Venture Computers of Canada
PC-NET-TECHS,,ACT-00059726,29088,PC Net Techs
SysTechNY,,ACT-00046476,23606,SysTechNY
BRIGHTWORKSIT,,ACT-00241967,25949,BrightWorks IT
ZENKAISOLUTIONS,,ACT-00459759,33440,Zenkai Solutions
TRANTECH,,ACT-00241032,20670,Trantech
TECHALERT,,ACT-00037692,18274,Tech-Alert
TECHNOLOGYSANDBOX,,ACT-00293325,31324,Technology Sandbox
GORDONFLESCHCO,,ACT-00159818,20630,The Gordon Flesch Company
CMITBDE,CMIT Headquarters,ACT-00240784,1448,CMIT Solutions BDE
DIGITALPHOBIA_LTD,,ACT-00216037,6954,DigitalPhobia LTD
TECHPARTNERSHAWAII,,ACT-00235100,21316,Tech Partners Hawaii
GRIZZLYINDUSTRIAL,,ACT-00269559,26638,"Grizzly Industrial, Inc"
SECUIT250730,,ACT-00448907,31820,SecureLynx IT
PCOFMINDTECH,,ACT-00089441,32098,PC of Mind Technologies
K&B,,ACT-00113537,31300,K&B Transportation
PTCC,,ACT-00023118,24558,"Piedmont Triad Computer Consulting, Inc."
CMITSANW,CMIT Headquarters,ACT-00240766,8491,CMIT Solutions of San Antonio Northwest
LOSTINIT,,ACT-00031056,17774,Lost in IT
COMHOME,,ACT-00023310,20886,COMHOME Network Solutions
FINCH_TECHNICALSOLUTIONSLTD,,ACT-00291698,26993,Finch Technical Solutions Ltd
CYBERNUT,,ACT-00195548,25564,Cybernut Solutions LLC
BLUEPEAK,,ACT-00117558,23309,BluePeak Technology Solutions
SB LLC,,ACT-00118482,25040,Server Bays LLC
CMITCLEVNENW,CMIT Headquarters,ACT-00240770,18346,CMIT Solutions of Cleveland Northeast & Northwest
LDICON,,ACT-00024718,14477,LDI Connect MNS
LEANONMEIT,,ACT-00289588,26317,Lean On Me I.T. LLC
SPILKER,,ACT-00147409,500000611,Spilker Precision International GmbH
SCOTIACOMPTECH,,ACT-00065309,29456,ScotiaComp Technologies
ITHS,,ACT-00451846,500000946,"ITPC, Lda"
TECHN22,,ACT-00364101,500000843,Techn22
Convergence Communications Inc.,,ACT-00212235,21031,Convergence Communications Inc.
MedSys IT,,ACT-00361842,29254,MedSys IT
Xperience IT Solutions Ltd,,ACT-00065430,500000089,Xperience IT Solutions Ltd
Surge Technologies of Alaska,,ACT-00202235,27168,Surge Technologies of Alaska
ThreatAdvice,,ACT-00253172,11413,ThreatAdvice
Think Connect Ltd,,ACT-00252200,21466,Think Connect Ltd
010CLOUDCOMP-NatanOr,,ACT-00024650,17951,010 Cloud Computing Ltd
SECURSERV-INTERNAL,,ACT-00246623,25952,Secur-Serv
Speros,,ACT-00171710,33069,Speros
SSE Holding LLC,,ACT-00290578,31728,SSE Holding LLC
Stone Pigman Walther Wittman LLC,,ACT-00289505,28153,Stone Pigman Walther Wittmann LLC
"Summit Advisors, LLC",,ACT-00147473,26576,"Summit Advisors, LLC"
Supra ITS,,ACT-00108150,-,Supra Canada
Sweetwater Technology,,ACT-00036856,22856,Sweetwater Technology Services
"Symphona Technology, LLC",,ACT-00105948,21564,Symphona Technology LLC
"Synergy IT Solutions, Inc.",,ACT-00153555,30564,Synergy IT Solutions
Syrex,,ACT-00051761,-,inq. Digital South Africa (Pty) Ltd
SysGen Solutions Group,,ACT-00206347,30918,SysGen Solutions Group
Systems Support Corp,,ACT-00034833,12130,System Support Corp
Tech Mesa,,ACT-00265196,24257,Tech Mesa
Tech Source,,ACT-00051942,23769,TECH Source
Techmedics,,ACT-00176516,-,Techmedics
Technikel Solutions,,ACT-00252941,31665,Technikel Solutions
Technology Group Solutions,,ACT-00047368,26931,Technology Group Solutions LLC
TekScape,,ACT-00239923,27114,Tekscape Inc.
Terminal B,,ACT-00156536,23466,"Terminal B, LLC"
ABSI Corporation,,ACT-00183393,,All Business Systems
Absolute Computer Solutions,,ACT-00209555,,Absolute Computer Solutions
"Ace Technology Group, LLC",,ACT-00201874,,"ACE Technology Group, LLC"
ACOUPLEOFGURUS.com LLC,,ACT-00068010,,Acoupleofgurus com LLC
ADIM Corp.,,ACT-00076408,,ADIM Corp.
"Advanced Microcomputers, Inc.",,ACT-00039502,,"Advanced Microcomputers, Inc."
Advanced Network Professionals,,ACT-00195492,,Advanced Network Professionals
"Affordable""-""IT",,ACT-00030473,,Affordable-IT
Affordable-IT,,,,
Allegiance Technology Ltd.,,ACT-00026637,,Allegiance Technology Ltd.
"Apex Solutions, Inc.",,ACT-00162140,,"Apex Solutions, Inc."
"Arch Network Services, Inc.",,ACT-00001596,,"Arch Network Services, Inc."
"ArielMIS, Inc.",,ACT-00215694,,"ArielMIS, Inc."
ASAP Computer,,ACT-00167562,,ASAP Computer
Assisted,,ACT-00126408,,Assisted
AU/NZ Legacy License Billing - *Please do not touch*,,,,
"Automated Results Computer Consulting, LLC.",,ACT-00199490,,Automated Results Computer Consulting LLC
"AXEON Technologies, Inc.",,ACT-00148664,,"AXEON Technologies, Inc."
Bello Technologies,,ACT-00213133,,Bello Technologies
Beyond Infinity LLC,,ACT-00111294,,Beyond Infinity LLC
Bitswift Technology Solutions,,ACT-00182763,,Bitswift Technology Solutions
Blue K Development,,ACT-00100901,,Blue K Development
Bogart & Daugherty Consulting,,ACT-00015021,,Bogart & Daugherty Consulting
briteCITY,,ACT-00204994,,britecity
Business Solutions Group,,ACT-00234852,,Business Solutions Group
BWS Technologies,,ACT-00104758,,BWS Technologies
Capital Computers & Networks,,ACT-00237705,,Capital Computers & Networks
Capital Network Solutions,,ACT-00132109,,Capital Network Solutions
"Carceron Systems Group, LLC",,ACT-00132764,,"Carceron Systems Group, LLC"
CDP Computer,,ACT-00223804,,CDP Computer
Center For Urology,,ACT-00264383,,Center For Urology
CFL Technology,,ACT-00120139,,CFL Technology
Chameleon Technology Solutions LLC,,ACT-00044735,,Chameleon Technology Solutions LLC/ dba Site Tech
Chicagoland Cloud LLC,,ACT-00055604,,Chicagoland Cloud LLC
"CJS Associates, LLC",,ACT-00146830,,cjs
Cloud Thomas Technology Corporation,,ACT-00002327,,Cloud Thomas Technology Corporation
Collins IT Services Inc.,,ACT-00042346,,Collins IT Services Inc.
CommFusion,,ACT-00044236,,CommFusion
"Competitive Computers, Inc",,ACT-00224814,,"Competitive Computers, Inc"
Complete Computer Services LLC,,ACT-00171568,,Complete Computer Services LLC
Computer Age,,ACT-00208987,,Computer Age
Computer Doctor,,ACT-00094890,,Computer Doctor
Computer Dynamics,,ACT-00128010,,Computer Dynamics
Computer Emergency Room,,ACT-00194106,,Computer Emergency Room
Computer Geeks,,ACT-00201268,,Computer Geeks
Computer Lodge LLC,,ACT-00167295,,Computer Lodge LLC
"Computer Wrangler, LLC",,ACT-00219669,,"Computer Wrangler, LLC"
"Computol, Inc.",,ACT-00204384,,"Computol, Inc."
Comtech,,ACT-00160460,,comtech
Concept Data,,ACT-00240804,,Concept Data
Connected Technology,,ACT-00066989,,Connected Technology
"ConnectWise, Inc. DataCenter",,,,
"ConnectWise, Inc. PSA",,,,
"ConnectWise, Inc. TEST",,,,
Convergence Communications Inc.,,ACT-00212235,,Convergence Communications Inc.
"Core Integrated Technologies, LLC",,ACT-00081508,,"Core Integrated Technologies, LLC"
"COSYS ""-"" Systems Solutions Group, Inc.",,ACT-00013862,,"COSYS - Systems Solutions Group, Inc."
"COSYS - Systems Solutions Group, Inc.",,,,
D&A Services,,ACT-00237055,,D&A Services
Datalink IT Solution,,ACT-00079132,,Datalink IT Solution
"DataMart, Inc.",,ACT-00052503,,"DataMart, Inc."
Datroo Technologies,,ACT-00167242,,Datroo Technologies
DCA Imaging Systems,,ACT-00069496,,DCA Imaging Systems
DG Network Solutions LLC,,ACT-00166582,,DG Network Solutions LLC
Digicom Healthcare Solutions,,ACT-00121831,,Digicom Technology Solutions
Digital Wave,,ACT-00178179,,Digital Wave
"Direct Companies, LLC",,ACT-00151759,,DirectCompanies
DMZ Solutions,,ACT-00099459,,DMZ Solutions
DX Service Company,,ACT-00217857,,DX Service Company
E2E Technology Solutions,,ACT-00148004,,E2E Technology Solutions
EC Group,,ACT-00209311,,EC Group
Electronic Express,,ACT-00295073,,Electronic Express
Engineering Business Services Ltd,,ACT-00167430,,Engineering Business Services Ltd
Enhanced Computing Solutions,,ACT-00215787,,Enhanced Computing Solutions
"Epsilon""-""Inc.",,ACT-00203620,,Epsilon-Inc.
Epsilon-Inc.,,,,
eVero Corporation,,ACT-00220812,,eVero Corporation
Exosource,,ACT-00245773,,ExoSource
EZ Micro Solutions,,ACT-00097712,,EZ Micro Solutions
FasTraxPOS LLC,,ACT-00191617,,FasTraxPOS LLC
Federico Consulting,,ACT-00019197,,Federico Consulting
Fernco Inc,,ACT-00278420,,Fernco Inc
Fireside Office Solutions,TD Synnex Corp,ACT-00245356,,Fireside Office Solutions
Fleming IT Solutions,,ACT-00218076,,Fleming IT Solutions
Flovera Development,,ACT-00223575,,Flovera Development
Flying Canoe,,ACT-00246093,,Flying Canoe
Friendly Solutions Corp,,ACT-00106508,,Friendly Solutions Corp
Fusion Factor Corporation,,ACT-00145015,,Fusion Factor Corporation
"Galaxie Business Equipment, Inc.",,ACT-00168953,,"Galaxie Business Equipment, Inc."
GDKtek,,ACT-00249522,,GDKtek
Gigabits Computer Repair & IT Solutions,,ACT-00267040,,Gigabits Computer Repair & IT Solutions
"Gravitas Technology Services, LLC.",,ACT-00151814,,"Gravitas Technology Services, LLC."
Grk Technology,,ACT-00270978,,GRK Technology
"GURU, Inc",,ACT-00041946,,"GURU, Inc"
Heart Technologies Inc.,,ACT-00238542,,Heart Technologies Inc.
Hooper Information Technology,,ACT-00159809,,"Hooper Information Technology, Inc."
"Horne & Benik Networks, LLC",,ACT-00052405,,"Horne & Benik Networks, LLC"
"I""-""M Technology, LLC",,ACT-00234096,,"I-M Technology, LLC"
"I""-""Tech",,ACT-00105509,,i-Tech LLC
"I-M Technology, LLC",,,,
I-Tech,,,,
Ibota,,ACT-00087858,,"Ibota, Inc."
Imagine Systems Inc,,ACT-00091981,,Imagine Systems Inc
"Infinite Systems, Inc.",,ACT-00077188,,"Infinite Systems, Inc."
"Infinity, Inc.",,ACT-00023768,,"Infinity, Inc."
"Info""-""Tek Computer Resources, LLC",,ACT-00264382,,"Info-Tek Computer Resources, LLC"
"Info-Tek Computer Resources, LLC",,,,
"Innovative Integration, Inc.",,ACT-00228276,,"Innovative Integration, Inc."
INS Pro Solutions,,ACT-00036431,,INS Pro Solutions
"Intelligent Networks, Inc",,ACT-00064501,,"Intelligent Networks, Inc"
"Intelligent Technology Solutions, Inc. NY",,ACT-00043214,,"Intelligent Technology Solutions, Inc. NY"
Invisik Corporation,,ACT-00127368,,Invisik Corporation
Iron Galaxy Studios,"Harmonity Technologies, LLC",ACT-00246545,,Iron Galaxy Studios
IT Goat,,ACT-00246669,,IT GOAT
"IT Solutions, Inc",,ACT-00154245,,"IT Solutions, Inc"
James Moore & Co. P.L,,ACT-00211605,,James Moore & Co. P.L
"Jephens, Inc.",,ACT-00099453,,"Jephens, Inc."
JTEK Solutions Inc.,,ACT-00108388,,JTEK Solutions Inc.
Just Fix It,,ACT-00140348,,Just Fix It
JustTech,,ACT-00092061,,JustTech
AMP Information Systems Limited,,,,
BetterWorld Technologies,,ACT-00208525,19650,BetterWorld Technologies
BrandX IT,,ACT-00295820,27997,BrandX IT
CMIT,,ACT-00174754,214,CMIT Headquarters
CMIT Anaheim,,ACT-00240781,18151,CMIT Solutions of Anaheim West
CMIT NYNJ SASE,,ACT-00240763,19991,"CMIT Solutions of Jersey City and Manhattan, Carnegie Hall"
CMIT Solutions of Greenville,,ACT-00245605,30887,CMIT Greater Greenville 82
CMIT Solutions of Sandy,,ACT-00263995,21445,CMIT Solutions of Sandy
CalidbiBio IT,,ACT-00286125,25078,IT Support Unlimited
Captivate Technology Solutions Limited,,,,
Clare Computer Solutions,,,,
Community Change,,,,-
ConnectWise,,,,-
ConnectWise Demo,,,,-
Edge IT,,ACT-00229194,24870,EDGE IT CONSULTING Ltd
Emerge Digital,,ACT-00209449,16634,Emerge Digital Limited
Empowered IT Solutions,,ACT-00024387,14404,Empowered IT Solutions
General Informatics,,,,
Hub Tech,,ACT-00246724,14011,Hub Technical Services LLC
Innovative Partners,,ACT-00268808,23787,INNOVATIVE PARTNERS LLC
KelleyConnect,,ACT-00245191,16624,Kelley Create
Mowry International,,ACT-00153545,26586,Mowry International
MyTechCoach,,ACT-00291636,31467,MyTechCoach
NDM Technologies,,ACT-00088679,12923,NDM Technologies
Novatech,,ACT-00149048,19752,"DynaSis, division of Novatech"
ON Technology Partners,,ACT-00176525,22819,ON Technology Partners
Qss IT Solutions,,ACT-00237905,22779,QSS IT Ltd
Richline,,ACT-00011178,20332,"Richline Technical Services, LLC"
Sagacent,,ACT-00122714,23667,"Sagacent Technologies, Inc."
Scantron Corporation,,ACT-00246623,25952,Secur-Serv
Scantron HQ Internal,,ACT-00246623,25952,Secur-Serv
Sharp Europe,,,,-
Sharp Sweden,,ACT-00056702,17924,Sharp Business Systems Sweden AB
Sixwatch,,ACT-00018756,27296,SixWatch
"Skyline IT Services, Inc.",,ACT-00031035,5367,SkylineITS
Skywave Technology Partners,,ACT-00101947,26562,81 West Cyber
TWC IT Solutions,,ACT-00263528,500000588,TWC IT Solutions
Visibility Doctor,,ACT-00295182,27410,Visibility Doctor
altgr,,ACT-00136789,19155,Alt Gr SA
Origami Technology Group,Ingram Micro,ACT-00151761,-,
Concord Hospitality (Acronis Migration),,ACT-00263245,23401,
Avalon Hills,,ACT-00225517,,
Webetek,,ACT-00034035,17279,
Prostyle Consulting,,ACT-00046053,30919,
Intelus Technology Group,,ACT-00153508,30229,
TEKSCAPE INC,,ACT-00239923,27114,
Carmichael Business Technology Inc.,,ACT-00043657,27147,
CoreTrek AS,,ACT-00217354,500000673,
"Xpertechs, LLC",,ACT-00158933,25541,
MooIT,,ACT-00137430,27704,
Bigfoot Technology Group,,ACT-00259318,27829,
Serit Ostereng IT,ELOVADE Sverige AB,ACT-00238000,500000766,
Xpower-IT,,ACT-00171022,500000600,
Blackleaf Solutions LLC,,ACT-00025627,26383,
Akita Systems,,ACT-00210467,500000661,
Roebuck Technologies,,ACT-00092471,15219,
SoConnect,,ACT-00163614,24155,
Blueprint Smiles,,ACT-00188172,,
"Netizen, LLC",,ACT-00267849,25851,
Medic Cloud,,ACT-00275363,24582,
Infinity Group,,ACT-00064853,27054,
BD Managed Services,,ACT-00120914,,
"CMIT Solutions of Oak Park, Hinsdale and Oak Brook - 887,107",CMIT Headquarters,ACT-00240756,17443,
Lighthouse Technology Services,,ACT-00047784,23339,
Direct Distributors,,ACT-00014742,29669,
The Hill Country Tech,,ACT-00253010,,
"Tvc, Inc",,ACT-00130183,24822,
Secure Cyber Defense,,ACT-00019494,,
"Envision Technology Advisors, LLC",,ACT-00016529,,
Baltnetos Komunikacijos,,ACT-00116583,22928,
Vanderbilt Office Properties,,ACT-00296909,27600,
Law Office of David M. Sperling,,ACT-00069498,-,
Custom Wirth LLC,,ACT-00180877,,Custom Solutions
Dice Communications,,ACT-00234304,,Dice Communications
Kismet Solutions Inc.,,ACT-00226220,,
Bitswift Technology Solutions,,ACT-00182763,25897,
Netmatters,,ACT-00186829,500000072,
PC Solution Direct,,ACT-00286358,27670,
Tailored Technology Services,,ACT-00179208,26513,
Metrix,,ACT-00265102,22836,
Astec IT Consultancy LTD,,ACT-00161329,24163,
CaffComm Systems Inc.,,ACT-00297572,32468,
Commercial Networks LTD,,ACT-00107189,22719,
Virtual Office Solutions,,ACT-00204392,23072,
Reclamere,,ACT-00119594,20582,
The Navicon Group,,ACT-00268129,23764,
AlphaKOR Group Inc,,ACT-00246173,30646,
Revolution IT Ltd,,ACT-00149026,20956,
Glory Global Solutions NZ,,ACT-00081481,,
Flexxa di Andrea Monguzzi,,ACT-00098437,500000459,
National Oak Distributors,,ACT-00110200,,
m3 Networks,,ACT-00192321,23310,
"ThinkTech Computers, Inc",,ACT-00089997,19281,
Staley Technologies â€“ Cyber & Managed IT Services (HoganTaylor),,ACT-00175494,24798,
"Guardnet, Inc",,ACT-00274596,24584,
Nitor Solutions+partner,,ACT-00105476,25176,
"Envision Technology Advisors, LLC",,ACT-00016529,25206,
Temple & Associates,,ACT-00191908,20532,
Prefix Technologies,,ACT-00207844,28288,
Ulu HI-Tech,,ACT-00274371,24402,
MicroSPED (#5607),,ACT-00148634,31510,
Forward Tech Solutions,,ACT-00008893,,
Pro4ia,,ACT-00203148,18515,
Achronix Semiconductor Corp,,ACT-00150615,29198,
Secur3IT,,ACT-00061839,20822,
"Backroom IT, LLC",,ACT-00124060,,
Associated Time & Parking Controls,,ACT-00113763,,
"IT by Design, Inc.",,ACT-00134257,,
Metrix,,ACT-00265102,-,
Acuity Network Services,,ACT-00109488,-,
NCIT,,ACT-00134188,26055,
LifeBrite Hosptial Group,,ACT-00183759,-,
Professional Technology Solutions,,ACT-00214616,,Professional Computer Support
"Xpertechs, LLC",,ACT-00158933,32597,Pax8
VIcom Virginia Integrated Communications,,ACT-00245864,,
Arthur Allen Technology,,ACT-00252151,28469,
Tristate IT Inc,,ACT-00036918,22737,
Jeff Computers,,ACT-00004890,26335,
"International Micro Systems, Inc.",,ACT-00037816,,
"IS Consulting Services, LLC",,ACT-00066601,28009,
Axiom,,ACT-00289993,,
Digital Office Systems Inc,,ACT-00189721,11631,
Cyber Advisors Inc.,,ACT-00224068,24522,
JEC Technologies Group,,ACT-00236854,21137,
Total Tech Solutions,,ACT-00033024,32088,
Morris Business Solutions,,ACT-00168279,18463,
"Dexcore, LLC",,ACT-00275427,29568,
Ascension Technology,,ACT-00202961,11727,
Bulletproof InfoTech Inc.,,ACT-00239634,21368,
Axiom,,ACT-00289993,32292,
Excel IT,,ACT-00286709,31034,
Cirroform LLC,,ACT-00268581,27955,
NetAdmins Inc.,,ACT-00138056,24135,
PDC Wellness,Minerva Computers,ACT-00267799,-,
System Go,,ACT-00031023,11302,
Reliant Group,,ACT-00084848,27559,
Homeport Electronics,Ingram Micro,ACT-00240097,-,
SouthBridge Consulting,,ACT-00062722,,
"Xpertechs, LLC",,ACT-00158933,32597,
Asteroid IT,,ACT-00230745,,
Oryx Align,,ACT-00188468,500001120,
The Ulven Companies,,ACT-00099271,-,
Echo IT,,ACT-00154839,22911,
JointVue,,ACT-00257123,,
U.S Next INC,,ACT-00057068,22943,
MobileTech Ltd,,ACT-00270934,26948,
bdManagedIT,,ACT-00236860,30531,
Sabre Systems UK Ltd,,ACT-00013849,26532,
Fort Valley Utility Commission,,ACT-00250614,,
Local IT,,ACT-00265131,30961,
Resolution IT,,ACT-00225101,16567,
trueITpros,,ACT-00213909,5801,
Icelantic,,ACT-00104498,15159,
TCT Federal Credit Union,,ACT-00263207,,
Shamsa Global LLC,,ACT-00269711,27308,
"Tech Heroes, Inc",,ACT-00000270,25114,
Adfranse Automatisering B V,,ACT-00259372,500000596,
Educational Records Bureau,,ACT-00263860,,
"Adtech Computers, Inc.",,ACT-00138375,,
Caspian IT Group,,ACT-00004198,28416,
Filconet,,ACT-00171699,28412,
"Strong Connexions, Inc.",,ACT-00245565,,
Cor Managed Services,,ACT-00146633,,
itro,,ACT-00197497,16857,
TCT Federal Credit Union,,ACT-00263207,-,
Manning's Office Solutions,,ACT-00113073,21486,
"Superior Steel, Inc",,ACT-00288311,27664,
"Adtech Computers, Inc.",,ACT-00138375,34057,
Oscar Wilson Engine & Parts,,ACT-00318009,,
Empower Information Systems,,ACT-00118784,7464,
Mittenpunkt Corporation (#1796967),,ACT-00094855,28520,
USWired Inc.,,ACT-00071726,21132,
"iDiscovery Solutions, Inc",,ACT-00245864,,
Acuity Network Services,,ACT-00109488,28859,
GRS Technology Solutions,,ACT-00032964,26725,
Bebaios Solutions LLC,,ACT-00067963,27277,
Professional Computer Support,,ACT-00214616,20355,
Providence Technology Group,,ACT-00225727,16745,
BrainWave Computers,,ACT-00270754,-,
Platinum Technology,,ACT-00197265,300000227,Platinum Technology Managed Services
Powernet (formerly Maxis360),,ACT-00049836,24298,PNG Telecommunications Inc. d/b/a Powernet
"Praxis Computing, Inc.",,ACT-00058554,32057,Praxis
Premier Technologies,,ACT-00115778,27061,Premier Technologies
Propio Language Services,,ACT-00253227,,Propio Language Services
ProServeIT,,ACT-00076368,21301,ProServeIT Corporation
Prosper IT,,ACT-00006386,21233,"Prosper IT, LLC"
ProTech Systems Group Inc.,,ACT-00196143,26374,"Protech Systems Group, Inc."
Proven IT,,ACT-00058165,26933,Proven Business Systems
PTS Datacenter Solutions,,ACT-00086234,18848,"PTS DATA CENTER SOLUTIONS, INC."
"Pyramid Consulting, Inc.",,ACT-00214158,30805,"Pyramid Consulting, Inc."
Quantified IT,,ACT-00265920,27442,QIT Solutions
RAM Contracting,,ACT-00250419,-,Ram International For Investment
Ratcliff IT,,ACT-00180941,5434,Ratcliff
Reinert Consulting Group,,ACT-00160444,-,Reinert Consulting
Renaissance Systems Inc.,,ACT-00246631,18168,Renaissance Systems Inc.
VentureNet Inc.,,ACT-00131928,30748,"VentureNet, Inc."
Vermeer Southeast,,ACT-00290474,26715,LightHill Soultions
VeryPC Ltd,,ACT-00245794,22877,VeryPC Ltd
Viatek,,ACT-00180414,300000315,Viatek Technology Pty Ltd
Viperspace,,ACT-00099650,1683,Viperspace Inc
VIRTUS DATA CENTRES (Oryx Align Ltd),,ACT-00188468,500001120,Oryx Align Limited
Visual Edge,,ACT-00030511,11010,Visual Edge Inc.
Wavenet UK,,ACT-00114941,23790,Wavenet
WBM Office Systems,,ACT-00245755,27824,WBM Technologies Inc.
"Weaver Technologies, LLC",,ACT-00207764,32492,"Weaver Technologies, LLC"
Wipfli LLP,,ACT-00230436,1854,"Wipfli Advisory, LLC"
"WPG Consulting, LLC",,ACT-00250551,22835,WPG Consulting
WTA Consulting,,ACT-00243438,23373,WTA Consulting
Z-TECH Associates,,ACT-00011954,3239,Z-TECH Associates
Zbrella,,ACT-00236582,2630,ZBRELLA
Zephyr Networks,,ACT-00241779,2517,Zephyr Networks
ZINC LLC,,ACT-00108012,4485,Zinc LLC
