VENDOR,VENDOR_PRODUCT,VENDOR_SKU,CW_SKU,SKU_MATCH_KEY,MAPPING_NOTES,CONTRACT_COST_RATE,CW_RETAIL_RATE
Acronis,SPBAMSENS,SPBAMSENS,ACB-USD-M00-TASPBAMSEN,SPBAMSENS,Zuora PRODUCT_SKU maps to vendor code SPBAMSENS,0.0545,
Acronis,SPBBMSENS,SPBBMSENS,APP-BC-SPBBMSENS,SPBBMSENS,Zuora PRODUCT_SKU maps to vendor code SPBBMSENS,0.0313,
Acronis,SPBAMSENS,SPBAMSENS,3PARTYONPREMACCLDDKT,SPBAMSENS,Zuora PRODUCT_SKU maps to vendor code SPBAMSENS,0.0545,
Acronis,SPBAMSENS,SPBAMSENS,TASPBAMSEN,SPBAMSENS,Zuora PRODUCT_SKU maps to vendor code SPBAMSENS,0.0545,
Acronis,SPGAMSENS,SPGAMSENS,MP-SPGAMSENS,SPGAMSENS,Zuora PRODUCT_SKU maps to vendor code SPGAMSENS,1.704,
Acronis,SPEAMSENS,SPEAMSENS,SPFAMSENS,SPEAMSENS,Zuora PRODUCT_SKU maps to vendor code SPEAMSENS,10.3731,
Acronis,SPBAMSENS,SPBAMSENS,APP-BC-SPBAMSENS,SPBAMSENS,Zuora PRODUCT_SKU maps to vendor code SPBAMSENS,0.0545,
Acronis,SPEAMSENS,SPEAMSENS,ACB-UKD-M00-TASPEAMSEN,SPEAMSENS,Zuora PRODUCT_SKU maps to vendor code SPEAMSENS,10.3731,
Acronis,SQ2AMSENS,SQ2AMSENS,SQ2AMSENS,SQ2AMSENS,Zuora PRODUCT_SKU maps to vendor code SQ2AMSENS,0.0646,
Acronis,SPDAMSENS,SPDAMSENS,SPDAMSENS1GB,SPDAMSENS,Zuora PRODUCT_SKU maps to vendor code SPDAMSENS,0.0148,
Acronis,SQ1AMSENS,SQ1AMSENS,M2M-APP-BC-SQ1AMSENS,SQ1AMSENS,Zuora PRODUCT_SKU maps to vendor code SQ1AMSENS,0.0239,
Acronis,SRHAMSENS,SRHAMSENS,APP-BC-SRHAMSENS,SRHAMSENS,Zuora PRODUCT_SKU maps to vendor code SRHAMSENS,0.7313,
Acronis,SPEAMSENS,SPEAMSENS,ACB-USD-M00-TASPEAMSEN,SPEAMSENS,Zuora PRODUCT_SKU maps to vendor code SPEAMSENS,10.3731,
Acronis,SPD5MSENS,SPD5MSENS,ACB-USD-M00-TASPD5MSEN,SPD5MSENS,Zuora PRODUCT_SKU maps to vendor code SPD5MSENS,7.06,
Acronis,SRMAMSENS,SRMAMSENS,APP-SRMAMSENS,SRMAMSENS,Zuora PRODUCT_SKU maps to vendor code SRMAMSENS,0.6674,
Acronis,SPBAMSENS,SPBAMSENS,SPBAMSENS,SPBAMSENS,Zuora PRODUCT_SKU maps to vendor code SPBAMSENS,0.0545,
Acronis,SPDAMSENS,SPDAMSENS,SPDAMSENSBUCLD1TB,SPDAMSENS,Zuora PRODUCT_SKU maps to vendor code SPDAMSENS,0.0148,
Acronis,SP4BMSENS,SP4BMSENS,TBBUHYBRID,SP4BMSENS,Zuora PRODUCT_SKU maps to vendor code SP4BMSENS,0.0264,
Acronis,SRAAMSENS,SRAAMSENS,M2M-APP-BC-SRAAMSENS,SRAAMSENS,Zuora PRODUCT_SKU maps to vendor code SRAAMSENS,0.5332,
Acronis,SQ6AMSENS,SQ6AMSENS,M2M-APP-BC-SQ6AMSENS,SQ6AMSENS,Zuora PRODUCT_SKU maps to vendor code SQ6AMSENS,,
Acronis,SRJAMSENS,SRJAMSENS,BB-ACRONIS-WORKLOAD-BUNDLE,SRJAMSENS,"WORKLOAD + ""Microsoft 365 seat (with unlimited storage)"" -> SRJAMSENS",1.1502,
Acronis,SQACMSENS,SQACMSENS,SQACMSENS,SQACMSENS,Zuora PRODUCT_SKU maps to vendor code SQACMSENS,28.4,
Acronis,SPIAMSENS,SPIAMSENS,BB-ACRONIS-WORKLOAD-BUNDLE,SPIAMSENS,"WORKLOAD + ""Cyber Files Cloud - User"" -> SPIAMSENS",0.6319,
Acronis,SEDAMSENS,SEDAMSENS,SEDAMSENS,SEDAMSENS,Zuora PRODUCT_SKU maps to vendor code SEDAMSENS,1.3775,
Acronis,SRBAMSENS,SRBAMSENS,TASRBAMSEN,SRBAMSENS,Zuora PRODUCT_SKU maps to vendor code SRBAMSENS,0.37,
Acronis,SRIAMSENS,SRIAMSENS,APP-BC-SRIAMSENS,SRIAMSENS,Zuora PRODUCT_SKU maps to vendor code SRIAMSENS,0.1725,
Acronis,SUVAMSENS,SUVAMSENS,M2M-APP-BC-SUVAMSENS,SUVAMSENS,Zuora PRODUCT_SKU maps to vendor code SUVAMSENS,0.0149,
Acronis,SPGAMSENS,SPGAMSENS,ACB-UKD-M00-TASPGAMSEN,SPGAMSENS,Zuora PRODUCT_SKU maps to vendor code SPGAMSENS,1.704,
Acronis,SRIAMSENS,SRIAMSENS,SRIAMSENS,SRIAMSENS,Zuora PRODUCT_SKU maps to vendor code SRIAMSENS,0.1725,
Acronis,SPIAMSENS,SPIAMSENS,TASPIAMSEN,SPIAMSENS,Zuora PRODUCT_SKU maps to vendor code SPIAMSENS,0.6319,
Acronis,SRHAMSENS,SRHAMSENS,ACB-UKD-M00-TASRHAMSEN,SRHAMSENS,Zuora PRODUCT_SKU maps to vendor code SRHAMSENS,0.7313,
Acronis,SP5AMSENS,SP5AMSENS,APP-SA-SP5AMSENS,SP5AMSENS,Zuora PRODUCT_SKU maps to vendor code SP5AMSENS,0.0113,
Acronis,SQ1AMSENS,SQ1AMSENS,APP-BC-SQ1AMSENS,SQ1AMSENS,Zuora PRODUCT_SKU maps to vendor code SQ1AMSENS,0.0239,
Acronis,SR3AMSENS,SR3AMSENS,APP-BC-SR3AMSENS,SR3AMSENS,Zuora PRODUCT_SKU maps to vendor code SR3AMSENS,1.115,
Acronis,SVEAMSENS,SVEAMSENS,APP-BC-SVEAMSENS,SVEAMSENS,Zuora PRODUCT_SKU maps to vendor code SVEAMSENS,0.0272,
Acronis,SP4BMSENS,SP4BMSENS,BB-ACRONIS-PER-GB-BUNDLE,SP4BMSENS,"BB-ACRONIS-PER-GB-BUNDLE + charge like ""Local Storage (per GB)"" -> SP4BMSENS",0.0264,
Acronis,SRIAMSENS,SRIAMSENS,ACB-USD-M00-TASRIAMSEN,SRIAMSENS,Zuora PRODUCT_SKU maps to vendor code SRIAMSENS,0.1725,
Acronis,SVEAMSENS,SVEAMSENS,ACB-USD-M00-TASVEAMSEN,SVEAMSENS,Zuora PRODUCT_SKU maps to vendor code SVEAMSENS,0.0272,
Acronis,SQYAMSENS,SQYAMSENS,ACB-USD-M00-TASQYAMSEN,SQYAMSENS,Zuora PRODUCT_SKU maps to vendor code SQYAMSENS,0.0275,
Acronis,SPDCMSENS,SPDCMSENS,SPDCMSENS,SPDCMSENS,Zuora PRODUCT_SKU maps to vendor code SPDCMSENS,,
Acronis,SP3AMSENS,SP3AMSENS,SP3AMSENS,SP3AMSENS,Zuora PRODUCT_SKU maps to vendor code SP3AMSENS,0.0646,
Acronis,SRAAMSENS,SRAAMSENS,MP-SRAAMSENS,SRAAMSENS,Zuora PRODUCT_SKU maps to vendor code SRAAMSENS,0.5332,
Acronis,SPBBMSENS,SPBBMSENS,SPBBMSENS,SPBBMSENS,Zuora PRODUCT_SKU maps to vendor code SPBBMSENS,0.0313,
Acronis,SPEAMSENS,SPEAMSENS,SPGAMSENS,SPEAMSENS,Zuora PRODUCT_SKU maps to vendor code SPEAMSENS,10.3731,
Acronis,SP3AMSENS,SP3AMSENS,APP-BC-SP3AMSENS,SP3AMSENS,Zuora PRODUCT_SKU maps to vendor code SP3AMSENS,0.0646,
Acronis,SBATFNLOS,SBATFNLOS,APP-SA-SBATFNLOS,SBATFNLOS,Zuora PRODUCT_SKU maps to vendor code SBATFNLOS,0.6745,
Acronis,SP1AMSENS,SP1AMSENS,LEGACYSKUTASP1AMSEN,SP1AMSENS,Zuora PRODUCT_SKU maps to vendor code SP1AMSENS,0.0545,
Acronis,SRAAMSENS,SRAAMSENS,APP-BC-SRAAMSENS,SRAAMSENS,Zuora PRODUCT_SKU maps to vendor code SRAAMSENS,0.5332,
Acronis,SRAAMSENS,SRAAMSENS,SRAAMSENS,SRAAMSENS,Zuora PRODUCT_SKU maps to vendor code SRAAMSENS,0.5332,
Acronis,SO4AMSENS,SO4AMSENS,APP-BC-SO4AMSENS,SO4AMSENS,Zuora PRODUCT_SKU maps to vendor code SO4AMSENS,1.3348,
Acronis,SPD5MSENS,SPD5MSENS,SPD5MSENS,SPD5MSENS,Zuora PRODUCT_SKU maps to vendor code SPD5MSENS,7.06,
Acronis,SRIAMSENS,SRIAMSENS,ACB-CAD-M00-TASRIAMSEN,SRIAMSENS,Zuora PRODUCT_SKU maps to vendor code SRIAMSENS,0.1725,
Acronis,SRIAMSENS,SRIAMSENS,BB-ACRONIS-ADV-PROTECTION-BUNDLE,SRIAMSENS,"ADV-PROTECTION + ""Advanced Security"" -> SRIAMSENS",0.1725,
Acronis,SRHAMSENS,SRHAMSENS,M2M-APP-BC-SRHAMSENS,SRHAMSENS,Zuora PRODUCT_SKU maps to vendor code SRHAMSENS,0.7313,
Acronis,SPDAMSENS,SPDAMSENS,SPDAMSENS1GB/SPDAMSENSBUCLD1TB,SPDAMSENS,Zuora PRODUCT_SKU maps to vendor code SPDAMSENS,0.0148,
Acronis,SRJAMSENS,SRJAMSENS,ACB-USD-M00-TASRJAMSEN,SRJAMSENS,Zuora PRODUCT_SKU maps to vendor code SRJAMSENS,1.1502,
Acronis,SQ7AMSENS,SQ7AMSENS,APP-BC-SQ7AMSENS,SQ7AMSENS,Zuora PRODUCT_SKU maps to vendor code SQ7AMSENS,1.87,
Acronis,SPGAMSENS,SPGAMSENS,SP4BMSENS,SPGAMSENS,Zuora PRODUCT_SKU maps to vendor code SPGAMSENS,1.704,
Acronis,SPBBMSENS,SPBBMSENS,SELFPROVIDEDSTORAGE,SPBBMSENS,Zuora PRODUCT_SKU maps to vendor code SPBBMSENS,0.0313,
Acronis,SBATFNLOS,SBATFNLOS,SBATFNLOS,SBATFNLOS,Zuora PRODUCT_SKU maps to vendor code SBATFNLOS,0.6745,
Acronis,SR3AMSENS,SR3AMSENS,SR3AMSENS,SR3AMSENS,Zuora PRODUCT_SKU maps to vendor code SR3AMSENS,1.115,
Acronis,SVVAMSENS,SVVAMSENS,APP-BC-SVVAMSENS,SVVAMSENS,Zuora PRODUCT_SKU maps to vendor code SVVAMSENS,,
Acronis,SQYAMSENS,SQYAMSENS,TASQYAMSEN,SQYAMSENS,Zuora PRODUCT_SKU maps to vendor code SQYAMSENS,0.0275,
Acronis,SPDAMSENS,SPDAMSENS,BB-ACRONIS-WORKLOAD-BUNDLE,SPDAMSENS,"BB-ACRONIS-WORKLOAD-BUNDLE + charge like ""Acronis Hosted Storage for (per Workload)"" -> SPDAMSENS",0.0148,
Acronis,SP4BMSENS,SP4BMSENS,APP-BC-SP4BMSENS,SP4BMSENS,Zuora PRODUCT_SKU maps to vendor code SP4BMSENS,0.0264,
Acronis,SRJAMSENS,SRJAMSENS,APP-BC-SRJAMSENS,SRJAMSENS,Zuora PRODUCT_SKU maps to vendor code SRJAMSENS,1.1502,
Acronis,SO6AMSENS,SO6AMSENS,APP-SA-SO6AMSENS,SO6AMSENS,Zuora PRODUCT_SKU maps to vendor code SO6AMSENS,0.7243,
Acronis,SPDCMSENS,SPDCMSENS,APP-SA-SPDCMSENS,SPDCMSENS,Zuora PRODUCT_SKU maps to vendor code SPDCMSENS,,
Acronis,SQ8AMSENS,SQ8AMSENS,ACB-USD-M00-TASQ8AMSEN,SQ8AMSENS,Zuora PRODUCT_SKU maps to vendor code SQ8AMSENS,1.1502,
Acronis,SRJAMSENS,SRJAMSENS,369.8,SRJAMSENS,Zuora PRODUCT_SKU maps to vendor code SRJAMSENS,1.1502,
Acronis,SQ8AMSENS,SQ8AMSENS,M2M-APP-BC-SQ8AMSENS,SQ8AMSENS,Zuora PRODUCT_SKU maps to vendor code SQ8AMSENS,1.1502,
Acronis,SQ2AMSENS,SQ2AMSENS,SQ2AMSENS PER TB / 3PARTYONPREMSEFPRVSG,SQ2AMSENS,Zuora PRODUCT_SKU maps to vendor code SQ2AMSENS,0.0646,
Acronis,SPEAMSENS,SPEAMSENS,MP-SPEAMSENS,SPEAMSENS,Zuora PRODUCT_SKU maps to vendor code SPEAMSENS,10.3731,
Acronis,SRJGMSENS,SRJGMSENS,APP-SA-SRJGMSENS,SRJGMSENS,Zuora PRODUCT_SKU maps to vendor code SRJGMSENS,0.831,
Acronis,SP1AMSENS,SP1AMSENS,SP1AMSENS BY GB,SP1AMSENS,Zuora PRODUCT_SKU maps to vendor code SP1AMSENS,0.0545,
Acronis,SP4BMSENS,SP4BMSENS,M2M-APP-BC-SP4BMSENS,SP4BMSENS,Zuora PRODUCT_SKU maps to vendor code SP4BMSENS,0.0264,
Acronis,SP4BMSENS,SP4BMSENS,APP-SA-SP4BMSENS,SP4BMSENS,Zuora PRODUCT_SKU maps to vendor code SP4BMSENS,0.0264,
Acronis,SO4AMSENS,SO4AMSENS,ACB-USD-M00-TASO4AMSEN,SO4AMSENS,Zuora PRODUCT_SKU maps to vendor code SO4AMSENS,1.3348,
Acronis,SCVAMSENS,SCVAMSENS,APP-SA-SCVAMSENS,SCVAMSENS,Zuora PRODUCT_SKU maps to vendor code SCVAMSENS,,
Acronis,SPEAMSENS,SPEAMSENS,APP-BC-SPEAMSENS,SPEAMSENS,Zuora PRODUCT_SKU maps to vendor code SPEAMSENS,10.3731,
Acronis,SQ6AMSENS,SQ6AMSENS,APP-BC-SQ6AMSENS,SQ6AMSENS,Zuora PRODUCT_SKU maps to vendor code SQ6AMSENS,,
Acronis,SRI5MSENS,SRI5MSENS,TASRI5MSEN,SRI5MSENS,Zuora PRODUCT_SKU maps to vendor code SRI5MSENS,1.15,
Acronis,SPBAMSENS,SPBAMSENS,MP-SPBAMSENS,SPBAMSENS,Zuora PRODUCT_SKU maps to vendor code SPBAMSENS,0.0545,
Acronis,SPBAMSENS,SPBAMSENS,M2M-APP-BC-SPBAMSENS,SPBAMSENS,Zuora PRODUCT_SKU maps to vendor code SPBAMSENS,0.0545,
Acronis,SP3AMSENS,SP3AMSENS,SP3AMSENS PER TB,SP3AMSENS,Zuora PRODUCT_SKU maps to vendor code SP3AMSENS,0.0646,
Acronis,SQACMSENS,SQACMSENS,APP-SA-SQACMSENS,SQACMSENS,Zuora PRODUCT_SKU maps to vendor code SQACMSENS,28.4,
Acronis,SPBAMSENS,SPBAMSENS,3PARTYONPREMCLOUDCAP / ACRONISCLOUDHOSTSTND,SPBAMSENS,Zuora PRODUCT_SKU maps to vendor code SPBAMSENS,0.0545,
Acronis,SQBPMSENS,SQBPMSENS,APP-SA-SQBPMSENS,SQBPMSENS,Zuora PRODUCT_SKU maps to vendor code SQBPMSENS,0.535,
Acronis,SRXAMSENS,SRXAMSENS,SRXAMSENS,SRXAMSENS,Zuora PRODUCT_SKU maps to vendor code SRXAMSENS,0.2575,
Acronis,SRI5MSENS,SRI5MSENS,ACB-USD-M00-TASRI5MSEN,SRI5MSENS,Zuora PRODUCT_SKU maps to vendor code SRI5MSENS,1.15,
Acronis,SPDAMSENS,SPDAMSENS,SPDAMSENS,SPDAMSENS,Zuora PRODUCT_SKU maps to vendor code SPDAMSENS,0.0148,
Acronis,SPBBMSENS,SPBBMSENS,M2M-APP-BC-SPBBMSENS,SPBBMSENS,Zuora PRODUCT_SKU maps to vendor code SPBBMSENS,0.0313,
Acronis,SEDAMSENS,SEDAMSENS,M2M-APP-BC-SEDAMSENS,SEDAMSENS,Zuora PRODUCT_SKU maps to vendor code SEDAMSENS,1.3775,
Acronis,SQBPMSENS,SQBPMSENS,SQBPMSENS,SQBPMSENS,Zuora PRODUCT_SKU maps to vendor code SQBPMSENS,0.535,
Acronis,SRXAMSENS,SRXAMSENS,APP-SA-SRXAMSENS,SRXAMSENS,Zuora PRODUCT_SKU maps to vendor code SRXAMSENS,0.2575,
Acronis,SQ8AMSENS,SQ8AMSENS,SQ8AMSENS,SQ8AMSENS,Zuora PRODUCT_SKU maps to vendor code SQ8AMSENS,1.1502,
Acronis,SPIAMSENS,SPIAMSENS,SPIAMSENS,SPIAMSENS,Zuora PRODUCT_SKU maps to vendor code SPIAMSENS,0.6319,
Acronis,SRI5MSENS,SRI5MSENS,0,SRI5MSENS,Zuora PRODUCT_SKU maps to vendor code SRI5MSENS,1.15,
Acronis,SPXAMSENS,SPXAMSENS,APP-BC-SPXAMSENS,SPXAMSENS,Zuora PRODUCT_SKU maps to vendor code SPXAMSENS,0.0239,
Acronis,SPGAMSENS,SPGAMSENS,TASPGAMSEN,SPGAMSENS,Zuora PRODUCT_SKU maps to vendor code SPGAMSENS,1.704,
Acronis,SP5AMSENS,SP5AMSENS,SP5AMSENS,SP5AMSENS,Zuora PRODUCT_SKU maps to vendor code SP5AMSENS,0.0113,
Acronis,SPZBMSENS,SPZBMSENS,APP-SPZBMSENS,SPZBMSENS,Zuora PRODUCT_SKU maps to vendor code SPZBMSENS,0.0593,
Acronis,SVVAMSENS,SVVAMSENS,M2M-APP-BC-SVVAMSENS,SVVAMSENS,Zuora PRODUCT_SKU maps to vendor code SVVAMSENS,,
Acronis,SPEAMSENS,SPEAMSENS,TASPEAMSEN,SPEAMSENS,Zuora PRODUCT_SKU maps to vendor code SPEAMSENS,10.3731,
Acronis,SRBAMSENS,SRBAMSENS,APP-BC-SRBAMSENS,SRBAMSENS,Zuora PRODUCT_SKU maps to vendor code SRBAMSENS,0.37,
Acronis,SP1AMSENS,SP1AMSENS,SP1AMSENS,SP1AMSENS,Zuora PRODUCT_SKU maps to vendor code SP1AMSENS,0.0545,
Acronis,SQ8AMSENS,SQ8AMSENS,APP-BC-SQ8AMSENS,SQ8AMSENS,Zuora PRODUCT_SKU maps to vendor code SQ8AMSENS,1.1502,
Acronis,SPDCMSENS,SPDCMSENS,ACB-USD-M00-TASPDCMSEN,SPDCMSENS,Zuora PRODUCT_SKU maps to vendor code SPDCMSENS,,
Acronis,SPGAMSENS,SPGAMSENS,ACB-USD-M00-TASPGAMSEN,SPGAMSENS,Zuora PRODUCT_SKU maps to vendor code SPGAMSENS,1.704,
Acronis,SVEAMSENS,SVEAMSENS,ACB-CAD-M00-TASVEAMSEN,SVEAMSENS,Zuora PRODUCT_SKU maps to vendor code SVEAMSENS,0.0272,
Acronis,SP4BMSENS,SP4BMSENS,3PARTYONPREMSP4BMSE1,SP4BMSENS,Zuora PRODUCT_SKU maps to vendor code SP4BMSENS,0.0264,
Acronis,SP4BMSENS,SP4BMSENS,3PARTYONPREMSP4BMSE2,SP4BMSENS,Zuora PRODUCT_SKU maps to vendor code SP4BMSENS,0.0264,
Acronis,SQ1AMSENS,SQ1AMSENS,SQ1AMSENS,SQ1AMSENS,Zuora PRODUCT_SKU maps to vendor code SQ1AMSENS,0.0239,
Acronis,SPD5MSENS,SPD5MSENS,TASPD5MSEN,SPD5MSENS,Zuora PRODUCT_SKU maps to vendor code SPD5MSENS,7.06,
Acronis,SPBAMSENS,SPBAMSENS,BB-ACRONIS-PER-GB-BUNDLE,SPBAMSENS,"BB-ACRONIS-PER-GB-BUNDLE + charge like ""Hosted Storage (per GB)"" -> SPBAMSENS",0.0545,
Acronis,SUVAMSENS,SUVAMSENS,SUVAMSENS,SUVAMSENS,Zuora PRODUCT_SKU maps to vendor code SUVAMSENS,0.0149,
Acronis,SQ8AMSENS,SQ8AMSENS,TASQ8AMSEN,SQ8AMSENS,Zuora PRODUCT_SKU maps to vendor code SQ8AMSENS,1.1502,
Acronis,SPIAMSENS,SPIAMSENS,M2M-APP-BC-SPIAMSENS,SPIAMSENS,Zuora PRODUCT_SKU maps to vendor code SPIAMSENS,0.6319,
Acronis,SPFAMSENS,SPFAMSENS,BB-ACRONIS-WORKLOAD-BUNDLE,SPFAMSENS,"WORKLOAD + ""VM"" -> SPFAMSENS",3.6565,
Acronis,SEDAMSENS,SEDAMSENS,APP-BC-SEDAMSENS,SEDAMSENS,Zuora PRODUCT_SKU maps to vendor code SEDAMSENS,1.3775,
Acronis,SPGAMSENS,SPGAMSENS,M2M-APP-BC-SPGAMSENS,SPGAMSENS,Zuora PRODUCT_SKU maps to vendor code SPGAMSENS,1.704,
Acronis,SPXAMSENS,SPXAMSENS,SPXAMSENS,SPXAMSENS,Zuora PRODUCT_SKU maps to vendor code SPXAMSENS,0.0239,
Acronis,SPFAMSENS,SPFAMSENS,M2M-APP-BC-SPFAMSENS,SPFAMSENS,Zuora PRODUCT_SKU maps to vendor code SPFAMSENS,3.6565,
Acronis,SRI5MSENS,SRI5MSENS,M2M-APP-SA-SRI5MSENS,SRI5MSENS,Zuora PRODUCT_SKU maps to vendor code SRI5MSENS,1.15,
Acronis,SO4AMSENS,SO4AMSENS,M2M-APP-BC-SO4AMSENS,SO4AMSENS,Zuora PRODUCT_SKU maps to vendor code SO4AMSENS,1.3348,
Acronis,SR3AMSENS,SR3AMSENS,M2M-APP-BC-SR3AMSENS,SR3AMSENS,Zuora PRODUCT_SKU maps to vendor code SR3AMSENS,1.115,
Acronis,SP3AMSENS,SP3AMSENS,TASP3AMSEN,SP3AMSENS,Zuora PRODUCT_SKU maps to vendor code SP3AMSENS,0.0646,
Acronis,SRHAMSENS,SRHAMSENS,ACB-USD-M00-TASRHAMSEN,SRHAMSENS,Zuora PRODUCT_SKU maps to vendor code SRHAMSENS,0.7313,
Acronis,SPBAMSENS,SPBAMSENS,ACB-CAD-M00-TASPBAMSEN,SPBAMSENS,Zuora PRODUCT_SKU maps to vendor code SPBAMSENS,0.0545,
Acronis,SVEAMSENS,SVEAMSENS,3PARTYONPREMHOSTEDDR,SVEAMSENS,Zuora PRODUCT_SKU maps to vendor code SVEAMSENS,0.0272,
Acronis,SRHAMSENS,SRHAMSENS,SRHAMSENS,SRHAMSENS,Zuora PRODUCT_SKU maps to vendor code SRHAMSENS,0.7313,
Acronis,SQ2AMSENS,SQ2AMSENS,SQ2AMSENS PER TB,SQ2AMSENS,Zuora PRODUCT_SKU maps to vendor code SQ2AMSENS,0.0646,
Acronis,SPDAMSENS,SPDAMSENS,ACB-UKD-M00-TASPDAMSEN,SPDAMSENS,Zuora PRODUCT_SKU maps to vendor code SPDAMSENS,0.0148,
Acronis,SO4AMSENS,SO4AMSENS,TASO4AMSEN,SO4AMSENS,Zuora PRODUCT_SKU maps to vendor code SO4AMSENS,1.3348,
Acronis,SPBAMSENS,SPBAMSENS,SPBAMSENS/3PARTYONPREMCLOUDCAP,SPBAMSENS,Zuora PRODUCT_SKU maps to vendor code SPBAMSENS,0.0545,
Acronis,SPFAMSENS,SPFAMSENS,MP-SPFAMSENS,SPFAMSENS,Zuora PRODUCT_SKU maps to vendor code SPFAMSENS,3.6565,
Acronis,SP1AMSENS,SP1AMSENS,APP-SA-SP1AMSENS,SP1AMSENS,Zuora PRODUCT_SKU maps to vendor code SP1AMSENS,0.0545,
Acronis,SPGAMSENS,SPGAMSENS,BB-ACRONIS-WORKLOAD-BUNDLE,SPGAMSENS,"WORKLOAD + ""Workstation"" -> SPGAMSENS",1.704,
Acronis,SRBAMSENS,SRBAMSENS,ACB-USD-M00-TASRBAMSEN,SRBAMSENS,Zuora PRODUCT_SKU maps to vendor code SRBAMSENS,0.37,
Acronis,SQ2AMSENS,SQ2AMSENS,SQ2AMSENS PER GB,SQ2AMSENS,Zuora PRODUCT_SKU maps to vendor code SQ2AMSENS,0.0646,
Acronis,SPGAMSENS,SPGAMSENS,ACB-EUD-M00-TASPGAMSEN,SPGAMSENS,Zuora PRODUCT_SKU maps to vendor code SPGAMSENS,1.704,
Acronis,SPDAMSENS,SPDAMSENS,M2M-APP-BC-SPDAMSENS,SPDAMSENS,Zuora PRODUCT_SKU maps to vendor code SPDAMSENS,0.0148,
Acronis,SQ2AMSENS,SQ2AMSENS,M2M-APP-BC-SQ2AMSENS,SQ2AMSENS,Zuora PRODUCT_SKU maps to vendor code SQ2AMSENS,0.0646,
Acronis,SQ7AMSENS,SQ7AMSENS,M2M-APP-BC-SQ7AMSENS,SQ7AMSENS,Zuora PRODUCT_SKU maps to vendor code SQ7AMSENS,1.87,
Acronis,SRI5MSENS,SRI5MSENS,SRI5MSENS,SRI5MSENS,Zuora PRODUCT_SKU maps to vendor code SRI5MSENS,1.15,
Acronis,SPBAMSENS,SPBAMSENS,3PARTYONPREMACCLDSV4,SPBAMSENS,Zuora PRODUCT_SKU maps to vendor code SPBAMSENS,0.0545,
Acronis,SPZBMSENS,SPZBMSENS,SPZBMSENS,SPZBMSENS,Zuora PRODUCT_SKU maps to vendor code SPZBMSENS,0.0593,
Acronis,SP5AMSENS,SP5AMSENS,ACB-USD-M00-TASP5AMSEN,SP5AMSENS,Zuora PRODUCT_SKU maps to vendor code SP5AMSENS,0.0113,
Acronis,SRJGMSENS,SRJGMSENS,SRJGMSENS,SRJGMSENS,Zuora PRODUCT_SKU maps to vendor code SRJGMSENS,0.831,
Acronis,SVEAMSENS,SVEAMSENS,BB-ACRONIS-ADV-PROTECTION-BUNDLE,SVEAMSENS,"BB-ACRONIS-ADV-PROTECTION-BUNDLE + charge like ""Disaster Recovery - Hosted Storage"" -> SVEAMSENS",0.0272,
Acronis,SPFAMSENS,SPFAMSENS,APP-BC-SPFAMSENS,SPFAMSENS,Zuora PRODUCT_SKU maps to vendor code SPFAMSENS,3.6565,
Acronis,SPDCMSENS,SPDCMSENS,ST5AMSENS,SPDCMSENS,Zuora PRODUCT_SKU maps to vendor code SPDCMSENS,,
Acronis,SPEAMSENS,SPEAMSENS,BB-ACRONIS-WORKLOAD-BUNDLE,SPEAMSENS,"WORKLOAD + ""Server"" -> SPEAMSENS",10.3731,
Acronis,SRBAMSENS,SRBAMSENS,M2M-APP-BC-SRBAMSENS,SRBAMSENS,Zuora PRODUCT_SKU maps to vendor code SRBAMSENS,0.37,
Acronis,SP1AMSENS,SP1AMSENS,M2M-APP-BC-SP1AMSENS,SP1AMSENS,Zuora PRODUCT_SKU maps to vendor code SP1AMSENS,0.0545,
Acronis,SRIAMSENS,SRIAMSENS,M2M-APP-BC-SRIAMSENS,SRIAMSENS,Zuora PRODUCT_SKU maps to vendor code SRIAMSENS,0.1725,
Acronis,SPBAMSENS,SPBAMSENS,SPBAMSENS / 3PARTYONPREMCLOUDCAP / ACRONISCLOUDHOSTSTND,SPBAMSENS,Zuora PRODUCT_SKU maps to vendor code SPBAMSENS,0.0545,
Acronis,SPD5MSENS,SPD5MSENS,M2M-APP-SA-SPD5MSENS,SPD5MSENS,Zuora PRODUCT_SKU maps to vendor code SPD5MSENS,7.06,
Acronis,SVEAMSENS,SVEAMSENS,MP-SVEAMSENS,SVEAMSENS,Zuora PRODUCT_SKU maps to vendor code SVEAMSENS,0.0272,
Acronis,SRIAMSENS,SRIAMSENS,TASRIAMSEN,SRIAMSENS,Zuora PRODUCT_SKU maps to vendor code SRIAMSENS,0.1725,
Acronis,SPIAMSENS,SPIAMSENS,0,SPIAMSENS,Zuora PRODUCT_SKU maps to vendor code SPIAMSENS,0.6319,
Acronis,SQYAMSENS,SQYAMSENS,APP-BC-SQYAMSENS,SQYAMSENS,Zuora PRODUCT_SKU maps to vendor code SQYAMSENS,0.0275,
Acronis,SRI5MSENS,SRI5MSENS,APP-SA-SRI5MSENS,SRI5MSENS,Zuora PRODUCT_SKU maps to vendor code SRI5MSENS,1.15,
Acronis,SQ6AMSENS,SQ6AMSENS,SQ6AMSENS,SQ6AMSENS,Zuora PRODUCT_SKU maps to vendor code SQ6AMSENS,,
Acronis,SRJGMSENS,SRJGMSENS,M2M-APP-SA-SRJGMSENS,SRJGMSENS,Zuora PRODUCT_SKU maps to vendor code SRJGMSENS,0.831,
Acronis,SPEAMSENS,SPEAMSENS,M2M-APP-BC-SPEAMSENS,SPEAMSENS,Zuora PRODUCT_SKU maps to vendor code SPEAMSENS,10.3731,
Acronis,SP1AMSENS,SP1AMSENS,APP-BC-SP1AMSENS,SP1AMSENS,Zuora PRODUCT_SKU maps to vendor code SP1AMSENS,0.0545,
Acronis,SQ2AMSENS,SQ2AMSENS,SQ2AMSENS / 3PARTYONPREMSEFPRVSG,SQ2AMSENS,Zuora PRODUCT_SKU maps to vendor code SQ2AMSENS,0.0646,
Acronis,SQYAMSENS,SQYAMSENS,SQYAMSENS,SQYAMSENS,Zuora PRODUCT_SKU maps to vendor code SQYAMSENS,0.0275,
Acronis,SRIAMSENS,SRIAMSENS,SP4BMSENS,SRIAMSENS,Zuora PRODUCT_SKU maps to vendor code SRIAMSENS,0.1725,
Acronis,SPFAMSENS,SPFAMSENS,ACB-UKD-M00-TASPFAMSEN,SPFAMSENS,Zuora PRODUCT_SKU maps to vendor code SPFAMSENS,3.6565,
Acronis,SPFAMSENS,SPFAMSENS,SPFAMSENS,SPFAMSENS,Zuora PRODUCT_SKU maps to vendor code SPFAMSENS,3.6565,
Acronis,SRJAMSENS,SRJAMSENS,TASRJAMSEN,SRJAMSENS,Zuora PRODUCT_SKU maps to vendor code SRJAMSENS,1.1502,
Acronis,SPDAMSENS,SPDAMSENS,SPDAMSENS1GB / SPDAMSENSBUCLD1TB,SPDAMSENS,Zuora PRODUCT_SKU maps to vendor code SPDAMSENS,0.0148,
Acronis,SP4BMSENS,SP4BMSENS,SP4BMSENS,SP4BMSENS,Zuora PRODUCT_SKU maps to vendor code SP4BMSENS,0.0264,
Acronis,SPDCMSENS,SPDCMSENS,M2M-APP-SA-SPDCMSENS,SPDCMSENS,Zuora PRODUCT_SKU maps to vendor code SPDCMSENS,,
Acronis,SPXAMSENS,SPXAMSENS,M2M-APP-BC-SPXAMSENS,SPXAMSENS,Zuora PRODUCT_SKU maps to vendor code SPXAMSENS,0.0239,
Acronis,SQ2AMSENS,SQ2AMSENS,APP-BC-SQ2AMSENS,SQ2AMSENS,Zuora PRODUCT_SKU maps to vendor code SQ2AMSENS,0.0646,
Acronis,SVEAMSENS,SVEAMSENS,TASVEAMSEN,SVEAMSENS,Zuora PRODUCT_SKU maps to vendor code SVEAMSENS,0.0272,
Acronis,SPGAMSENS,SPGAMSENS,APP-BC-SPGAMSENS,SPGAMSENS,Zuora PRODUCT_SKU maps to vendor code SPGAMSENS,1.704,
Acronis,SPIAMSENS,SPIAMSENS,ACB-USD-M00-TASPIAMSEN,SPIAMSENS,Zuora PRODUCT_SKU maps to vendor code SPIAMSENS,0.6319,
Acronis,SPGAMSENS,SPGAMSENS,SPGAMSENS,SPGAMSENS,Zuora PRODUCT_SKU maps to vendor code SPGAMSENS,1.704,
Acronis,SPBAMSENS,SPBAMSENS,SPBAMSENS / 3PARTYONPREMCLOUDCAP,SPBAMSENS,Zuora PRODUCT_SKU maps to vendor code SPBAMSENS,0.0545,
Acronis,SPEAMSENS,SPEAMSENS,SPEAMSENS,SPEAMSENS,Zuora PRODUCT_SKU maps to vendor code SPEAMSENS,10.3731,
Acronis,SQ7AMSENS,SQ7AMSENS,SQ7AMSENS,SQ7AMSENS,Zuora PRODUCT_SKU maps to vendor code SQ7AMSENS,1.87,
Acronis,SPXAMSENS,SPXAMSENS,MP-SPXAMSENS,SPXAMSENS,Zuora PRODUCT_SKU maps to vendor code SPXAMSENS,0.0239,
Acronis,SP5AMSENS,SP5AMSENS,TASP5AMSEN,SP5AMSENS,Zuora PRODUCT_SKU maps to vendor code SP5AMSENS,0.0113,
Acronis,SPFAMSENS,SPFAMSENS,TASPFAMSEN,SPFAMSENS,Zuora PRODUCT_SKU maps to vendor code SPFAMSENS,3.6565,
Acronis,SPFAMSENS,SPFAMSENS,ACB-USD-M00-TASPFAMSEN,SPFAMSENS,Zuora PRODUCT_SKU maps to vendor code SPFAMSENS,3.6565,
Acronis,SVVAMSENS,SVVAMSENS,BC-SVVAMSENS,SVVAMSENS,Zuora PRODUCT_SKU maps to vendor code SVVAMSENS,,
Acronis,SO6AMSENS,SO6AMSENS,SO6AMSENS,SO6AMSENS,Zuora PRODUCT_SKU maps to vendor code SO6AMSENS,0.7243,
Acronis,SVVAMSENS,SVVAMSENS,SVVAMSENS,SVVAMSENS,Zuora PRODUCT_SKU maps to vendor code SVVAMSENS,,
Acronis,SPDAMSENS,SPDAMSENS,SPIAMSENS,SPDAMSENS,Zuora PRODUCT_SKU maps to vendor code SPDAMSENS,0.0148,
Acronis,SUVAMSENS,SUVAMSENS,APP-BC-SUVAMSENS,SUVAMSENS,Zuora PRODUCT_SKU maps to vendor code SUVAMSENS,0.0149,
Acronis,SPIAMSENS,SPIAMSENS,APP-BC-SPIAMSENS,SPIAMSENS,Zuora PRODUCT_SKU maps to vendor code SPIAMSENS,0.6319,
Acronis,SRBAMSENS,SRBAMSENS,SRBAMSENS,SRBAMSENS,Zuora PRODUCT_SKU maps to vendor code SRBAMSENS,0.37,
Acronis,SRJAMSENS,SRJAMSENS,SRJAMSENS,SRJAMSENS,Zuora PRODUCT_SKU maps to vendor code SRJAMSENS,1.1502,
Acronis,SPDAMSENS,SPDAMSENS,ACB-USD-M00-TASPDAMSEN,SPDAMSENS,Zuora PRODUCT_SKU maps to vendor code SPDAMSENS,0.0148,
Acronis,SVEAMSENS,SVEAMSENS,SVEAMSENS / 3PARTYONPREMHOSTEDDR,SVEAMSENS,Zuora PRODUCT_SKU maps to vendor code SVEAMSENS,0.0272,
Acronis,SVEAMSENS,SVEAMSENS,SVEAMSENS,SVEAMSENS,Zuora PRODUCT_SKU maps to vendor code SVEAMSENS,0.0272,
Acronis,SP5AMSENS,SP5AMSENS,M2M-APP-SA-SP5AMSENS,SP5AMSENS,Zuora PRODUCT_SKU maps to vendor code SP5AMSENS,0.0113,
Acronis,SPD5MSENS,SPD5MSENS,APP-SA-SPD5MSENS,SPD5MSENS,Zuora PRODUCT_SKU maps to vendor code SPD5MSENS,7.06,
Acronis,SPBAMSENS,SPBAMSENS,TBBUHYBRID,SPBAMSENS,Zuora PRODUCT_SKU maps to vendor code SPBAMSENS,0.0545,
Acronis,SCVAMSENS,SCVAMSENS,SCVAMSENS,SCVAMSENS,Zuora PRODUCT_SKU maps to vendor code SCVAMSENS,,
Acronis,SQYAMSENS,SQYAMSENS,BB-ACRONIS-ADV-PROTECTION-BUNDLE,SQYAMSENS,"ADV-PROTECTION + ""1 compute point"" -> SQYAMSENS",0.0275,
Acronis,SQYAMSENS,SQYAMSENS,M2M-APP-BC-SQYAMSENS,SQYAMSENS,Zuora PRODUCT_SKU maps to vendor code SQYAMSENS,0.0275,
Acronis,SPEAMSENS,SPEAMSENS,ACB-EUD-M00-TASPEAMSEN,SPEAMSENS,Zuora PRODUCT_SKU maps to vendor code SPEAMSENS,10.3731,
Acronis,SRIAMSENS,SRIAMSENS,ACB-UKD-M00-TASRIAMSEN,SRIAMSENS,Zuora PRODUCT_SKU maps to vendor code SRIAMSENS,0.1725,
Acronis,SPDAMSENS,SPDAMSENS,ACB-EUD-M00-TASPDAMSEN,SPDAMSENS,Zuora PRODUCT_SKU maps to vendor code SPDAMSENS,0.0148,
Acronis,SVEAMSENS,SVEAMSENS,ACB-UKD-M00-TASVEAMSEN,SVEAMSENS,Zuora PRODUCT_SKU maps to vendor code SVEAMSENS,0.0272,
Acronis,SRMAMSENS,SRMAMSENS,SRMAMSENS,SRMAMSENS,Zuora PRODUCT_SKU maps to vendor code SRMAMSENS,0.6674,
Acronis,SPDAMSENS,SPDAMSENS,APP-BC-SPDAMSENS,SPDAMSENS,Zuora PRODUCT_SKU maps to vendor code SPDAMSENS,0.0148,
Acronis,SPBAMSENS,SPBAMSENS,ACRONISCLOUDHOSTSTND,SPBAMSENS,Zuora PRODUCT_SKU maps to vendor code SPBAMSENS,0.0545,
Acronis,SO4AMSENS,SO4AMSENS,BB-ACRONIS-ADV-PROTECTION-BUNDLE,SO4AMSENS,"ADV-PROTECTION + ""Advanced Email Security / Perception Point"" -> SO4AMSENS",1.3348,
Acronis,SPBAMSENS,SPBAMSENS,3PARTYONPREMCLOUDCAP,SPBAMSENS,Zuora PRODUCT_SKU maps to vendor code SPBAMSENS,0.0545,
Acronis,SP3AMSENS,SP3AMSENS,SP3AMSENS PER GB,SP3AMSENS,Zuora PRODUCT_SKU maps to vendor code SP3AMSENS,0.0646,
Acronis,SPDAMSENS,SPDAMSENS,TASPDAMSEN,SPDAMSENS,Zuora PRODUCT_SKU maps to vendor code SPDAMSENS,0.0148,
Acronis,SRHAMSENS,SRHAMSENS,TASRHAMSEN,SRHAMSENS,Zuora PRODUCT_SKU maps to vendor code SRHAMSENS,0.7313,
Acronis,SVEAMSENS,SVEAMSENS,LEGACYSKUTASPBAMSEN,SVEAMSENS,Zuora PRODUCT_SKU maps to vendor code SVEAMSENS,0.0272,
Acronis,SP3AMSENS,SP3AMSENS,ACB-CAD-M00-TASP3AMSEN,SP3AMSENS,Zuora PRODUCT_SKU maps to vendor code SP3AMSENS,0.0646,
Acronis,SO4AMSENS,SO4AMSENS,SO4AMSENS,SO4AMSENS,Zuora PRODUCT_SKU maps to vendor code SO4AMSENS,1.3348,
Acronis,SPDAMSENS,SPDAMSENS,SPDAMSENSOverage,SPDAMSENS,Zuora PRODUCT_SKU maps to vendor code SPDAMSENS,0.0148,
Acronis,SUVAMSENS,SUVAMSENS,TASUVAMSEN,SUVAMSENS,Zuora PRODUCT_SKU maps to vendor code SUVAMSENS,0.0149,
Acronis,SP4BMSENS,SP4BMSENS,SP4BMSENS / 3PARTYONPREMSP4BMSE1,SP4BMSENS,Zuora PRODUCT_SKU maps to vendor code SP4BMSENS,0.0264,
Acronis,SRJAMSENS,SRJAMSENS,M2M-APP-BC-SRJAMSENS,SRJAMSENS,Zuora PRODUCT_SKU maps to vendor code SRJAMSENS,1.1502,
Auvik,Auvik ANM - Full Performance - Committed,Auvik ANM - Full Performance - Committed,AUVIK-PRM-ANM-NEW-BUSSINESS,AUVIK_CW_PERFORMANCE,Generated from live Auvik Zuora SKU text,,
Auvik,EPRM-ANM-40 Auvik Essentials -- Committed,EPRM-ANM-40 Auvik Essentials,CULCSAS10071701M0040,AUVIK_CMS_ESSENTIALS,AUVIK_MAPPING_WORKBOOK,9.19,
Auvik,ConnectWise RMM Networks Package MSP 500 (Usage)Performance,ConnectWise RMM Networks Package MSP 500 (Usage)Performance,CULCSAAS100711P00500,AUVIK_CMS_PERFORMANCE,Generated from live Auvik Zuora SKU text,,
Auvik,EPRM-ANM-750 Auvik Essentials -- Overage,EPRM-ANM-750 Auvik Essentials,CULCSAS10072101M0750,AUVIK_CMS_ESSENTIALS,AUVIK_MAPPING_WORKBOOK,4.76,
Auvik,Overage - ANM Essentials Evergreen,ANM Essentials,CWAN M-0,AUVIK_CW_ESSENTIALS,AUVIK_MAPPING_WORKBOOK,,
Auvik,"Auvik Essentials NMM, 1000+","Auvik Essentials NMM, 1000+",CWANNMM7,AUVIK_CW_ESSENTIALS,Generated from live Auvik Zuora SKU text,,
Auvik,EPRM-ANM-175 Auvik Essentials -- Overage,EPRM-ANM-175 Auvik Essentials -- Overage,,AUVIK_CMS_PERFORMANCE,Generated from AUVIK_USAGE product text,7.56,
Auvik,"Auvik AMN - Performance AddOn - Committed, 100-174 Tier","Auvik AMN - Performance AddOn - Committed, 100-174 Tier",AVADDON100,AUVIK_CW_PERFORMANCE,Generated from live Auvik Zuora SKU text,,
Auvik,COANM-2 Additional Billable Devices,COANM-2 Additional Billable Devices,,AUVIK_CMS_ESSENTIALS,Generated from AUVIK_USAGE product text,9.19,
Auvik,ANM Essentials - Evergreen,ANM Essentials,CULCSAS10071601M0010,AUVIK_CMS_ESSENTIALS,AUVIK_MAPPING_WORKBOOK,9.36,
Auvik,EPRM-ANM-750 Auvik Essentials -- Committed,EPRM-ANM-750 Auvik Essentials,AUVIK-ESSENTIALS,AUVIK_CW_ESSENTIALS,AUVIK_MAPPING_WORKBOOK,4.76,
Auvik,PARM-ANM-100 Auvik Performance Add On,PARM-ANM-100 Auvik Performance Add On,,AUVIK_CW_PERFORMANCE,Generated from AUVIK_USAGE product text,4.77,
Auvik,COANM-3 Additional Performance Add-Ons,COANM-3 Additional Performance Add-Ons,CULCSAAS100709P00175,AUVIK_CMS_PERFORMANCE,AUVIK_MAPPING_WORKBOOK,4.48,
Auvik,EPRM-ANM-175 Auvik Essentials -- Overage,EPRM-ANM-175 Auvik Essentials -- Overage,,AUVIK_CW_PERFORMANCE,Generated from AUVIK_USAGE product text,7.56,
Auvik,ANM Essentials - Evergreen,ANM Essentials,AUVIK-ESSENTIALS,AUVIK_CW_ESSENTIALS,AUVIK_MAPPING_WORKBOOK,9.36,
Auvik,ConnectWise Command Networks Package MSP 10 (Usage)AdditionalCharge -- Overage,ConnectWise Command Networks Package MSP 10 (Usage)AdditionalCharge -- Overage,CULCSAAS100706P00010,AUVIK_CMS_ESSENTIALS,Generated from live Auvik Zuora SKU text,,
Auvik,ERM-ANM-250 Auvik Essentials -- Committed,ERM-ANM-250 Auvik Essentials,CWANNMM4,AUVIK_CW_ESSENTIALS,AUVIK_MAPPING_WORKBOOK,5.88,
Auvik,ERM-ANM-10 Auvik Essentials -- Committed,ERM-ANM-10 Auvik Essentials -- Committed,,AUVIK_CW_ESSENTIALS,Generated from AUVIK_USAGE product text,10.5,
Auvik,Overage - ANM Essentials Evergreen,ANM Essentials,3RDPARTYSAASAUVIKMSP,AUVIK_CW_ESSENTIALS,AUVIK_MAPPING_WORKBOOK,,
Auvik,PRM-ANM-10 Auvik Performance -- Committed,PRM-ANM-10 Auvik Performance -- Committed,,AUVIK_CW_PERFORMANCE,Generated from AUVIK_USAGE product text,17.5,
Auvik,EPRM-ANM-100 Auvik Essentials -- Overage,EPRM-ANM-100 Auvik Essentials -- Overage,,AUVIK_CMS_PERFORMANCE,Generated from AUVIK_USAGE product text,8.4,
Auvik,ERM-ANM-40 Auvik Essentials -- Committed,ERM-ANM-40 Auvik Essentials,CWANNMM1,AUVIK_CW_ESSENTIALS,AUVIK_MAPPING_WORKBOOK,9.19,
Auvik,EPRM-ANM-40 Auvik Essentials -- Overage,EPRM-ANM-40 Auvik Essentials,AUVIK-ESSENTIALS,AUVIK_CW_ESSENTIALS,AUVIK_MAPPING_WORKBOOK,9.19,
Auvik,PRM-ANM-250 Auvik Performance -- Committed,PRM-ANM-250 Auvik Performance -- Committed,,AUVIK_CW_PERFORMANCE,Generated from AUVIK_USAGE product text,8.45,
Auvik,ConnectWise Command Networks Package MSP 10 (Usage)Performance,ConnectWise Command Networks Package MSP 10 (Usage)Performance,CULCSAAS100706P00010,AUVIK_CMS_PERFORMANCE,Generated from live Auvik Zuora SKU text,,
Auvik,Auvik ASM - Standard - Committed -- Proration,Auvik ASM - Standard - Committed -- Proration,CW-AUVIK-MRM-ASM,AUVIK_CW_ASM,Generated from live Auvik Zuora SKU text,,
Auvik,PARM-ANM-10 Auvik Performance Add On -- Overage,PARM-ANM-10 Auvik Performance Add On -- Overage,,AUVIK_CMS_PERFORMANCE,Generated from AUVIK_USAGE product text,8.0,
Auvik,Auvik Essentials -- Proration,Auvik Essentials -- Proration,AUVIK-ESSENTIALS,AUVIK_CW_ESSENTIALS,Generated from live Auvik Zuora SKU text,,
Auvik,"Auvik Essentials NMM, 40-99 Tier","Auvik Essentials NMM, 40-99 Tier",CWANNMM1,AUVIK_CW_ESSENTIALS,Generated from live Auvik Zuora SKU text,,
Auvik,ConnectWise RMM Networks Package MSP 500 (Usage)AdditionalCharge -- Overage,ConnectWise RMM Networks Package MSP 500 (Usage)AdditionalCharge -- Overage,CULCSAAS100711P00500,AUVIK_CMS_ESSENTIALS,Generated from live Auvik Zuora SKU text,,
Auvik,PARM-ANM-10 Auvik Performance Add On,PARM-ANM-10 Auvik Performance Add On,CULCSAAS100706P00010,AUVIK_CMS_PERFORMANCE,AUVIK_MAPPING_WORKBOOK,7.0,
Auvik,PARM-ANM-250 Auvik Performance Add On -- Overage,PARM-ANM-250 Auvik Performance Add On -- Overage,,AUVIK_CW_PERFORMANCE,Generated from AUVIK_USAGE product text,3.5,
Auvik,ANM Essentials - Evergreen,ANM Essentials,CWAN M-0,AUVIK_CW_ESSENTIALS,AUVIK_MAPPING_WORKBOOK,9.36,
Auvik,ANM Essentials - Evergreen,ANM Essentials - Evergreen,,AUVIK_CW_ESSENTIALS,Generated from AUVIK_USAGE product text,9.36,
Auvik,CWANM-3 Committed Performance Add-Ons,CWANM-3 Committed Performance Add-Ons,,AUVIK_CW_PERFORMANCE,Generated from AUVIK_USAGE product text,4.06,
Auvik,PRM-ANM-40 Auvik Performance -- Committed,PRM-ANM-40 Auvik Performance -- Committed,,AUVIK_CW_PERFORMANCE,Generated from AUVIK_USAGE product text,15.44,
Auvik,"Auvik Essentials NMM, 500-749 Tier","Auvik Essentials NMM, 500-749 Tier",CWANNMM5,AUVIK_CW_ESSENTIALS,Generated from live Auvik Zuora SKU text,,
Auvik,ConnectWise RMM Networks Package MSP 1000 (Usage)AdditionalCharge -- Overage,ConnectWise RMM Networks Package MSP 1000 (Usage)AdditionalCharge -- Overage,CULCSAAS100713P10000,AUVIK_CMS_ESSENTIALS,Generated from live Auvik Zuora SKU text,,
Auvik,Overage - Auvik SaaS Management Evergreen,Auvik SaaS Management,,AUVIK_CMS_ASM,AUVIK_MAPPING_WORKBOOK,,
Auvik,CWANM-5 Committed Billable Devices,CWANM-5 Committed Billable Devices,AVNMM500,AUVIK_CW_ESSENTIALS,AUVIK_MAPPING_WORKBOOK,5.15,
Auvik,ANM Essentials,ANM Essentials,CULCSAS10072601M0500,AUVIK_CMS_ESSENTIALS,AUVIK_MAPPING_WORKBOOK,7.35,
Auvik,CWANM-2 Additional Billable Devices,CWANM-2 Additional Billable Devices,,AUVIK_CW_ESSENTIALS,Generated from AUVIK_USAGE product text,8.4,
Auvik,PARM-ANM-75 Auvik Performance Add On -- Overage,PARM-ANM-75 Auvik Performance Add On -- Overage,,AUVIK_CMS_PERFORMANCE,Generated from AUVIK_USAGE product text,5.88,
Auvik,CWANM-2 Additional Billable Devices,CWANM-2 Additional Billable Devices,CWANNMM2,AUVIK_CW_ESSENTIALS,AUVIK_MAPPING_WORKBOOK,8.4,
Auvik,Overage - ANM Essentials,ANM Essentials,CULCSAS10071801M0100,AUVIK_CMS_ESSENTIALS,AUVIK_MAPPING_WORKBOOK,,
Auvik,"Auvik NTWK Monitoring and Mgmt, 40-99 Tier -- Proration","Auvik NTWK Monitoring and Mgmt, 40-99 Tier -- Proration",CWAN M-1,AUVIK_CW_ESSENTIALS,Generated from live Auvik Zuora SKU text,,
Auvik,CWANM-0 Committed Billable Devices,CWANM-0 Committed Billable Devices,CWANNMM0,AUVIK_CW_ESSENTIALS,AUVIK_MAPPING_WORKBOOK,10.5,
Auvik,EPRM-ANM-1000 Auvik Essentials -- Overage,EPRM-ANM-1000 Auvik Essentials,CULCSAS10072201M1000,AUVIK_CMS_ESSENTIALS,AUVIK_MAPPING_WORKBOOK,4.41,
Auvik,CWANM-5 Committed Billable Devices,CWANM-5 Committed Billable Devices,,AUVIK_CW_ESSENTIALS,Generated from AUVIK_USAGE product text,5.15,
Auvik,EPRM-ANM-250 Auvik Essentials -- Overage,EPRM-ANM-250 Auvik Essentials,3PARTYSAASAUVIKTRFMO,AUVIK_CW_ESSENTIALS,AUVIK_MAPPING_WORKBOOK,6.72,
Auvik,"Auvik AMN - Performance AddOn - Committed, 40-74 Tier","Auvik AMN - Performance AddOn - Committed, 40-74 Tier",AVADDON40,AUVIK_CW_PERFORMANCE,Generated from live Auvik Zuora SKU text,,
Auvik,COANM-3 Committed Billable Devices,COANM-3 Committed Billable Devices,,AUVIK_CMS_ESSENTIALS,Generated from AUVIK_USAGE product text,10.5,
Auvik,PARM-ANM-100 Auvik Performance Add On,PARM-ANM-100 Auvik Performance Add On,,AUVIK_CMS_PERFORMANCE,AUVIK_MAPPING_WORKBOOK | Generated from AUVIK_USAGE product text,4.77,
Auvik,ConnectWise RMM Networks Package MSP 500 (Recurring)Fixed Price,ConnectWise RMM Networks Package MSP 500 (Recurring)Fixed Price,CULCSAS10072601M0500,AUVIK_CMS_ESSENTIALS,Generated from live Auvik Zuora SKU text,,
Auvik,ConnectWise RMM Networks Package MSP 40 (Usage)AdditionalCharge -- Overage,ConnectWise RMM Networks Package MSP 40 (Usage)AdditionalCharge -- Overage,CULCSAAS100707P00040,AUVIK_CMS_ESSENTIALS,Generated from live Auvik Zuora SKU text,,
Auvik,Auvik SaaS Management,Auvik SaaS Management,SRM-SAM-MSP,AUVIK_CW_ASM,AUVIK_MAPPING_WORKBOOK,1.58,
Auvik,ERM-ANM-1000 Auvik Essentials -- Overage,ERM-ANM-1000 Auvik Essentials -- Overage,,AUVIK_CW_ESSENTIALS,Generated from AUVIK_USAGE product text,4.2,
Auvik,EPRM-ANM-40 Auvik Essentials -- Committed,EPRM-ANM-40 Auvik Essentials -- Committed,,AUVIK_CW_PERFORMANCE,Generated from AUVIK_USAGE product text,9.19,
Auvik,"Auvik Essentials NMM, 1000+ -- Proration","Auvik Essentials NMM, 1000+ -- Proration",CWANNMM7,AUVIK_CW_ESSENTIALS,Generated from live Auvik Zuora SKU text,,
Auvik,ERM-ANM-40 Auvik Essentials -- Overage,ERM-ANM-40 Auvik Essentials -- Overage,,AUVIK_CW_ESSENTIALS,Generated from AUVIK_USAGE product text,9.19,
Auvik,EPRM-ANM-250 Auvik Essentials -- Committed,EPRM-ANM-250 Auvik Essentials -- Committed,,AUVIK_CW_PERFORMANCE,Generated from AUVIK_USAGE product text,6.4,
Auvik,COANM-5 Committed Billable Devices,COANM-5 Committed Billable Devices,CULCSAS10072601M0500,AUVIK_CMS_ESSENTIALS,AUVIK_MAPPING_WORKBOOK,5.025,
Auvik,Auvik Transfer - Essentials Annual,Auvik Transfer - Essentials Annual,3RDPARTYSAASAUVIKTRF,AUVIK_CW_ESSENTIALS,Generated from live Auvik Zuora SKU text,,
Auvik,PARM-ANM-75 Auvik Performance Add On -- Overage,PARM-ANM-75 Auvik Performance Add On,AUVIKPERFORMANCADDON,AUVIK_CW_PERFORMANCE,AUVIK_MAPPING_WORKBOOK,5.88,
Auvik,SRM - ASM - MSP - Overage,SRM - ASM - MSP - Overage,,AUVIK_CMS_ASM,Generated from AUVIK_USAGE product text,1.05,
Auvik,PRM-ANM-500 Auvik Performance -- Overage,PRM-ANM-500 Auvik Performance,CULCSAAS100711P00500,AUVIK_CMS_PERFORMANCE,AUVIK_MAPPING_WORKBOOK,7.095,
Auvik,Overage - ANM Essentials,ANM Essentials,CULCSAS10072101M0750,AUVIK_CMS_ESSENTIALS,AUVIK_MAPPING_WORKBOOK,,
Auvik,ConnectWise RMM Networks Package MSP 100 (Usage)Performance,ConnectWise RMM Networks Package MSP 100 (Usage)Performance,CULCSAAS100708P00100,AUVIK_CMS_PERFORMANCE,Generated from live Auvik Zuora SKU text,,
Auvik,CWANM-2 Committed Billable Devices,CWANM-2 Committed Billable Devices,,AUVIK_CW_ESSENTIALS,Generated from AUVIK_USAGE product text,7.175,
Auvik,EPRM-ANM-250 Auvik Essentials -- Overage,EPRM-ANM-250 Auvik Essentials -- Overage,,AUVIK_CMS_PERFORMANCE,Generated from AUVIK_USAGE product text,6.72,
Auvik,PARM-ANM-250 Auvik Performance Add On -- Overage,PARM-ANM-250 Auvik Performance Add On,CULCSAAS100710P00250,AUVIK_CMS_PERFORMANCE,AUVIK_MAPPING_WORKBOOK,3.5,
Auvik,EPRM-ANM-40 Auvik Essentials -- Committed,EPRM-ANM-40 Auvik Essentials,AUVIK-ESSENTIALS,AUVIK_CW_ESSENTIALS,AUVIK_MAPPING_WORKBOOK,9.19,
Auvik,Usage - Billable Devices,Usage - Billable Devices,,AUVIK_CW_ESSENTIALS,Generated from AUVIK_USAGE product text,10.5,
Auvik,EPRM-ANM-750 Auvik Essentials -- Overage,EPRM-ANM-750 Auvik Essentials -- Overage,,AUVIK_CMS_PERFORMANCE,Generated from AUVIK_USAGE product text,4.76,
Auvik,Free of Charge,Free of Charge,,AUVIK_CW_ESSENTIALS,Generated from AUVIK_USAGE product text,,
Auvik,PRM-ANM-250 Auvik Performance -- Committed,PRM-ANM-250 Auvik Performance,AUVIKPERFORMANCADDON,AUVIK_CW_PERFORMANCE,AUVIK_MAPPING_WORKBOOK,8.45,
Auvik,ANM Essentials,ANM Essentials,CULCSAS10071801M0100,AUVIK_CMS_ESSENTIALS,AUVIK_MAPPING_WORKBOOK,7.35,
Auvik,EPRM-ANM-1000 Auvik Essentials -- Committed,EPRM-ANM-1000 Auvik Essentials -- Committed,,AUVIK_CW_PERFORMANCE,Generated from AUVIK_USAGE product text,4.2,
Auvik,EPRM-ANM-40 Auvik Essentials -- Overage,EPRM-ANM-40 Auvik Essentials -- Overage,,AUVIK_CW_PERFORMANCE,Generated from AUVIK_USAGE product text,9.19,
Auvik,PARM-ANM-10 Auvik Performance Add On,PARM-ANM-10 Auvik Performance Add On,AUVIKPERFORMANCADDON,AUVIK_CW_PERFORMANCE,AUVIK_MAPPING_WORKBOOK,7.0,
Auvik,ANM Essentials,ANM Essentials,CULCSAS10071601M0010,AUVIK_CMS_ESSENTIALS,AUVIK_MAPPING_WORKBOOK,7.35,
Auvik,COANM-2 Additional Billable Devices,COANM-2 Additional Billable Devices,CULCSAS10071701M0040,AUVIK_CMS_ESSENTIALS,AUVIK_MAPPING_WORKBOOK,9.19,
Auvik,ANM Essentials - Evergreen,ANM Essentials,CULCSAAS100706P00010,AUVIK_CMS_ESSENTIALS,AUVIK_MAPPING_WORKBOOK,9.36,
Auvik,ERM-ANM-250 Auvik Essentials -- Committed,ERM-ANM-250 Auvik Essentials -- Committed,,AUVIK_CW_ESSENTIALS,Generated from AUVIK_USAGE product text,5.88,
Auvik,ANM Essentials,ANM Essentials,,AUVIK_CMS_ESSENTIALS,Generated from AUVIK_USAGE product text,7.35,
Auvik,Auvik SaaS Management - Evergreen,Auvik SaaS Management,CW-AUVIK-MRM-ASM,AUVIK_CW_ASM,AUVIK_MAPPING_WORKBOOK,1.26,
Auvik,Command for Network Package MSP 10 (Recurring)Fixed Price,Command for Network Package MSP 10 (Recurring)Fixed Price,CULCSAS10071601M0010,AUVIK_CMS_ESSENTIALS,Generated from live Auvik Zuora SKU text,,
Auvik,COANM-4 Additional Performance Add-Ons,COANM-4 Additional Performance Add-Ons,CULCSAAS100708P00100,AUVIK_CMS_PERFORMANCE,AUVIK_MAPPING_WORKBOOK,6.0,
Auvik,EPRM-ANM-750 Auvik Essentials -- Committed,EPRM-ANM-750 Auvik Essentials -- Committed,,AUVIK_CW_PERFORMANCE,Generated from AUVIK_USAGE product text,4.76,
Auvik,ANM Essentials - Evergreen,ANM Essentials,CULCSAS10072101M0750,AUVIK_CMS_ESSENTIALS,AUVIK_MAPPING_WORKBOOK,9.36,
Auvik,PARM-ANM-75 Auvik Performance Add On -- Overage,PARM-ANM-75 Auvik Performance Add On -- Overage,,AUVIK_CW_PERFORMANCE,Generated from AUVIK_USAGE product text,5.88,
Auvik,CWANM-4 Additional Billable Devices,CWANM-4 Additional Billable Devices,AUVIK-ESSENTIALS,AUVIK_CW_ESSENTIALS,AUVIK_MAPPING_WORKBOOK,5.6,
Auvik,EPRM-ANM-75 Auvik Essentials -- Overage,EPRM-ANM-75 Auvik Essentials -- Overage,,AUVIK_CW_PERFORMANCE,Generated from AUVIK_USAGE product text,8.64,
Auvik,PRM-ANM-500 Auvik Performance -- Committed,PRM-ANM-500 Auvik Performance,CULCSAAS100711P00500,AUVIK_CMS_PERFORMANCE,AUVIK_MAPPING_WORKBOOK,7.095,
Auvik,ConnectWise RMM Networks Package MSP 100 (Recurring)Fixed Price,ConnectWise RMM Networks Package MSP 100 (Recurring)Fixed Price,CULCSAS10071801M0100,AUVIK_CMS_ESSENTIALS,Generated from live Auvik Zuora SKU text,,
Auvik,RM - ASM - 250 - Committed,RM - ASM - 250 - Committed,CW-AUVIK-MRM-ASM,AUVIK_CW_ASM,AUVIK_MAPPING_WORKBOOK,1.05,
Auvik,Usage - Licenses,Usage - Licenses,,AUVIK_CMS_ESSENTIALS,Generated from AUVIK_USAGE product text,10.5,
Auvik,ANM Performance Add-On Evergreen,ANM Performance Add-On Evergreen,,AUVIK_CW_PERFORMANCE,Generated from AUVIK_USAGE product text,4.79,
Auvik,Auvik Flow Devices,Auvik Flow Devices,,AUVIK_CW_ESSENTIALS,Generated from AUVIK_USAGE product text,,
Auvik,Auvik ANM - Full Performance - Committed -- Proration,Auvik ANM - Full Performance - Committed -- Proration,AUVIK-PRM-ANM-NEW-BUSSINESS,AUVIK_CW_PERFORMANCE,Generated from live Auvik Zuora SKU text,,
Auvik,Auvik NTWK Monitoring and Mgmt,Auvik NTWK Monitoring and Mgmt,3RDPARTYSAASAUVIKMSP,AUVIK_CW_ESSENTIALS,Generated from live Auvik Zuora SKU text,,
Auvik,Auvik SaaS Management - Evergreen,Auvik SaaS Management - Evergreen,,AUVIK_CMS_ASM,Generated from AUVIK_USAGE product text,1.26,
Auvik,CWANM-3 Additional Billable Devices,CWANM-3 Additional Billable Devices,,AUVIK_CW_ESSENTIALS,Generated from AUVIK_USAGE product text,6.62,
Auvik,PRM-ANM-250 Auvik Performance -- Overage,PRM-ANM-250 Auvik Performance,AUVIKPERFORMANCADDON,AUVIK_CW_PERFORMANCE,AUVIK_MAPPING_WORKBOOK,8.45,
Auvik,ERM-ANM-250 Auvik Essentials -- Overage,ERM-ANM-250 Auvik Essentials,CWANNMM4,AUVIK_CW_ESSENTIALS,AUVIK_MAPPING_WORKBOOK,5.88,
Auvik,ANM Full Performance Evergreen,ANM Full Performance Evergreen,,AUVIK_CW_PERFORMANCE,Generated from AUVIK_USAGE product text,11.4,
Auvik,ANM Essentials - Evergreen,ANM Essentials,CWANNMM2,AUVIK_CW_ESSENTIALS,AUVIK_MAPPING_WORKBOOK,9.36,
Auvik,ConnectWise RMM Networks Package MSP 40 (Recurring)Fixed Price,ConnectWise RMM Networks Package MSP 40 (Recurring)Fixed Price,CULCSAS10071701M0040,AUVIK_CMS_ESSENTIALS,Generated from live Auvik Zuora SKU text,,
Auvik,Auvik 250 Network Monitoring and Management,Auvik 250 Network Monitoring and Management,AVNMM250,AUVIK_CW_ESSENTIALS,Generated from live Auvik Zuora SKU text,,
Auvik,COANM-3 Committed Billable Devices,COANM-3 Committed Billable Devices,CULCSAS10071601M0010,AUVIK_CMS_ESSENTIALS,AUVIK_MAPPING_WORKBOOK,10.5,
Auvik,CWANM-2 Committed Billable Devices,CWANM-2 Committed Billable Devices,CWANNMM2,AUVIK_CW_ESSENTIALS,AUVIK_MAPPING_WORKBOOK,7.175,
Auvik,Auvik 40 Network Monitoring and Management,Auvik 40 Network Monitoring and Management,AVNMM40,AUVIK_CW_ESSENTIALS,Generated from live Auvik Zuora SKU text,,
Auvik,PARM-ANM-1000 Auvik Performance Add On -- Overage,PARM-ANM-1000 Auvik Performance Add On -- Overage,,AUVIK_CMS_PERFORMANCE,Generated from AUVIK_USAGE product text,2.02,
Auvik,ERM-ANM-1000 Auvik Essentials -- Committed,ERM-ANM-1000 Auvik Essentials,CWANNMM4,AUVIK_CW_ESSENTIALS,AUVIK_MAPPING_WORKBOOK,4.2,
Auvik,COANM-1 Additional Billable Devices,COANM-1 Additional Billable Devices,CULCSAS10071701M0040,AUVIK_CMS_ESSENTIALS,AUVIK_MAPPING_WORKBOOK,9.19,
Auvik,Overage - ANM Essentials,ANM Essentials,CULCSAS10071601M0010,AUVIK_CMS_ESSENTIALS,AUVIK_MAPPING_WORKBOOK,,
Auvik,ANM Performance Add-Ons - Evergreen,ANM Performance Add-Ons,AUVIKPERFORMANCADDON,AUVIK_CW_PERFORMANCE,AUVIK_MAPPING_WORKBOOK,4.99,
Auvik,ERM-ANM-100 Auvik Essentials -- Committed,ERM-ANM-100 Auvik Essentials -- Committed,,AUVIK_CW_ESSENTIALS,Generated from AUVIK_USAGE product text,7.175,
Auvik,ConnectWise Command Networks Package MSP 250 (Usage)Performance,ConnectWise Command Networks Package MSP 250 (Usage)Performance,CULCSAAS100710P00250,AUVIK_CMS_PERFORMANCE,Generated from live Auvik Zuora SKU text,,
Auvik,ConnectWise Command Networks Package MSP 250 (Usage)AdditionalCharge -- Overage,ConnectWise Command Networks Package MSP 250 (Usage)AdditionalCharge -- Overage,CULCSAAS100710P00250,AUVIK_CMS_ESSENTIALS,Generated from live Auvik Zuora SKU text,,
Auvik,RM - ASM - 250 - Committed,RM - ASM - 250 - Committed,,AUVIK_CMS_ASM,AUVIK_MAPPING_WORKBOOK | Generated from AUVIK_USAGE product text,1.05,
Auvik,Licenses,Licenses,CULCSAS10071601M0010,AUVIK_CMS_ESSENTIALS,AUVIK_MAPPING_WORKBOOK,10.5,
Auvik,COANM-1 Additional Billable Devices,COANM-1 Additional Billable Devices,,AUVIK_CMS_ESSENTIALS,Generated from AUVIK_USAGE product text,9.19,
Auvik,COANM-2 Committed Billable Devices,COANM-2 Committed Billable Devices,CULCSAS10071801M0100,AUVIK_CMS_ESSENTIALS,AUVIK_MAPPING_WORKBOOK,7.35,
Auvik,Auvik SaaS Management Evergreen,Auvik SaaS Management Evergreen,,AUVIK_CW_ASM,Generated from AUVIK_USAGE product text,1.26,
Auvik,EPRM-ANM-10 Auvik Essentials -- Committed,EPRM-ANM-10 Auvik Essentials -- Committed,,AUVIK_CMS_PERFORMANCE,Generated from AUVIK_USAGE product text,10.5,
Auvik,COANM-1 Committed Billable Devices,COANM-1 Committed Billable Devices,,AUVIK_CMS_ESSENTIALS,Generated from AUVIK_USAGE product text,9.19,
Auvik,COANM-5 Additional Performance Add-Ons,COANM-5 Additional Performance Add-Ons,,AUVIK_CMS_PERFORMANCE,AUVIK_MAPPING_WORKBOOK | Generated from AUVIK_USAGE product text,3.515,
Auvik,ANM Essentials - Evergreen,ANM Essentials,CWANNMM0,AUVIK_CW_ESSENTIALS,AUVIK_MAPPING_WORKBOOK,9.36,
Auvik,ANM Essentials - Evergreen,ANM Essentials,CULCSAS10072601M0500,AUVIK_CMS_ESSENTIALS,AUVIK_MAPPING_WORKBOOK,9.36,
Auvik,Billable Devices,Billable Devices,,AUVIK_CW_ESSENTIALS,Generated from AUVIK_USAGE product text,8.97,
Auvik,ERM-ANM-500 Auvik Essentials -- Overage,ERM-ANM-500 Auvik Essentials,CULCSAS10072601M0500,AUVIK_CMS_ESSENTIALS,AUVIK_MAPPING_WORKBOOK,5.88,
Auvik,Auvik Essentials,Auvik Essentials,AUVIK-ESSENTIALS,AUVIK_CW_ESSENTIALS,Generated from live Auvik Zuora SKU text,,
Auvik,ANM Essentials,ANM Essentials,,AUVIK_CW_ESSENTIALS,Generated from AUVIK_USAGE product text,7.35,
Auvik,ConnectWise RMM Networks Package MSP 1500 (Recurring)Fixed Price,ConnectWise RMM Networks Package MSP 1500 (Recurring)Fixed Price,CULCSAS10072301M1500,AUVIK_CMS_ESSENTIALS,Generated from live Auvik Zuora SKU text,,
Auvik,ConnectWise RMM Networks Package MSP 750 (Usage)AdditionalCharge -- Overage,ConnectWise RMM Networks Package MSP 750 (Usage)AdditionalCharge -- Overage,CULCSAAS100712P00750,AUVIK_CMS_ESSENTIALS,Generated from live Auvik Zuora SKU text,,
Auvik,ConnectWise RMM Networks Package MSP 1000 (Usage)Performance,ConnectWise RMM Networks Package MSP 1000 (Usage)Performance,CULCSAAS100713P10000,AUVIK_CMS_PERFORMANCE,Generated from live Auvik Zuora SKU text,,
Auvik,ERM-ANM-100 Auvik Essentials -- Overage,ERM-ANM-100 Auvik Essentials -- Overage,,AUVIK_CW_ESSENTIALS,Generated from AUVIK_USAGE product text,7.35,
Auvik,ANM Performance Add-Ons,ANM Performance Add-Ons,,AUVIK_CW_PERFORMANCE,Generated from AUVIK_USAGE product text,3.5,
Auvik,Auvik ASM - Standard - Committed,Auvik ASM - Standard - Committed,CW-AUVIK-MRM-ASM,AUVIK_CW_ASM,Generated from live Auvik Zuora SKU text,,
Auvik,COANM-3 Additional Performance Add-Ons,COANM-3 Additional Performance Add-Ons,,AUVIK_CMS_PERFORMANCE,Generated from AUVIK_USAGE product text,4.48,
Auvik,EPRM-ANM-500 Auvik Essentials -- Committed,EPRM-ANM-500 Auvik Essentials -- Committed,,AUVIK_CW_PERFORMANCE,Generated from AUVIK_USAGE product text,5.74,
Auvik,CWANM-0 Committed Billable Devices,CWANM-0 Committed Billable Devices,,AUVIK_CW_ESSENTIALS,Generated from AUVIK_USAGE product text,10.5,
Auvik,ERM-ANM-75 Auvik Essentials -- Committed,ERM-ANM-75 Auvik Essentials -- Committed,,AUVIK_CW_ESSENTIALS,Generated from AUVIK_USAGE product text,8.65,
Auvik,"Auvik Essentials NMM, 40-99 Tier -- Proration","Auvik Essentials NMM, 40-99 Tier -- Proration",CWANNMM1,AUVIK_CW_ESSENTIALS,Generated from live Auvik Zuora SKU text,,
Auvik,Auvik 500 Network Monitoring and Management,Auvik 500 Network Monitoring and Management,AVNMM500,AUVIK_CW_ESSENTIALS,Generated from live Auvik Zuora SKU text,,
Auvik,Auvik SaaS Application Management -- Proration,Auvik SaaS Application Management -- Proration,SRM-SAM-MSP,AUVIK_CW_ASM,Generated from live Auvik Zuora SKU text,,
Auvik,PARM-ANM-1000 Auvik Performance Add On,PARM-ANM-1000 Auvik Performance Add On,,AUVIK_CMS_PERFORMANCE,AUVIK_MAPPING_WORKBOOK | Generated from AUVIK_USAGE product text,1.76,
Auvik,PARM-ANM-750 Auvik Performance Add On -- Overage,PARM-ANM-750 Auvik Performance Add On -- Overage,,AUVIK_CW_PERFORMANCE,Generated from AUVIK_USAGE product text,2.77,
Auvik,ConnectWise RMM Networks Package MSP 175 (Recurring)Fixed Price,ConnectWise RMM Networks Package MSP 175 (Recurring)Fixed Price,CULCSAS10071901M0175,AUVIK_CMS_ESSENTIALS,Generated from live Auvik Zuora SKU text,,
Auvik,Command for Network Package MSP 100 (Usage)AdditionalCharge -- Overage,Command for Network Package MSP 100 (Usage)AdditionalCharge -- Overage,CULCSAAS100708P00100,AUVIK_CMS_ESSENTIALS,Generated from live Auvik Zuora SKU text,,
Auvik,ANM Essentials Evergreen,ANM Essentials Evergreen,,AUVIK_CW_ESSENTIALS,Generated from AUVIK_USAGE product text,8.97,
Auvik,ERM-ANM-75 Auvik Essentials -- Overage,ERM-ANM-75 Auvik Essentials -- Overage,,AUVIK_CW_ESSENTIALS,Generated from AUVIK_USAGE product text,8.645,
Auvik,COANM-4 Committed Billable Devices,COANM-4 Committed Billable Devices,,AUVIK_CMS_ESSENTIALS,Generated from AUVIK_USAGE product text,5.88,
Auvik,PARM-ANM-40 Auvik Performance Add On,PARM-ANM-40 Auvik Performance Add On,,AUVIK_CW_PERFORMANCE,Generated from AUVIK_USAGE product text,6.25,
Auvik,ANM Essentials,ANM Essentials,CULCSAS10072101M0750,AUVIK_CMS_ESSENTIALS,AUVIK_MAPPING_WORKBOOK,7.35,
Auvik,PRM-ANM-40 Auvik Performance -- Overage,PRM-ANM-40 Auvik Performance -- Overage,,AUVIK_CW_PERFORMANCE,Generated from AUVIK_USAGE product text,15.44,
Auvik,"Auvik Essentials NMM, 100-174 Tier","Auvik Essentials NMM, 100-174 Tier",CWANNMM2,AUVIK_CW_ESSENTIALS,Generated from live Auvik Zuora SKU text,,
Auvik,ConnectWise Invent Billing for Auvik Networks,ConnectWise Invent Billing for Auvik Networks,AUVIK-INVENT-BILLING,AUVIK_CW_ASM,Generated from live Auvik Zuora SKU text,,
Auvik,PARM-ANM-750 Auvik Performance Add On,PARM-ANM-750 Auvik Performance Add On,AUVIKPERFORMANCADDON,AUVIK_CW_PERFORMANCE,AUVIK_MAPPING_WORKBOOK,2.77,
Auvik,PRM-ANM-100 Auvik Performance -- Committed,PRM-ANM-100 Auvik Performance,AUVIKPERFORMANCADDON,AUVIK_CW_PERFORMANCE,AUVIK_MAPPING_WORKBOOK,10.66,
Auvik,RM - ASM - 100 - Overage,RM - ASM - 100 - Overage,,AUVIK_CMS_ASM,Generated from AUVIK_USAGE product text,1.5775,
Auvik,ConnectWise RMM Networks Package MSP 40 (Usage)Performance,ConnectWise RMM Networks Package MSP 40 (Usage)Performance,CULCSAAS100707P00040,AUVIK_CMS_PERFORMANCE,Generated from live Auvik Zuora SKU text,,
Auvik,PARM-ANM-100 Auvik Performance Add On -- Overage,PARM-ANM-100 Auvik Performance Add On -- Overage,,AUVIK_CMS_PERFORMANCE,Generated from AUVIK_USAGE product text,5.46,
Auvik,PARM-ANM-40 Auvik Performance Add On,PARM-ANM-40 Auvik Performance Add On,,AUVIK_CMS_PERFORMANCE,AUVIK_MAPPING_WORKBOOK | Generated from AUVIK_USAGE product text,6.25,
Auvik,ERM-ANM-250 Auvik Essentials -- Committed,ERM-ANM-250 Auvik Essentials,AUVIK-ESSENTIALS,AUVIK_CW_ESSENTIALS,AUVIK_MAPPING_WORKBOOK,5.88,
Auvik,CWANM-1 Committed Performance Add-Ons,CWANM-1 Committed Performance Add-Ons,3RDPARTYSAASPERFADON,AUVIK_CW_PERFORMANCE,AUVIK_MAPPING_WORKBOOK,5.71,
Auvik,CWANM-2 Committed Performance Add-Ons,CWANM-2 Committed Performance Add-Ons,,AUVIK_CW_PERFORMANCE,Generated from AUVIK_USAGE product text,4.66,
Auvik,Performance Add-On - Promo,Performance Add-On - Promo,,AUVIK_CW_PERFORMANCE,Generated from AUVIK_USAGE product text,,
Auvik,Overage - ANM Essentials,ANM Essentials,CULCSAS10072601M0500,AUVIK_CMS_ESSENTIALS,AUVIK_MAPPING_WORKBOOK,,
Auvik,Auvik MSP Monthly Plan Fee,Auvik MSP Monthly Plan Fee,,AUVIK_CW_ESSENTIALS,Generated from AUVIK_USAGE product text,156.8,
Auvik,PARM-ANM-250 Auvik Performance Add On -- Overage,PARM-ANM-250 Auvik Performance Add On -- Overage,,AUVIK_CMS_PERFORMANCE,Generated from AUVIK_USAGE product text,3.5,
Auvik,Licenses,Licenses,CULCSAS10071701M0040,AUVIK_CMS_ESSENTIALS,AUVIK_MAPPING_WORKBOOK,10.5,
Auvik,Overage - ANM Essentials Evergreen,ANM Essentials,AUVIK-ESSENTIALS,AUVIK_CW_ESSENTIALS,AUVIK_MAPPING_WORKBOOK,,
Auvik,EPRM-ANM-100 Auvik Essentials -- Committed,EPRM-ANM-100 Auvik Essentials -- Committed,,AUVIK_CW_PERFORMANCE,Generated from AUVIK_USAGE product text,7.35,
Auvik,Auvik Performance Add-On,Auvik Performance Add-On,AUVIKPERFORMANCADDON,AUVIK_CW_PERFORMANCE,Generated from live Auvik Zuora SKU text,,
Auvik,ERM-ANM-500 Auvik Essentials -- Committed,ERM-ANM-500 Auvik Essentials -- Committed,,AUVIK_CW_ESSENTIALS,Generated from AUVIK_USAGE product text,5.88,
Auvik,EPRM-ANM-750 Auvik Essentials -- Committed,EPRM-ANM-750 Auvik Essentials,CULCSAS10072101M0750,AUVIK_CMS_ESSENTIALS,AUVIK_MAPPING_WORKBOOK,4.76,
Auvik,"Auvik AMN - PerformanceAddOn - Committed, 1-39 Tier","Auvik AMN - PerformanceAddOn - Committed, 1-39 Tier",AVADDON10,AUVIK_CW_PERFORMANCE,Generated from live Auvik Zuora SKU text,,
Auvik,EPRM-ANM-10 Auvik Essentials -- Committed,EPRM-ANM-10 Auvik Essentials,AUVIK-ESSENTIALS,AUVIK_CW_ESSENTIALS,AUVIK_MAPPING_WORKBOOK,10.5,
Auvik,EPRM-ANM-75 Auvik Essentials -- Overage,EPRM-ANM-75 Auvik Essentials,CULCSAS10071801M0075,AUVIK_CMS_ESSENTIALS,AUVIK_MAPPING_WORKBOOK,8.64,
Auvik,RM - ASM - 1000 - Committed,RM - ASM - 1000 - Committed,,AUVIK_CW_ASM,AUVIK_MAPPING_WORKBOOK | Generated from AUVIK_USAGE product text,0.57,
Auvik,EPRM-ANM-750 Auvik Essentials -- Overage,EPRM-ANM-750 Auvik Essentials -- Overage,,AUVIK_CW_PERFORMANCE,Generated from AUVIK_USAGE product text,4.76,
Auvik,ERM-ANM-175 Auvik Essentials -- Overage,ERM-ANM-175 Auvik Essentials,3RDPARTYSAASAUVIKMSP,AUVIK_CW_ESSENTIALS,AUVIK_MAPPING_WORKBOOK,6.3,
Auvik,ConnectWise RMM Networks Package MSP 750 (Recurring)Fixed Price,ConnectWise RMM Networks Package MSP 750 (Recurring)Fixed Price,CULCSAS10072101M0750,AUVIK_CMS_ESSENTIALS,Generated from live Auvik Zuora SKU text,,
Auvik,PARM-ANM-40 Auvik Performance Add On -- Overage,PARM-ANM-40 Auvik Performance Add On,,AUVIK_CMS_PERFORMANCE,AUVIK_MAPPING_WORKBOOK,6.25,
Auvik,RM - ASM - 100 - Committed,RM - ASM - 100 - Committed,,AUVIK_CW_ASM,AUVIK_MAPPING_WORKBOOK | Generated from AUVIK_USAGE product text,1.575,
Auvik,ConnectWise Command Networks Package MSP 10 (Recurring)Fixed Price,ConnectWise Command Networks Package MSP 10 (Recurring)Fixed Price,CULCSAS10071601M0010,AUVIK_CMS_ESSENTIALS,Generated from live Auvik Zuora SKU text,,
Auvik,RM - ASM - 250 - Overage,RM - ASM - 250 - Overage,CW-AUVIK-MRM-ASM,AUVIK_CW_ASM,AUVIK_MAPPING_WORKBOOK,1.155,
Auvik,COANM-4 Committed Billable Devices,COANM-4 Committed Billable Devices,CULCSAS10072501M0250,AUVIK_CMS_ESSENTIALS,AUVIK_MAPPING_WORKBOOK,5.88,
Auvik,Auvik Transfer - Essentials,Auvik Transfer - Essentials,3PARTYSAASAUVIKTRFMO,AUVIK_CW_ESSENTIALS,Generated from live Auvik Zuora SKU text,,
Auvik,EPRM-ANM-10 Auvik Essentials -- Overage,EPRM-ANM-10 Auvik Essentials -- Overage,,AUVIK_CW_PERFORMANCE,Generated from AUVIK_USAGE product text,11.999,
Auvik,CWANM-7 Committed Billable Devices,CWANM-7 Committed Billable Devices,,AUVIK_CW_ESSENTIALS,Generated from AUVIK_USAGE product text,3.41,
Auvik,RM - ASM - 500 - Committed,RM - ASM - 500 - Committed,,AUVIK_CMS_ASM,AUVIK_MAPPING_WORKBOOK | Generated from AUVIK_USAGE product text,0.91,
Auvik,ANM Performance Add-Ons - Evergreen,ANM Performance Add-Ons - Evergreen,,AUVIK_CW_PERFORMANCE,Generated from AUVIK_USAGE product text,4.99,
Auvik,ANM Essentials,ANM Essentials,CULCSAS10071801M0075,AUVIK_CMS_ESSENTIALS,AUVIK_MAPPING_WORKBOOK,7.35,
Auvik,Auvik 10 Network Monitoring and Management,Auvik 10 Network Monitoring and Management,AVNMM10,AUVIK_CW_ESSENTIALS,Generated from live Auvik Zuora SKU text,,
Auvik,ERM-ANM-500 Auvik Essentials -- Overage,ERM-ANM-500 Auvik Essentials -- Overage,,AUVIK_CMS_ESSENTIALS,Generated from AUVIK_USAGE product text,5.88,
Auvik,Usage - Licenses,Licenses,CULCSAS10071701M0040,AUVIK_CMS_ESSENTIALS,AUVIK_MAPPING_WORKBOOK,10.5,
Auvik,Overage - ANM Essentials Evergreen,ANM Essentials,CMS-EG-UMM-RMM-SAAS-10070101,AUVIK_CMS_ESSENTIALS,AUVIK_MAPPING_WORKBOOK,,
Auvik,ERM-ANM-75 Auvik Essentials -- Committed,ERM-ANM-75 Auvik Essentials,AUVIK-ESSENTIALS,AUVIK_CW_ESSENTIALS,AUVIK_MAPPING_WORKBOOK,8.65,
Auvik,CWANM-4 Committed Billable Devices,CWANM-4 Committed Billable Devices,AUVIK-ESSENTIALS,AUVIK_CW_ESSENTIALS,AUVIK_MAPPING_WORKBOOK,5.6,
Auvik,ANM Essentials - Evergreen,ANM Essentials,CULCSAS10072501M0250,AUVIK_CMS_ESSENTIALS,AUVIK_MAPPING_WORKBOOK,9.36,
Auvik,ANM Full Performance - Evergreen,ANM Full Performance,CULCSAAS100711P00500,AUVIK_CMS_PERFORMANCE,AUVIK_MAPPING_WORKBOOK,11.4,
Auvik,Billable Devices,Billable Devices,3RDPARTYSAASAUVIKMSP,AUVIK_CW_ESSENTIALS,AUVIK_MAPPING_WORKBOOK,8.97,
Auvik,ANM Essentials - Evergreen,ANM Essentials,CWANNMM5,AUVIK_CW_ESSENTIALS,AUVIK_MAPPING_WORKBOOK,9.36,
Auvik,EPRM-ANM-175 Auvik Essentials -- Committed,EPRM-ANM-175 Auvik Essentials -- Committed,,AUVIK_CMS_PERFORMANCE,Generated from AUVIK_USAGE product text,7.38,
Auvik,"Auvik Essentials NMM, 175-249 Tier","Auvik Essentials NMM, 175-249 Tier",CWANNMM3,AUVIK_CW_ESSENTIALS,Generated from live Auvik Zuora SKU text,,
Auvik,ANM Performance Add-on,ANM Performance Add-on,,AUVIK_CW_PERFORMANCE,Generated from AUVIK_USAGE product text,3.625,
Auvik,CWANM-4 Additional Performance Add-Ons,CWANM-4 Additional Performance Add-Ons,,AUVIK_CW_PERFORMANCE,Generated from AUVIK_USAGE product text,3.85,
Auvik,EPRM-ANM-100 Auvik Essentials -- Overage,EPRM-ANM-100 Auvik Essentials,CULCSAS10071801M0100,AUVIK_CMS_ESSENTIALS,AUVIK_MAPPING_WORKBOOK,8.4,
Auvik,PARM-ANM-100 Auvik Performance Add On,PARM-ANM-100 Auvik Performance Add On,3RDPARTYSAASPERFADON,AUVIK_CW_PERFORMANCE,AUVIK_MAPPING_WORKBOOK,4.77,
Auvik,ConnectWise Command Networks Package MSP 40 (Usage)AdditionalCharge -- Overage,ConnectWise Command Networks Package MSP 40 (Usage)AdditionalCharge -- Overage,CULCSAAS100707P00040,AUVIK_CMS_ESSENTIALS,Generated from live Auvik Zuora SKU text,,
Auvik,PARM-ANM-750 Auvik Performance Add On -- Overage,PARM-ANM-750 Auvik Performance Add On,AUVIKPERFORMANCADDON,AUVIK_CW_PERFORMANCE,AUVIK_MAPPING_WORKBOOK,2.77,
Auvik,PRM-ANM-250 Auvik Performance -- Overage,PRM-ANM-250 Auvik Performance -- Overage,,AUVIK_CW_PERFORMANCE,Generated from AUVIK_USAGE product text,8.45,
Auvik,EPRM-ANM-250 Auvik Essentials -- Overage,EPRM-ANM-250 Auvik Essentials,CULCSAS10072501M0250,AUVIK_CMS_ESSENTIALS,AUVIK_MAPPING_WORKBOOK,6.72,
Auvik,PRM-ANM-100 Auvik Performance -- Committed,PRM-ANM-100 Auvik Performance -- Committed,,AUVIK_CW_PERFORMANCE,Generated from AUVIK_USAGE product text,10.66,
Auvik,PARM-ANM-175 Auvik Performance Add On -- Overage,PARM-ANM-175 Auvik Performance Add On -- Overage,,AUVIK_CMS_PERFORMANCE,Generated from AUVIK_USAGE product text,4.04,
Auvik,CWANM-4 Additional Performance Add-Ons,CWANM-4 Additional Performance Add-Ons,AUVIKPERFORMANCADDON,AUVIK_CW_PERFORMANCE,AUVIK_MAPPING_WORKBOOK,3.85,
Auvik,ANM Essentials - Evergreen,ANM Essentials,CULCSAS10071901M0175,AUVIK_CMS_ESSENTIALS,AUVIK_MAPPING_WORKBOOK,9.36,
Auvik,ANM Essentials - Evergreen,ANM Essentials - Evergreen,,AUVIK_CMS_ESSENTIALS,Generated from AUVIK_USAGE product text,9.36,
Auvik,EPRM-ANM-100 Auvik Essentials -- Committed,EPRM-ANM-100 Auvik Essentials -- Committed,,AUVIK_CMS_PERFORMANCE,Generated from AUVIK_USAGE product text,7.35,
Auvik,ConnectWise RMM Networks Package MSP 1000 (Recurring)Fixed Price,ConnectWise RMM Networks Package MSP 1000 (Recurring)Fixed Price,CULCSAS10072201M1000,AUVIK_CMS_ESSENTIALS,Generated from live Auvik Zuora SKU text,,
Auvik,PARM-ANM-175 Auvik Performance Add On,PARM-ANM-175 Auvik Performance Add On,,AUVIK_CW_PERFORMANCE,Generated from AUVIK_USAGE product text,4.04,
Auvik,CWANM-1 Additional Billable Devices,CWANM-1 Additional Billable Devices,CWANNMM1,AUVIK_CW_ESSENTIALS,AUVIK_MAPPING_WORKBOOK,9.19,
Auvik,COANM-2 Additional Billable Devices,COANM-2 Additional Billable Devices,CULCSAAS100707P00040,AUVIK_CMS_ESSENTIALS,AUVIK_MAPPING_WORKBOOK,9.19,
Auvik,CWANM-1 Committed Billable Devices,CWANM-1 Committed Billable Devices,CWANNMM2,AUVIK_CW_ESSENTIALS,AUVIK_MAPPING_WORKBOOK,9.19,
Auvik,Auvik Transfer - Essentials -- Proration,Auvik Transfer - Essentials -- Proration,3PARTYSAASAUVIKTRFMO,AUVIK_CW_ESSENTIALS,Generated from live Auvik Zuora SKU text,,
Auvik,MSP Monthly Free Trial,MSP Monthly Free Trial,,AUVIK_CW_ESSENTIALS,Generated from AUVIK_USAGE product text,,
Auvik,ANM Essentials - Evergreen,ANM Essentials,3RDPARTYSAASAUVIKMSP,AUVIK_CW_ESSENTIALS,AUVIK_MAPPING_WORKBOOK,9.36,
Auvik,PRM-ANM-500 Auvik Performance -- Overage,PRM-ANM-500 Auvik Performance -- Overage,,AUVIK_CW_PERFORMANCE,Generated from AUVIK_USAGE product text,7.095,
Auvik,PARM-ANM-10 Auvik Performance Add On -- Overage,PARM-ANM-10 Auvik Performance Add On,AUVIKPERFORMANCADDON,AUVIK_CW_PERFORMANCE,AUVIK_MAPPING_WORKBOOK,8.0,
Auvik,ConnectWise Command Networks Package MSP 250 (Recurring)Fixed Price,ConnectWise Command Networks Package MSP 250 (Recurring)Fixed Price,CULCSAS10072501M0250,AUVIK_CMS_ESSENTIALS,Generated from live Auvik Zuora SKU text,,
Auvik,ANM Performance Add-Ons - Evergreen,ANM Performance Add-Ons,CULCSAAS100708P00100,AUVIK_CMS_PERFORMANCE,AUVIK_MAPPING_WORKBOOK,4.99,
Auvik,Billable Devices - Additional,Billable Devices - Additional,,AUVIK_CW_ESSENTIALS,Generated from AUVIK_USAGE product text,,
Auvik,ANM Performance Add-on,ANM Performance Add-on,,AUVIK_CMS_PERFORMANCE,Generated from AUVIK_USAGE product text,3.625,
Auvik,Auvik ASM - Standard - Committed (IIT) -- Proration,Auvik ASM - Standard - Committed (IIT) -- Proration,CW-AUVIK-MRM-ASM-IIT,AUVIK_CW_ASM,Generated from live Auvik Zuora SKU text,,
Auvik,PARM-ANM-250 Auvik Performance Add On,PARM-ANM-250 Auvik Performance Add On,AUVIKPERFORMANCADDON,AUVIK_CW_PERFORMANCE,AUVIK_MAPPING_WORKBOOK,3.33,
Auvik,CWANM-1 Additional Performance Add-Ons,CWANM-1 Additional Performance Add-Ons,,AUVIK_CW_PERFORMANCE,Generated from AUVIK_USAGE product text,5.71,
Auvik,ERM-ANM-100 Auvik Essentials -- Overage,ERM-ANM-100 Auvik Essentials,AUVIK-ESSENTIALS,AUVIK_CW_ESSENTIALS,AUVIK_MAPPING_WORKBOOK,7.35,
Auvik,COANM-5 Committed Billable Devices,COANM-5 Committed Billable Devices,,AUVIK_CMS_ESSENTIALS,Generated from AUVIK_USAGE product text,5.025,
Auvik,EPRM-ANM-250 Auvik Essentials -- Committed,EPRM-ANM-250 Auvik Essentials,3PARTYSAASAUVIKTRFMO,AUVIK_CW_ESSENTIALS,AUVIK_MAPPING_WORKBOOK,6.4,
Auvik,CWANM-4 Additional Billable Devices,CWANM-4 Additional Billable Devices,,AUVIK_CW_ESSENTIALS,Generated from AUVIK_USAGE product text,5.6,
Auvik,PARM-ANM-10 Auvik Performance Add On -- Overage,PARM-ANM-10 Auvik Performance Add On,CULCSAAS100706P00010,AUVIK_CMS_PERFORMANCE,AUVIK_MAPPING_WORKBOOK,8.0,
Auvik,COANM-0 Committed Billable Devices,COANM-0 Committed Billable Devices,,AUVIK_CMS_ESSENTIALS,Generated from AUVIK_USAGE product text,5.88,
Auvik,ANM Essentials - Evergreen,ANM Essentials,AVNMM40,AUVIK_CW_ESSENTIALS,AUVIK_MAPPING_WORKBOOK,9.36,
Auvik,COANM-2 Additional Billable Devices,COANM-2 Additional Billable Devices,CULCSAAS100708P00100,AUVIK_CMS_ESSENTIALS,AUVIK_MAPPING_WORKBOOK,9.19,
Auvik,Auvik Performance Addon -- Proration,Auvik Performance Addon -- Proration,3RDPARTYSAASPERFADON,AUVIK_CW_PERFORMANCE,Generated from live Auvik Zuora SKU text,,
Auvik,CWANM-4 Committed Billable Devices,CWANM-4 Committed Billable Devices,,AUVIK_CW_ESSENTIALS,Generated from AUVIK_USAGE product text,5.6,
Auvik,ERM-ANM-250 Auvik Essentials -- Committed,ERM-ANM-250 Auvik Essentials,CULCSAS10072501M0250,AUVIK_CMS_ESSENTIALS,AUVIK_MAPPING_WORKBOOK,5.88,
Auvik,ConnectWise RMM Networks Package MSP 175 (Usage)AdditionalCharge -- Overage,ConnectWise RMM Networks Package MSP 175 (Usage)AdditionalCharge -- Overage,CULCSAAS100709P00175,AUVIK_CMS_ESSENTIALS,Generated from live Auvik Zuora SKU text,,
Auvik,EPRM-ANM-500 Auvik Essentials -- Committed,EPRM-ANM-500 Auvik Essentials,AUVIK-ESSENTIALS,AUVIK_CW_ESSENTIALS,AUVIK_MAPPING_WORKBOOK,5.74,
Auvik,CWANM-5 Committed Performance Add-Ons,CWANM-5 Committed Performance Add-Ons,,AUVIK_CW_PERFORMANCE,Generated from AUVIK_USAGE product text,3.43,
Auvik,"Auvik Essentials NMM, 250-499 Tier","Auvik Essentials NMM, 250-499 Tier",CWANNMM4,AUVIK_CW_ESSENTIALS,Generated from live Auvik Zuora SKU text,,
Auvik,Overage - Auvik SaaS Management,Auvik SaaS Management,SRM-SAM-MSP,AUVIK_CW_ASM,AUVIK_MAPPING_WORKBOOK,,
Auvik,ANM Performance Add-Ons,ANM Performance Add-Ons,AUVIKPERFORMANCADDON,AUVIK_CW_PERFORMANCE,AUVIK_MAPPING_WORKBOOK,3.5,
Auvik,PARM-ANM-500 Auvik Performance Add On,PARM-ANM-500 Auvik Performance Add On,,AUVIK_CW_PERFORMANCE,Generated from AUVIK_USAGE product text,2.94,
Auvik,EPRM-ANM-10 Auvik Essentials -- Overage,EPRM-ANM-10 Auvik Essentials,CULCSAS10071601M0010,AUVIK_CMS_ESSENTIALS,AUVIK_MAPPING_WORKBOOK,11.999,
Auvik,ConnectWise RMM Networks Package MSP 100 (Usage)AdditionalCharge -- Overage,ConnectWise RMM Networks Package MSP 100 (Usage)AdditionalCharge -- Overage,CULCSAAS100708P00100,AUVIK_CMS_ESSENTIALS,Generated from live Auvik Zuora SKU text,,
Auvik,COANM-3 Additional Billable Devices,COANM-3 Additional Billable Devices,CULCSAS10071901M0175,AUVIK_CMS_ESSENTIALS,AUVIK_MAPPING_WORKBOOK,6.62,
Auvik,PRM-ANM-40 Auvik Performance -- Committed,PRM-ANM-40 Auvik Performance,AUVIKPERFORMANCADDON,AUVIK_CW_PERFORMANCE,AUVIK_MAPPING_WORKBOOK,15.44,
Auvik,EPRM-ANM-100 Auvik Essentials -- Committed,EPRM-ANM-100 Auvik Essentials,CULCSAS10071801M0100,AUVIK_CMS_ESSENTIALS,AUVIK_MAPPING_WORKBOOK,7.35,
Auvik,PARM-ANM-175 Auvik Performance Add On,PARM-ANM-175 Auvik Performance Add On,AUVIKPERFORMANCADDON,AUVIK_CW_PERFORMANCE,AUVIK_MAPPING_WORKBOOK,4.04,
Auvik,EPRM-ANM-10 Auvik Essentials -- Committed,EPRM-ANM-10 Auvik Essentials -- Committed,,AUVIK_CW_PERFORMANCE,Generated from AUVIK_USAGE product text,10.5,
Auvik,CWANM-0 Committed Performance Add-Ons,CWANM-0 Committed Performance Add-Ons,3RDPARTYSAASPERFADON,AUVIK_CW_PERFORMANCE,AUVIK_MAPPING_WORKBOOK,6.83,
Auvik,CWANM-7 Additional Billable Devices,CWANM-7 Additional Billable Devices,,AUVIK_CW_ESSENTIALS,Generated from AUVIK_USAGE product text,3.41,
Auvik,CWANM-1 Committed Billable Devices,CWANM-1 Committed Billable Devices,,AUVIK_CW_ESSENTIALS,Generated from AUVIK_USAGE product text,9.19,
Auvik,EPRM-ANM-40 Auvik Essentials -- Committed,EPRM-ANM-40 Auvik Essentials -- Committed,,AUVIK_CMS_PERFORMANCE,Generated from AUVIK_USAGE product text,9.19,
Auvik,CWANM-5 Committed Performance Add-Ons,CWANM-5 Committed Performance Add-Ons,3RDPARTYSAASPERFADON,AUVIK_CW_PERFORMANCE,AUVIK_MAPPING_WORKBOOK,3.43,
Auvik,ConnectWise RMM Networks Package MSP 10 (Recurring)Fixed Price,ConnectWise RMM Networks Package MSP 10 (Recurring)Fixed Price,CULCSAS10071601M0010,AUVIK_CMS_ESSENTIALS,Generated from live Auvik Zuora SKU text,,
Auvik,"Auvik NTWK Monitoring and Mgmt, 1-39 Tier -- Proration","Auvik NTWK Monitoring and Mgmt, 1-39 Tier -- Proration",CWAN M-0,AUVIK_CW_ESSENTIALS,Generated from live Auvik Zuora SKU text,,
Auvik,EPRM-ANM-75 Auvik Essentials -- Committed,EPRM-ANM-75 Auvik Essentials -- Committed,,AUVIK_CW_PERFORMANCE,Generated from AUVIK_USAGE product text,8.64,
Auvik,CWANM-5 Additional Billable Devices,CWANM-5 Additional Billable Devices,,AUVIK_CW_ESSENTIALS,Generated from AUVIK_USAGE product text,9.45,
Auvik,Overage - ANM Full Performance Evergreen,ANM Full Performance,CULCSAAS100711P00500,AUVIK_CMS_PERFORMANCE,AUVIK_MAPPING_WORKBOOK,,
Auvik,ANM Performance Add-Ons - Evergreen,ANM Performance Add-Ons - Evergreen,,AUVIK_CMS_PERFORMANCE,Generated from AUVIK_USAGE product text,4.99,
Auvik,EPRM-ANM-175 Auvik Essentials -- Overage,EPRM-ANM-175 Auvik Essentials,CWANNMM3,AUVIK_CW_ESSENTIALS,AUVIK_MAPPING_WORKBOOK,7.56,
Auvik,COANM-2 Additional Billable Devices,COANM-2 Additional Billable Devices,CULCSAS10071801M0100,AUVIK_CMS_ESSENTIALS,AUVIK_MAPPING_WORKBOOK,9.19,
Auvik,PRM-ANM-500 Auvik Performance -- Committed,PRM-ANM-500 Auvik Performance -- Committed,,AUVIK_CMS_PERFORMANCE,Generated from AUVIK_USAGE product text,7.095,
Auvik,EPRM-ANM-100 Auvik Essentials -- Committed,EPRM-ANM-100 Auvik Essentials,3RDPARTYSAASAUVIKMSP,AUVIK_CW_ESSENTIALS,AUVIK_MAPPING_WORKBOOK,7.35,
Auvik,EPRM-ANM-175 Auvik Essentials -- Committed,EPRM-ANM-175 Auvik Essentials,CULCSAS10071901M0175,AUVIK_CMS_ESSENTIALS,AUVIK_MAPPING_WORKBOOK,7.38,
Auvik,EPRM-ANM-10 Auvik Essentials -- Overage,EPRM-ANM-10 Auvik Essentials,AUVIK-ESSENTIALS,AUVIK_CW_ESSENTIALS,AUVIK_MAPPING_WORKBOOK,11.999,
Auvik,Usage - Billable Devices,Billable Devices,3RDPARTYSAASAUVIKMSP,AUVIK_CW_ESSENTIALS,AUVIK_MAPPING_WORKBOOK,10.5,
Auvik,"Auvik Essentials NMM, 100-174 Tier -- Proration","Auvik Essentials NMM, 100-174 Tier -- Proration",CWANNMM2,AUVIK_CW_ESSENTIALS,Generated from live Auvik Zuora SKU text,,
Auvik,EPRM-ANM-175 Auvik Essentials -- Overage,EPRM-ANM-175 Auvik Essentials,CULCSAS10071901M0175,AUVIK_CMS_ESSENTIALS,AUVIK_MAPPING_WORKBOOK,7.56,
Auvik,ANM Performance Add-Ons - Evergreen,ANM Performance Add-Ons,3RDPARTYSAASPERFADON,AUVIK_CW_PERFORMANCE,AUVIK_MAPPING_WORKBOOK,4.99,
Auvik,Billable Devices Added to Plan,Billable Devices Added to Plan,,AUVIK_CW_ESSENTIALS,Generated from AUVIK_USAGE product text,,
Auvik,ANM Essentials,ANM Essentials,CWANNMM0,AUVIK_CW_ESSENTIALS,AUVIK_MAPPING_WORKBOOK,7.35,
Auvik,Auvik 10 AddOn Device NTWK Monitoring and Mgnt,Auvik 10 AddOn Device NTWK Monitoring and Mgnt,AVADDON10,AUVIK_CW_PERFORMANCE,Generated from live Auvik Zuora SKU text,,
Auvik,COANM-4 Additional Performance Add-Ons,COANM-4 Additional Performance Add-Ons,CULCSAAS100707P00040,AUVIK_CMS_PERFORMANCE,AUVIK_MAPPING_WORKBOOK,6.0,
Auvik,Overage - ANM Full Performance Evergreen,ANM Full Performance,AUVIKPERFORMANCADDON,AUVIK_CW_PERFORMANCE,AUVIK_MAPPING_WORKBOOK,,
Auvik,ANM Full Performance - Evergreen,ANM Full Performance - Evergreen,,AUVIK_CMS_PERFORMANCE,Generated from AUVIK_USAGE product text,11.4,
Auvik,Auvik SaaS Application Management,Auvik SaaS Application Management,SRM-SAM-MSP,AUVIK_CW_ASM,Generated from live Auvik Zuora SKU text,,
Auvik,PARM-ANM-10 Auvik Performance Add On,PARM-ANM-10 Auvik Performance Add On,,AUVIK_CMS_PERFORMANCE,Generated from AUVIK_USAGE product text,7.0,
Auvik,ConnectWise RMM Networks Package MSP 250 (Recurring)Fixed Price,ConnectWise RMM Networks Package MSP 250 (Recurring)Fixed Price,CULCSAS10072501M0250,AUVIK_CMS_ESSENTIALS,Generated from live Auvik Zuora SKU text,,
Auvik,"Auvik Essentials NMM, 250-499 Tier -- Proration","Auvik Essentials NMM, 250-499 Tier -- Proration",CWANNMM4,AUVIK_CW_ESSENTIALS,Generated from live Auvik Zuora SKU text,,
Auvik,Overage - ANM Essentials Evergreen,ANM Essentials,CMS-EG-UMM-RMM-SAAS-10072002,AUVIK_CMS_ESSENTIALS,AUVIK_MAPPING_WORKBOOK,,
Auvik,COANM-4 Additional Billable Devices,COANM-4 Additional Billable Devices,CULCSAAS100710P00250,AUVIK_CMS_ESSENTIALS,AUVIK_MAPPING_WORKBOOK,5.88,
Auvik,Auvik 100 Network Monitoring and Management,Auvik 100 Network Monitoring and Management,AVNMM100,AUVIK_CW_ESSENTIALS,Generated from live Auvik Zuora SKU text,,
Auvik,COANM-0 Additional Performance Add-Ons,COANM-0 Additional Performance Add-Ons,,AUVIK_CMS_PERFORMANCE,Generated from AUVIK_USAGE product text,6.83,
Auvik,EPRM-ANM-100 Auvik Essentials -- Committed,EPRM-ANM-100 Auvik Essentials,CULCSAS10071901M0150,AUVIK_CMS_ESSENTIALS,AUVIK_MAPPING_WORKBOOK,7.35,
Auvik,EPRM-ANM-100 Auvik Essentials -- Overage,EPRM-ANM-100 Auvik Essentials,3PARTYSAASAUVIKTRFMO,AUVIK_CW_ESSENTIALS,AUVIK_MAPPING_WORKBOOK,8.4,
Auvik,PRM-ANM-100 Auvik Performance -- Overage,PRM-ANM-100 Auvik Performance -- Overage,,AUVIK_CW_PERFORMANCE,Generated from AUVIK_USAGE product text,10.66,
Auvik,ConnectWise RMM Networks Package MSP 250 (Usage)Performance,ConnectWise RMM Networks Package MSP 250 (Usage)Performance,CULCSAAS100710P00250,AUVIK_CMS_PERFORMANCE,Generated from live Auvik Zuora SKU text,,
Auvik,COANM-0 Committed Billable Devices,COANM-0 Committed Billable Devices,CULCSAS10072501M0250,AUVIK_CMS_ESSENTIALS,AUVIK_MAPPING_WORKBOOK,5.88,
Auvik,EPRM-ANM-500 Auvik Essentials -- Overage,EPRM-ANM-500 Auvik Essentials -- Overage,,AUVIK_CMS_PERFORMANCE,Generated from AUVIK_USAGE product text,5.88,
Auvik,ANM Essentials - Evergreen,ANM Essentials,CULCSAS10072201M1000,AUVIK_CMS_ESSENTIALS,AUVIK_MAPPING_WORKBOOK,9.36,
Auvik,CWANM-3 Committed Performance Add-Ons,CWANM-3 Committed Performance Add-Ons,3RDPARTYSAASPERFADON,AUVIK_CW_PERFORMANCE,AUVIK_MAPPING_WORKBOOK,4.06,
Auvik,ERM-ANM-500 Auvik Essentials -- Committed,ERM-ANM-500 Auvik Essentials,CULCSAS10072601M0500,AUVIK_CMS_ESSENTIALS,AUVIK_MAPPING_WORKBOOK,5.88,
Auvik,ERM-ANM-100 Auvik Essentials -- Committed,ERM-ANM-100 Auvik Essentials,3RDPARTYSAASAUVIKTRF,AUVIK_CW_ESSENTIALS,AUVIK_MAPPING_WORKBOOK,7.175,
Auvik,PARM-ANM-75 Auvik Performance Add On -- Overage,PARM-ANM-75 Auvik Performance Add On,CMS-EG-UMM-RMM-SAAS-10072003,AUVIK_CMS_PERFORMANCE,AUVIK_MAPPING_WORKBOOK,5.88,
Auvik,EPRM-ANM-40 Auvik Essentials -- Overage,EPRM-ANM-40 Auvik Essentials,CULCSAAS100707P00040,AUVIK_CMS_ESSENTIALS,AUVIK_MAPPING_WORKBOOK,9.19,
Auvik,ANM Essentials - Evergreen,ANM Essentials,AVNMM10,AUVIK_CW_ESSENTIALS,AUVIK_MAPPING_WORKBOOK,9.36,
Auvik,"Auvik Essentials NMM, 1-39 Tier","Auvik Essentials NMM, 1-39 Tier",CWANNMM0,AUVIK_CW_ESSENTIALS,Generated from live Auvik Zuora SKU text,,
Auvik,PARM-ANM-100 Auvik Performance Add On -- Overage,PARM-ANM-100 Auvik Performance Add On -- Overage,,AUVIK_CW_PERFORMANCE,Generated from AUVIK_USAGE product text,5.46,
Auvik,ERM-ANM-175 Auvik Essentials -- Committed,ERM-ANM-175 Auvik Essentials,3RDPARTYSAASAUVIKMSP,AUVIK_CW_ESSENTIALS,AUVIK_MAPPING_WORKBOOK,6.3,
Auvik,ANM Performance Add-On Evergreen,ANM Performance Add-On Evergreen,,AUVIK_CMS_PERFORMANCE,Generated from AUVIK_USAGE product text,4.79,
Auvik,PARM-ANM-500 Auvik Performance Add On,PARM-ANM-500 Auvik Performance Add On,AUVIKPERFORMANCADDON,AUVIK_CW_PERFORMANCE,AUVIK_MAPPING_WORKBOOK,2.94,
Auvik,Overage - ANM Essentials,ANM Essentials,AUVIK-ESSENTIALS,AUVIK_CW_ESSENTIALS,AUVIK_MAPPING_WORKBOOK,,
Auvik,PARM-ANM-175 Auvik Performance Add On -- Overage,PARM-ANM-175 Auvik Performance Add On -- Overage,,AUVIK_CW_PERFORMANCE,Generated from AUVIK_USAGE product text,4.04,
Auvik,RM - ASM - 500 - Overage,RM - ASM - 500 - Overage,,AUVIK_CMS_ASM,Generated from AUVIK_USAGE product text,0.91,
Auvik,PRM-ANM-500 Auvik Performance -- Committed,PRM-ANM-500 Auvik Performance,AUVIKPERFORMANCADDON,AUVIK_CW_PERFORMANCE,AUVIK_MAPPING_WORKBOOK,7.095,
Auvik,CWANM-0 Additional Billable Devices,CWANM-0 Additional Billable Devices,,AUVIK_CW_ESSENTIALS,Generated from AUVIK_USAGE product text,10.5,
Auvik,EPRM-ANM-500 Auvik Essentials -- Overage,EPRM-ANM-500 Auvik Essentials,CULCSAS10072601M0500,AUVIK_CMS_ESSENTIALS,AUVIK_MAPPING_WORKBOOK,5.88,
Auvik,Licenses,Licenses,,AUVIK_CMS_ESSENTIALS,Generated from AUVIK_USAGE product text,10.5,
Auvik,RM - ASM - 50 - Committed,RM - ASM - 50 - Committed,,AUVIK_CMS_ASM,AUVIK_MAPPING_WORKBOOK | Generated from AUVIK_USAGE product text,2.1,
Auvik,ERM-ANM-175 Auvik Essentials -- Committed,ERM-ANM-175 Auvik Essentials -- Committed,,AUVIK_CW_ESSENTIALS,Generated from AUVIK_USAGE product text,6.3,
Auvik,Overage - ANM Performance Add-On Evergreen,ANM Performance Add-On,3RDPARTYSAASPERFADON,AUVIK_CW_PERFORMANCE,AUVIK_MAPPING_WORKBOOK,,
Auvik,Usage - Licenses,Licenses,CULCSAAS100707P00040,AUVIK_CMS_ESSENTIALS,AUVIK_MAPPING_WORKBOOK,10.5,
Auvik,ANM Essentials - Evergreen,ANM Essentials,CWANNMM3,AUVIK_CW_ESSENTIALS,AUVIK_MAPPING_WORKBOOK,9.36,
Auvik,ConnectWise Command? Networks Package MSP 1500 (Usage)AdditionalCharge,ConnectWise Command? Networks Package MSP 1500 (Usage)AdditionalCharge,CULCSAAS100714P01500,AUVIK_CMS_ESSENTIALS,Generated from live Auvik Zuora SKU text,,
Auvik,PARM-ANM-175 Auvik Performance Add On -- Overage,PARM-ANM-175 Auvik Performance Add On,AUVIKPERFORMANCADDON,AUVIK_CW_PERFORMANCE,AUVIK_MAPPING_WORKBOOK,4.04,
Auvik,Overage - ANM Essentials Evergreen,ANM Essentials,CWANNMM1,AUVIK_CW_ESSENTIALS,AUVIK_MAPPING_WORKBOOK,,
Auvik,PRM-ANM-10 Auvik Performance -- Overage,PRM-ANM-10 Auvik Performance -- Overage,,AUVIK_CW_PERFORMANCE,Generated from AUVIK_USAGE product text,17.5,
Auvik,EPRM-ANM-10 Auvik Essentials -- Overage,EPRM-ANM-10 Auvik Essentials -- Overage,,AUVIK_CMS_PERFORMANCE,Generated from AUVIK_USAGE product text,11.999,
Auvik,COANM-2 Committed Billable Devices,COANM-2 Committed Billable Devices,,AUVIK_CMS_ESSENTIALS,Generated from AUVIK_USAGE product text,7.35,
Auvik,RM - ASM - 250 - Overage,RM - ASM - 250 - Overage,,AUVIK_CW_ASM,Generated from AUVIK_USAGE product text,1.155,
Auvik,PRM-ANM-10 Auvik Performance -- Committed,PRM-ANM-10 Auvik Performance,AUVIKPERFORMANCADDON,AUVIK_CW_PERFORMANCE,AUVIK_MAPPING_WORKBOOK,17.5,
Auvik,COANM-3 Additional Billable Devices,COANM-3 Additional Billable Devices,,AUVIK_CMS_ESSENTIALS,Generated from AUVIK_USAGE product text,6.62,
Auvik,PARM-ANM-500 Auvik Performance Add On -- Overage,PARM-ANM-500 Auvik Performance Add On,CULCSAAS100711P00500,AUVIK_CMS_PERFORMANCE,AUVIK_MAPPING_WORKBOOK,2.94,
Auvik,CWANM-3 Committed Billable Devices,CWANM-3 Committed Billable Devices,,AUVIK_CW_ESSENTIALS,Generated from AUVIK_USAGE product text,6.62,
Auvik,COANM-0 Additional Billable Devices,COANM-0 Additional Billable Devices,,AUVIK_CMS_ESSENTIALS,Generated from AUVIK_USAGE product text,10.5,
Auvik,ERM-ANM-40 Auvik Essentials -- Committed,ERM-ANM-40 Auvik Essentials,CULCSAS10071701M0040,AUVIK_CMS_ESSENTIALS,AUVIK_MAPPING_WORKBOOK,9.19,
Auvik,ConnectWise Command Networks Package MSP 150 (Usage)Performance,ConnectWise Command Networks Package MSP 150 (Usage)Performance,CULCSAAS100727P00150,AUVIK_CMS_PERFORMANCE,Generated from live Auvik Zuora SKU text,,
Auvik,PARM-ANM-1000 Auvik Performance Add On -- Overage,PARM-ANM-1000 Auvik Performance Add On -- Overage,,AUVIK_CW_PERFORMANCE,Generated from AUVIK_USAGE product text,2.02,
Auvik,PRM-ANM-500 Auvik Performance -- Overage,PRM-ANM-500 Auvik Performance -- Overage,,AUVIK_CMS_PERFORMANCE,Generated from AUVIK_USAGE product text,7.095,
Auvik,ConnectWise RMM Networks Package MSP 75 (Usage)AdditionalCharge -- Overage,ConnectWise RMM Networks Package MSP 75 (Usage)AdditionalCharge -- Overage,CULCSAAS100708P00075,AUVIK_CMS_ESSENTIALS,Generated from live Auvik Zuora SKU text,,
Auvik,CWANM-0 Additional Performance Add-Ons,CWANM-0 Additional Performance Add-Ons,,AUVIK_CW_PERFORMANCE,Generated from AUVIK_USAGE product text,6.83,
Auvik,CWANM-2 Committed Performance Add-Ons,CWANM-2 Committed Performance Add-Ons,3RDPARTYSAASPERFADON,AUVIK_CW_PERFORMANCE,AUVIK_MAPPING_WORKBOOK,4.66,
Auvik,PARM-ANM-500 Auvik Performance Add On -- Overage,PARM-ANM-500 Auvik Performance Add On -- Overage,,AUVIK_CW_PERFORMANCE,Generated from AUVIK_USAGE product text,2.94,
Auvik,COANM-5 Additional Billable Devices,COANM-5 Additional Billable Devices,,AUVIK_CMS_ESSENTIALS,Generated from AUVIK_USAGE product text,5.15,
Auvik,Licenses,Licenses,CULCSAAS100707P00040,AUVIK_CMS_ESSENTIALS,AUVIK_MAPPING_WORKBOOK,10.5,
Auvik,ConnectWise Command Networks Package MSP 150 (Recurring)Fixed Price,ConnectWise Command Networks Package MSP 150 (Recurring)Fixed Price,CULCSAS10071901M0150,AUVIK_CMS_ESSENTIALS,Generated from live Auvik Zuora SKU text,,
Auvik,ERM-ANM-40 Auvik Essentials -- Committed,ERM-ANM-40 Auvik Essentials -- Committed,,AUVIK_CW_ESSENTIALS,Generated from AUVIK_USAGE product text,9.19,
Auvik,Continuum Monthly Plan,Continuum Monthly Plan,,AUVIK_CMS_ESSENTIALS,Generated from AUVIK_USAGE product text,,
Auvik,ConnectWise RMM Networks Package MSP 1500 (Usage)AdditionalCharge -- Overage,ConnectWise RMM Networks Package MSP 1500 (Usage)AdditionalCharge -- Overage,CULCSAAS100714P01500,AUVIK_CMS_ESSENTIALS,Generated from live Auvik Zuora SKU text,,
Auvik,Overage - ANM Performance Add-on,ANM Performance Add-on,AUVIKPERFORMANCADDON,AUVIK_CW_PERFORMANCE,AUVIK_MAPPING_WORKBOOK,,
Auvik,EPRM-ANM-75 Auvik Essentials -- Committed,EPRM-ANM-75 Auvik Essentials,CULCSAS10071801M0075,AUVIK_CMS_ESSENTIALS,AUVIK_MAPPING_WORKBOOK,8.64,
Auvik,ANM Essentials - Evergreen,ANM Essentials,3RDPARTYSAASAUVIKTRF,AUVIK_CW_ESSENTIALS,AUVIK_MAPPING_WORKBOOK,9.36,
Auvik,PARM-ANM-175 Auvik Performance Add On -- Overage,PARM-ANM-175 Auvik Performance Add On,,AUVIK_CMS_PERFORMANCE,AUVIK_MAPPING_WORKBOOK,4.04,
Auvik,EPRM-ANM-100 Auvik Essentials -- Overage,EPRM-ANM-100 Auvik Essentials,CULCSAS10071901M0150,AUVIK_CMS_ESSENTIALS,AUVIK_MAPPING_WORKBOOK,8.4,
Auvik,ERM-ANM-500 Auvik Essentials -- Committed,ERM-ANM-500 Auvik Essentials -- Committed,,AUVIK_CMS_ESSENTIALS,Generated from AUVIK_USAGE product text,5.88,
Auvik,ConnectWise Command Networks Package MSP 175 (Usage)AdditionalCharge -- Overage,ConnectWise Command Networks Package MSP 175 (Usage)AdditionalCharge -- Overage,CULCSAAS100709P00175,AUVIK_CMS_ESSENTIALS,Generated from live Auvik Zuora SKU text,,
Auvik,EPRM-ANM-750 Auvik Essentials -- Committed,EPRM-ANM-750 Auvik Essentials -- Committed,,AUVIK_CMS_PERFORMANCE,Generated from AUVIK_USAGE product text,4.76,
Auvik,EPRM-ANM-40 Auvik Essentials -- Overage,EPRM-ANM-40 Auvik Essentials -- Overage,,AUVIK_CMS_PERFORMANCE,Generated from AUVIK_USAGE product text,9.19,
Auvik,EPRM-ANM-1000 Auvik Essentials -- Committed,EPRM-ANM-1000 Auvik Essentials -- Committed,,AUVIK_CMS_PERFORMANCE,Generated from AUVIK_USAGE product text,4.2,
Auvik,EPRM-ANM-1000 Auvik Essentials -- Overage,EPRM-ANM-1000 Auvik Essentials -- Overage,,AUVIK_CW_PERFORMANCE,Generated from AUVIK_USAGE product text,4.41,
Auvik,ConnectWise RMM Networks Package MSP 250 (Usage)AdditionalCharge -- Overage,ConnectWise RMM Networks Package MSP 250 (Usage)AdditionalCharge -- Overage,CULCSAAS100710P00250,AUVIK_CMS_ESSENTIALS,Generated from live Auvik Zuora SKU text,,
Auvik,ConnectWise Command Networks Package MSP 500 (Recurring)Fixed Price,ConnectWise Command Networks Package MSP 500 (Recurring)Fixed Price,CULCSAS10072601M0500,AUVIK_CMS_ESSENTIALS,Generated from live Auvik Zuora SKU text,,
Auvik,Auvik Transfer - Essentials Annual -- Proration,Auvik Transfer - Essentials Annual -- Proration,3RDPARTYSAASAUVIKTRF,AUVIK_CW_ESSENTIALS,Generated from live Auvik Zuora SKU text,,
Auvik,ERM-ANM-10 Auvik Essentials -- Committed,ERM-ANM-10 Auvik Essentials,AUVIK-ESSENTIALS,AUVIK_CW_ESSENTIALS,AUVIK_MAPPING_WORKBOOK,10.5,
Auvik,CWANM-5 Additional Billable Devices,CWANM-5 Additional Billable Devices,3RDPARTYSAASAUVIKMSP,AUVIK_CW_ESSENTIALS,AUVIK_MAPPING_WORKBOOK,9.45,
Auvik,EPRM-ANM-750 Auvik Essentials -- Overage,EPRM-ANM-750 Auvik Essentials,AUVIK-ESSENTIALS,AUVIK_CW_ESSENTIALS,AUVIK_MAPPING_WORKBOOK,4.76,
Auvik,EPRM-ANM-500 Auvik Essentials -- Overage,EPRM-ANM-500 Auvik Essentials,AUVIK-ESSENTIALS,AUVIK_CW_ESSENTIALS,AUVIK_MAPPING_WORKBOOK,5.88,
Auvik,Auvik SaaS Management - Evergreen,Auvik SaaS Management,,AUVIK_CMS_ASM,AUVIK_MAPPING_WORKBOOK,1.26,
Auvik,ERM-ANM-250 Auvik Essentials -- Committed,ERM-ANM-250 Auvik Essentials -- Committed,,AUVIK_CMS_ESSENTIALS,Generated from AUVIK_USAGE product text,5.88,
Auvik,EPRM-ANM-1000 Auvik Essentials -- Committed,EPRM-ANM-1000 Auvik Essentials,CULCSAS10072201M1000,AUVIK_CMS_ESSENTIALS,AUVIK_MAPPING_WORKBOOK,4.2,
Auvik,EPRM-ANM-75 Auvik Essentials -- Overage,EPRM-ANM-75 Auvik Essentials,CULCSAAS100708P00075,AUVIK_CMS_ESSENTIALS,AUVIK_MAPPING_WORKBOOK,8.64,
Auvik,EPRM-ANM-100 Auvik Essentials -- Committed,EPRM-ANM-100 Auvik Essentials,CWANNMM2,AUVIK_CW_ESSENTIALS,AUVIK_MAPPING_WORKBOOK,7.35,
Auvik,ERM-ANM-175 Auvik Essentials -- Overage,ERM-ANM-175 Auvik Essentials -- Overage,,AUVIK_CW_ESSENTIALS,Generated from AUVIK_USAGE product text,6.3,
Auvik,ERM-ANM-10 Auvik Essentials -- Overage,ERM-ANM-10 Auvik Essentials -- Overage,,AUVIK_CW_ESSENTIALS,Generated from AUVIK_USAGE product text,10.5,
Auvik,Overage - ANM Essentials Evergreen,ANM Essentials,CULCSAS10071601M0010,AUVIK_CMS_ESSENTIALS,AUVIK_MAPPING_WORKBOOK,,
Auvik,ANM Essentials,ANM Essentials,AUVIK-ESSENTIALS,AUVIK_CW_ESSENTIALS,AUVIK_MAPPING_WORKBOOK,7.35,
Auvik,ERM-ANM-40 Auvik Essentials -- Committed,ERM-ANM-40 Auvik Essentials -- Committed,,AUVIK_CMS_ESSENTIALS,Generated from AUVIK_USAGE product text,9.19,
Auvik,EPRM-ANM-100 Auvik Essentials -- Overage,EPRM-ANM-100 Auvik Essentials -- Overage,,AUVIK_CW_PERFORMANCE,Generated from AUVIK_USAGE product text,8.4,
Auvik,EPRM-ANM-250 Auvik Essentials -- Committed,EPRM-ANM-250 Auvik Essentials -- Committed,,AUVIK_CMS_PERFORMANCE,Generated from AUVIK_USAGE product text,6.4,
Auvik,PRM-ANM-500 Auvik Performance -- Committed,PRM-ANM-500 Auvik Performance -- Committed,,AUVIK_CW_PERFORMANCE,Generated from AUVIK_USAGE product text,7.095,
Auvik,ERM-ANM-250 Auvik Essentials -- Overage,ERM-ANM-250 Auvik Essentials -- Overage,,AUVIK_CMS_ESSENTIALS,Generated from AUVIK_USAGE product text,5.88,
Auvik,SRM - ASM - MSP - Committed,SRM - ASM - MSP - Committed,,AUVIK_CMS_ASM,AUVIK_MAPPING_WORKBOOK | Generated from AUVIK_USAGE product text,1.05,
Auvik,Auvik AMN - Performance AddOn - Committed -- Proration,Auvik AMN - Performance AddOn - Committed -- Proration,AUVIKPERFORMANCADDON,AUVIK_CW_PERFORMANCE,Generated from live Auvik Zuora SKU text,,
Auvik,COANM-3 Committed Billable Devices,COANM-3 Committed Billable Devices,CULCSAS10071901M0175,AUVIK_CMS_ESSENTIALS,AUVIK_MAPPING_WORKBOOK,10.5,
Auvik,ANM Performance Add-Ons,ANM Performance Add-Ons,,AUVIK_CMS_PERFORMANCE,AUVIK_MAPPING_WORKBOOK | Generated from AUVIK_USAGE product text,3.5,
Auvik,"Auvik NTWK Monitoring and Mgmt, 40-99 Tier","Auvik NTWK Monitoring and Mgmt, 40-99 Tier",CWAN M-1,AUVIK_CW_ESSENTIALS,Generated from live Auvik Zuora SKU text,,
Auvik,ANM Essentials - Evergreen,ANM Essentials,CWANNMM1,AUVIK_CW_ESSENTIALS,AUVIK_MAPPING_WORKBOOK,9.36,
Auvik,Auvik SaaS Management,Auvik SaaS Management,CW-AUVIK-MRM-ASM,AUVIK_CW_ASM,AUVIK_MAPPING_WORKBOOK,1.58,
Auvik,COANM-1 Committed Billable Devices,COANM-1 Committed Billable Devices,CULCSAAS100707P00040,AUVIK_CMS_ESSENTIALS,AUVIK_MAPPING_WORKBOOK,9.19,
Auvik,EPRM-ANM-250 Auvik Essentials -- Overage,EPRM-ANM-250 Auvik Essentials -- Overage,,AUVIK_CW_PERFORMANCE,Generated from AUVIK_USAGE product text,6.72,
Auvik,COANM-2 Committed Billable Devices,COANM-2 Committed Billable Devices,CULCSAAS100708P00100,AUVIK_CMS_ESSENTIALS,AUVIK_MAPPING_WORKBOOK,7.35,
Auvik,PARM-ANM-10 Auvik Performance Add On -- Overage,PARM-ANM-10 Auvik Performance Add On -- Overage,,AUVIK_CW_PERFORMANCE,Generated from AUVIK_USAGE product text,8.0,
Auvik,PRM-ANM-40 Auvik Performance -- Committed,PRM-ANM-40 Auvik Performance,3RDPARTYSAASPERFADON,AUVIK_CW_PERFORMANCE,AUVIK_MAPPING_WORKBOOK,15.44,
Auvik,RM - ASM - 100 - Overage,RM - ASM - 100 - Overage,,AUVIK_CW_ASM,AUVIK_MAPPING_WORKBOOK | Generated from AUVIK_USAGE product text,1.5775,
Auvik,Auvik SaaS Management - Evergreen,Auvik SaaS Management - Evergreen,,AUVIK_CW_ASM,Generated from AUVIK_USAGE product text,1.26,
Auvik,ConnectWise RMM Networks Package MSP 10 (Usage)Performance,ConnectWise RMM Networks Package MSP 10 (Usage)Performance,CULCSAAS100706P00010,AUVIK_CMS_PERFORMANCE,Generated from live Auvik Zuora SKU text,,
Auvik,PARM-ANM-750 Auvik Performance Add On,PARM-ANM-750 Auvik Performance Add On,,AUVIK_CW_PERFORMANCE,Generated from AUVIK_USAGE product text,2.77,
Auvik,ANM Essentials,ANM Essentials,3RDPARTYSAASAUVIKTRF,AUVIK_CW_ESSENTIALS,AUVIK_MAPPING_WORKBOOK,7.35,
Auvik,ANM Performance Add-Ons,ANM Performance Add-Ons,3RDPARTYSAASPERFADON,AUVIK_CW_PERFORMANCE,AUVIK_MAPPING_WORKBOOK,3.5,
Auvik,ANM Full Performance - Evergreen,ANM Full Performance,AUVIKPERFORMANCADDON,AUVIK_CW_PERFORMANCE,AUVIK_MAPPING_WORKBOOK,11.4,
Auvik,CWANM-1 Committed Performance Add-Ons,CWANM-1 Committed Performance Add-Ons,,AUVIK_CW_PERFORMANCE,Generated from AUVIK_USAGE product text,5.71,
Auvik,ERM-ANM-250 Auvik Essentials -- Overage,ERM-ANM-250 Auvik Essentials -- Overage,,AUVIK_CW_ESSENTIALS,Generated from AUVIK_USAGE product text,5.88,
Auvik,RM - ASM - 250 - Overage,RM - ASM - 250 - Overage,,AUVIK_CMS_ASM,AUVIK_MAPPING_WORKBOOK | Generated from AUVIK_USAGE product text,1.155,
Auvik,Auvik AMN - Performance AddOn - Committed,Auvik AMN - Performance AddOn - Committed,AUVIKPERFORMANCADDON,AUVIK_CW_PERFORMANCE,Generated from live Auvik Zuora SKU text,,
Auvik,ConnectWise RMM Networks Package MSP 75 (Recurring)Fixed Price,ConnectWise RMM Networks Package MSP 75 (Recurring)Fixed Price,CULCSAS10071801M0075,AUVIK_CMS_ESSENTIALS,Generated from live Auvik Zuora SKU text,,
Auvik,Overage - Auvik SaaS Management Evergreen,Auvik SaaS Management,CW-AUVIK-MRM-ASM,AUVIK_CW_ASM,AUVIK_MAPPING_WORKBOOK,,
Auvik,PARM-ANM-40 Auvik Performance Add On -- Overage,PARM-ANM-40 Auvik Performance Add On -- Overage,,AUVIK_CW_PERFORMANCE,Generated from AUVIK_USAGE product text,6.25,
Auvik,EPRM-ANM-1000 Auvik Essentials -- Overage,EPRM-ANM-1000 Auvik Essentials -- Overage,,AUVIK_CMS_PERFORMANCE,Generated from AUVIK_USAGE product text,4.41,
Auvik,ERM-ANM-40 Auvik Essentials -- Overage,ERM-ANM-40 Auvik Essentials -- Overage,,AUVIK_CMS_ESSENTIALS,Generated from AUVIK_USAGE product text,9.19,
Auvik,COANM-1 Committed Billable Devices,COANM-1 Committed Billable Devices,CULCSAS10071701M0040,AUVIK_CMS_ESSENTIALS,AUVIK_MAPPING_WORKBOOK,9.19,
Auvik,EPRM-ANM-1000 Auvik Essentials -- Committed,EPRM-ANM-1000 Auvik Essentials,CULCSAAS100713P10000,AUVIK_CMS_ESSENTIALS,AUVIK_MAPPING_WORKBOOK,4.2,
Auvik,PARM-ANM-100 Auvik Performance Add On -- Overage,PARM-ANM-100 Auvik Performance Add On,CULCSAAS100708P00100,AUVIK_CMS_PERFORMANCE,AUVIK_MAPPING_WORKBOOK,5.46,
Auvik,Auvik MSP Monthly Plan Fee,Auvik MSP Monthly Plan Fee,AVNMM10,AUVIK_CW_ESSENTIALS,AUVIK_MAPPING_WORKBOOK,156.8,
Auvik,EPRM-ANM-175 Auvik Essentials -- Committed,EPRM-ANM-175 Auvik Essentials -- Committed,,AUVIK_CW_PERFORMANCE,Generated from AUVIK_USAGE product text,7.38,
Auvik,EPRM-ANM-175 Auvik Essentials -- Committed,EPRM-ANM-175 Auvik Essentials,CWANNMM3,AUVIK_CW_ESSENTIALS,AUVIK_MAPPING_WORKBOOK,7.38,
Auvik,ANM Essentials - Evergreen,ANM Essentials,CULCSAS10071801M0075,AUVIK_CMS_ESSENTIALS,AUVIK_MAPPING_WORKBOOK,9.36,
Auvik,EPRM-ANM-75 Auvik Essentials -- Committed,EPRM-ANM-75 Auvik Essentials,CULCSAAS100708P00075,AUVIK_CMS_ESSENTIALS,AUVIK_MAPPING_WORKBOOK,8.64,
Auvik,EPRM-ANM-500 Auvik Essentials -- Committed,EPRM-ANM-500 Auvik Essentials,CULCSAS10072601M0500,AUVIK_CMS_ESSENTIALS,AUVIK_MAPPING_WORKBOOK,5.74,
Auvik,CWANM-1 Committed Billable Devices,CWANM-1 Committed Billable Devices,CWANNMM1,AUVIK_CW_ESSENTIALS,AUVIK_MAPPING_WORKBOOK,9.19,
Auvik,Command for Network Package MSP 40 (Usage)Performance,Command for Network Package MSP 40 (Usage)Performance,CULCSAAS100707P00040,AUVIK_CMS_PERFORMANCE,Generated from live Auvik Zuora SKU text,,
Auvik,EPRM-ANM-500 Auvik Essentials -- Committed,EPRM-ANM-500 Auvik Essentials -- Committed,,AUVIK_CMS_PERFORMANCE,Generated from AUVIK_USAGE product text,5.74,
Auvik,EPRM-ANM-250 Auvik Essentials -- Committed,EPRM-ANM-250 Auvik Essentials,CULCSAS10072501M0250,AUVIK_CMS_ESSENTIALS,AUVIK_MAPPING_WORKBOOK,6.4,
Auvik,EPRM-ANM-10 Auvik Essentials -- Committed,EPRM-ANM-10 Auvik Essentials,CWANNMM1,AUVIK_CW_ESSENTIALS,AUVIK_MAPPING_WORKBOOK,10.5,
Auvik,Overage - ANM Performance Add-on,ANM Performance Add-on,,AUVIK_CMS_PERFORMANCE,AUVIK_MAPPING_WORKBOOK,,
Auvik,RM - ASM - 1000 - Overage,RM - ASM - 1000 - Overage,,AUVIK_CW_ASM,AUVIK_MAPPING_WORKBOOK | Generated from AUVIK_USAGE product text,0.57,
Auvik,CWANM-1 Additional Performance Add-Ons,CWANM-1 Additional Performance Add-Ons,AUVIKPERFORMANCADDON,AUVIK_CW_PERFORMANCE,AUVIK_MAPPING_WORKBOOK,5.71,
Auvik,CWANM-3 Committed Billable Devices,CWANM-3 Committed Billable Devices,CWANNMM3,AUVIK_CW_ESSENTIALS,AUVIK_MAPPING_WORKBOOK,6.62,
Auvik,Overage - ANM Performance Add-On Evergreen,ANM Performance Add-On,CULCSAAS100709P00175,AUVIK_CMS_PERFORMANCE,AUVIK_MAPPING_WORKBOOK,,
Auvik,EPRM-ANM-1000 Auvik Essentials -- Overage,EPRM-ANM-1000 Auvik Essentials,CULCSAAS100713P10000,AUVIK_CMS_ESSENTIALS,AUVIK_MAPPING_WORKBOOK,4.41,
Auvik,CWANM-1 Additional Billable Devices,CWANM-1 Additional Billable Devices,CWANNMM2,AUVIK_CW_ESSENTIALS,AUVIK_MAPPING_WORKBOOK,9.19,
Auvik,ConnectWise RMM Networks Package MSP 175 (Usage)Performance,ConnectWise RMM Networks Package MSP 175 (Usage)Performance,CULCSAAS100709P00175,AUVIK_CMS_PERFORMANCE,Generated from live Auvik Zuora SKU text,,
Auvik,ConnectWise RMM Networks Package MSP 10 (Usage)AdditionalCharge -- Overage,ConnectWise RMM Networks Package MSP 10 (Usage)AdditionalCharge -- Overage,CULCSAAS100706P00010,AUVIK_CMS_ESSENTIALS,Generated from live Auvik Zuora SKU text,,
Auvik,ERM-ANM-500 Auvik Essentials -- Committed,ERM-ANM-500 Auvik Essentials,AUVIK-ESSENTIALS,AUVIK_CW_ESSENTIALS,AUVIK_MAPPING_WORKBOOK,5.88,
Auvik,Auvik SaaS Management,Auvik SaaS Management,,AUVIK_CW_ASM,Generated from AUVIK_USAGE product text,1.58,
Auvik,CWANM-0 Additional Billable Devices,CWANM-0 Additional Billable Devices,CWANNMM0,AUVIK_CW_ESSENTIALS,AUVIK_MAPPING_WORKBOOK,10.5,
Auvik,ANM Essentials Evergreen,ANM Essentials Evergreen,,AUVIK_CMS_ESSENTIALS,Generated from AUVIK_USAGE product text,8.97,
Auvik,ConnectWise Command Networks Package MSP 1000 (Recurring)Fixed Price,ConnectWise Command Networks Package MSP 1000 (Recurring)Fixed Price,CULCSAS10072201M1000,AUVIK_CMS_ESSENTIALS,Generated from live Auvik Zuora SKU text,,
Auvik,Billable Devices - Promo,Billable Devices - Promo,,AUVIK_CW_ESSENTIALS,Generated from AUVIK_USAGE product text,,
Auvik,ANM Essentials - Evergreen,ANM Essentials,3PARTYSAASAUVIKTRFMO,AUVIK_CW_ESSENTIALS,AUVIK_MAPPING_WORKBOOK,9.36,
Auvik,Command for Network Package MSP 40 (Usage)AdditionalCharge -- Overage,Command for Network Package MSP 40 (Usage)AdditionalCharge -- Overage,CULCSAAS100707P00040,AUVIK_CMS_ESSENTIALS,Generated from live Auvik Zuora SKU text,,
Auvik,COANM-0 Additional Billable Devices,COANM-0 Additional Billable Devices,CULCSAAS100706P00010,AUVIK_CMS_ESSENTIALS,AUVIK_MAPPING_WORKBOOK,10.5,
Auvik,EPRM-ANM-75 Auvik Essentials -- Overage,EPRM-ANM-75 Auvik Essentials -- Overage,,AUVIK_CMS_PERFORMANCE,Generated from AUVIK_USAGE product text,8.64,
Auvik,PARM-ANM-500 Auvik Performance Add On -- Overage,PARM-ANM-500 Auvik Performance Add On -- Overage,,AUVIK_CMS_PERFORMANCE,Generated from AUVIK_USAGE product text,2.94,
Auvik,CWANM-0 Committed Performance Add-Ons,CWANM-0 Committed Performance Add-Ons,,AUVIK_CW_PERFORMANCE,Generated from AUVIK_USAGE product text,6.83,
Auvik,CWANM-0 Committed Billable Devices,CWANM-0 Committed Billable Devices,CWAN M-0,AUVIK_CW_ESSENTIALS,AUVIK_MAPPING_WORKBOOK,10.5,
Auvik,PARM-ANM-40 Auvik Performance Add On -- Overage,PARM-ANM-40 Auvik Performance Add On -- Overage,,AUVIK_CMS_PERFORMANCE,Generated from AUVIK_USAGE product text,6.25,
Auvik,Auvik Performance Addon,Auvik Performance Addon,3RDPARTYSAASPERFADON,AUVIK_CW_PERFORMANCE,Generated from live Auvik Zuora SKU text,,
Auvik,PARM-ANM-500 Auvik Performance Add On -- Overage,PARM-ANM-500 Auvik Performance Add On,AUVIKPERFORMANCADDON,AUVIK_CW_PERFORMANCE,AUVIK_MAPPING_WORKBOOK,2.94,
Auvik,Overage - ANM Essentials Evergreen,ANM Essentials,CWANNMM0,AUVIK_CW_ESSENTIALS,AUVIK_MAPPING_WORKBOOK,,
Auvik,ERM-ANM-10 Auvik Essentials -- Overage,ERM-ANM-10 Auvik Essentials,AUVIK-ESSENTIALS,AUVIK_CW_ESSENTIALS,AUVIK_MAPPING_WORKBOOK,10.5,
Auvik,Command for Network Package MSP 10 (Usage)Performance,Command for Network Package MSP 10 (Usage)Performance,CULCSAAS100706P00010,AUVIK_CMS_PERFORMANCE,Generated from live Auvik Zuora SKU text,,
Auvik,PARM-ANM-40 Auvik Performance Add On,PARM-ANM-40 Auvik Performance Add On,AUVIKPERFORMANCADDON,AUVIK_CW_PERFORMANCE,AUVIK_MAPPING_WORKBOOK,6.25,
Auvik,EPRM-ANM-40 Auvik Essentials -- Committed,EPRM-ANM-40 Auvik Essentials,CULCSAAS100707P00040,AUVIK_CMS_ESSENTIALS,AUVIK_MAPPING_WORKBOOK,9.19,
Auvik,ANM Essentials - Evergreen,ANM Essentials,CULCSAS10071701M0040,AUVIK_CMS_ESSENTIALS,AUVIK_MAPPING_WORKBOOK,9.36,
Auvik,Overage - ANM Performance Add-On Evergreen,ANM Performance Add-On,CULCSAAS100708P00100,AUVIK_CMS_PERFORMANCE,AUVIK_MAPPING_WORKBOOK,,
Auvik,ANM Essentials - Evergreen,ANM Essentials,CULCSAS10071801M0100,AUVIK_CMS_ESSENTIALS,AUVIK_MAPPING_WORKBOOK,9.36,
Auvik,PARM-ANM-10 Auvik Performance Add On,PARM-ANM-10 Auvik Performance Add On,,AUVIK_CW_PERFORMANCE,Generated from AUVIK_USAGE product text,7.0,
Auvik,ERM-ANM-500 Auvik Essentials -- Overage,ERM-ANM-500 Auvik Essentials -- Overage,,AUVIK_CW_ESSENTIALS,Generated from AUVIK_USAGE product text,5.88,
Auvik,CWANM-1 Additional Billable Devices,CWANM-1 Additional Billable Devices,,AUVIK_CW_ESSENTIALS,Generated from AUVIK_USAGE product text,9.19,
Auvik,"Auvik NTWK Monitoring and Mgmt, 1-39 Tier","Auvik NTWK Monitoring and Mgmt, 1-39 Tier",CWAN M-0,AUVIK_CW_ESSENTIALS,Generated from live Auvik Zuora SKU text,,
Auvik,PARM-ANM-250 Auvik Performance Add On,PARM-ANM-250 Auvik Performance Add On,,AUVIK_CW_PERFORMANCE,Generated from AUVIK_USAGE product text,3.33,
Auvik,RM - ASM - 250 - Committed,RM - ASM - 250 - Committed,,AUVIK_CW_ASM,Generated from AUVIK_USAGE product text,1.05,
Auvik,CWANM-3 Additional Performance Add-Ons,CWANM-3 Additional Performance Add-Ons,,AUVIK_CW_PERFORMANCE,Generated from AUVIK_USAGE product text,4.27,
Auvik,ConnectWise RMM Networks Package MSP 150 (Recurring)Fixed Price,ConnectWise RMM Networks Package MSP 150 (Recurring)Fixed Price,CULCSAS10071901M0150,AUVIK_CMS_ESSENTIALS,Generated from live Auvik Zuora SKU text,,
Auvik,EPRM-ANM-500 Auvik Essentials -- Overage,EPRM-ANM-500 Auvik Essentials -- Overage,,AUVIK_CW_PERFORMANCE,Generated from AUVIK_USAGE product text,5.88,
Auvik,ERM-ANM-1000 Auvik Essentials -- Committed,ERM-ANM-1000 Auvik Essentials -- Committed,,AUVIK_CW_ESSENTIALS,Generated from AUVIK_USAGE product text,4.2,
Auvik,RM - ASM - 100 - Committed,RM - ASM - 100 - Committed,,AUVIK_CMS_ASM,Generated from AUVIK_USAGE product text,1.575,
Auvik,CWANM-3 Additional Billable Devices,CWANM-3 Additional Billable Devices,CWANNMM4,AUVIK_CW_ESSENTIALS,AUVIK_MAPPING_WORKBOOK,6.62,
Auvik,EPRM-ANM-1000 Auvik Essentials -- Committed,EPRM-ANM-1000 Auvik Essentials,CWANNMM7,AUVIK_CW_ESSENTIALS,AUVIK_MAPPING_WORKBOOK,4.2,
Auvik,ERM-ANM-75 Auvik Essentials -- Overage,ERM-ANM-75 Auvik Essentials,AUVIK-ESSENTIALS,AUVIK_CW_ESSENTIALS,AUVIK_MAPPING_WORKBOOK,8.645,
Auvik,PARM-ANM-1000 Auvik Performance Add On -- Overage,PARM-ANM-1000 Auvik Performance Add On,CULCSAAS100713P10000,AUVIK_CMS_PERFORMANCE,AUVIK_MAPPING_WORKBOOK,2.02,
Auvik,Overage - ANM Essentials Evergreen,ANM Essentials,CULCSAAS100706P00010,AUVIK_CMS_ESSENTIALS,AUVIK_MAPPING_WORKBOOK,,
Auvik,Auvik SaaS Management Evergreen,Auvik SaaS Management Evergreen,,AUVIK_CMS_ASM,Generated from AUVIK_USAGE product text,1.26,
Auvik,PARM-ANM-100 Auvik Performance Add On -- Overage,PARM-ANM-100 Auvik Performance Add On,AUVIKPERFORMANCADDON,AUVIK_CW_PERFORMANCE,AUVIK_MAPPING_WORKBOOK,5.46,
Auvik,Overage - ANM Performance Add-On Evergreen,ANM Performance Add-On,AUVIKPERFORMANCADDON,AUVIK_CW_PERFORMANCE,AUVIK_MAPPING_WORKBOOK,,
Auvik,EPRM-ANM-75 Auvik Essentials -- Committed,EPRM-ANM-75 Auvik Essentials -- Committed,,AUVIK_CMS_PERFORMANCE,Generated from AUVIK_USAGE product text,8.64,
Auvik,COANM-4 Additional Performance Add-Ons,COANM-4 Additional Performance Add-Ons,,AUVIK_CMS_PERFORMANCE,Generated from AUVIK_USAGE product text,6.0,
Auvik,ANM Full Performance Evergreen,ANM Full Performance Evergreen,,AUVIK_CMS_PERFORMANCE,Generated from AUVIK_USAGE product text,11.4,
Auvik,EPRM-ANM-40 Auvik Essentials -- Overage,EPRM-ANM-40 Auvik Essentials,CULCSAS10071701M0040,AUVIK_CMS_ESSENTIALS,AUVIK_MAPPING_WORKBOOK,9.19,
Auvik,EPRM-ANM-10 Auvik Essentials -- Committed,EPRM-ANM-10 Auvik Essentials,CULCSAS10071601M0010,AUVIK_CMS_ESSENTIALS,AUVIK_MAPPING_WORKBOOK,10.5,
Auvik,COANM-4 Additional Billable Devices,COANM-4 Additional Billable Devices,,AUVIK_CMS_ESSENTIALS,Generated from AUVIK_USAGE product text,5.88,
Auvik,CWANM-2 Additional Performance Add-Ons,CWANM-2 Additional Performance Add-Ons,,AUVIK_CW_PERFORMANCE,Generated from AUVIK_USAGE product text,4.89,
Auvik,ERM-ANM-40 Auvik Essentials -- Overage,ERM-ANM-40 Auvik Essentials,3RDPARTYSAASAUVIKMSP,AUVIK_CW_ESSENTIALS,AUVIK_MAPPING_WORKBOOK,9.19,
Auvik,PRM-ANM-40 Auvik Performance -- Overage,PRM-ANM-40 Auvik Performance,AUVIKPERFORMANCADDON,AUVIK_CW_PERFORMANCE,AUVIK_MAPPING_WORKBOOK,15.44,
Auvik,ANM Full Performance - Evergreen,ANM Full Performance - Evergreen,,AUVIK_CW_PERFORMANCE,Generated from AUVIK_USAGE product text,11.4,
Bitdefender,Bitdefender Patch Management,,CU-BITDF-PATCH,PATCH,Patch Management.,0.62,
Bitdefender,Bitdefender XDR - Identity,,,XDR,Derived from Bitdefender royalty report workbook product description.,0.58,
Bitdefender,Bitdefender Cloud Encryption,AL1795A00D-EN,CU-BITDF-ENCRYPTION,ENCRYPTION,Cloud Encryption.,0.4,
Bitdefender,Bitdefender Security TSP CW Automate,3PARTYONPREMBTCDSCLT,3PARTYONPREMBTCDSCLT,UNMAPPED,Derived from Bitdefender royalty report workbook product description.,,
Bitdefender,Bitdefender Advanced Threat Security,DL17106A00A-EN-D,CU-BITDF-ADV-THREAT,ATS_EDR,ATS component combined with EDR for Bitdefender bundle matching.,0.9,
Bitdefender,Bitdefender ATS & EDR,DL17107A00D-EN-D,CU-BITDF-ATS-AND-EDR,ATS_EDR,Royalty component; may reconcile to MDR bundle on CW side.,0.9,
Bitdefender,Bitdefender PHASR,,CU-BITDF-PHASR,PHASR,PHASR product family.,1.11,
Bitdefender,Bitdefender EDR (MSP Secure),CU-BITDFEDRMSPSECURE,CU-BITDFEDRMSPSECURE,UNMAPPED,Derived from Bitdefender royalty report workbook product description.,,
Bitdefender,Bitdefender Security for Mobile,CUBITDFEDSEC-4-MOBIL,CU-BITDF-MOBILE,MOBILE,Mobile Security.,0.72,
Bitdefender,Bitdefender Patch Management,PATCH,CU-BITDF-PATCH,PATCH,Patch Management.,0.62,
Bitdefender,Bitdefender ATS & EDR,M2MEPSEC-BITDEFENDER,CU-BITDF-ATS-AND-EDR,ATS_EDR,Royalty component; may reconcile to MDR bundle on CW side.,0.9,
Bitdefender,Bitdefender ATS & EDR,CU-BITDF-ATS-AND-EDR,CU-BITDF-ATS-AND-EDR,ATS_EDR,Royalty component; may reconcile to MDR bundle on CW side.,0.9,
Bitdefender,Bitdefender Cloud Sec GravityZone,SwO-3P-CYBR-SOLP-SAAS-GRAVZONE,SwO-3P-CYBR-SOLP-SAAS-GRAVZONE,GRAVITYZONE,Derived from Bitdefender royalty report workbook product description.,0.42,
Bitdefender,Bitdefender GravityZone Email Security,2765EMMSN012BLZZ,CU-BITDF-EMAIL,EMAIL,Email Security.,0.82,
Bitdefender,Bitdefender Cloud Security Gravity Zone,GRAVITYZONE,3PARTYONPREMBTCDSCCW,GRAVITYZONE,Standalone GravityZone / Cloud Security.,0.42,
Bitdefender,Bitdefender Security for Mobile,MOBILE,CU-BITDF-MOBILE,MOBILE,Mobile Security.,0.72,
Bitdefender,Bitdefender Cloud Sec GravityZone,M2MEPSEC-BITDEFENDER,M2MEPSEC-BITDEFENDER,GRAVITYZONE,Derived from Bitdefender royalty report workbook product description.,0.42,
Bitdefender,Bitdefender Cloud Encryption,3PARTYONPREMBTCDENCP,CU-BITDF-ENCRYPTION,ENCRYPTION,Cloud Encryption.,0.4,
Bitdefender,M2M-ConnectWise MDR with Bitdefender,MDR_BITDEFENDER,M2MEPSEC-BITDEFENDER,MDR_BITDEFENDER,Month-to-month MDR Bitdefender bundle.,1.47,
Bitdefender,Bitdefender ATS & EDR,CW-EPSEC-BITDEFENDER,CU-BITDF-ATS-AND-EDR,ATS_EDR,Royalty component; may reconcile to MDR bundle on CW side.,0.9,
Bitdefender,Bitdefender GravityZone Email Security,2765EMMSN012ALZZ,CU-BITDF-EMAIL,EMAIL,Email Security.,0.82,
Bitdefender,Bitdefender EDR (MSP Secure),,,UNMAPPED,Derived from Bitdefender royalty report workbook product description.,,
Bitdefender,Bitdefender ATS & EDR,DL17107A00C-EN-D,CU-BITDF-ATS-AND-EDR,ATS_EDR,Royalty component; may reconcile to MDR bundle on CW side.,0.9,
Bitdefender,Bitdefender Patch Management,DL17108A00B-EN-D,CU-BITDF-PATCH,PATCH,Patch Management.,0.62,
Bitdefender,Bitdefender PHASR,PHASR,CU-BITDF-PHASR,PHASR,PHASR product family.,1.11,
Bitdefender,ConnectWise MDR with Bitdefender,MDR_BITDEFENDER,CW-EPSEC-BITDEFENDER,MDR_BITDEFENDER,"CW bundle shown as MDR Bitdefender; royalty splits into GravityZone, ATS and EDR components.",1.47,
Bitdefender,Bitdefender EDR (MSP Secure),TA-BITDEFENDER-EDR-MSP-SECURE,TA-BITDEFENDER-EDR-MSP-SECURE,UNMAPPED,Derived from Bitdefender royalty report workbook product description.,,
Bitdefender,Bitdefender XDR - Identity,CMS-SEC-SAAS-SEC-CYB-XDRIDEN,CMS-SEC-SAAS-SEC-CYB-XDRIDEN,XDR,Derived from Bitdefender royalty report workbook product description.,0.58,
Bitdefender,BitDefender Security for ViE VS,AL1775A00A-EN-D,AL1775A00A-EN-D,UNMAPPED,Derived from Bitdefender royalty report workbook product description.,,
Bitdefender,Bitdefender GravityZone Email Security,2765EMMSN012CLZZ,CU-BITDF-EMAIL,EMAIL,Email Security.,0.82,
Bitdefender,Bitdefender Advanced Threat Security,DL17106A00B-EN-D,CU-BITDF-ADV-THREAT,ATS_EDR,ATS component combined with EDR for Bitdefender bundle matching.,0.9,
Bitdefender,Bitdefender ATS & EDR,SwO-3P-CYBR-SOLP-BDATSEDR,CU-BITDF-ATS-AND-EDR,ATS_EDR,Royalty component; may reconcile to MDR bundle on CW side.,0.9,
Bitdefender,Bitdefender Patch Management,CU-BITDF-PATCH-MNGT,CU-BITDF-PATCH,PATCH,Patch Management.,0.62,
Bitdefender,Bitdefender Cloud Encryption,AL1795A00B-EN,CU-BITDF-ENCRYPTION,ENCRYPTION,Cloud Encryption.,0.4,
Bitdefender,Bitdefender Security for VE VS,AL1775A00A-EN-D,AL1775A00A-EN-D,UNMAPPED,Derived from Bitdefender royalty report workbook product description.,,
Bitdefender,Bitdefender Advanced Threat Security,CU-BITDF-ADV-THREAT,CU-BITDF-ADV-THREAT,ATS_EDR,ATS component combined with EDR for Bitdefender bundle matching.,0.9,
Bitdefender,Bitdefender GravityZone Email Security,EMAIL,CU-BITDF-EMAIL,EMAIL,Email Security.,0.82,
Bitdefender,Bitdefender ATS & EDR,DL17107A00E-EN-D,CU-BITDF-ATS-AND-EDR,ATS_EDR,Royalty component; may reconcile to MDR bundle on CW side.,0.9,
Bitdefender,Bitdefender Cloud Sec GravityZone,CU-BITDF-GRAVITYZONE,CU-BITDF-GRAVITYZONE,GRAVITYZONE,GravityZone overage usage.,0.42,
Bitdefender,Bitdefender ATS & EDR,DL17107A00A-EN-D,CU-BITDF-ATS-AND-EDR,ATS_EDR,Royalty component; may reconcile to MDR bundle on CW side.,0.9,
Bitdefender,Bitdefender PHASR,2765PHMSN012AAZZ,CU-BITDF-PHASR,PHASR,PHASR product family.,1.11,
Bitdefender,BitDefender Security for VE VS,AL1775A00A-EN-D,AL1775A00A-EN-D,UNMAPPED,Derived from Bitdefender royalty report workbook product description.,,
Bitdefender,Bitdefender EDR (MSP Secure),CW-BITDFEDRMSPSECURE,CW-BITDFEDRMSPSECURE,UNMAPPED,Derived from Bitdefender royalty report workbook product description.,,
Bitdefender,Bitdefender Advanced Threat Security,DL17106A00C-EN-D,CU-BITDF-ADV-THREAT,ATS_EDR,ATS component combined with EDR for Bitdefender bundle matching.,0.9,
Bitdefender,Msp Secure Plus,,,UNMAPPED,Derived from Bitdefender royalty report workbook product description.,,
Bitdefender,Bitdefender Cloud Sec GravityZone,,,GRAVITYZONE,Derived from Bitdefender royalty report workbook product description.,0.42,
Bitdefender,Bitdefender Cloud Security Gravity Zone (Usage),CU-BITDF-GRAVITYZONE,CU-BITDF-GRAVITYZONE,GRAVITYZONE,GravityZone overage usage.,0.42,
Bitdefender,Bitdefender Cloud Encryption,CU-BITDF-CLD-ENCRYP,CU-BITDF-ENCRYPTION,ENCRYPTION,Cloud Encryption.,0.4,
Bitdefender,Bitdefender Cloud Sec GravityZone,3PARTYONPREMBTCDSCCW,3PARTYONPREMBTCDSCCW,GRAVITYZONE,Derived from Bitdefender royalty report workbook product description.,0.42,
Bitdefender,Bitdefender Cloud Encryption,AL1795A00A-EN,CU-BITDF-ENCRYPTION,ENCRYPTION,Cloud Encryption.,0.4,
Bitdefender,Bitdefender ATS & EDR,,CU-BITDF-ATS-AND-EDR,ATS_EDR,Royalty component; may reconcile to MDR bundle on CW side.,0.9,
Bitdefender,Bitdefender GravityZone Email Security,,CU-BITDF-EMAIL,EMAIL,Email Security.,0.82,
Bitdefender,Bitdefender Patch Management,DL17108A00D-EN-D,CU-BITDF-PATCH,PATCH,Patch Management.,0.62,
Bitdefender,Bitdefender ATS & EDR,DL17107A00B-EN-D,CU-BITDF-ATS-AND-EDR,ATS_EDR,Royalty component; may reconcile to MDR bundle on CW side.,0.9,
Bitdefender,BitDefender Security for Virtualized,VS,CU-BITDF-VS,VS,Virtualized Security.,3.14,
Bitdefender,Bitdefender Cloud Encryption,ENCRYPTION,CU-BITDF-ENCRYPTION,ENCRYPTION,Cloud Encryption.,0.4,
Bitdefender,Bitdefender Cloud Encryption,AL1795A00C-EN500-749,CU-BITDF-ENCRYPTION,ENCRYPTION,Cloud Encryption.,0.4,
Bitdefender,Bitdefender Cloud Sec GravityZone,CW-EPSEC-BITDEFENDER,CW-EPSEC-BITDEFENDER,GRAVITYZONE,Derived from Bitdefender royalty report workbook product description.,0.42,
Bitdefender,Bitdefender GravityZone Email Security,CU-BITDF-GZ-EMAILSEC,CU-BITDF-EMAIL,EMAIL,Email Security.,0.82,
Bitdefender,Bitdefender Cloud Encryption,,CU-BITDF-ENCRYPTION,ENCRYPTION,Cloud Encryption.,0.4,
Bitdefender,Bitdefender Patch Management,DL17108A00A-EN-D,CU-BITDF-PATCH,PATCH,Patch Management.,0.62,
Bitdefender,Msp Secure Extra,,,UNMAPPED,Derived from Bitdefender royalty report workbook product description.,,
Bitdefender,Bitdefender XDR,XDR,CU-BITDF-XDR,XDR,XDR product family.,0.58,
Bitdefender,Bitdefender Advanced Threat Security,,CU-BITDF-ADV-THREAT,ATS_EDR,ATS component combined with EDR for Bitdefender bundle matching.,0.9,
ESET,MSP - Secure Authentication,MSP - Secure Authentication,,SECURE_AUTH,Secure Authentication,0.02155,
ESET,Mail Security for MS Exchange,,EXCH,MAIL_SECURITY,Mail Security for MS Exchange,,
ESET,MSP - PROTECT Mail Plus,MSP - PROTECT Mail Plus,,MAIL_SECURITY,PROTECT Mail Plus,0.017419,
ESET,Endpoint Security,,3PARTYONPREMESETENDP,ENDPOINT_SECURITY,Endpoint Security,,
ESET,File Security for MS Win Server,,WFS,SERVER_SECURITY,File Security for MS Win Server,,
ESET,MSP - Full Disk Encryption,MSP - Full Disk Encryption,,FULL_DISK_ENCRYPTION,Full Disk Encryption,0.02635,
ESET,Protect Complete Internal IT,,MSP2-PC-IIT,PROTECT_COMPLETE,Protect Complete Internal IT,,
ESET,AV Business Edition,,EAVB,ENDPOINT_ANTIVIRUS,AV Business Edition,,
ESET,Protect Advanced,,MSP2-PA,PROTECT_ADVANCED,Protect Advanced,,
ESET,Endpoint Protection Advanced legacy,,3PARTYONPREMEPPROADV,PROTECT_ADVANCED,Endpoint Protection Advanced legacy,,
ESET,Endpoint Security macOS Per Device,,ITN-EESX,ENDPOINT_SECURITY,Endpoint Security macOS Per Device,,
ESET,MSP - PROTECT Complete,MSP - PROTECT Complete,,PROTECT_COMPLETE,PROTECT Complete,0.044334,
ESET,MSP - Endpoint Encryption Pro,MSP - Endpoint Encryption Pro,,ENDPOINT_ENCRYPTION_PRO,Endpoint Encryption Pro,1.33,
ESET,MSP - Mail Security,MSP - Mail Security,,MAIL_SECURITY,Mail Security,0.01,
ESET,Protect Entry On-Prem,,EEPA,PROTECT_ENTRY_ONPREM,Protect Entry On-Prem,,
ESET,Endpoint Security,,EES,ENDPOINT_SECURITY,Endpoint Security,,
ESET,NOD32 AV Business Edition,,RMM-EAVB,ENDPOINT_ANTIVIRUS,NOD32 AV Business Edition,,
ESET,MSP - Server Security,MSP - Server Security,,SERVER_SECURITY,Server Security,0.028333,
ESET,Cybersecurity Awareness Training,,MSP-ECAT-Y1,AWARENESS_TRAINING,Cybersecurity Awareness Training,,
ESET,WW File Server,,3PARTYONPREMESWWFSVR,SERVER_SECURITY,WW File Server,,
ESET,MSP - Endpoint Security,MSP - Endpoint Security,,ENDPOINT_SECURITY,Endpoint Security,0.03,
ESET,MSP - PROTECT Enterprise,MSP - PROTECT Enterprise,,PROTECT_ENTERPRISE,PROTECT Enterprise,0.0725,
ESET,Protect Entry On-Prem G/E/N,,EEPA-GE-N3-E,PROTECT_ENTRY_ONPREM,Protect Entry On-Prem G/E/N,,
ESET,Protect Entry Internal IT,,MSP2-PE-IIT,PROTECT_ENTRY,Protect Entry Internal IT,,
ESET,DESlock / Endpoint Encryption,,DSLP,ENDPOINT_ENCRYPTION_PRO,DESlock / Endpoint Encryption,,
ESET,Endpoint AV Legacy Partners,,3PARTYONPREMESETAVLP,ENDPOINT_ANTIVIRUS,Endpoint AV Legacy Partners,,
ESET,Endpoint Antivirus ROW,,3PARTYONPREMESWWEPAV,ENDPOINT_ANTIVIRUS,Endpoint Antivirus ROW,,
ESET,ESET Inspect,,MSP2-EI,INSPECT_EDR,ESET Inspect,,
ESET,Protect Entry,,MSP2-PE,PROTECT_ENTRY,Protect Entry,,
ESET,Protect Complete,,MSP2-PC,PROTECT_COMPLETE,Protect Complete,,
ESET,MSP - Endpoint Antivirus,MSP - Endpoint Antivirus,,ENDPOINT_ANTIVIRUS,Endpoint Antivirus,0.017,
ESET,MSP - ESET Inspect,MSP - ESET Inspect,,INSPECT_EDR,ESET Inspect,0.0313,
ESET,AV Business Ed for Mac OS,,EESX,ENDPOINT_ANTIVIRUS,AV Business Ed for Mac OS,,
ESET,NOD32 AV Business Ed Mac,,RMM-EAVBM,ENDPOINT_ANTIVIRUS,NOD32 AV Business Ed Mac,,
ESET,File Security for MS Win Server,,3PARTYONPREMESETWFSS,SERVER_SECURITY,File Security for MS Win Server,,
ESET,MSP - PROTECT Entry On-Prem,MSP - PROTECT Entry On-Prem,,PROTECT_ENTRY_ONPREM,PROTECT Entry On-Prem,0.0285,
ESET,Protect Advanced Internal IT,,MSP2-PA-IIT,PROTECT_ADVANCED,Protect Advanced Internal IT,,
ESET,Endpoint Antivirus,,EEA,ENDPOINT_ANTIVIRUS,Endpoint Antivirus,,
ESET,Mail Security Exchange Legacy,,3PARTYONPREMESETESLP,MAIL_SECURITY,Mail Security Exchange Legacy,,
ESET,AV Business Ed Mac Legacy,,LEGACYSKUESETMOLP,ENDPOINT_ANTIVIRUS,AV Business Ed Mac Legacy,,
ESET,MSP - PROTECT Entry,MSP - PROTECT Entry,,PROTECT_ENTRY,PROTECT Entry,0.027523,
ESET,MSP - PROTECT Advanced,MSP - PROTECT Advanced,,PROTECT_ADVANCED,PROTECT Advanced,0.035542,
ESET,Protect Enterprise,,MSP2-PEN,PROTECT_ENTERPRISE,Protect Enterprise,,
ESET,Protect Entry On-Prem 3yr,,EEPA-N3-E,PROTECT_ENTRY_ONPREM,Protect Entry On-Prem 3yr,,
ESET,Protect Mail Plus,,MSP2-PMP,MAIL_SECURITY,Protect Mail Plus,,
ESET,Endpoint AntiVirus,,3PARTYONPREMESETEPAV,ENDPOINT_ANTIVIRUS,Endpoint AntiVirus,,
ESET,File Security Win Svr Legacy,,3PARTYONPREMESETWSLP,SERVER_SECURITY,File Security Win Svr Legacy,,
ESET,Protect Entry On-Prem 1yr,,EPA-Y1-GEN,PROTECT_ENTRY_ONPREM,Protect Entry On-Prem 1yr,,
ESET,AV for Mac OS X,,EAVBM,ENDPOINT_ANTIVIRUS,AV for Mac OS X,,
ESET,Full Disk Encryption,,MSP2FDE1,FULL_DISK_ENCRYPTION,Full Disk Encryption,,
Exium,EX-SASE-ESSENTIALS,EX-SASE-ESSENTIALS,EX-SASE-ESSENTIALS,EXIUM_SASE_ESSENTIALS,SASE Essentials (bundled),5.5,
Exium,EX-CGW,EX-CGW,EX-CGW,EXIUM_CGW,CGW legacy Zuora SKU,22.5,
Exium,EX-SASE-PRO,EX-SASE-PRO,EX-SASE-PRO,EXIUM_SASE_PRO,SASE Pro (bundled),8.75,
Exium,EX-CGW,EX-CGW,EXIUM_CGW,EXIUM_CGW,Cyber Gateway existing,22.5,
Exium,EX-CGW-NEW,EX-CGW-NEW,EXIUM_CGW,EXIUM_CGW,New CGW pricing tier,50.0,
Exium,EX-XDR-7DAY,EX-XDR-7DAY,EX-XDR-7DAY,EXIUM_XDR,XDR 7-day retention (Zuora-only),,
Exium,EX-SPA,EX-SPA,EXIUM_SPA,EXIUM_SPA,Secure Private Access (per-agent),5.5,
Exium,EX-SPA,EX-SPA,EX-SPA,EXIUM_SPA,SPA legacy Zuora SKU,5.5,
Exium,EX-SIA,EX-SIA,EX-SIA,EXIUM_SIA,SIA legacy Zuora SKU,5.5,
Exium,EX-SIA,EX-SIA,EXIUM_SIA,EXIUM_SIA,Secure Internet Access (per-agent),5.5,
KeepIT,KI-AZUR-CSP,KI-AZUR-CSP,CMS-EG-BDR-SOLP-SAAS-SB-AZADV,KI-AZUR-CSP,Azure AD / Entra ID Advanced user backup,,
KeepIT,KI-M365-FUL,KI-M365-FUL,CW-RMM-SB-M365,KI-M365-FUL,Microsoft 365 / Office 365 user backup,,
KeepIT,KI-GOOG-FUL,KI-GOOG-FUL,BB-3Y-PROMO-BUNDLE,KI-GOOG-FUL,Google Workspace user backup,,
KeepIT,KI-M365-FUL,KI-M365-FUL,BB-3Y-PROMO-BUNDLE,KI-M365-FUL,Microsoft 365 / Office 365 user backup,,
KeepIT,KI-SFDC-FUL,KI-SFDC-FUL,CMS-3P-UMM-BCDR-SAAS-SALESFRC,KI-SFDC-FUL,Salesforce user backup,,
KeepIT,KI-D365-FUL,KI-D365-FUL,,KI-D365-FUL,Dynamics 365 backup,,
KeepIT,KI-M365-FUL,KI-M365-FUL,CULCSAS200310OFFICEP,KI-M365-FUL,Microsoft 365 / Office 365 user backup,,
KeepIT,KI-GOOG-FUL,KI-GOOG-FUL,M2M-RMM-SB-GW,KI-GOOG-FUL,Google Workspace user backup,,
KeepIT,KI-M365-FUL,KI-M365-FUL,CWP-3P-UMM-BCDR-SAAS-OFC365UR,KI-M365-FUL,Microsoft 365 / Office 365 user backup,,
KeepIT,KEEPIT_CW_ONLY_UNLIMITED_RETENTION,UNCONFIRMED_VENDOR_SKU,CW_3YPROMO_RETENTION,KEEPIT_CW_ONLY_UNLIMITED_RETENTION,CW retention charge; no separate vendor usage SKU observed in current KeepIT summaries,,
KeepIT,KI-D365-FUL,KI-D365-FUL,CU-LIC-SAAS200313MDS,KI-D365-FUL,Dynamics 365 user backup,,
KeepIT,KEEPIT_CW_ONLY_UNLIMITED_RETENTION,UNCONFIRMED_VENDOR_SKU,M2M-RMM-SB-UNLTD,KEEPIT_CW_ONLY_UNLIMITED_RETENTION,CW retention charge; no separate vendor usage SKU observed in current KeepIT summaries,,
KeepIT,KI-SFDC-FUL,KI-SFDC-FUL,CW-RMM-SB-SF,KI-SFDC-FUL,Salesforce user backup,,
KeepIT,KEEPIT_CW_ONLY_UNLIMITED_RETENTION,UNCONFIRMED_VENDOR_SKU,CW-3YPROMO-RETENTION,KEEPIT_CW_ONLY_UNLIMITED_RETENTION,CW retention charge; no separate vendor usage SKU observed in current KeepIT summaries,,
KeepIT,KI-AZUR-CSP,KI-AZUR-CSP,BB-3Y-PROMO-BUNDLE,KI-AZUR-CSP,Azure AD / Entra ID Advanced user backup,,
KeepIT,KI-M365-FUL,KI-M365-FUL,CMS-EG-BDR-SOLP-SAAS-RMSBM365,KI-M365-FUL,Microsoft 365 / Office 365 user backup,,
KeepIT,KI-AZUR-CSP,KI-AZUR-CSP,M2M-RMM-SB-AZ-ADV,KI-AZUR-CSP,Azure AD / Entra ID Advanced user backup,,
KeepIT,KI-AZUR-CSP,KI-AZUR-CSP,BC-3Y-PROMO-AZURE-AD,KI-AZUR-CSP,Azure AD / Entra ID Advanced user backup,,
KeepIT,KI-GOOG-FUL,KI-GOOG-FUL,CW-RMM-SB-GW,KI-GOOG-FUL,Google Workspace user backup,,
KeepIT,KI-SFDC-FUL,KI-SFDC-FUL,BB-3Y-PROMO-BUNDLE,KI-SFDC-FUL,Salesforce user backup,,
KeepIT,KI-D365-FUL,KI-D365-FUL,M2MLIC-SAAS200313MDS,KI-D365-FUL,Dynamics 365 user backup,,
KeepIT,KEEPIT_CW_ONLY_UNLIMITED_RETENTION,UNCONFIRMED_VENDOR_SKU,CWP-3P-UMM-BCDR-SAAS-UNLIMTRT,KEEPIT_CW_ONLY_UNLIMITED_RETENTION,CW retention charge; no separate vendor usage SKU observed in current KeepIT summaries,,
KeepIT,KEEPIT_CW_ONLY_UNLIMITED_RETENTION,UNCONFIRMED_VENDOR_SKU,SWO-EG-UMM-BCDR-SAAS-UNLIMTRT,KEEPIT_CW_ONLY_UNLIMITED_RETENTION,CW retention charge; no separate vendor usage SKU observed in current KeepIT summaries,,
KeepIT,KI-GOOG-FUL,KI-GOOG-FUL,SwO-3P-UMM-SOLP-SAAS-GOOGLWSP,KI-GOOG-FUL,Google Workspace user backup,,
KeepIT,KI-M365-FUL,KI-M365-FUL,M2M-RMM-SB-M365,KI-M365-FUL,Microsoft 365 / Office 365 user backup,,
KeepIT,KEEPIT_CW_ONLY_POWER_BI,UNCONFIRMED_VENDOR_SKU,CMS-UMM-SAAS-KPIT-BDR-3PBIRMM,KEEPIT_CW_ONLY_POWER_BI,CW bills Power BI backup; no matching vendor usage SKU observed in current KeepIT summaries,,
KeepIT,KI-M365-FUL,KI-M365-FUL,M2MLCSS200310OFFICEP,KI-M365-FUL,Microsoft 365 / Office 365 user backup,,
KeepIT,KEEPIT_CW_ONLY_PROMO_SHORTAGE,UNCONFIRMED_VENDOR_SKU,BC-3Y-PROMO-SHORTAGE,KEEPIT_CW_ONLY_PROMO_SHORTAGE,Shortage SKU is a billing adjustment and should not be forced to vendor usage,,
KeepIT,KI-D365-FUL,KI-D365-FUL,CWP-3P-UMM-BCDR-SAAS-DYNAMICS,KI-D365-FUL,Dynamics 365 user backup,,
KeepIT,KI-AZUR-CSP,KI-AZUR-CSP,CWP-3P-UMM-BCDR-SAAS-AZUREADA,KI-AZUR-CSP,Azure AD / Entra ID Advanced user backup,,
KeepIT,KEEPIT_CW_ONLY_UNLIMITED_RETENTION,UNCONFIRMED_VENDOR_SKU,SwO-3P-UMM-SOLP-SAAS-UNLTDRET,KEEPIT_CW_ONLY_UNLIMITED_RETENTION,CW retention charge; no separate vendor usage SKU observed in current KeepIT summaries,,
KeepIT,KI-SFDC-FUL,KI-SFDC-FUL,M2M-RMM-SB-SF,KI-SFDC-FUL,Salesforce user backup,,
KeepIT,KI-AZUR-CSP,KI-AZUR-CSP,CW-RMM-SB-AZ-ADV,KI-AZUR-CSP,Azure AD / Entra ID Advanced user backup,,
KeepIT,KI-SFDC-FUL,KI-SFDC-FUL,M2MLCSS200312SALESFP,KI-SFDC-FUL,Salesforce user backup,,
KeepIT,KI-GOOG-FUL,KI-GOOG-FUL,SWO-EG-UMM-SOLP-SAAS-GOOGLWSP,KI-GOOG-FUL,Google Workspace user backup,,
KeepIT,KI-GOOG-FUL,KI-GOOG-FUL,CMS-EG-BDR-SOLP-SAAS-RMM-SBGW,KI-GOOG-FUL,Google Workspace user backup,,
KeepIT,KI-GOOG-FUL,KI-GOOG-FUL,CULCSAS200311GSUITP,KI-GOOG-FUL,Google Workspace user backup,,
KeepIT,KEEPIT_CW_ONLY_UNLIMITED_RETENTION,UNCONFIRMED_VENDOR_SKU,SWO-EG-UMM-SOLP-SAAS-UNLTDRET,KEEPIT_CW_ONLY_UNLIMITED_RETENTION,CW retention charge; no separate vendor usage SKU observed in current KeepIT summaries,,
KeepIT,KI-M365-FUL,KI-M365-FUL,CMS-3P-UMM-BCDR-SAAS-OFC365UR,KI-M365-FUL,Microsoft 365 / Office 365 user backup,,
KeepIT,KEEPIT_CW_ONLY_UNLIMITED_RETENTION,UNCONFIRMED_VENDOR_SKU,CMS-3P-UMM-BCDR-SAAS-UNLIMTRT,KEEPIT_CW_ONLY_UNLIMITED_RETENTION,CW retention charge; no separate vendor usage SKU observed in current KeepIT summaries,,
KeepIT,KI-M365-FUL,KI-M365-FUL,,KI-M365-FUL,Microsoft 365 mailbox / Exchange backup,,
KeepIT,KI-GOOG-FUL,KI-GOOG-FUL,BC-3Y-PROMO-GOOGLE,KI-GOOG-FUL,Google Workspace user backup,,
KeepIT,KI-AZUR-CSP,KI-AZUR-CSP,,KI-AZUR-CSP,Entra ID / Azure AD Advanced backup,,
KeepIT,KI-AZUR-CSP,KI-AZUR-CSP,CU-AZURE-AD-ADV-USER,KI-AZUR-CSP,Azure AD / Entra ID Advanced user backup,,
KeepIT,KEEPIT_CW_ONLY_AZURE_DEVOPS,UNCONFIRMED_VENDOR_SKU,CMS-UMM-SAAS-KPIT-BDR-3PDEVOPS,KEEPIT_CW_ONLY_AZURE_DEVOPS,CW bills Azure DevOps backup; no matching vendor usage SKU observed in current KeepIT summaries,,
KeepIT,KI-D365-FUL,KI-D365-FUL,SwO-3P-UMM-SOLP-SAAS-DYNMUSER,KI-D365-FUL,Dynamics 365 user backup,,
KeepIT,KEEPIT_POST_PROMO_USAGE,KEEPIT_POST_PROMO_USAGE,,KEEPIT_POST_PROMO_USAGE,Post-promo takeout blended partner amount; no SKU allocation in vendor file,,
KeepIT,KI-GOOG-FUL,KI-GOOG-FUL,CMS-3P-UMM-BCDR-SAAS-GOOGLEWS,KI-GOOG-FUL,Google Workspace user backup,,
KeepIT,KI-SFDC-FUL,KI-SFDC-FUL,CWP-3P-UMM-BCDR-SAAS-SALESFRC,KI-SFDC-FUL,Salesforce user backup,,
KeepIT,KEEPIT_CW_ONLY_POWER_BI,UNCONFIRMED_VENDOR_SKU,M2M-UMM-SAAS-KPIT-BDR-3PBIRMM,KEEPIT_CW_ONLY_POWER_BI,CW bills Power BI backup; no matching vendor usage SKU observed in current KeepIT summaries,,
KeepIT,KI-AZUR-CSP,KI-AZUR-CSP,CMS-3P-UMM-BCDR-SAAS-AZUREADA,KI-AZUR-CSP,Azure AD / Entra ID Advanced user backup,,
KeepIT,KI-M365-FUL,KI-M365-FUL,SwO-3P-BCDR-SOLP-SAAS-MSSBM365,KI-M365-FUL,Microsoft 365 / Office 365 user backup,,
KeepIT,KI-SFDC-FUL,KI-SFDC-FUL,CMS-EG-BDR-SOLP-SAAS-RMM-SBSF,KI-SFDC-FUL,Salesforce user backup,,
KeepIT,KI-GOOG-FUL,KI-GOOG-FUL,CWP-3P-UMM-BCDR-SAAS-GOOGLEWS,KI-GOOG-FUL,Google Workspace user backup,,
KeepIT,KI-GOOG-FUL,KI-GOOG-FUL,M2MLCSS200311GSUITP,KI-GOOG-FUL,Google Workspace user backup,,
KeepIT,KI-D365-FUL,KI-D365-FUL,CMS-3P-UMM-BCDR-SAAS-DYNAMICS,KI-D365-FUL,Dynamics 365 user backup,,
KeepIT,KI-SFDC-FUL,KI-SFDC-FUL,SWO-EG-UMM-SOLP-SAAS-SF-USERS,KI-SFDC-FUL,Salesforce user backup,,
KeepIT,KEEPIT_CW_ONLY_UNLIMITED_RETENTION,UNCONFIRMED_VENDOR_SKU,CW-RMM-SB-UNLTD,KEEPIT_CW_ONLY_UNLIMITED_RETENTION,CW retention charge; no separate vendor usage SKU observed in current KeepIT summaries,,
KeepIT,KI-SFDC-FUL,KI-SFDC-FUL,BC-3Y-PROMO-SF-USER,KI-SFDC-FUL,Salesforce user backup,,
KeepIT,KI-SFDC-FUL,KI-SFDC-FUL,CULCSAS200312SALESFP,KI-SFDC-FUL,Salesforce user backup,,
KeepIT,KI-D365-FUL,KI-D365-FUL,M2M-RMM-SB-DYNMCS,KI-D365-FUL,Dynamics 365 user backup,,
KeepIT,KI-SFDC-FUL,KI-SFDC-FUL,,KI-SFDC-FUL,Salesforce backup,,
KeepIT,KI-AZUR-CSP,KI-AZUR-CSP,SwO-3P-UMM-SOLP-SAAS-AZADUSRS,KI-AZUR-CSP,Azure AD / Entra ID Advanced user backup,,
KeepIT,KI-SFDC-FUL,KI-SFDC-FUL,SwO-3P-UMM-SOLP-SAAS-SF-USERS,KI-SFDC-FUL,Salesforce user backup,,
KeepIT,KEEPIT_CW_ONLY_POWER_BI,UNCONFIRMED_VENDOR_SKU,BC-3Y-PROMO-POWER-BI,KEEPIT_CW_ONLY_POWER_BI,CW bills Power BI backup; no matching vendor usage SKU observed in current KeepIT summaries,,
KeepIT,KEEPIT_CW_ONLY_PROMO_BUNDLE,UNCONFIRMED_VENDOR_SKU,BB-3Y-PROMO-BUNDLE,KEEPIT_CW_ONLY_PROMO_BUNDLE,Catalog bundle SKU; Zuora charge-level rows map components where available,,
KeepIT,KI-D365-FUL,KI-D365-FUL,BC-3Y-PROMO-DYNAMICS,KI-D365-FUL,Dynamics 365 user backup,,
KeepIT,KEEPIT_CW_ONLY_POWER_BI,UNCONFIRMED_VENDOR_SKU,M2M-UMM-SAAS-KPIT-BDR-3PWBISA,KEEPIT_CW_ONLY_POWER_BI,CW bills Power BI backup; no matching vendor usage SKU observed in current KeepIT summaries,,
KeepIT,KI-AZUR-CSP,KI-AZUR-CSP,SWO-EG-UMM-SOLP-SAAS-AZADUSRS,KI-AZUR-CSP,Azure AD / Entra ID Advanced user backup,,
KeepIT,KEEPIT_CW_ONLY_POWER_BI,UNCONFIRMED_VENDOR_SKU,CMS-UMM-SAAS-KPIT-BDR-3PWBISA,KEEPIT_CW_ONLY_POWER_BI,CW bills Power BI backup; no matching vendor usage SKU observed in current KeepIT summaries,,
KeepIT,KI-GOOG-FUL,KI-GOOG-FUL,,KI-GOOG-FUL,Google Workspace backup,,
KeepIT,KI-D365-FUL,KI-D365-FUL,CW-RMM-SB-DYNMCS,KI-D365-FUL,Dynamics 365 user backup,,
KeepIT,KI-D365-FUL,KI-D365-FUL,SWO-EG-UMM-SOLP-SAAS-DYNMUSER,KI-D365-FUL,Dynamics 365 user backup,,
KeepIT,KEEPIT_CW_ONLY_ADHOC_CHARGE,UNCONFIRMED_VENDOR_SKU,CU-OTHERCORP900902RS,KEEPIT_CW_ONLY_ADHOC_CHARGE,Adhoc billing charge; no matching vendor usage SKU expected,,
KeepIT,KI-D365-FUL,KI-D365-FUL,BB-3Y-PROMO-BUNDLE,KI-D365-FUL,Dynamics 365 user backup,,
KeepIT,KEEPIT_CW_ONLY_UNLIMITED_RETENTION,UNCONFIRMED_VENDOR_SKU,CMS-EG-BDR-SOLP-SAAS-SB-UNLTD,KEEPIT_CW_ONLY_UNLIMITED_RETENTION,CW retention charge; no separate vendor usage SKU observed in current KeepIT summaries,,
KeepIT,KI-M365-FUL,KI-M365-FUL,BC-3Y-PROMO-OFC365UR,KI-M365-FUL,Microsoft 365 / Office 365 user backup,,
KeepIT,KI-D365-LGT,KI-D365-LGT,,KI-D365-LGT,Dynamics 365 Light backup,,
Proofpoint,Advanced OEM,PP-ESS-CWTPS,CWP-IH-CYBR-OTHR-SAAS-EMSECADV,OEM,,2.04,
Proofpoint,Advanced,PP-ESS-ADV,PP-ESS-ADV,Advanced,,1.6432,
Proofpoint,Security Awareness,PP-ESS-PSAT-A,PP-ESS-PSAT-A,Security Awareness,,0.5495,
Proofpoint,Advanced +,PP-ESS-ADV2,SwO-3P-CYBR-SOLP-ESS-ADV2,Advanced +,,1.9794,
Proofpoint,Professional,PP-ESS-PRO,PP-ESS-PRO,Professional,,2.3388,
Proofpoint,Professional +,PP-ESS-PRO2,SwO-3P-CYBR-SOLP-SAAS-PROFPLUS,Professional +,,2.74,
Proofpoint,Advanced +,PP-ESS-ADV2,PP-ESS-ADV-PLUS,Advanced +,,1.9794,
Proofpoint,Professional +,PP-ESS-PRO2,M2M-CU-PP-ESS-PRO-PLUS,Professional +,,2.74,
Proofpoint,Basic OEM,PP-ESS-CWADV,SWO-EG-CYBR-OTHR-SAAS-EMSECESS,OEM,,1.4836,
Proofpoint,Advanced,PP-ESS-ADV,CU-PP-ESS-ADV,Advanced,,1.6432,
Proofpoint,Advanced OEM,PP-ESS-CWTPS,SWO-EG-CYBR-OTHR-SAAS-EMSECADV,OEM,,2.04,
Proofpoint,Business,PP-ESS-BUS,M2M-CU-PP-ESS-BUS,Business,,1.1951,
Proofpoint,Beginner,PP-ESS-BEG,M2M-CU-PP-ESS-BEG,Beginner,,0.6314,
Proofpoint,Professional,PP-ESS-PRO,CU-PP-ESS-PRO,Professional,,2.3388,
Proofpoint,Professional +,PP-ESS-PRO2,SWO-EG-CYBR-SOLP-SAAS-PROFPLUS,Professional +,,2.74,
Proofpoint,Professional +,PP-ESS-PRO2,PP-ESS-PRO-PLUS,Professional +,,2.74,
Proofpoint,Advanced,PP-ESS-ADV,M2M-CU-PP-ESS-ADV,Advanced,,1.6432,
Proofpoint,Security Awareness,PP-ESS-PSAT-A,M2M-CU-PP-ESS-PSAT-A,Security Awareness,,0.5495,
Proofpoint,Business,PP-ESS-BUS,PP-ESS-BUS,Business,,1.1951,
Proofpoint,Advanced +,PP-ESS-ADV2,M2M-CU-PP-ESS-ADV-PLUS,Advanced +,,1.9794,
Proofpoint,Business +,PP-ESS-BUS2,CU-PP-ESS-BUS-PLUS,Business +,,1.3377,
Proofpoint,Beginner,PP-ESS-BEG,CU-PP-ESS-BEG,Beginner,,0.6314,
Proofpoint,Advanced,PP-ESS-ADV,CMS-EG-CYBER-SOLP-SAAS-PPESSADV,Advanced,,1.6432,
Proofpoint,Business,PP-ESS-BUS,CU-PP-ESS-BUS,Business,,1.1951,
Proofpoint,Professional +,PP-ESS-PRO2,CU-PP-ESS-PRO-PLUS,Professional +,,2.74,
Proofpoint,Business +,PP-ESS-BUS2,PP-ESS-BUS-PLUS,Business +,,1.3377,
Proofpoint,Basic OEM,PP-ESS-CWADV,CWP-IH-CYBR-OTHR-SAAS-EMSECESS,OEM,,1.4836,
Proofpoint,Professional,PP-ESS-PRO,M2M-CU-PP-ESS-PRO,Professional,,2.3388,
Proofpoint,Security Awareness,PP-ESS-PSAT-A,CU-PP-ESS-PSAT-A,Security Awareness,,0.5495,
Proofpoint,Beginner,PP-ESS-BEG,PP-ESS-BEG,Beginner,,0.6314,
Proofpoint,Advanced +,PP-ESS-ADV2,SWO-EG-CYBR-SOLP-ESS-ADV2,Advanced +,,1.9794,
Proofpoint,Business +,PP-ESS-BUS2,M2M-CU-PP-ESS-BUS-PLUS,Business +,,1.3377,
Proofpoint,Advanced +,PP-ESS-ADV2,CU-PP-ESS-ADV-PLUS,Advanced +,,1.9794,
SentinelOne,Threat Intelligence,Threat Intelligence,THREAT-INTEL,S1_THREAT_INTEL,Threat Intelligence (SKU not yet in Zuora),0.88,
SentinelOne,Ranger Insights,Ranger Insights,SP-RGR-ND,S1_RANGER_INSIGHTS,Ranger Insights,0.75,
SentinelOne,Forensics,Forensics,FORENSICS,S1_FORENSICS,Forensics (SKU not yet in Zuora),0.3,
SentinelOne,Data Retention - 30 Days,Data Retention - 30 Days,CU-PM-RT30-ND,S1_DR30,DR 30 days no-download,0.09,
SentinelOne,Control,Control,M2MSEROTHR300520EPSB,S1_CONTROL,M2M MDR bundle - Control tier,0.72,
SentinelOne,RSO,RSO,SP-RSO-ND-T1-C,S1_RSO,Recovery on RSO no-download T1,,
SentinelOne,Data Retention - 365 Days,Data Retention - 365 Days,CU-PM-RT1Y-ND,S1_DR365,DR 365 days,0.36,
SentinelOne,Complete,Complete,SwO-3P-CYBR-SOLP-SAAS-S1CMPLET,S1_COMPLETE,Solution package Complete,1.01,
SentinelOne,Complete,Complete,SwO_IH_CYBR_SIEM_SAAS_0520EPSB,S1_COMPLETE,SIEM Complete bundle,1.01,
SentinelOne,Control,Control,SENTINELONE-CONTROL,S1_CONTROL,Legacy standalone Control,0.72,
SentinelOne,Complete,Complete,SwO-IH-CYBR-SIEM-SAAS-EPSECADV,S1_COMPLETE,SIEM Complete tier,1.01,
SentinelOne,Complete,Complete,CU-3P-SAASS1Complete,S1_COMPLETE,Standalone Complete,1.01,
SentinelOne,Control,Control,CU-3P-SAAS-S1Control,S1_CONTROL,Standalone Control,0.72,
SentinelOne,Ranger AD,Ranger AD,RANGER-AD,S1_RANGER_AD,Ranger AD (SKU not yet in Zuora),0.55,
SentinelOne,Ranger,Ranger,SP-RGR-ND,S1_RANGER,Ranger no-download,0.38,
SentinelOne,Purple AI,Purple AI,PURPLE-AI,S1_PURPLE_AI,Purple AI (SKU not yet in Zuora),0.5,
SentinelOne,Core,Core,CORE,S1_CORE,Core (SKU not yet in Zuora),,
SentinelOne,Complete,Complete,CUSERVOTHRFFEPSECPRM,S1_COMPLETE,MDR premium bundle - Complete tier,1.01,
SentinelOne,Control,Control,SwO-3P-CYBR-SOLP-SAAS-S1CNTROL,S1_CONTROL,Solution package Control,0.72,
SentinelOne,Complete,Complete,TA-SENTINELONE-COMPLETE,S1_COMPLETE,Marketplace Complete,1.01,
SentinelOne,Data Retention - 180 Days,Data Retention - 180 Days,CU-PM-RT1Y-ND,S1_DR180,DR 180 days (billed 1Y),0.27,
SentinelOne,Control,Control,CUSERVOTHR300520EPSB,S1_CONTROL,MDR bundle - Control tier,0.72,
SentinelOne,Complete,Complete,SENTINELONE-COMPLETE,S1_COMPLETE,Legacy standalone Complete,1.01,
SentinelOne,Cloud Funnel,Cloud Funnel,CLOUD-FUNNEL,S1_CLOUD_FUNNEL,Cloud Funnel (SKU not yet in Zuora),0.3,
SentinelOne,Control,Control,TA-SENTINELONE-CONTROL,S1_CONTROL,Marketplace Control,0.72,
SentinelOne,Singularity Identity,Singularity Identity,SINGULARITY-IDENTITY,S1_SINGULARITY_IDENTITY,Singularity Identity (SKU not yet in Zuora),0.95,
SentinelOne,Data Retention - 90 Days,Data Retention - 90 Days,CU-PM-RT90-ND,S1_DR90,DR 90 days no-download,0.18,
Webroot,SECA,1000063234,SEWRSSAT100,SAT,OpenText Core Security Awareness Training | CW product=Webroot SecureAnywhere SecAwarenessTrain 100-249,0.02,0.75
Webroot,SECA,1000063234,SEWRSSAT1000,SAT,OpenText Core Security Awareness Training | CW product=Webroot SecureAnywhere SecAwarenessTrain 1000-2499,0.02,0.63
Webroot,SDNS,1000063236,WSADNSP,DNS,OpenText Core DNS Protection | CW product=Webroot GSM integrated Webroot SecureAnywhere DNS,,
Webroot,SDNS,1000063236,WSADNSPSTANDAL-00001,DNS,OpenText Core DNS Protection | CW product=Webroot SecureAnywhere DNS - 1-99 EPs,0.42,1.35
Webroot,SAEP,1000062533,WRS-USD-M01-TASEWRSGSM,GSM,OpenText Core Endpoint Protection | CW product=WRS-USD-M01-TASEWRSGSM,,
Webroot,NON_WEBROOT_PRODUCT_TAGGED,,CULSAS200401000NODT,NON_WEBROOT_PRODUCT_TAGGED,CW product=ConnectWise Recover Continuity No Cloud Essential 2000 Desktop TC; not a direct one-to-one OpenText invoice line,,
Webroot,SAEP,1000062533,WRS-USD-M02-TASEWRSGSM,GSM,OpenText Core Endpoint Protection | CW product=WRS-USD-M02-TASEWRSGSM,,
Webroot,SDNS,1000063236,SWO-EG-CYBR-SOLP-SAAS-30021010,DNS,OpenText Core DNS Protection | CW product=EVG Webroot DNS Protection,,
Webroot,SDNS,1000063236,SwO-3P-CYBR-SOLP-SAAS-30021010,DNS,OpenText Core DNS Protection | CW product=SwO Webroot DNS Protection,,1.75
Webroot,BUNDLE,1000062533|1000063236|1000063234,WRS-UKD-M06-TBGSMDNSSA,BUNDLE,CW product=WRS-UKD-M06-TBGSMDNSSA; not a direct one-to-one OpenText invoice line,,
Webroot,SAEP,1000062533,WRS-CAD-M03-TASEWRSGSM,GSM,OpenText Core Endpoint Protection | CW product=WRS-CAD-M03-TASEWRSGSM,,
Webroot,NON_WEBROOT_PRODUCT_TAGGED,,CULISAAS200302000256,NON_WEBROOT_PRODUCT_TAGGED,CW product=ConnectWise Continuity Backup Fixed Cloud Complete-Elite-2000-Server 100-256GB; not a direct one-to-one OpenText invoice line,,
Webroot,SAEP,1000062533,3PARTYONPREMWRSECBEP,GSM,OpenText Core Endpoint Protection | CW product=Webroot SecureAnywhere BEP,,
Webroot,SAEP,1000062533,WRS-CAD-M06-TASEWRSGSM,GSM,OpenText Core Endpoint Protection | CW product=WRS-CAD-M06-TASEWRSGSM,,
Webroot,SAEP,1000062533,WRS-USD-M06-TASEWRSGSM,GSM,OpenText Core Endpoint Protection | CW product=WRS-USD-M06-TASEWRSGSM,,
Webroot,SDNS,1000063236,WSADNSPSTANDAL-00500,DNS,OpenText Core DNS Protection | CW product=Webroot SecureAnywhere DNS - 500-749 EPs,0.42,1.0
Webroot,GSM,GSM,SEWRSGSM250,WEBROOT_GSM,SE-tier GSM 250-499,0.72,
Webroot,BUNDLE,1000062533|1000063236|1000063234,WRS-USD-M05-TBGSMDNSSA,BUNDLE,CW product=WRS-USD-M05-TBGSMDNSSA; not a direct one-to-one OpenText invoice line,,
Webroot,NON_WEBROOT_PRODUCT_TAGGED,,M2M-CULICSAAS1003002000B,NON_WEBROOT_PRODUCT_TAGGED,CW product=M2M-ConnectWise RMM Server Elite-01-01-2000; not a direct one-to-one OpenText invoice line,,
Webroot,SAEP,1000062533,SEWRSBEP10000,GSM,OpenText Core Endpoint Protection | CW product=Webroot SecureAnywhere BEP 10000-19999,,
Webroot,SECA,1000063234,SEWRSSAT5000,SAT,OpenText Core Security Awareness Training | CW product=Webroot SecureAnywhere SecAwarenessTrain 5000-9999,0.02,0.5
Webroot,NON_WEBROOT_PRODUCT_TAGGED,,CULICSAS200303000512,NON_WEBROOT_PRODUCT_TAGGED,CW product=ConnectWise Continuity Backup Fixed Cloud Complete Essential-2000-Svr 256-512GB; not a direct one-to-one OpenText invoice line,,
Webroot,GSM,GSM,WRSECGSM100,WEBROOT_GSM,GSM 100-249,0.79,
Webroot,SAEP,1000062533,M2M-3P-CYBR-SOLP-SAAS-MDRDSKTP,GSM,OpenText Core Endpoint Protection | CW product=M2M Webroot Endpoint Protection-(MDR) Desktop,,
Webroot,SAEP,1000062533,3P-SAAS30020015DESKT,GSM,OpenText Core Endpoint Protection | CW product=Webroot Endpoint Protection-11-01-2015  - Desktop,,
Webroot,SAEP,1000062533,WRS-UKD-M02-TASEWRSGSM,GSM,OpenText Core Endpoint Protection | CW product=WRS-UKD-M02-TASEWRSGSM,,
Webroot,SAEP,1000062533,3P-SAAS30020015PARNT,GSM,OpenText Core Endpoint Protection | CW product=Security Webroot Endpoint Protection,,
Webroot,SAEP,1000062533,SEWRSGSM,GSM,OpenText Core Endpoint Protection | CW product=Webroot SecureAnywhere GSM Key Channel Distribution,,
Webroot,SAEP,1000062533,WRSECGSM750,GSM,OpenText Core Endpoint Protection | CW product=Webroot SecureAnywhere GSM Key 750-999,0.52,1.14
Webroot,SAEP,1000062533,SEWRSBEP500,GSM,OpenText Core Endpoint Protection | CW product=Webroot SecureAnywhere BEP 500-749,,
Webroot,BUNDLE,1000062533|1000063236|1000063234,WRS-USD-M07-TBGSMDNSSA,BUNDLE,CW product=WRS-USD-M07-TBGSMDNSSA; not a direct one-to-one OpenText invoice line,,
Webroot,GSM,GSM,CW-RMM-WR-EEP-OVERAG,WEBROOT_GSM,RMM overage bill,0.42,
Webroot,SAEP,1000062533,SEWRSGSM250,GSM,OpenText Core Endpoint Protection | CW product=Webroot SecureAnywhere GSM Key 250-499  EPs,,
Webroot,BUNDLE,1000062533|1000063236|1000063234,WRS-UKD-M01-TBGSMDNSSA,BUNDLE,CW product=WRS-UKD-M01-TBGSMDNSSA; not a direct one-to-one OpenText invoice line,,
Webroot,BUNDLE,1000062533|1000063236|1000063234,WRS-AUD-M02-TBGSMDNSSA,BUNDLE,CW product=WRS-AUD-M02-TBGSMDNSSA; not a direct one-to-one OpenText invoice line,,
Webroot,SAEP,1000062533,WRSECGSM1000,GSM,OpenText Core Endpoint Protection | CW product=Webroot SecureAnywhere GSM Key 1000+,0.52,1.09
Webroot,BUNDLE,1000062533|1000063236|1000063234,WRSBEPWSADNSPWRSSAT,BUNDLE,"CW product=Webroot Bundle of EP, DNS and SAT; not a direct one-to-one OpenText invoice line",,
Webroot,SAEP,1000062533,WRS-UKD-M06-TASEWRSGSM,GSM,OpenText Core Endpoint Protection | CW product=WRS-UKD-M06-TASEWRSGSM,,
Webroot,GSM,GSM,WRSECGSM250,WEBROOT_GSM,GSM 250-499,0.72,
Webroot,BUNDLE,1000062533|1000063236|1000063234,WRS-CAD-M06-TBGSMDNSSA,BUNDLE,CW product=WRS-CAD-M06-TBGSMDNSSA; not a direct one-to-one OpenText invoice line,,
Webroot,NON_WEBROOT_PRODUCT_TAGGED,,CULCSAS100301ELITET,NON_WEBROOT_PRODUCT_TAGGED,CW product=ConnectWise RMM Servers Elite (Total Cost); not a direct one-to-one OpenText invoice line,,
Webroot,SAEP,1000062533,CW-RMM-WR-EEP-OVERAG,GSM,OpenText Core Endpoint Protection | CW product=Webroot Endpoint Protection-(MDR)- Overage for CW RMM,0.52,1.35
Webroot,SAEP,1000062533,WRS-EUD-M03-TASEWRSGSM,GSM,OpenText Core Endpoint Protection | CW product=WRS-EUD-M03-TASEWRSGSM,,
Webroot,SAEP,1000062533,3RPSAAS30020000PARNT,GSM,OpenText Core Endpoint Protection | CW product=Webroot Endpoint Protection 01-01-2000 (MDR),,
Webroot,SAEP,1000062533,CMS-EG-CYBR-SOLP-SAAS-MDRSERVR,GSM,OpenText Core Endpoint Protection | CW product=CMS EVG Webroot Endpoint Protection-(MDR) Server,0.52,2.1
Webroot,BUNDLE,1000062533|1000063236|1000063234,WRS-UKD-M02-TBGSMDNSSA,BUNDLE,CW product=WRS-UKD-M02-TBGSMDNSSA; not a direct one-to-one OpenText invoice line,,
Webroot,NON_WEBROOT_PRODUCT_TAGGED,,M2MSAS200401019NOPB,NON_WEBROOT_PRODUCT_TAGGED,CW product=M2M-ConnectWise Continuity Backup No Cloud - Essential Parent; not a direct one-to-one OpenText invoice line,,
Webroot,SAEP,1000062533,3RPSAAS30020015DESKT,GSM,OpenText Core Endpoint Protection | CW product=Webroot Endpoint Protection-(MDR) Desktop,,
Webroot,SAEP,1000062533,WRS-EUD-M04-TASEWRSGSM,GSM,OpenText Core Endpoint Protection | CW product=WRS-EUD-M04-TASEWRSGSM,,
Webroot,NON_WEBROOT_PRODUCT_TAGGED,,CULCSAS100301ELITEB,NON_WEBROOT_PRODUCT_TAGGED,CW product=ConnectWise RMM Servers Elite; not a direct one-to-one OpenText invoice line,,30.62
Webroot,SAEP,1000062533,SEWRSBEP250,GSM,OpenText Core Endpoint Protection | CW product=Webroot SecureAnywhere BEP 250-499,,
Webroot,SAEP,1000062533,SEWRSGSM100,GSM,OpenText Core Endpoint Protection | CW product=Webroot SecureAnywhere GSM Key 100-249  EPs,,
Webroot,NON_WEBROOT_PRODUCT_TAGGED,,M2MLISAS200303001024,NON_WEBROOT_PRODUCT_TAGGED,CW product=M2M-ConnectWise Continuity Fixed Cloud Complete Essential-2000-Svr 768-1024; not a direct one-to-one OpenText invoice line,,
Webroot,SAEP,1000062533,WRSECGSM10,GSM,OpenText Core Endpoint Protection | CW product=Webroot SecureAnywhere GSM Key 10-99,0.52,1.54
Webroot,SAEP,1000062533,WRS-AUD-M03-TASEWRSGSM,GSM,OpenText Core Endpoint Protection | CW product=WRS-AUD-M03-TASEWRSGSM,,
Webroot,SAEP,1000062533,WRS-USD-M07-TASEWRSGSM,GSM,OpenText Core Endpoint Protection | CW product=WRS-USD-M07-TASEWRSGSM,,
Webroot,SAEP,1000062533,3RPSAAS30020000DESKT,GSM,OpenText Core Endpoint Protection | CW product=Webroot Endpoint Protection-01-01-2000 -  (MDR) Desktop,,
Webroot,OTHER_WEBROOT_TAGGED,,3PARTYONPREMWRTBMP3Y,OTHER_WEBROOT_TAGGED,CW product=Webroot Internal IT BMP 3 Year; not a direct one-to-one OpenText invoice line,,
Webroot,SAEP,1000062533,WRSECGSM100,GSM,OpenText Core Endpoint Protection | CW product=Webroot SecureAnywhere GSM Key 100-249,0.52,1.43
Webroot,NON_WEBROOT_PRODUCT_TAGGED,,CULSAS200401019NOPB,NON_WEBROOT_PRODUCT_TAGGED,CW product=ConnectWise Continuity Backup No Cloud Essential; not a direct one-to-one OpenText invoice line,,
Webroot,SECA,1000063234,WRS-CAD-M01-TAWEBRTSAT,SAT,OpenText Core Security Awareness Training | CW product=WRS-CAD-M01-TAWEBRTSAT,,
Webroot,BUNDLE,1000062533|1000063236|1000063234,WRS-UKD-M04-TBGSMDNSSA,BUNDLE,CW product=WRS-UKD-M04-TBGSMDNSSA; not a direct one-to-one OpenText invoice line,,
Webroot,OTHER_WEBROOT_TAGGED,,3PARTYONPREMWRTBMP2Y,OTHER_WEBROOT_TAGGED,CW product=Webroot Internal IT BMP 2 Year; not a direct one-to-one OpenText invoice line,,
Webroot,OTHER_WEBROOT_TAGGED,,3RDPARTYSAASIITBUMBP,OTHER_WEBROOT_TAGGED,CW product=Webroot Internal IT BMP; not a direct one-to-one OpenText invoice line,,
Webroot,NON_WEBROOT_PRODUCT_TAGGED,,CULICSAAS1002002015T,NON_WEBROOT_PRODUCT_TAGGED,CW product=ConnectWise RMM Server Preferred-11-01-2015 (Total Cost); not a direct one-to-one OpenText invoice line,,
Webroot,SAEP,1000062533,3RDPARTYSAASIITBUEPP,GSM,OpenText Core Endpoint Protection | CW product=Webroot Internal IT BEP or GSM,,
Webroot,SAEP,1000062533,LEGACYSKUTBWRSECGS,GSM,OpenText Core Endpoint Protection | CW product=Webroot SecureAnywhere GSM Key,,
Webroot,SAEP,1000062533,WRS-AUD-M06-TASEWRSGSM,GSM,OpenText Core Endpoint Protection | CW product=WRS-AUD-M06-TASEWRSGSM,,
Webroot,SECA,1000063234,SwO-3P-CYBR-SOLP-SAAS-SEWRSSAT,SAT,OpenText Core Security Awareness Training | CW product=SwO Webroot Security Awareness Training,,
Webroot,SAEP,1000062533,SWO-EG-CYBR-SOLP-SAAS-ENDPPRMM,GSM,OpenText Core Endpoint Protection | CW product=EVG Webroot Endpoint Protection- for CW RMM,,
Webroot,SAEP,1000062533,WRS-AUD-M02-TASEWRSGSM,GSM,OpenText Core Endpoint Protection | CW product=WRS-AUD-M02-TASEWRSGSM,,
Webroot,BUNDLE,1000062533|1000063236|1000063234,WRS-CAD-M02-TBGSMDNSSA,BUNDLE,CW product=WRS-CAD-M02-TBGSMDNSSA; not a direct one-to-one OpenText invoice line,,
Webroot,SAEP,1000062533,WRS-USD-M09-TASEWRSGSM,GSM,OpenText Core Endpoint Protection | CW product=WRS-USD-M09-TASEWRSGSM,,
Webroot,SECA,1000063234,M2MSAAS30022019FFSAT,SAT,OpenText Core Security Awareness Training | CW product=M2M-ConnectWise SIEM Webroot SAT,,
Webroot,NON_WEBROOT_PRODUCT_TAGGED,,M2MLCSS100301ELITEB,NON_WEBROOT_PRODUCT_TAGGED,CW product=M2M-ConnectWise RMM Servers Elite; not a direct one-to-one OpenText invoice line,,31.48
Webroot,SECA,1000063234,WRS-USD-M07-TAWEBRTSAT,SAT,OpenText Core Security Awareness Training | CW product=WRS-USD-M07-TAWEBRTSAT,,
Webroot,SDNS,1000063236,WSADNSPSTANDAL-02500,DNS,OpenText Core DNS Protection | CW product=Webroot SecureAnywhere DNS - 2500-4999 EPs,0.42,0.83
Webroot,SECA,1000063234,SEWRSSAT500,SAT,OpenText Core Security Awareness Training | CW product=Webroot SecureAnywhere SecAwarenessTrain 500-749,0.02,0.7
Webroot,BUNDLE,1000062533|1000063236|1000063234,WRS-AUD-M03-TBGSMDNSSA,BUNDLE,CW product=WRS-AUD-M03-TBGSMDNSSA; not a direct one-to-one OpenText invoice line,,
Webroot,SECA,1000063234,WRS-UKD-M02-TAWEBRTSAT,SAT,OpenText Core Security Awareness Training | CW product=WRS-UKD-M02-TAWEBRTSAT,,
Webroot,GSM,GSM,3P-SAAS30020015PARNT,WEBROOT_GSM,Parent-level GSM SaaS bill,0.55,
Webroot,GSM,GSM,CU-WEBROOT-EPP-RMM,WEBROOT_GSM,EPP bundled with RMM,0.42,
Webroot,SAT,SAT,3P-SAAS30022019FFSAT,WEBROOT_SAT,SAT 3rd-party SaaS,0.35,
Webroot,SECA,1000063234,SEWRSSAT,SAT,OpenText Core Security Awareness Training | CW product=Webroot SecureAnywhere Sec Awareness Training,,
Webroot,SAEP,1000062533,SEWRSGSM500,GSM,OpenText Core Endpoint Protection | CW product=Webroot SecureAnywhere GSM Key 500-749  EPs,,
Webroot,SECA,1000063234,WRS-CAD-M02-TAWEBRTSAT,SAT,OpenText Core Security Awareness Training | CW product=WRS-CAD-M02-TAWEBRTSAT,,
Webroot,SAEP,1000062533,SEWSABEP-PROMO,GSM,OpenText Core Endpoint Protection | CW product=Webroot: SecureAnywhere Business Endpoint,,
Webroot,SDNS,1000063236,WSADNSPSTANDAL-20000,DNS,OpenText Core DNS Protection | CW product=Webroot SecureAnywhere DNS - 20000+ EPs,0.42,0.59
Webroot,GSM,GSM,WRSECGSM1000,WEBROOT_GSM,GSM 1000+,0.55,
Webroot,SECA,1000063234,WRS-CAD-M05-TAWEBRTSAT,SAT,OpenText Core Security Awareness Training | CW product=WRS-CAD-M05-TAWEBRTSAT,,
Webroot,SAEP,1000062533,WRS-USD-M08-TASEWRSGSM,GSM,OpenText Core Endpoint Protection | CW product=WRS-USD-M08-TASEWRSGSM,,
Webroot,SECA,1000063234,WRS-USD-M05-TAWEBRTSAT,SAT,OpenText Core Security Awareness Training | CW product=WRS-USD-M05-TAWEBRTSAT,,
Webroot,SECA,1000063234,SEWRSSAT10,SAT,OpenText Core Security Awareness Training | CW product=Webroot SecureAnywhere SecAwarenessTrain 1-99,0.02,0.9
Webroot,OTHER_WEBROOT_TAGGED,,SEWRSBMP250,OTHER_WEBROOT_TAGGED,CW product=Webroot SecureAnywhere BMP 250-499 End of Life; not a direct one-to-one OpenText invoice line,,
Webroot,SAEP,1000062533,WRSECGSM500,GSM,OpenText Core Endpoint Protection | CW product=Webroot SecureAnywhere GSM Key 500-749,0.52,1.24
Webroot,NON_WEBROOT_PRODUCT_TAGGED,,M2MLISAS200303000512,NON_WEBROOT_PRODUCT_TAGGED,CW product=M2M-ConnectWise Continuity Fixed Cloud Complete Essential-2000-Svr 256-512GB; not a direct one-to-one OpenText invoice line,,
Webroot,SAEP,1000062533,SEWRSGSM750,GSM,OpenText Core Endpoint Protection | CW product=Webroot SecureAnywhere GSM Key 750-999  EPs,,
Webroot,SAEP,1000062533,M2M-3P-CYBR-SOLP-SAAS-MDRSERVR,GSM,OpenText Core Endpoint Protection | CW product=M2M Webroot Endpoint Protection-(MDR) Server,,
Webroot,SAEP,1000062533,3PARTYONPREMWRTEPP3Y,GSM,OpenText Core Endpoint Protection | CW product=Webroot Internal IT BEP or GSM 3Yr,,
Webroot,SAEP,1000062533,SEWRSGSM20000,GSM,OpenText Core Endpoint Protection | CW product=Webroot SecureAnywhere GSM Key 20000+  EPs,,
Webroot,SAEP,1000062533,WRS-AUD-M05-TASEWRSGSM,GSM,OpenText Core Endpoint Protection | CW product=WRS-AUD-M05-TASEWRSGSM,,
Webroot,OTHER_WEBROOT_TAGGED,,LEGACYDSSDODNADISC,OTHER_WEBROOT_TAGGED,CW product=Discount Code - Webroot - NA Direct; not a direct one-to-one OpenText invoice line,,
Webroot,SAEP,1000062533,WRS-EUD-M01-TASEWRSGSM,GSM,OpenText Core Endpoint Protection | CW product=WRS-EUD-M01-TASEWRSGSM,,
Webroot,SAEP,1000062533,WRS-AUD-M04-TASEWRSGSM,GSM,OpenText Core Endpoint Protection | CW product=WRS-AUD-M04-TASEWRSGSM,,
Webroot,NON_WEBROOT_PRODUCT_TAGGED,,CULISAAS200302001025,NON_WEBROOT_PRODUCT_TAGGED,CW product=ConnectWise Continuity Backup Fixed Cloud Complete-Elite-2000-Server 1024GB; not a direct one-to-one OpenText invoice line,,
Webroot,BUNDLE,1000062533|1000063236|1000063234,WRS-USD-M04-TBGSMDNSSA,BUNDLE,CW product=WRS-USD-M04-TBGSMDNSSA; not a direct one-to-one OpenText invoice line,,
Webroot,OTHER_WEBROOT_TAGGED,,SEWRSBMP500,OTHER_WEBROOT_TAGGED,CW product=Webroot SecureAnywhere BMP 500-749 End of Life; not a direct one-to-one OpenText invoice line,,
Webroot,BUNDLE,1000062533|1000063236|1000063234,WRS-USD-M02-TBGSMDNSSA,BUNDLE,CW product=WRS-USD-M02-TBGSMDNSSA; not a direct one-to-one OpenText invoice line,,
Webroot,SAEP,1000062533,WRS-EUD-M05-TASEWRSGSM,GSM,OpenText Core Endpoint Protection | CW product=WRS-EUD-M05-TASEWRSGSM,,
Webroot,SECA,1000063234,WRS-USD-M04-TAWEBRTSAT,SAT,OpenText Core Security Awareness Training | CW product=WRS-USD-M04-TAWEBRTSAT,,
Webroot,SECA,1000063234,WRS-CAD-M04-TAWEBRTSAT,SAT,OpenText Core Security Awareness Training | CW product=WRS-CAD-M04-TAWEBRTSAT,,
Webroot,SECA,1000063234,WRS-EUD-M06-TAWEBRTSAT,SAT,OpenText Core Security Awareness Training | CW product=WRS-EUD-M06-TAWEBRTSAT,,
Webroot,SAEP,1000062533,3PARTYONPREMWRTEPP1Y,GSM,OpenText Core Endpoint Protection | CW product=Webroot Internal IT BEP or GSM 1Yr,,
Webroot,GSM,GSM,WRSECGSM10,WEBROOT_GSM,GSM 10-49 endpoints,0.85,
Webroot,SECA,1000063234,M2M-3P-SAAS30022100FFSAT,SAT,OpenText Core Security Awareness Training | CW product=M2M-ConnectWise Webroot SAT-01-01-2000,,
Webroot,NON_WEBROOT_PRODUCT_TAGGED,,CULICSAAS1003002000B,NON_WEBROOT_PRODUCT_TAGGED,CW product=ConnectWise RMM Server Elite-01-01-2000; not a direct one-to-one OpenText invoice line,,
Webroot,SDNS,1000063236,M2MSAAS30021010FFDNS,DNS,OpenText Core DNS Protection | CW product=M2M-ConnectWise SIEM Webroot DNS,,
Webroot,SECA,1000063234,WRS-USD-M06-TAWEBRTSAT,SAT,OpenText Core Security Awareness Training | CW product=WRS-USD-M06-TAWEBRTSAT,,
Webroot,NON_WEBROOT_PRODUCT_TAGGED,,M2MSAS200401019NODB,NON_WEBROOT_PRODUCT_TAGGED,CW product=M2M-ConnectWise Continuity Backup No Cloud - Essential; not a direct one-to-one OpenText invoice line,,
Webroot,DNS,DNS,WSADNSP-STAND-ALONE,WEBROOT_DNS,DNS standalone,0.53,
Webroot,SAEP,1000062533,3PARTYONPREMWRTEPP2Y,GSM,OpenText Core Endpoint Protection | CW product=Webroot Internal IT BEP or GSM 2Yr,,
Webroot,SAEP,1000062533,WRS-USD-M03-TASEWRSGSM,GSM,OpenText Core Endpoint Protection | CW product=WRS-USD-M03-TASEWRSGSM,,
Webroot,SAEP,1000062533,LEGACYSKUGSMSTNRD,GSM,OpenText Core Endpoint Protection | CW product=Webrt GSM - Monthly Subscription,,
Webroot,NON_WEBROOT_PRODUCT_TAGGED,,CULICSAS200303001024,NON_WEBROOT_PRODUCT_TAGGED,CW product=ConnectWise Continuity Backup Fixed Cloud Complete Essential-2000-Svr 768-1024; not a direct one-to-one OpenText invoice line,,
Webroot,SAEP,1000062533,SEWRSGSM10000,GSM,OpenText Core Endpoint Protection | CW product=Webroot SecureAnywhere GSM Key 10000-19999 Eps,,
Webroot,SAEP,1000062533,SEWRSBEP10,GSM,OpenText Core Endpoint Protection | CW product=Webroot SecureAnywhere BEP 1-99,,
Webroot,SAEP,1000062533,WRS-AUD-M07-TASEWRSGSM,GSM,OpenText Core Endpoint Protection | CW product=WRS-AUD-M07-TASEWRSGSM,,
Webroot,SECA,1000063234,SEWRSSAT10000,SAT,OpenText Core Security Awareness Training | CW product=Webroot SecureAnywhere SecAwarenessTrain 10K-19999,0.02,0.44
Webroot,SDNS,1000063236,WSADNSPSTANDAL-05000,DNS,OpenText Core DNS Protection | CW product=Webroot SecureAnywhere DNS - 5000-9999 EPs,0.42,0.76
Webroot,SAEP,1000062533,CMS-IH-CYBR-SOLP-SAAS-MDRDSKTP,GSM,OpenText Core Endpoint Protection | CW product=CMS Webroot Endpoint Protection-(MDR) Desktop,0.52,2.1
Webroot,SAEP,1000062533,3RPSAAS30020000SEVER,GSM,OpenText Core Endpoint Protection | CW product=Webroot Endpoint Protection-01-01-2000 - (MDR) Server,,
Webroot,SECA,1000063234,WRS-AUD-M02-TAWEBRTSAT,SAT,OpenText Core Security Awareness Training | CW product=WRS-AUD-M02-TAWEBRTSAT,,
Webroot,SAEP,1000062533,SEWRSBEP00,GSM,OpenText Core Endpoint Protection | CW product=Webroot SecureAnywhere Business Endpoint,,
Webroot,GSM,GSM,3P-SAAS3002315EPPRMM,WEBROOT_GSM,EPP RMM 3rd-party SaaS,0.42,
Webroot,OTHER_WEBROOT_TAGGED,,SEWRSBMP100,OTHER_WEBROOT_TAGGED,CW product=Webroot SecureAnywhere BMP 100-249 End of Life; not a direct one-to-one OpenText invoice line,,
Webroot,NON_WEBROOT_PRODUCT_TAGGED,,M2MSAS200401000NOSB,NON_WEBROOT_PRODUCT_TAGGED,CW product=M2M-ConnectWise Continuity Backup No Cloud - Essential 2000 Server; not a direct one-to-one OpenText invoice line,,
Webroot,DNS,DNS,3P-SAAS30021010FFDNS,WEBROOT_DNS,DNS 3rd-party SaaS,0.53,
Webroot,SAEP,1000062533,WRS-CAD-M01-TASEWRSGSM,GSM,OpenText Core Endpoint Protection | CW product=WRS-CAD-M01-TASEWRSGSM,,
Webroot,SECA,1000063234,SEWRSSAT20000,SAT,OpenText Core Security Awareness Training | CW product=Webroot SecureAnywhere SecAwarenessTrain 20000+,0.02,0.41
Webroot,SECA,1000063234,WRS-USD-M01-TAWEBRTSAT,SAT,OpenText Core Security Awareness Training | CW product=WRS-USD-M01-TAWEBRTSAT,,
Webroot,OTHER_WEBROOT_TAGGED,,Discount-Webroot,OTHER_WEBROOT_TAGGED,CW product=Discount Code - Webroot - WW Direct; not a direct one-to-one OpenText invoice line,,
Webroot,SECA,1000063234,3P-SAAS30022100FFSAT,SAT,OpenText Core Security Awareness Training | CW product=ConnectWise Webroot SAT-01-01-2000,,
Webroot,SDNS,1000063236,WSADNSP-STAND-ALONE,DNS,OpenText Core DNS Protection | CW product=Webroot SecureAnywhere DNS,0.42,0.59
Webroot,SECA,1000063234,WRS-CAD-M03-TAWEBRTSAT,SAT,OpenText Core Security Awareness Training | CW product=WRS-CAD-M03-TAWEBRTSAT,,
Webroot,SAEP,1000062533,M2M-3P-SAAS3002300EPPRMM,GSM,OpenText Core Endpoint Protection | CW product=M2M-Webroot Endpoint Protection-(MDR) non-RMM-01-01-2000,,
Webroot,NON_WEBROOT_PRODUCT_TAGGED,,CULSAS200401019NODB,NON_WEBROOT_PRODUCT_TAGGED,CW product=ConnectWise Continuity Backup No Cloud - Essential; not a direct one-to-one OpenText invoice line,,
Webroot,GSM,GSM,SEWRSGSM2500,WEBROOT_GSM,SE-tier GSM 2500+,0.45,
Webroot,SECA,1000063234,WRS-UKD-M03-TAWEBRTSAT,SAT,OpenText Core Security Awareness Training | CW product=WRS-UKD-M03-TAWEBRTSAT,,
Webroot,SECA,1000063234,WRS-AUD-M04-TAWEBRTSAT,SAT,OpenText Core Security Awareness Training | CW product=WRS-AUD-M04-TAWEBRTSAT,,
Webroot,SAEP,1000062533,SEWRSBEP100,GSM,OpenText Core Endpoint Protection | CW product=Webroot SecureAnywhere BEP 100-249,,
Webroot,SDNS,1000063236,3P-SAAS30021010FFDNS,DNS,OpenText Core DNS Protection | CW product=Webroot DNS,,
Webroot,NON_WEBROOT_PRODUCT_TAGGED,,CULIC-SAAS1007020003,NON_WEBROOT_PRODUCT_TAGGED,CW product=ConnectWise RMM Networks Performance; not a direct one-to-one OpenText invoice line,,
Webroot,SDNS,1000063236,WSADNSPSTANDAL-00750,DNS,OpenText Core DNS Protection | CW product=Webroot SecureAnywhere DNS - 750-999 EPs,0.42,1.0
Webroot,NON_WEBROOT_PRODUCT_TAGGED,,M2M-LIC-SAAS1007020003,NON_WEBROOT_PRODUCT_TAGGED,CW product=M2M-ConnectWise RMM Networks Performance; not a direct one-to-one OpenText invoice line,,
Webroot,SAEP,1000062533,3P-SAAS3002300EPPRMM,GSM,OpenText Core Endpoint Protection | CW product=Webroot Endpoint Protection-(MDR) non-RMM-01-01-2000,,
Webroot,SECA,1000063234,WRS-USD-M02-TAWEBRTSAT,SAT,OpenText Core Security Awareness Training | CW product=WRS-USD-M02-TAWEBRTSAT,,
Webroot,SAEP,1000062533,3RPSAAS30020015SEVER,GSM,OpenText Core Endpoint Protection | CW product=Webroot Endpoint Protection-(MDR)  Server,,
Webroot,GSM,GSM,SEWRSGSM100,WEBROOT_GSM,SE-tier GSM 100-249,0.79,
Webroot,SAEP,1000062533,SEWRSBEP5000,GSM,OpenText Core Endpoint Protection | CW product=Webroot SecureAnywhere BEP 5000-9999,,
Webroot,SDNS,1000063236,WSADNSPSTANDAL-10000,DNS,OpenText Core DNS Protection | CW product=Webroot SecureAnywhere DNS - 10000-19999 EPs,0.42,0.7
Webroot,NON_WEBROOT_PRODUCT_TAGGED,,M2MLISAS20030200DKTP,NON_WEBROOT_PRODUCT_TAGGED,CW product=M2M-ConnectWise Continuity Backup Fixed Cloud Complete-Elite-2000-Desktop Elite; not a direct one-to-one OpenText invoice line,,
Webroot,SAEP,1000062533,3RPSAAS30020015PARNT,GSM,OpenText Core Endpoint Protection | CW product=Webroot Endpoint Protection  (MDR Parent),,
Webroot,SAEP,1000062533,SEWRSGSM10,GSM,OpenText Core Endpoint Protection | CW product=Webroot SecureAnywhere GSM Key 1-99  EPs,,
Webroot,GSM,GSM,3RDPARTYSAASIITBUEPP,WEBROOT_GSM,3rd-party SaaS EPP legacy,0.42,
Webroot,SAEP,1000062533,WRS-CAD-M02-TASEWRSGSM,GSM,OpenText Core Endpoint Protection | CW product=WRS-CAD-M02-TASEWRSGSM,,
Webroot,NON_WEBROOT_PRODUCT_TAGGED,,CULCSAS100703-750ADD,NON_WEBROOT_PRODUCT_TAGGED,CW product=ConnectWise RMM Networks Package-MSP 750 (Additional Units); not a direct one-to-one OpenText invoice line,,
Webroot,SECA,1000063234,WRS-EUD-M03-TAWEBRTSAT,SAT,OpenText Core Security Awareness Training | CW product=WRS-EUD-M03-TAWEBRTSAT,,
Webroot,SAEP,1000062533,WRS-EUD-M02-TASEWRSGSM,GSM,OpenText Core Endpoint Protection | CW product=WRS-EUD-M02-TASEWRSGSM,,
Webroot,SAT,SAT,SEWRSSAT10,WEBROOT_SAT,SAT 10-49,0.35,
Webroot,BUNDLE,1000062533|1000063236|1000063234,WRS-UKD-M05-TBGSMDNSSA,BUNDLE,CW product=WRS-UKD-M05-TBGSMDNSSA; not a direct one-to-one OpenText invoice line,,
Webroot,SAEP,1000062533,WRS-UKD-M05-TASEWRSGSM,GSM,OpenText Core Endpoint Protection | CW product=WRS-UKD-M05-TASEWRSGSM,,
Webroot,SAEP,1000062533,WRS-AUD-M01-TASEWRSGSM,GSM,OpenText Core Endpoint Protection | CW product=WRS-AUD-M01-TASEWRSGSM,,
Webroot,BUNDLE,1000062533|1000063236|1000063234,WRS-CAD-M01-TBGSMDNSSA,BUNDLE,CW product=WRS-CAD-M01-TBGSMDNSSA; not a direct one-to-one OpenText invoice line,,
Webroot,SAEP,1000062533,3P-SAAS3002315EPPRMM,GSM,OpenText Core Endpoint Protection | CW product=Webroot Endpoint Protection-(MDR) non-RMM-11-01-2015,,
Webroot,OTHER_WEBROOT_TAGGED,,MP-SECUREANYWHEREBMP,OTHER_WEBROOT_TAGGED,CW product=Webroot SecureAnywhere Business Mobile Protection EOL; not a direct one-to-one OpenText invoice line,,
Webroot,SDNS,1000063236,3P-SAAS30021100FFDNS,DNS,OpenText Core DNS Protection | CW product=Webroot DNS_Not Use,,
Webroot,SAEP,1000062533,WRS-USD-M04-TASEWRSGSM,GSM,OpenText Core Endpoint Protection | CW product=WRS-USD-M04-TASEWRSGSM,,
Webroot,NON_WEBROOT_PRODUCT_TAGGED,,CULICSAAS20040019STC,NON_WEBROOT_PRODUCT_TAGGED,CW product=ConnectWise Recover Continuity No Cloud Elite-Server TC; not a direct one-to-one OpenText invoice line,,
Webroot,SAEP,1000062533,SEWRSBEP1000,GSM,OpenText Core Endpoint Protection | CW product=Webroot SecureAnywhere BEP 1000-2499,,
Webroot,SAEP,1000062533,SEWSABEP,GSM,OpenText Core Endpoint Protection | CW product=Webroot SecureAnywhere Business End Point,,
Webroot,SAEP,1000062533,CMS-EG-CYBR-SOLP-SAAS-MDRDSKTP,GSM,OpenText Core Endpoint Protection | CW product=CMS EVG Webroot Endpoint Protection-(MDR) Desktop,0.52,2.1
Webroot,SAEP,1000062533,WRS-USD-M06-TBWRSECGSM,GSM,OpenText Core Endpoint Protection | CW product=WRS-USD-M06-TBWRSECGSM,,
Webroot,SECA,1000063234,WRS-UKD-M01-TAWEBRTSAT,SAT,OpenText Core Security Awareness Training | CW product=WRS-UKD-M01-TAWEBRTSAT,,
Webroot,SECA,1000063234,WRS-USD-M03-TAWEBRTSAT,SAT,OpenText Core Security Awareness Training | CW product=WRS-USD-M03-TAWEBRTSAT,,
Webroot,BUNDLE,1000062533|1000063236|1000063234,WRS-USD-M03-TBGSMDNSSA,BUNDLE,CW product=WRS-USD-M03-TBGSMDNSSA; not a direct one-to-one OpenText invoice line,,
Webroot,SAEP,1000062533,WRS-EUD-M06-TASEWRSGSM,GSM,OpenText Core Endpoint Protection | CW product=WRS-EUD-M06-TASEWRSGSM,,
Webroot,SAEP,1000062533,WRS-UKD-M04-TASEWRSGSM,GSM,OpenText Core Endpoint Protection | CW product=WRS-UKD-M04-TASEWRSGSM,,
Webroot,NON_WEBROOT_PRODUCT_TAGGED,,M2MLISAS200303000768,NON_WEBROOT_PRODUCT_TAGGED,CW product=M2M-ConnectWise Continuity Fixed Cloud Complete Essential-2000-Svr 512-768GB; not a direct one-to-one OpenText invoice line,,
Webroot,NON_WEBROOT_PRODUCT_TAGGED,,CULICSAS20030300SVRT,NON_WEBROOT_PRODUCT_TAGGED,CW product=Continuity Fixed Cloud Complete Essential-2000-Svr TC; not a direct one-to-one OpenText invoice line,,
Webroot,NON_WEBROOT_PRODUCT_TAGGED,,M2MLISAS200303000100,NON_WEBROOT_PRODUCT_TAGGED,CW product=M2M-ConnectWise Continuity Backup Fixed Cloud Complete Essential-2000-Svrs upto 100; not a direct one-to-one OpenText invoice line,,
Webroot,SAEP,1000062533,SEWRSGSM5000,GSM,OpenText Core Endpoint Protection | CW product=Webroot SecureAnywhere GSM Key 5000-9999  EPs,,
Webroot,GSM,GSM,WRSECGSM500,WEBROOT_GSM,GSM 500-999,0.65,
Webroot,OTHER_WEBROOT_TAGGED,,3PARTYONPREMWRSECHTG,OTHER_WEBROOT_TAGGED,CW product=Webroot SecureAnywhereGSMKey HTG Pricing; not a direct one-to-one OpenText invoice line,,
Webroot,NON_WEBROOT_PRODUCT_TAGGED,,M2MLISAS200302000256,NON_WEBROOT_PRODUCT_TAGGED,CW product=M2M-ConnectWise Continuity Backup Fixed Cloud Complete-Elite-2000-Server 100-256GB; not a direct one-to-one OpenText invoice line,,
Webroot,SAEP,1000062533,WRS-UKD-M03-TASEWRSGSM,GSM,OpenText Core Endpoint Protection | CW product=WRS-UKD-M03-TASEWRSGSM,,
Webroot,SAEP,1000062533,WRS-CAD-M05-TASEWRSGSM,GSM,OpenText Core Endpoint Protection | CW product=WRS-CAD-M05-TASEWRSGSM,,
Webroot,OTHER_WEBROOT_TAGGED,,SEWRSBMP750,OTHER_WEBROOT_TAGGED,CW product=Webroot SecureAnywhere BMP 750-999 End of Life; not a direct one-to-one OpenText invoice line,,
Webroot,NON_WEBROOT_PRODUCT_TAGGED,,CULSAS200401000NOSB,NON_WEBROOT_PRODUCT_TAGGED,CW product=ConnectWise Continuity Backup No Cloud - Essential 2000 Server; not a direct one-to-one OpenText invoice line,,
Webroot,SAEP,1000062533,WRS-USD-M05-TASEWRSGSM,GSM,OpenText Core Endpoint Protection | CW product=WRS-USD-M05-TASEWRSGSM,,
Webroot,SAEP,1000062533,M2MSAAS3002315EPPRMM,GSM,OpenText Core Endpoint Protection | CW product=M2M-Webroot Endpoint Protection non-RMM-11-01-2015,,
Webroot,SECA,1000063234,WRS-EUD-M01-TAWEBRTSAT,SAT,OpenText Core Security Awareness Training | CW product=WRS-EUD-M01-TAWEBRTSAT,,
Webroot,NON_WEBROOT_PRODUCT_TAGGED,,CULIC-SAAS100702004T,NON_WEBROOT_PRODUCT_TAGGED,CW product=ConnectWise Command Networks Performance (Total Cost); not a direct one-to-one OpenText invoice line,,
Webroot,NON_WEBROOT_PRODUCT_TAGGED,,CULSAAS20040100NOSVT,NON_WEBROOT_PRODUCT_TAGGED,CW product=ConnectWise Recover Continuity No Cloud - Essential 2000 Server TC; not a direct one-to-one OpenText invoice line,,
Webroot,SECA,1000063234,SEWRSSAT2500,SAT,OpenText Core Security Awareness Training | CW product=Webroot SecureAnywhere SecAwarenessTrain 2500-4999,0.02,0.54
Webroot,SAEP,1000062533,SEWRSGSM1000,GSM,OpenText Core Endpoint Protection | CW product=Webroot SecureAnywhere GSM Key 1000-2499  EPs,,
Webroot,SDNS,1000063236,WSADNSPSTANDAL-00250,DNS,OpenText Core DNS Protection | CW product=Webroot SecureAnywhere DNS - 250-499 EPs,0.42,1.11
Webroot,SAEP,1000062533,SEWRSBEP20000,GSM,OpenText Core Endpoint Protection | CW product=Webroot SecureAnywhere BEP 20000+,,
Webroot,SECA,1000063234,SEWRSSAT750,SAT,OpenText Core Security Awareness Training | CW product=Webroot SecureAnywhere SecAwarenessTrain 750-999,0.02,0.67
Webroot,BUNDLE,1000062533|1000063236|1000063234,WRS-UKD-M03-TBGSMDNSSA,BUNDLE,CW product=WRS-UKD-M03-TBGSMDNSSA; not a direct one-to-one OpenText invoice line,,
Webroot,SAEP,1000062533,SwO-IH-CYBR-SOLP-SAAS-ENDPPRMM,GSM,OpenText Core Endpoint Protection | CW product=SwO Webroot Endpoint Protection- for CW RMM,0.41,0.63
Webroot,SAEP,1000062533,WRS-CAD-M07-TASEWRSGSM,GSM,OpenText Core Endpoint Protection | CW product=WRS-CAD-M07-TASEWRSGSM,,
Webroot,SAEP,1000062533,CMS-IH-CYBR-SOLP-SAAS-MDRSERVR,GSM,OpenText Core Endpoint Protection | CW product=CMS Webroot Endpoint Protection-(MDR) Server,0.52,2.1
Webroot,SAEP,1000062533,WRS-UKD-M01-TASEWRSGSM,GSM,OpenText Core Endpoint Protection | CW product=WRS-UKD-M01-TASEWRSGSM,,
Webroot,GSM,GSM,SEWRSGSM10,WEBROOT_GSM,SE-tier GSM 10-49,0.85,
Webroot,SDNS,1000063236,WSADNSPSTANDAL-00100,DNS,OpenText Core DNS Protection | CW product=Webroot SecureAnywhere DNS - 100-249 EPs,0.42,1.24
Webroot,SAEP,1000062533,WRS-UKD-M07-TASEWRSGSM,GSM,OpenText Core Endpoint Protection | CW product=WRS-UKD-M07-TASEWRSGSM,,
Webroot,SAEP,1000062533,SEWRSGSM2500,GSM,OpenText Core Endpoint Protection | CW product=Webroot SecureAnywhere GSM Key 2500-4999  EPs,,
Webroot,SAEP,1000062533,M2MRMM-WR-EEP-OVERAG,GSM,OpenText Core Endpoint Protection | CW product=M2M-Webroot Endpoint Protection - Overage for CW RMM,,
Webroot,OTHER_WEBROOT_TAGGED,,3PARTYONPREMWRTBMP1Y,OTHER_WEBROOT_TAGGED,CW product=Webroot Internal IT BMP 1 Year; not a direct one-to-one OpenText invoice line,,
Webroot,SDNS,1000063236,WSADNSP-IIT,DNS,OpenText Core DNS Protection | CW product=Webroot GSM integrated Webroot SecureAnywhere DNS - IIT,,
Webroot,BUNDLE,1000062533|1000063236|1000063234,WRS-CAD-M05-TBGSMDNSSA,BUNDLE,CW product=WRS-CAD-M05-TBGSMDNSSA; not a direct one-to-one OpenText invoice line,,
Webroot,BUNDLE,1000062533|1000063236|1000063234,WRS-USD-M01-TBGSMDNSSA,BUNDLE,CW product=WRS-USD-M01-TBGSMDNSSA; not a direct one-to-one OpenText invoice line,,
Webroot,SDNS,1000063236,WSADNSPSTANDALONEIIT,DNS,OpenText Core DNS Protection | CW product=Webroot SecureAnywhere DNS IIT,,
Webroot,SDNS,1000063236,WSADNSPSTANDAL-01000,DNS,OpenText Core DNS Protection | CW product=Webroot SecureAnywhere DNS - 1000-2499 EPs,0.42,0.89
Webroot,SECA,1000063234,WRS-AUD-M01-TAWEBRTSAT,SAT,OpenText Core Security Awareness Training | CW product=WRS-AUD-M01-TAWEBRTSAT,,
Webroot,SAEP,1000062533,WRSECGSM250,GSM,OpenText Core Endpoint Protection | CW product=Webroot SecureAnywhere GSM Key 250-499,0.52,1.32
Webroot,NON_WEBROOT_PRODUCT_TAGGED,,CULICSAS200303000768,NON_WEBROOT_PRODUCT_TAGGED,CW product=ConnectWise Continuity Backup Fixed Cloud Complete Essential-2000-Svr 512-768GB; not a direct one-to-one OpenText invoice line,,
Webroot,SECA,1000063234,WRS-AUD-M03-TAWEBRTSAT,SAT,OpenText Core Security Awareness Training | CW product=WRS-AUD-M03-TAWEBRTSAT,,
Webroot,NON_WEBROOT_PRODUCT_TAGGED,,CULISAAS20030200DKTP,NON_WEBROOT_PRODUCT_TAGGED,CW product=ConnectWise Continuity Backup Fixed Cloud Complete-Elite-2000-Desktop Elite; not a direct one-to-one OpenText invoice line,,
Webroot,BUNDLE,1000062533|1000063236|1000063234,WRS-USD-M06-TBGSMDNSSA,BUNDLE,CW product=WRS-USD-M06-TBGSMDNSSA; not a direct one-to-one OpenText invoice line,,
Webroot,SAEP,1000062533,SEWRSBEP2500,GSM,OpenText Core Endpoint Protection | CW product=Webroot SecureAnywhere BEP 2500-4999,,
Webroot,SAEP,1000062533,SEWRSBEP750,GSM,OpenText Core Endpoint Protection | CW product=Webroot SecureAnywhere BEP 750-999,,
Webroot,NON_WEBROOT_PRODUCT_TAGGED,,CULICSAS200303000100,NON_WEBROOT_PRODUCT_TAGGED,CW product=ConnectWise Continuity Backup Fixed Cloud Complete Essential-2000-Svrs upto 100; not a direct one-to-one OpenText invoice line,,
Webroot,NON_WEBROOT_PRODUCT_TAGGED,,CULCSAS100703-750BAS,NON_WEBROOT_PRODUCT_TAGGED,CW product=ConnectWise RMM Networks Package-MSP 750; not a direct one-to-one OpenText invoice line,,
Webroot,SAEP,1000062533,3P-SAAS30020015SEVER,GSM,OpenText Core Endpoint Protection | CW product=Webroot Endpoint Protection-11-01-2015  - Server,,
Webroot,SDNS,1000063236,MP-SECUREANYWHEREDNS,DNS,OpenText Core DNS Protection | CW product=MP-Webroot SecureAnywhere DNS,,
Webroot,SAEP,1000062533,CU-WEBROOT-EPP-RMM,GSM,OpenText Core Endpoint Protection | CW product=Webroot Endpoint Protection- for CW RMM,0.52,0.63
Webroot,OTHER_WEBROOT_TAGGED,,SEWRSBMP1000,OTHER_WEBROOT_TAGGED,CW product=Webroot SecureAnywhere BMP 1000+ End of Life; not a direct one-to-one OpenText invoice line,,
Webroot,BUNDLE,1000062533|1000063236|1000063234,WRS-AUD-M01-TBGSMDNSSA,BUNDLE,CW product=WRS-AUD-M01-TBGSMDNSSA; not a direct one-to-one OpenText invoice line,,
Webroot,NON_WEBROOT_PRODUCT_TAGGED,,CULISAAS20030200DTTC,NON_WEBROOT_PRODUCT_TAGGED,CW product=Continuity Fixed Cloud Complete-Elite-2000-Desktop Elite TC; not a direct one-to-one OpenText invoice line,,
Webroot,SAEP,1000062533,WRS-CAD-M04-TASEWRSGSM,GSM,OpenText Core Endpoint Protection | CW product=WRS-CAD-M04-TASEWRSGSM,,
Webroot,SECA,1000063234,3P-SAAS30022019FFSAT,SAT,OpenText Core Security Awareness Training | CW product=ConnectWise Webroot SAT-01-01-2015,,1.25
Webroot,OTHER_WEBROOT_TAGGED,,SEWRSBMP10,OTHER_WEBROOT_TAGGED,CW product=Webroot SecureAnywhere BMP 10-99 End of Life; not a direct one-to-one OpenText invoice line,,
Webroot,SECA,1000063234,SEWRSSAT250,SAT,OpenText Core Security Awareness Training | CW product=Webroot SecureAnywhere SecAwarenessTrain 250-499,0.02,0.72
Webroot,NON_WEBROOT_PRODUCT_TAGGED,,M2MLISAS200302001025,NON_WEBROOT_PRODUCT_TAGGED,CW product=M2M-ConnectWise Continuity Backup Fixed Cloud Complete-Elite-2000-Server 1024GB; not a direct one-to-one OpenText invoice line,,
