VENDOR,BILLING_MONTH,VENDOR_PARTNER_NAME,USAGE_ROWS,TOTAL_QUANTITY,TOTAL_AMOUNT,EST_DOLLAR_IMPACT,NORMALIZED_KEY
KeepIT,2026-06-01,ConnectWise (Continuum) - Consolidated,7,424741.0,329030.9,329030.9,connectwi e continuum con olidated
KeepIT,2026-05-01,ConnectWise (Continuum) - Consolidated,7,414400.0,312318.35000000003,312318.35000000003,connectwi e continuum con olidated
KeepIT,2026-04-01,ConnectWise (Continuum) - Consolidated,7,410475.0,309023.05000000005,309023.05000000005,connectwi e continuum con olidated
KeepIT,2026-03-01,ConnectWise (Continuum) - Consolidated,7,371374.0,287042.1,287042.1,connectwi e continuum con olidated
KeepIT,2026-02-01,ConnectWise (Continuum) - Consolidated,7,395271.0,276939.25,276939.25,connectwi e continuum con olidated
Acronis,2026-01-01,Computeam,9,420521.61,21850.9642,21850.9642,computeam
Acronis,2026-02-01,Computeam,9,403085.83,21001.572538,21001.572538,computeam
Acronis,2026-03-01,Computeam,9,397057.59,20673.157337,20673.157337,computeam
Acronis,2026-04-01,Computeam,9,350339.56,18610.698311,18610.698311,computeam
Acronis,2026-06-01,Computeam,9,342629.36,18214.743311,18214.743311,computeam
Acronis,2026-05-01,Computeam,9,332990.92,17688.689347,17688.689347,computeam
Acronis,2026-07-01,Computeam,6,330825.05,17350.401904,17350.401904,computeam
Bitdefender,2026-04-01,TruStack Ltd,4,15589.0,15461.2361,15461.2361,tru tack ltd
Bitdefender,2026-05-01,TruStack Ltd,4,14196.0,14212.1318,14212.1318,tru tack ltd
Bitdefender,2026-06-01,TruStack Ltd,4,14235.0,14060.0386,14060.0386,tru tack ltd
Bitdefender,2026-07-01,TruStack Ltd,4,12719.0,12564.9124,12564.9124,tru tack ltd
Bitdefender,2026-08-01,TruStack Ltd,4,11551.0,11585.873,11585.873,tru tack ltd
KeepIT,2026-01-01,"Velocity Network, Inc.",1,14390.0,10792.5,10792.5,velocity network inc
KeepIT,2026-07-01,"Velocity Network, Inc.",1,13781.0,10335.75,10335.75,velocity network inc
Bitdefender,2026-03-01,TruStack Ltd,5,10037.0,10135.3702,10135.3702,tru tack ltd
Bitdefender,2026-06-01,Computeam,3,14642.0,9752.7987,9752.7987,computeam
Bitdefender,2026-05-01,Computeam,2,14393.0,9693.041799999999,9693.041799999999,computeam
Bitdefender,2026-01-01,TruStack Ltd,5,8258.0,9671.6268,9671.6268,tru tack ltd
Bitdefender,2026-02-01,TruStack Ltd,5,8487.0,9636.9305,9636.9305,tru tack ltd
Bitdefender,2026-07-01,Computeam,2,13466.0,8821.0532,8821.0532,computeam
Bitdefender,2026-04-01,Computeam,2,12944.0,8703.340600000001,8703.340600000001,computeam
Bitdefender,2026-01-01,Computeam,3,12399.0,8446.143199999999,8446.143199999999,computeam
Bitdefender,2026-03-01,Computeam,2,12653.0,8372.0883,8372.0883,computeam
Bitdefender,2026-02-01,Computeam,3,12290.0,8341.7656,8341.7656,computeam
Acronis,2026-04-01,Krueger Communications,6,342373.54000000004,7932.518632,7932.518632,krueger communication
Acronis,2026-05-01,Krueger Communications,6,336698.68000000005,7898.712035999999,7898.712035999999,krueger communication
Acronis,2026-07-01,Krueger Communications,6,331427.12,7822.8742,7822.8742,krueger communication
Acronis,2026-06-01,Krueger Communications,6,328069.06,7762.003628,7762.003628,krueger communication
Acronis,2026-03-01,Krueger Communications,6,335848.02,7753.675502,7753.675502,krueger communication
Acronis,2026-01-01,Krueger Communications,6,334478.68,7714.776336,7714.776336,krueger communication
Acronis,2026-03-01,Nex-Tech LLC,6,378044.74,7600.669352,7600.669352,nex tech llc
Acronis,2026-02-01,Nex-Tech LLC,6,374874.12,7591.488375999999,7591.488375999999,nex tech llc
Acronis,2026-04-01,Temple & Associates,10,268339.19,7588.270289,7588.270289,temple a ociate
Acronis,2026-02-01,Krueger Communications,6,327387.12,7550.4695679999995,7550.4695679999995,krueger communication
Acronis,2026-01-01,Nex-Tech LLC,6,371058.03,7511.490944,7511.490944,nex tech llc
Acronis,2026-05-01,Nex-Tech LLC,6,372564.34,7449.269832,7449.269832,nex tech llc
Acronis,2026-04-01,Nex-Tech LLC,6,371388.29,7442.773991999999,7442.773991999999,nex tech llc
Acronis,2026-03-01,Northern Saints Catholic Education Trust,6,13434.0,7296.1894,7296.1894,northern  aint  catholic education tru t
Acronis,2026-07-01,Nex-Tech LLC,6,354655.82,7089.985535999999,7089.985535999999,nex tech llc
Acronis,2026-06-01,Nex-Tech LLC,6,350331.78,7039.939444000001,7039.939444000001,nex tech llc
Proofpoint,2026-05-01,NIC Inc.,20,2542.0,6965.08,6965.08,nic inc
Proofpoint,2026-04-01,NIC Inc.,20,2517.0,6896.58,6896.58,nic inc
Proofpoint,2026-07-01,"DCG Technical Solutions, LLC.",110,4942.0,6757.040000000001,6757.040000000001,dcg technical  olution  llc
Proofpoint,2026-03-01,NIC Inc.,19,2466.0,6756.840000000002,6756.840000000002,nic inc
Proofpoint,2026-05-01,"DCG Technical Solutions, LLC.",109,4877.0,6697.989999999999,6697.989999999999,dcg technical  olution  llc
Proofpoint,2026-06-01,"DCG Technical Solutions, LLC.",109,4882.0,6685.76,6685.76,dcg technical  olution  llc
Proofpoint,2026-04-01,"DCG Technical Solutions, LLC.",108,4749.0,6555.480000000001,6555.480000000001,dcg technical  olution  llc
Proofpoint,2026-03-01,"DCG Technical Solutions, LLC.",108,4727.0,6478.08,6478.08,dcg technical  olution  llc
Proofpoint,2026-01-01,"DCG Technical Solutions, LLC.",110,4731.0,6404.089999999999,6404.089999999999,dcg technical  olution  llc
Proofpoint,2026-02-01,"DCG Technical Solutions, LLC.",108,4709.0,6386.06,6386.06,dcg technical  olution  llc
Proofpoint,2026-01-01,NIC Inc.,17,2037.0,5581.38,5581.38,nic inc
Proofpoint,2026-02-01,NIC Inc.,17,2035.0,5575.9000000000015,5575.9000000000015,nic inc
Bitdefender,2026-05-01,Buddy Rents,2,5000.0,5525.0,5525.0,buddy rent
Bitdefender,2026-02-01,Buddy Rents,2,5000.0,5525.0,5525.0,buddy rent
Bitdefender,2026-07-01,Buddy Rents,2,5000.0,5525.0,5525.0,buddy rent
Bitdefender,2026-06-01,Buddy Rents,2,5000.0,5525.0,5525.0,buddy rent
Bitdefender,2026-01-01,Buddy Rents,2,5000.0,5525.0,5525.0,buddy rent
Bitdefender,2026-04-01,Buddy Rents,2,5000.0,5525.0,5525.0,buddy rent
Bitdefender,2026-08-01,Buddy Rents,2,5000.0,5525.0,5525.0,buddy rent
Bitdefender,2026-03-01,Buddy Rents,2,5000.0,5525.0,5525.0,buddy rent
SentinelOne,2026-07-01,CANYONPOINT,3,7358.0,5479.2699999999995,5479.2699999999995,canyonpoint
KeepIT,2026-07-01,TruStack Ltd,2,7643.0,5410.75,5410.75,tru tack ltd
KeepIT,2026-01-01,TruStack Ltd,2,7641.0,5410.25,5410.25,tru tack ltd
Acronis,2026-07-01,Red Mosquito Ltd,13,138285.79,5281.6449410000005,5281.6449410000005,red mo quito ltd
KeepIT,2026-07-01,Infoxchange,2,9499.0,4894.25,4894.25,infoxchange
SentinelOne,2026-06-01,Connectwise-CloudOps,2,8648.0,4756.4,4756.4,connectwi e cloudop
Acronis,2026-04-01,Lifeline Technology Solutions,1,87191.44,4751.93348,4751.93348,lifeline technology  olution
Acronis,2026-07-01,Lifeline Technology Solutions,1,86079.25,4691.319125,4691.319125,lifeline technology  olution
SentinelOne,2026-07-01,Connectwise-CloudOps,2,8522.0,4687.099999999999,4687.099999999999,connectwi e cloudop
Acronis,2026-03-01,Lifeline Technology Solutions,1,85282.25,4647.882625,4647.882625,lifeline technology  olution
Acronis,2026-05-01,Lifeline Technology Solutions,1,84880.18,4625.96981,4625.96981,lifeline technology  olution
Acronis,2026-06-01,Lifeline Technology Solutions,1,84459.86,4603.06237,4603.06237,lifeline technology  olution
Acronis,2026-01-01,Lifeline Technology Solutions,1,84323.25,4595.617125,4595.617125,lifeline technology  olution
Auvik,2026-03-01,"International Computer Services, Inc. (ICSI)",1,1000.0,4493.42,4493.42,international computer  ervice  inc ic i
Auvik,2026-02-01,"International Computer Services, Inc. (ICSI)",1,1000.0,4493.42,4493.42,international computer  ervice  inc ic i
SentinelOne,2026-04-01,Connectwise-CloudOps,1,4422.0,4466.22,4466.22,connectwi e cloudop
SentinelOne,2026-05-01,Connectwise-CloudOps,1,4374.0,4417.74,4417.74,connectwi e cloudop
Acronis,2026-02-01,Lifeline Technology Solutions,1,80911.14,4409.65713,4409.65713,lifeline technology  olution
SentinelOne,2026-01-01,Connectwise-CloudOps,1,4333.0,4376.33,4376.33,connectwi e cloudop
SentinelOne,2026-02-01,Connectwise-CloudOps,1,4252.0,4294.52,4294.52,connectwi e cloudop
Acronis,2026-05-01,Temple & Associates,10,149605.3,4256.804671,4256.804671,temple a ociate
SentinelOne,2026-03-01,Connectwise-CloudOps,1,4195.0,4236.95,4236.95,connectwi e cloudop
Auvik,2026-01-01,"International Computer Services, Inc. (ICSI)",1,1000.0,4200.0,4200.0,international computer  ervice  inc ic i
Acronis,2026-06-01,Red Mosquito Ltd,11,125721.9,4182.497351,4182.497351,red mo quito ltd
Acronis,2026-04-01,Red Mosquito Ltd,11,120282.64,4158.700496,4158.700496,red mo quito ltd
Acronis,2026-05-01,Red Mosquito Ltd,11,123626.21999999999,4155.201282999999,4155.201282999999,red mo quito ltd
Proofpoint,2026-07-01,Right Click Solutions LLC,53,2463.0,4139.43,4139.43,right click  olution  llc
Acronis,2026-03-01,Red Mosquito Ltd,11,122068.49,4101.1391619999995,4101.1391619999995,red mo quito ltd
Acronis,2026-02-01,Red Mosquito Ltd,11,122321.76999999999,4098.5648439999995,4098.5648439999995,red mo quito ltd
Acronis,2026-01-01,Red Mosquito Ltd,11,120545.96,4074.2135180000005,4074.2135180000005,red mo quito ltd
Proofpoint,2026-07-01,Brightside IT,49,2465.0,4067.2499999999995,4067.2499999999995,bright ide it
Proofpoint,2026-04-01,"Business Data Solutions, Inc.",22,1468.0,4022.3199999999997,4022.3199999999997,bu ine  data  olution  inc
Proofpoint,2026-03-01,"Business Data Solutions, Inc.",22,1454.0,3983.960000000001,3983.960000000001,bu ine  data  olution  inc
SentinelOne,2026-03-01,MooIT,1,3905.0,3944.05,3944.05,mooit
Proofpoint,2026-02-01,"Business Data Solutions, Inc.",22,1438.0,3940.1199999999994,3940.1199999999994,bu ine  data  olution  inc
Proofpoint,2026-07-01,"Business Data Solutions, Inc.",21,1439.0,3931.8200000000006,3931.8200000000006,bu ine  data  olution  inc
SentinelOne,2026-02-01,MooIT,1,3830.0,3868.3,3868.3,mooit
Acronis,2026-03-01,Temple & Associates,10,143688.57,3860.6243449999997,3860.6243449999997,temple a ociate
Proofpoint,2026-06-01,"Business Data Solutions, Inc.",20,1405.0,3849.7000000000003,3849.7000000000003,bu ine  data  olution  inc
SentinelOne,2026-01-01,MooIT,1,3785.0,3822.85,3822.85,mooit
Proofpoint,2026-06-01,Right Click Solutions LLC,51,2272.0,3822.52,3822.52,right click  olution  llc
Proofpoint,2026-05-01,"Business Data Solutions, Inc.",20,1395.0,3822.2999999999997,3822.2999999999997,bu ine  data  olution  inc
Proofpoint,2026-01-01,"Business Data Solutions, Inc.",17,1387.0,3800.38,3800.38,bu ine  data  olution  inc
Acronis,2026-07-01,Caspian IT Group,12,145622.11000000002,3772.1595350000002,3772.1595350000002,ca pian it group
Acronis,2026-07-01,Temple & Associates,10,128166.04999999999,3747.1901329999996,3747.1901329999996,temple a ociate
Acronis,2026-07-01,On-Site Computers Inc.,8,119543.8,3628.4301400000004,3628.4301400000004,on  ite computer  inc
Acronis,2026-06-01,Caspian IT Group,13,139333.45,3626.6541330000005,3626.6541330000005,ca pian it group
Exium,2026-06-01,Emerge Digital,3,635.0,3611.5,3611.5,emerge digital
Acronis,2026-02-01,Temple & Associates,10,129174.9,3602.366765,3602.366765,temple a ociate
Proofpoint,2026-07-01,NIC Inc.,19,1305.0,3575.7000000000003,3575.7000000000003,nic inc
Acronis,2026-05-01,On-Site Computers Inc.,8,118022.23,3574.345804,3574.345804,on  ite computer  inc
Acronis,2026-06-01,On-Site Computers Inc.,8,116477.62,3567.286476,3567.286476,on  ite computer  inc
Proofpoint,2026-06-01,NIC Inc.,19,1301.0,3564.7400000000002,3564.7400000000002,nic inc
Acronis,2026-06-01,Temple & Associates,10,129192.56999999999,3563.9423959999995,3563.9423959999995,temple a ociate
Acronis,2026-03-01,On-Site Computers Inc.,8,115930.86,3554.6457280000004,3554.6457280000004,on  ite computer  inc
Acronis,2026-04-01,On-Site Computers Inc.,9,115405.63,3541.2388240000005,3541.2388240000005,on  ite computer  inc
KeepIT,2026-07-01,Technical Drive,2,6444.0,3536.0,3536.0,technical drive
Acronis,2026-02-01,On-Site Computers Inc.,8,116017.65,3534.32352,3534.32352,on  ite computer  inc
Acronis,2026-02-01,CYB3R,13,56089.649999999994,3516.293332,3516.293332,cyb3r
Acronis,2026-03-01,CYB3R,13,60104.55,3511.617658,3511.617658,cyb3r
Acronis,2026-01-01,On-Site Computers Inc.,8,113767.76,3494.5299479999994,3494.5299479999994,on  ite computer  inc
Exium,2026-05-01,Emerge Digital,3,609.0,3468.5,3468.5,emerge digital
SentinelOne,2026-07-01,MOOIT,2,4562.0,3445.84,3445.84,mooit
Auvik,2026-03-01,Five Rivers IT,2,399.0,3415.85,3415.85,five river  it
SentinelOne,2026-04-01,MooIT,1,3335.0,3368.35,3368.35,mooit
Acronis,2026-01-01,Temple & Associates,10,114198.5,3348.711764,3348.711764,temple a ociate
SentinelOne,2026-06-01,MOOIT,2,4378.0,3306.92,3306.92,mooit
Bitdefender,2026-01-01,Network Center Communications,4,2618.0,3295.65,3295.65,network center communication
Bitdefender,2026-08-01,Computeam,3,4956.0,3290.095,3290.095,computeam
Exium,2026-04-01,Emerge Digital,3,574.0,3276.0,3276.0,emerge digital
Acronis,2026-04-01,CYB3R,13,57252.25,3250.1178959999997,3250.1178959999997,cyb3r
Exium,2026-07-01,Emerge Digital,3,566.0,3249.0,3249.0,emerge digital
Proofpoint,2026-07-01,Central Office Systems Corp,64,1584.0,3247.2000000000003,3247.2000000000003,central office  y tem  corp
Acronis,2026-01-01,RMHT Solutions LLC,3,113498.68,3210.673464,3210.673464,rmht  olution  llc
Acronis,2026-05-01,Caspian IT Group,13,118758.92,3199.412034,3199.412034,ca pian it group
Acronis,2026-01-01,CYB3R,13,52983.31,3164.503316,3164.503316,cyb3r
Exium,2026-03-01,Emerge Digital,3,555.0,3154.5,3154.5,emerge digital
Acronis,2026-02-01,RMHT Solutions LLC,3,110054.43,3149.340264,3149.340264,rmht  olution  llc
Acronis,2026-07-01,CYB3R,13,73958.5,3143.2409800000005,3143.2409800000005,cyb3r
SentinelOne,2026-06-01,CANYONPOINT,1,4365.0,3142.8,3142.8,canyonpoint
Acronis,2026-03-01,RMHT Solutions LLC,3,110407.32,3142.522736,3142.522736,rmht  olution  llc
Exium,2026-02-01,Emerge Digital,3,552.0,3138.0,3138.0,emerge digital
KeepIT,2026-01-01,Infoxchange,1,4167.0,3125.25,3125.25,infoxchange
Acronis,2026-04-01,RMHT Solutions LLC,3,109183.62,3114.046476,3114.046476,rmht  olution  llc
SentinelOne,2026-07-01,ONENETLTD,1,4291.0,3089.52,3089.52,onenetltd
Acronis,2026-05-01,RMHT Solutions LLC,3,110066.78,3073.636544,3073.636544,rmht  olution  llc
Acronis,2026-03-01,Bel USA LLC,9,121149.44,3065.628895,3065.628895,bel u a llc
Acronis,2026-07-01,Bel USA LLC,10,126336.84000000001,3062.397423,3062.397423,bel u a llc
Acronis,2026-05-01,Bel USA LLC,9,127499.18999999999,3057.2222939999997,3057.2222939999997,bel u a llc
Exium,2026-01-01,Emerge Digital,3,532.0,3028.0,3028.0,emerge digital
Acronis,2026-04-01,Bel USA LLC,9,126168.68,3026.338722,3026.338722,bel u a llc
Acronis,2026-05-01,MooIT,9,134397.04,2996.9637920000005,2996.9637920000005,mooit
Auvik,2026-02-01,Five Rivers IT,2,350.0,2996.41,2996.41,five river  it
Acronis,2026-04-01,Caspian IT Group,13,102185.87,2984.993993,2984.993993,ca pian it group
Acronis,2026-04-01,MooIT,9,126753.79,2887.6808920000008,2887.6808920000008,mooit
Acronis,2026-06-01,CYB3R,13,64932.55,2884.570168,2884.570168,cyb3r
Auvik,2026-07-01,"Intrinsic Technology Group, Inc.",2,522.0,2820.08,2820.08,intrin ic technology group inc
ESET,2026-01-01,Epsilon-Inc.,1,109841.0,2816.761571,2816.761571,ep ilon inc
SentinelOne,2026-07-01,SysTechNY,1,2751.0,2778.51,2778.51,y techny
ESET,2026-02-01,Epsilon-Inc.,1,95882.0,2771.89912,2771.89912,ep ilon inc
Acronis,2026-05-01,CYB3R,13,59281.34,2771.453048,2771.453048,cyb3r
Webroot,2026-06-01,Blue Line Technologies,3,5396.0,2765.62,2765.62,blue line technologie
Webroot,2026-07-01,Blue Line Technologies,3,5396.0,2765.62,2765.62,blue line technologie
Auvik,2026-02-01,"Intrinsic Technology Group, Inc.",2,533.0,2761.29,2761.29,intrin ic technology group inc
Auvik,2026-02-01,Comstar Technologies,1,500.0,2753.75,2753.75,com tar technologie
Acronis,2026-03-01,MooIT,7,120918.65,2752.1717200000003,2752.1717200000003,mooit
Auvik,2026-05-01,"Intrinsic Technology Group, Inc.",2,525.0,2727.05,2727.05,intrin ic technology group inc
Auvik,2026-03-01,"Intrinsic Technology Group, Inc.",2,525.0,2727.05,2727.05,intrin ic technology group inc
Auvik,2026-04-01,"Intrinsic Technology Group, Inc.",2,524.0,2722.77,2722.77,intrin ic technology group inc
SentinelOne,2026-05-01,MOOIT,2,3594.0,2713.4700000000003,2713.4700000000003,mooit
Webroot,2026-03-01,Blue Line Technologies,3,5573.0,2712.05,2712.05,blue line technologie
Proofpoint,2026-04-01,Right Click Solutions LLC,49,1587.0,2694.3399999999997,2694.3399999999997,right click  olution  llc
Proofpoint,2026-03-01,Right Click Solutions LLC,49,1585.0,2690.3500000000004,2690.3500000000004,right click  olution  llc
Acronis,2026-07-01,Computers Etc,4,128426.57,2675.6881359999998,2675.6881359999998,computer  etc
Acronis,2026-03-01,Caspian IT Group,12,89971.42,2674.332132,2674.332132,ca pian it group
Auvik,2026-03-01,Krueger Communications,2,357.0,2674.28,2674.28,krueger communication
Webroot,2026-05-01,Blue Line Technologies,3,5441.0,2664.8599999999997,2664.8599999999997,blue line technologie
Webroot,2026-04-01,Blue Line Technologies,3,5394.0,2654.6099999999997,2654.6099999999997,blue line technologie
Proofpoint,2026-02-01,Right Click Solutions LLC,48,1564.0,2650.9400000000005,2650.9400000000005,right click  olution  llc
Webroot,2026-02-01,Blue Line Technologies,3,5458.0,2647.16,2647.16,blue line technologie
Acronis,2026-03-01,Operational Technologies LLC,1,48176.93,2625.642685,2625.642685,operational technologie  llc
Acronis,2026-01-01,Operational Technologies LLC,1,48176.93,2625.642685,2625.642685,operational technologie  llc
Acronis,2026-02-01,Operational Technologies LLC,1,48176.93,2625.642685,2625.642685,operational technologie  llc
Acronis,2026-02-01,NIC Inc.,8,77715.25,2623.9656999999997,2623.9656999999997,nic inc
Bitdefender,2026-02-01,Network Center Communications,3,2221.0,2621.25,2621.25,network center communication
Proofpoint,2026-05-01,Right Click Solutions LLC,49,1540.0,2615.41,2615.41,right click  olution  llc
Acronis,2026-02-01,MooIT,7,116529.35,2607.91968,2607.91968,mooit
Webroot,2026-01-01,Blue Line Technologies,3,5366.0,2606.24,2606.24,blue line technologie
Acronis,2026-01-01,NIC Inc.,8,75042.02,2578.2834959999996,2578.2834959999996,nic inc
Acronis,2026-01-01,MooIT,7,113965.3,2578.05914,2578.05914,mooit
Auvik,2026-01-01,Comstar Technologies,1,500.0,2575.0,2575.0,com tar technologie
Bitdefender,2026-03-01,Network Center Communications,3,2149.0,2569.85,2569.85,network center communication
Acronis,2026-06-01,Computers Etc,4,118023.37,2557.296476,2557.296476,computer  etc
Acronis,2026-03-01,NIC Inc.,8,75879.34,2554.7201320000004,2554.7201320000004,nic inc
Acronis,2026-05-01,Computers Etc,4,116061.15,2550.6614199999995,2550.6614199999995,computer  etc
Acronis,2026-04-01,Computers Etc,4,114796.11,2531.938828,2531.938828,computer  etc
Auvik,2026-01-01,"Intrinsic Technology Group, Inc.",2,527.0,2525.6,2525.6,intrin ic technology group inc
Acronis,2026-02-01,Caspian IT Group,11,82754.01999999999,2518.383015,2518.383015,ca pian it group
SentinelOne,2026-07-01,VTGUS,3,3495.0,2513.15,2513.15,vtgu
Auvik,2026-06-01,"ConnectWise, LLC",1,460.0,2505.0,2505.0,connectwi e llc
ESET,2026-01-01,Caspian IT Group,1,97650.0,2504.135682,2504.135682,ca pian it group
Acronis,2026-03-01,Computers Etc,4,112168.27,2493.048596,2493.048596,computer  etc
Acronis,2026-04-01,NIC Inc.,8,76685.16,2491.4779679999997,2491.4779679999997,nic inc
Proofpoint,2026-01-01,Right Click Solutions LLC,45,1466.0,2487.86,2487.86,right click  olution  llc
Proofpoint,2026-01-01,Legado Systems,2,1512.0,2487.2400000000002,2487.2400000000002,legado  y tem
Auvik,2026-04-01,Krueger Communications,2,331.0,2479.54,2479.54,krueger communication
Acronis,2026-01-01,Buddy Rents,2,5134.88,2479.1218240000003,2479.1218240000003,buddy rent
ESET,2026-02-01,Caspian IT Group,1,85600.0,2474.651808,2474.651808,ca pian it group
Acronis,2026-02-01,Computers Etc,4,111981.34,2471.475932,2471.475932,computer  etc
Acronis,2026-01-01,Caspian IT Group,11,79083.6,2468.5806340000004,2468.5806340000004,ca pian it group
Auvik,2026-02-01,Krueger Communications,2,329.0,2464.56,2464.56,krueger communication
Acronis,2026-02-01,Buddy Rents,2,5669.0,2455.9519,2455.9519,buddy rent
Acronis,2026-03-01,Premier Technology LLC,5,119601.39,2447.080722,2447.080722,premier technology llc
Acronis,2026-01-01,Computers Etc,4,109871.34,2438.558732,2438.558732,computer  etc
Acronis,2026-04-01,Buddy Rents,2,5663.04,2424.788792,2424.788792,buddy rent
Acronis,2026-03-01,Buddy Rents,3,5594.86,2415.121878,2415.121878,buddy rent
Acronis,2026-06-01,Bel USA LLC,7,113199.48,2411.776704,2411.776704,bel u a llc
Acronis,2026-06-01,MooIT,9,93890.54,2395.8966920000003,2395.8966920000003,mooit
Acronis,2026-05-01,Buddy Rents,2,6014.35,2388.55498,2388.55498,buddy rent
ESET,2026-03-01,Epsilon-Inc.,1,91887.0,2386.025647,2386.025647,ep ilon inc
Acronis,2026-07-01,Buddy Rents,2,6880.12,2380.6517759999997,2380.6517759999997,buddy rent
Acronis,2026-02-01,Bel USA LLC,7,105297.56,2375.399588,2375.399588,bel u a llc
Acronis,2026-02-01,Premier Technology LLC,5,116544.39,2372.438672,2372.438672,premier technology llc
Acronis,2026-06-01,Buddy Rents,2,6225.84,2370.9684319999997,2370.9684319999997,buddy rent
ESET,2026-03-01,Caspian IT Group,1,91270.0,2370.004036,2370.004036,ca pian it group
Acronis,2026-01-01,Premier Technology LLC,5,115351.07,2342.163236,2342.163236,premier technology llc
ESET,2026-04-01,Caspian IT Group,1,88500.0,2336.496266,2336.496266,ca pian it group
Acronis,2026-01-01,Bel USA LLC,7,102434.03,2336.4255439999997,2336.4255439999997,bel u a llc
Acronis,2026-07-01,MooIT,9,95034.18,2335.547064,2335.547064,mooit
ESET,2026-04-01,Epsilon-Inc.,1,88199.0,2328.549539,2328.549539,ep ilon inc
Proofpoint,2026-06-01,P5 Ventures,15,1082.0,2325.42,2325.42,p5 venture
Auvik,2026-06-01,Five Rivers IT,2,271.0,2320.17,2320.17,five river  it
Auvik,2026-05-01,Five Rivers IT,2,271.0,2320.17,2320.17,five river  it
ESET,2026-05-01,Epsilon-Inc.,1,88894.0,2313.612437,2313.612437,ep ilon inc
ESET,2026-07-01,Epsilon-Inc.,1,88621.0,2306.507163,2306.507163,ep ilon inc
Auvik,2026-04-01,Five Rivers IT,2,269.0,2303.05,2303.05,five river  it
Auvik,2026-01-01,Krueger Communications,2,329.0,2303.0,2303.0,krueger communication
ESET,2026-07-01,"Total Technology Resources, LLC",1,88350.0,2299.453943,2299.453943,total technology re ource  llc
ESET,2026-01-01,AU/NZ Legacy License Billing - *Please do not touch*,5,119443.0,2290.355919,2290.355919,au nz legacy licen e billing plea e do not touch
ESET,2026-07-01,AU/NZ Legacy License Billing - *Please do not touch*,5,119443.0,2290.355919,2290.355919,au nz legacy licen e billing plea e do not touch
ESET,2026-05-01,AU/NZ Legacy License Billing - *Please do not touch*,5,119443.0,2290.355919,2290.355919,au nz legacy licen e billing plea e do not touch
ESET,2026-03-01,AU/NZ Legacy License Billing - *Please do not touch*,5,119443.0,2290.3559189999996,2290.3559189999996,au nz legacy licen e billing plea e do not touch
ESET,2026-04-01,AU/NZ Legacy License Billing - *Please do not touch*,5,115590.0,2290.32387,2290.32387,au nz legacy licen e billing plea e do not touch
ESET,2026-02-01,AU/NZ Legacy License Billing - *Please do not touch*,5,107884.0,2290.301888,2290.301888,au nz legacy licen e billing plea e do not touch
Proofpoint,2026-07-01,P5 Ventures,15,1068.0,2282.3,2282.3,p5 venture
Proofpoint,2026-05-01,P5 Ventures,15,1052.0,2259.66,2259.66,p5 venture
ESET,2026-06-01,Epsilon-Inc.,1,86384.0,2248.285562,2248.285562,ep ilon inc
Auvik,2026-05-01,Krueger Communications,2,298.0,2232.37,2232.37,krueger communication
Auvik,2026-06-01,Krueger Communications,2,296.0,2217.39,2217.39,krueger communication
ESET,2026-06-01,AU/NZ Legacy License Billing - *Please do not touch*,5,115590.0,2216.47347,2216.47347,au nz legacy licen e billing plea e do not touch
Auvik,2026-07-01,Five Rivers IT,2,257.0,2200.33,2200.33,five river  it
Bitdefender,2026-04-01,Network Center Communications,3,1842.0,2173.85,2173.85,network center communication
Acronis,2026-02-01,A Tech 4 U,5,39841.909999999996,2170.0974770000003,2170.0974770000003,a tech 4 u
ESET,2026-05-01,Caspian IT Group,1,83368.0,2169.789206,2169.789206,ca pian it group
Acronis,2026-04-01,Premier Technology LLC,5,104652.05,2156.0307399999997,2156.0307399999997,premier technology llc
ESET,2026-02-01,"Total Technology Resources, LLC",1,74200.0,2145.083693,2145.083693,total technology re ource  llc
ESET,2026-05-01,"Total Technology Resources, LLC",1,82150.0,2138.088754,2138.088754,total technology re ource  llc
Bitdefender,2026-05-01,Network Center Communications,3,1806.0,2137.65,2137.65,network center communication
ESET,2026-03-01,"Total Technology Resources, LLC",1,82150.0,2133.185401,2133.185401,total technology re ource  llc
Auvik,2026-05-01,"ConnectWise, LLC",1,384.0,2125.0,2125.0,connectwi e llc
Acronis,2026-07-01,A Tech 4 U,7,39127.380000000005,2107.645876,2107.645876,a tech 4 u
ESET,2026-01-01,"Total Technology Resources, LLC",1,82150.0,2106.653828,2106.653828,total technology re ource  llc
Proofpoint,2026-04-01,P5 Ventures,14,968.0,2105.2799999999997,2105.2799999999997,p5 venture
Acronis,2026-04-01,A Tech 4 U,7,38762.869999999995,2103.436827,2103.436827,a tech 4 u
ESET,2026-04-01,"Total Technology Resources, LLC",1,79500.0,2098.886476,2098.886476,total technology re ource  llc
Acronis,2026-03-01,A Tech 4 U,5,38404.83,2091.6586170000005,2091.6586170000005,a tech 4 u
Acronis,2026-05-01,A Tech 4 U,7,38446.15,2081.554507,2081.554507,a tech 4 u
ESET,2026-06-01,"Total Technology Resources, LLC",1,79900.0,2079.528806,2079.528806,total technology re ource  llc
ESET,2026-07-01,Caspian IT Group,1,79360.0,2065.474419,2065.474419,ca pian it group
Acronis,2026-01-01,Moon Computers Ltd,11,96045.13,2049.843271,2049.843271,moon computer  ltd
Acronis,2026-01-01,A Tech 4 U,5,37483.96,2041.589202,2041.589202,a tech 4 u
Acronis,2026-06-01,A Tech 4 U,7,37459.25,2022.779323,2022.779323,a tech 4 u
Acronis,2026-07-01,NXT IT Solutions,7,37061.43,2018.7475600000002,2018.7475600000002,nxt it  olution
Acronis,2026-03-01,EssentialNet Solutions,7,70758.04,2011.822342,2011.822342,e entialnet  olution
ESET,2026-06-01,Caspian IT Group,1,77000.0,2004.05154,2004.05154,ca pian it group
Acronis,2026-07-01,Electronic Business Systems UK,7,87389.49,1996.1467519999997,1996.1467519999997,electronic bu ine   y tem  uk
Bitdefender,2026-08-01,"Boston HelpDesk, Inc.",4,1927.0,1995.28,1995.28,bo ton helpde k inc
Acronis,2026-04-01,NXT IT Solutions,8,35115.04,1988.8526359999998,1988.8526359999998,nxt it  olution
Acronis,2026-05-01,Electronic Business Systems UK,8,83332.58,1984.947789,1984.947789,electronic bu ine   y tem  uk
Auvik,2026-07-01,"ConnectWise, LLC",1,355.0,1980.0,1980.0,connectwi e llc
Acronis,2026-06-01,NXT IT Solutions,7,36449.96,1973.265188,1973.265188,nxt it  olution
SentinelOne,2026-06-01,SysTechNY,1,2731.0,1966.32,1966.32,y techny
Acronis,2026-06-01,Electronic Business Systems UK,7,85106.05,1962.9186399999999,1962.9186399999999,electronic bu ine   y tem  uk
Proofpoint,2026-03-01,P5 Ventures,13,904.0,1957.7400000000002,1957.7400000000002,p5 venture
Acronis,2026-05-01,NXT IT Solutions,7,36316.86,1957.6843199999998,1957.6843199999998,nxt it  olution
Acronis,2026-03-01,NXT IT Solutions,8,37430.6,1955.124538,1955.124538,nxt it  olution
Proofpoint,2026-02-01,P5 Ventures,13,903.0,1952.44,1952.44,p5 venture
Acronis,2026-02-01,EssentialNet Solutions,7,70769.29,1940.9157919999998,1940.9157919999998,e entialnet  olution
Bitdefender,2026-08-01,Direct Distributors,2,1380.0,1938.9,1938.9,direct di tributor
Bitdefender,2026-05-01,Direct Distributors,2,1380.0,1938.9,1938.9,direct di tributor
Bitdefender,2026-03-01,Direct Distributors,2,1380.0,1938.9,1938.9,direct di tributor
Bitdefender,2026-01-01,Direct Distributors,2,1380.0,1938.9,1938.9,direct di tributor
Bitdefender,2026-07-01,Direct Distributors,2,1380.0,1938.9,1938.9,direct di tributor
Bitdefender,2026-04-01,Direct Distributors,2,1380.0,1938.9,1938.9,direct di tributor
Bitdefender,2026-06-01,Direct Distributors,2,1380.0,1938.9,1938.9,direct di tributor
Bitdefender,2026-02-01,Direct Distributors,2,1380.0,1938.8999999999999,1938.8999999999999,direct di tributor
Bitdefender,2026-02-01,"Boston HelpDesk, Inc.",2,1930.0,1930.4,1930.4,bo ton helpde k inc
SentinelOne,2026-05-01,SysTechNY,1,2681.0,1930.32,1930.32,y techny
Acronis,2026-04-01,Electronic Business Systems UK,7,80642.42,1929.669031,1929.669031,electronic bu ine   y tem  uk
Acronis,2026-06-01,EssentialNet Solutions,7,64458.11,1916.368528,1916.368528,e entialnet  olution
Acronis,2026-04-01,EssentialNet Solutions,7,65474.53,1915.5746439999998,1915.5746439999998,e entialnet  olution
Acronis,2026-05-01,EssentialNet Solutions,7,64389.29,1907.211092,1907.211092,e entialnet  olution
Proofpoint,2026-07-01,IDT Support,141,1630.0,1899.01,1899.01,idt  upport
Acronis,2026-05-01,Premier Technology LLC,5,86889.33,1897.927884,1897.927884,premier technology llc
Bitdefender,2026-04-01,"Boston HelpDesk, Inc.",3,1896.0,1897.36,1897.36,bo ton helpde k inc
Acronis,2026-07-01,EssentialNet Solutions,7,65598.48000000001,1896.9887039999999,1896.9887039999999,e entialnet  olution
Bitdefender,2026-03-01,"Boston HelpDesk, Inc.",3,1889.0,1890.2,1890.2,bo ton helpde k inc
SentinelOne,2026-04-01,SysTechNY,1,2637.0,1883.068351,1883.068351,y techny
SentinelOne,2026-03-01,SysTechNY,1,2604.0,1874.88,1874.88,y techny
Acronis,2026-03-01,Nuvex Solutions,8,45730.61,1872.2181489999998,1872.2181489999998,nuvex  olution
Acronis,2026-02-01,NXT IT Solutions,8,34667.38,1869.1585,1869.1585,nxt it  olution
Auvik,2026-01-01,"ConnectWise, LLC",1,331.0,1860.0,1860.0,connectwi e llc
Bitdefender,2026-01-01,"Boston HelpDesk, Inc.",2,1856.0,1856.4,1856.4,bo ton helpde k inc
Proofpoint,2026-06-01,IDT Support,139,1579.0,1854.76,1854.76,idt  upport
Acronis,2026-02-01,Nuvex Solutions,8,44555.8,1846.775163,1846.775163,nuvex  olution
Acronis,2026-06-01,Premier Technology LLC,5,81969.29,1836.036392,1836.036392,premier technology llc
Proofpoint,2026-05-01,IDT Support,140,1548.0,1827.5199999999998,1827.5199999999998,idt  upport
Acronis,2026-03-01,Xpower-IT,7,41200.67,1826.632166,1826.632166,xpower it
Proofpoint,2026-07-01,Network Center Communications,35,1082.0,1825.6999999999998,1825.6999999999998,network center communication
Acronis,2026-01-01,EssentialNet Solutions,7,66259.75,1824.5789,1824.5789,e entialnet  olution
Acronis,2026-01-01,Nuvex Solutions,8,43670.770000000004,1823.791902,1823.791902,nuvex  olution
Bitdefender,2026-01-01,Moon Computers Ltd,3,1223.0,1820.4448,1820.4448,moon computer  ltd
Acronis,2026-03-01,Electronic Business Systems UK,7,74837.02,1818.253118,1818.253118,electronic bu ine   y tem  uk
Acronis,2026-06-01,B4B Telecoms,3,32391.73,1818.217983,1818.217983,b4b telecom
Acronis,2026-02-01,Xpower-IT,7,40640.43,1815.3098639999996,1815.3098639999996,xpower it
Acronis,2026-07-01,B4B Telecoms,3,32258.940000000002,1810.5108109999999,1810.5108109999999,b4b telecom
Acronis,2026-07-01,Premier Technology LLC,5,82684.21,1802.928008,1802.928008,premier technology llc
Acronis,2026-02-01,Electronic Business Systems UK,6,73592.83,1798.589265,1798.589265,electronic bu ine   y tem  uk
Acronis,2026-01-01,Xpower-IT,7,40039.69,1793.708812,1793.708812,xpower it
Acronis,2026-06-01,NIC Inc.,9,46557.49,1791.4645520000001,1791.4645520000001,nic inc
Acronis,2026-07-01,NIC Inc.,9,46578.16,1791.242068,1791.242068,nic inc
Bitdefender,2026-08-01,P5 Ventures,3,1676.0,1774.1381000000001,1774.1381000000001,p5 venture
Acronis,2026-01-01,NXT IT Solutions,8,32685.43,1772.00072,1772.00072,nxt it  olution
Acronis,2026-03-01,B4B Telecoms,3,31500.29,1771.902364,1771.902364,b4b telecom
Acronis,2026-04-01,Xpower-IT,7,41034.46,1769.8060079999998,1769.8060079999998,xpower it
Acronis,2026-05-01,NIC Inc.,9,44495.99,1768.9039520000001,1768.9039520000001,nic inc
Acronis,2026-01-01,"Datacade, LLC",4,33707.44,1751.58127,1751.58127,datacade llc
Acronis,2026-02-01,"Datacade, LLC",4,33707.44,1751.58127,1751.58127,datacade llc
Acronis,2026-03-01,"Datacade, LLC",3,33696.44,1749.6837699999999,1749.6837699999999,datacade llc
Proofpoint,2026-06-01,Network Center Communications,33,1032.0,1744.0,1744.0,network center communication
Acronis,2026-07-01,Xpower-IT,7,42746.79,1741.587492,1741.587492,xpower it
Acronis,2026-01-01,Electronic Business Systems UK,6,70952.93000000001,1737.67537,1737.67537,electronic bu ine   y tem  uk
Auvik,2026-01-01,Five Rivers IT,2,216.0,1728.0,1728.0,five river  it
Acronis,2026-01-01,"Petra Technologies, Inc.",4,65729.25,1727.9369,1727.9369,petra technologie  inc
Acronis,2026-04-01,B4B Telecoms,3,30745.45,1727.064475,1727.064475,b4b telecom
Acronis,2026-06-01,Xpower-IT,7,41811.46,1726.054208,1726.054208,xpower it
Acronis,2026-05-01,B4B Telecoms,3,30596.53,1719.269797,1719.269797,b4b telecom
Proofpoint,2026-05-01,Pivit Strategy,11,1051.0,1718.0499999999997,1718.0499999999997,pivit  trategy
Acronis,2026-05-01,Xpower-IT,7,41527.64,1715.100472,1715.100472,xpower it
Acronis,2026-02-01,B4B Telecoms,3,30486.87,1708.600749,1708.600749,b4b telecom
Bitdefender,2026-06-01,Network Center Communications,3,1459.0,1706.0,1706.0,network center communication
ESET,2026-03-01,UK/EMEA/ROW Legacy License Billing - **Please do not touch**,7,58745.0,1699.910637,1699.910637,uk emea row legacy licen e billing plea e do not touch
ESET,2026-05-01,UK/EMEA/ROW Legacy License Billing - **Please do not touch**,7,58745.0,1699.910637,1699.910637,uk emea row legacy licen e billing plea e do not touch
ESET,2026-01-01,UK/EMEA/ROW Legacy License Billing - **Please do not touch**,7,58745.0,1699.9106369999997,1699.9106369999997,uk emea row legacy licen e billing plea e do not touch
ESET,2026-07-01,UK/EMEA/ROW Legacy License Billing - **Please do not touch**,7,58745.0,1699.9106369999997,1699.9106369999997,uk emea row legacy licen e billing plea e do not touch
ESET,2026-02-01,UK/EMEA/ROW Legacy License Billing - **Please do not touch**,7,53060.0,1699.8957920000003,1699.8957920000003,uk emea row legacy licen e billing plea e do not touch
ESET,2026-04-01,UK/EMEA/ROW Legacy License Billing - **Please do not touch**,7,56850.0,1699.88859,1699.88859,uk emea row legacy licen e billing plea e do not touch
Proofpoint,2026-07-01,Cobb Technologies,51,1410.0,1697.98,1697.98,cobb technologie
Proofpoint,2026-04-01,Pivit Strategy,10,1019.0,1692.95,1692.95,pivit  trategy
Acronis,2026-02-01,Moon Computers Ltd,11,75515.45000000001,1675.0154650000002,1675.0154650000002,moon computer  ltd
Proofpoint,2026-03-01,Pivit Strategy,10,1004.0,1671.1999999999998,1671.1999999999998,pivit  trategy
Bitdefender,2026-05-01,"Boston HelpDesk, Inc.",3,1662.0,1663.36,1663.36,bo ton helpde k inc
Acronis,2026-01-01,B4B Telecoms,3,29499.809999999998,1654.925062,1654.925062,b4b telecom
Proofpoint,2026-02-01,Pivit Strategy,10,992.0,1654.1,1654.1,pivit  trategy
Bitdefender,2026-06-01,P5 Ventures,3,1546.0,1653.5068999999999,1653.5068999999999,p5 venture
SentinelOne,2026-05-01,MooIT,1,1630.0,1646.3,1646.3,mooit
Exium,2026-07-01,Pivit Strategy,3,293.0,1645.5,1645.5,pivit  trategy
ESET,2026-06-01,UK/EMEA/ROW Legacy License Billing - **Please do not touch**,7,56850.0,1645.07481,1645.07481,uk emea row legacy licen e billing plea e do not touch
Proofpoint,2026-07-01,"Total Technology Resources, LLC",28,986.0,1628.5,1628.5,total technology re ource  llc
Auvik,2026-01-01,ConnectWise - EMEA,1,155.0,1627.5,1627.5,connectwi e emea
Bitdefender,2026-07-01,P5 Ventures,3,1570.0,1624.1867000000002,1624.1867000000002,p5 venture
Proofpoint,2026-06-01,"Total Technology Resources, LLC",28,982.0,1621.9,1621.9,total technology re ource  llc
Acronis,2026-07-01,Skynet Broadband Pty Ltd,9,60534.19,1621.476112,1621.476112,kynet broadband pty ltd
Proofpoint,2026-01-01,Pivit Strategy,10,968.0,1616.9,1616.9,pivit  trategy
Proofpoint,2026-07-01,Lighthouse IT,19,1202.0,1610.68,1610.68,lighthou e it
Exium,2026-06-01,Pivit Strategy,3,285.0,1601.5,1601.5,pivit  trategy
Bitdefender,2026-06-01,"Boston HelpDesk, Inc.",3,1600.0,1601.36,1601.36,bo ton helpde k inc
Acronis,2026-06-01,Skynet Broadband Pty Ltd,9,59114.57,1595.924136,1595.924136,kynet broadband pty ltd
Bitdefender,2026-07-01,"Boston HelpDesk, Inc.",3,1592.0,1593.28,1593.28,bo ton helpde k inc
Acronis,2026-02-01,Skynet Broadband Pty Ltd,10,45609.86,1587.704428,1587.704428,kynet broadband pty ltd
Acronis,2026-03-01,Terminal B,5,81749.59,1568.750882,1568.750882,terminal b
Proofpoint,2026-01-01,Edge IT,46,1075.0,1561.6699999999998,1561.6699999999998,edge it
Bitdefender,2026-05-01,P5 Ventures,3,1452.0,1560.1507000000001,1560.1507000000001,p5 venture
Webroot,2026-04-01,Comstar Technologies,1,3000.0,1560.0,1560.0,com tar technologie
Webroot,2026-03-01,Comstar Technologies,1,3000.0,1560.0,1560.0,com tar technologie
Webroot,2026-01-01,Comstar Technologies,1,3000.0,1560.0,1560.0,com tar technologie
Webroot,2026-02-01,Comstar Technologies,1,3000.0,1560.0,1560.0,com tar technologie
Proofpoint,2026-05-01,"Total Technology Resources, LLC",27,944.0,1559.2,1559.2,total technology re ource  llc
SentinelOne,2026-07-01,SECURENETWORKS (Palmetto Tech),1,2158.0,1553.76,1553.76,ecurenetwork  palmetto tech
Proofpoint,2026-05-01,Network Center Communications,31,916.0,1552.6000000000001,1552.6000000000001,network center communication
Proofpoint,2026-02-01,Edge IT,46,1064.0,1548.8000000000002,1548.8000000000002,edge it
Proofpoint,2026-07-01,Pivit Strategy,11,986.0,1541.3,1541.3,pivit  trategy
Proofpoint,2026-06-01,Edge IT,44,1027.0,1533.1200000000001,1533.1200000000001,edge it
Acronis,2026-02-01,Morris Business Solutions,10,69237.59,1528.9676319999999,1528.9676319999999,morri  bu ine   olution
Proofpoint,2026-07-01,Edge IT,44,1024.0,1527.29,1527.29,edge it
KeepIT,2026-01-01,Your IT Department,1,2028.0,1526.75,1526.75,your it department
SentinelOne,2026-01-01,SysTechNY,1,2134.0,1525.994359,1525.994359,y techny
Proofpoint,2026-06-01,Lighthouse IT,18,1138.0,1524.9199999999998,1524.9199999999998,lighthou e it
Proofpoint,2026-05-01,Lighthouse IT,17,1137.0,1523.5799999999997,1523.5799999999997,lighthou e it
Proofpoint,2026-06-01,Pivit Strategy,11,973.0,1520.65,1520.65,pivit  trategy
SentinelOne,2026-02-01,SysTechNY,1,2106.0,1516.32,1516.32,y techny
Bitdefender,2026-04-01,P5 Ventures,3,1413.0,1514.593,1514.593,p5 venture
Proofpoint,2026-05-01,Edge IT,44,1012.0,1508.5600000000002,1508.5600000000002,edge it
Auvik,2026-04-01,"ConnectWise, LLC",1,260.0,1505.0,1505.0,connectwi e llc
Bitdefender,2026-07-01,Network Center Communications,3,1274.0,1501.1000000000001,1501.1000000000001,network center communication
Bitdefender,2026-02-01,Moon Computers Ltd,3,1016.0,1498.5782,1498.5782,moon computer  ltd
Proofpoint,2026-04-01,Edge IT,45,1026.0,1495.78,1495.78,edge it
Proofpoint,2026-03-01,Edge IT,45,1025.0,1494.1299999999999,1494.1299999999999,edge it
Bitdefender,2026-01-01,TWC IT Solutions,4,1039.0,1493.9735,1493.9735,twc it  olution
KeepIT,2026-06-01,David Latham,1,1489.0,1489.0,1489.0,david latham
KeepIT,2026-07-01,David Latham,1,1488.0,1488.0,1488.0,david latham
Bitdefender,2026-08-01,SM Tech Solutions Corp,3,1540.0,1482.46,1482.46,m tech  olution  corp
KeepIT,2026-06-01,Think IP Systems,2,1478.0,1478.0,1478.0,think ip  y tem
Acronis,2026-04-01,Terminal B,5,78696.59,1476.268332,1476.268332,terminal b
Acronis,2026-03-01,Skynet Broadband Pty Ltd,9,46707.58,1475.813384,1475.813384,kynet broadband pty ltd
Acronis,2026-05-01,Skynet Broadband Pty Ltd,9,54054.84,1475.554332,1475.554332,kynet broadband pty ltd
Bitdefender,2026-03-01,P5 Ventures,3,1393.0,1466.9621,1466.9621,p5 venture
Bitdefender,2026-03-01,Moon Computers Ltd,3,1021.0,1465.0323,1465.0323,moon computer  ltd
Auvik,2026-02-01,"ConnectWise, LLC",1,252.0,1465.0,1465.0,connectwi e llc
KeepIT,2026-05-01,Think IP Systems,2,1457.0,1457.0,1457.0,think ip  y tem
Bitdefender,2026-08-01,Network Center Communications,3,1230.0,1452.75,1452.75,network center communication
Bitdefender,2026-04-01,Moon Computers Ltd,3,992.0,1449.6488,1449.6488,moon computer  ltd
Acronis,2026-04-01,Skynet Broadband Pty Ltd,9,47353.22,1447.900556,1447.900556,kynet broadband pty ltd
Webroot,2026-07-01,RMHT Solutions LLC,1,2545.0,1425.2,1425.2,rmht  olution  llc
Webroot,2026-06-01,RMHT Solutions LLC,1,2545.0,1425.2,1425.2,rmht  olution  llc
KeepIT,2026-05-01,David Latham,1,1419.0,1419.0,1419.0,david latham
Acronis,2026-01-01,Skynet Broadband Pty Ltd,9,44892.72,1417.8432559999999,1417.8432559999999,kynet broadband pty ltd
KeepIT,2026-04-01,David Latham,1,1416.0,1416.0,1416.0,david latham
Proofpoint,2026-04-01,"Total Technology Resources, LLC",23,857.0,1414.05,1414.05,total technology re ource  llc
Proofpoint,2026-04-01,Lighthouse IT,14,1055.0,1413.6999999999998,1413.6999999999998,lighthou e it
Proofpoint,2026-07-01,MooIT,14,756.0,1405.8000000000004,1405.8000000000004,mooit
Proofpoint,2026-04-01,IDT Support,135,1219.0,1402.7799999999997,1402.7799999999997,idt  upport
KeepIT,2026-07-01,Certified CIO,2,2608.0,1402.0,1402.0,certified cio
Proofpoint,2026-03-01,"Total Technology Resources, LLC",23,843.0,1398.5500000000002,1398.5500000000002,total technology re ource  llc
Acronis,2026-04-01,Morris Business Solutions,11,59865.14,1394.8451719999998,1394.8451719999998,morri  bu ine   olution
Bitdefender,2026-01-01,Link High Technologies,3,1307.0,1389.67,1389.67,link high technologie
SentinelOne,2026-05-01,CANYONPOINT,1,1920.0,1382.4,1382.4,canyonpoint
Acronis,2026-07-01,DG Network Solutions LLC,3,27105.82,1379.4525090000002,1379.4525090000002,dg network  olution  llc
Exium,2026-05-01,Pivit Strategy,3,244.0,1376.0,1376.0,pivit  trategy
KeepIT,2026-01-01,Certified CIO,2,2482.0,1370.5,1370.5,certified cio
Proofpoint,2026-06-01,MooIT,14,736.0,1369.3,1369.3,mooit
Bitdefender,2026-02-01,P5 Ventures,3,1278.0,1364.3285999999998,1364.3285999999998,p5 venture
Acronis,2026-06-01,DG Network Solutions LLC,3,26730.44,1361.851788,1361.851788,dg network  olution  llc
Acronis,2026-05-01,Morris Business Solutions,11,60159.61,1357.902128,1357.902128,morri  bu ine   olution
KeepIT,2026-01-01,Aztech IT Solutions,2,1818.0,1354.5,1354.5,aztech it  olution
KeepIT,2026-07-01,Aztech IT Solutions,2,1817.0,1354.25,1354.25,aztech it  olution
Acronis,2026-06-01,RMHT Solutions LLC,3,52287.33,1353.694184,1353.694184,rmht  olution  llc
Proofpoint,2026-05-01,MooIT,14,728.0,1352.9,1352.9,mooit
Proofpoint,2026-01-01,Western Capital Resources,2,1226.0,1348.6,1348.6,we tern capital re ource
Acronis,2026-06-01,Morris Business Solutions,7,61033.34,1344.467832,1344.467832,morri  bu ine   olution
Acronis,2026-01-01,MobileTech Ltd,13,29070.640000000003,1343.9630409999997,1343.9630409999997,mobiletech ltd
Proofpoint,2026-04-01,MooIT,14,722.0,1342.1,1342.1,mooit
Proofpoint,2026-02-01,Western Capital Resources,2,1218.0,1339.8,1339.8,we tern capital re ource
Proofpoint,2026-03-01,Western Capital Resources,2,1216.0,1337.6,1337.6,we tern capital re ource
Acronis,2026-05-01,DG Network Solutions LLC,3,26277.239999999998,1336.844974,1336.844974,dg network  olution  llc
Acronis,2026-01-01,Morris Business Solutions,11,55633.84,1334.580732,1334.580732,morri  bu ine   olution
Exium,2026-04-01,Pivit Strategy,3,236.0,1332.0,1332.0,pivit  trategy
Proofpoint,2026-05-01,Mountaineer IT,35,683.0,1327.9299999999998,1327.9299999999998,mountaineer it
Acronis,2026-03-01,Your IT Department,8,49782.950000000004,1327.797102,1327.797102,your it department
Acronis,2026-05-01,Your IT Department,8,51083.9,1327.091212,1327.091212,your it department
Webroot,2026-06-01,EssentialNet Solutions,2,2393.0,1327.09,1327.09,e entialnet  olution
Webroot,2026-07-01,EssentialNet Solutions,2,2393.0,1327.09,1327.09,e entialnet  olution
Proofpoint,2026-06-01,Mountaineer IT,35,684.0,1326.6899999999998,1326.6899999999998,mountaineer it
Proofpoint,2026-04-01,Western Capital Resources,2,1204.0,1324.4,1324.4,we tern capital re ource
Webroot,2026-04-01,RMHT Solutions LLC,1,2545.0,1323.4,1323.4,rmht  olution  llc
Webroot,2026-02-01,RMHT Solutions LLC,1,2545.0,1323.4,1323.4,rmht  olution  llc
Webroot,2026-01-01,RMHT Solutions LLC,1,2545.0,1323.4,1323.4,rmht  olution  llc
Webroot,2026-03-01,RMHT Solutions LLC,1,2545.0,1323.4,1323.4,rmht  olution  llc
Webroot,2026-05-01,RMHT Solutions LLC,1,2545.0,1323.4,1323.4,rmht  olution  llc
Acronis,2026-04-01,DG Network Solutions LLC,3,26010.84,1323.2284650000001,1323.2284650000001,dg network  olution  llc
Acronis,2026-04-01,Your IT Department,8,50042.12,1323.164768,1323.164768,your it department
Proofpoint,2026-03-01,Lighthouse IT,13,981.0,1314.54,1314.54,lighthou e it
Exium,2026-03-01,Pivit Strategy,3,232.0,1310.0,1310.0,pivit  trategy
Acronis,2026-03-01,DG Network Solutions LLC,3,25658.489999999998,1307.5803210000001,1307.5803210000001,dg network  olution  llc
Acronis,2026-06-01,Your IT Department,8,51978.9,1304.746412,1304.746412,your it department
Acronis,2026-03-01,Morris Business Solutions,11,53806.99,1302.9148019999998,1302.9148019999998,morri  bu ine   olution
Exium,2026-01-01,Pivit Strategy,3,230.0,1299.0,1299.0,pivit  trategy
Exium,2026-02-01,Pivit Strategy,3,229.0,1293.5,1293.5,pivit  trategy
Acronis,2026-07-01,Jeff Computers,3,56035.03,1290.693144,1290.693144,jeff computer
Proofpoint,2026-05-01,Western Capital Resources,2,1170.0,1287.0,1287.0,we tern capital re ource
Proofpoint,2026-06-01,Western Capital Resources,2,1168.0,1284.8000000000002,1284.8000000000002,we tern capital re ource
Proofpoint,2026-07-01,Western Capital Resources,2,1168.0,1284.8,1284.8,we tern capital re ource
Acronis,2026-01-01,WTA Consulting,7,21164.77,1280.749698,1280.749698,wta con ulting
Acronis,2026-07-01,Morris Business Solutions,8,52857.61,1278.312228,1278.312228,morri  bu ine   olution
Acronis,2026-02-01,DG Network Solutions LLC,3,25098.600000000002,1276.13171,1276.13171,dg network  olution  llc
Acronis,2026-07-01,Your IT Department,8,49837.12,1272.588668,1272.588668,your it department
Proofpoint,2026-02-01,Lighthouse IT,12,947.0,1268.98,1268.98,lighthou e it
Proofpoint,2026-07-01,Link High Technologies,21,769.0,1268.85,1268.85,link high technologie
Acronis,2026-02-01,MobileTech Ltd,13,25808.920000000002,1267.65625,1267.65625,mobiletech ltd
Proofpoint,2026-04-01,Mountaineer IT,35,656.0,1264.75,1264.75,mountaineer it
Auvik,2026-01-01,Terminal B,2,110.0,1260.88,1260.88,terminal b
Proofpoint,2026-06-01,Link High Technologies,21,763.0,1258.9499999999998,1258.9499999999998,link high technologie
KeepIT,2026-07-01,Myriad Technologies Services Pty Ltd,1,1675.0,1256.25,1256.25,myriad technologie   ervice  pty ltd
Acronis,2026-03-01,MobileTech Ltd,13,25400.19,1249.359181,1249.359181,mobiletech ltd
Proofpoint,2026-05-01,Link High Technologies,21,757.0,1249.05,1249.05,link high technologie
Webroot,2026-05-01,EssentialNet Solutions,2,2382.0,1242.8600000000001,1242.8600000000001,e entialnet  olution
Webroot,2026-04-01,EssentialNet Solutions,2,2382.0,1242.8600000000001,1242.8600000000001,e entialnet  olution
Webroot,2026-03-01,EssentialNet Solutions,2,2382.0,1242.8600000000001,1242.8600000000001,e entialnet  olution
Acronis,2026-03-01,WTA Consulting,7,21694.91,1242.0603389999999,1242.0603389999999,wta con ulting
Acronis,2026-02-01,WTA Consulting,7,21541.27,1240.37635,1240.37635,wta con ulting
Acronis,2026-01-01,DG Network Solutions LLC,3,24374.410000000003,1238.6578929999998,1238.6578929999998,dg network  olution  llc
Proofpoint,2026-03-01,Mountaineer IT,34,644.0,1236.67,1236.67,mountaineer it
Proofpoint,2026-03-01,IDT Support,129,946.0,1235.25,1235.25,idt  upport
Bitdefender,2026-02-01,Link High Technologies,3,1147.0,1217.93,1217.93,link high technologie
KeepIT,2026-07-01,IDT Support,2,2082.0,1215.5,1215.5,idt  upport
Bitdefender,2026-01-01,P5 Ventures,3,1137.0,1213.9843,1213.9843,p5 venture
Proofpoint,2026-01-01,Mountaineer IT,33,623.0,1210.7999999999997,1210.7999999999997,mountaineer it
KeepIT,2026-01-01,Wavehill IT Solutions,1,1613.0,1209.75,1209.75,wavehill it  olution
Acronis,2026-02-01,Medical Technology Solutions LLC,2,22128.18,1206.1038099999998,1206.1038099999998,medical technology  olution  llc
Acronis,2026-06-01,Jeff Computers,2,53936.88,1200.295424,1200.295424,jeff computer
Proofpoint,2026-02-01,Mountaineer IT,33,618.0,1197.31,1197.31,mountaineer it
Acronis,2026-07-01,Axiom,3,27244.66,1194.973157,1194.973157,axiom
KeepIT,2026-01-01,IDT Support,2,2099.0,1194.25,1194.25,idt  upport
Acronis,2026-03-01,Medical Technology Solutions LLC,2,21819.55,1189.283475,1189.283475,medical technology  olution  llc
Acronis,2026-06-01,Axiom,3,27004.1,1185.077839,1185.077839,axiom
ESET,2026-05-01,Lexcloud.ca Corp,2,51925.0,1183.425364,1183.425364,lexcloud ca corp
Acronis,2026-01-01,Medical Technology Solutions LLC,2,21701.5,1182.8497499999999,1182.8497499999999,medical technology  olution  llc
Acronis,2026-04-01,MobileTech Ltd,13,23495.01,1177.711388,1177.711388,mobiletech ltd
ESET,2026-02-01,Lexcloud.ca Corp,2,46900.0,1172.417231,1172.417231,lexcloud ca corp
KeepIT,2026-07-01,Heart Technologies Inc.,1,1560.0,1170.0,1170.0,heart technologie  inc
Proofpoint,2026-02-01,"Total Technology Resources, LLC",21,705.0,1163.2500000000002,1163.2500000000002,total technology re ource  llc
Bitdefender,2026-01-01,On-Site Computers Inc.,1,1163.0,1163.0,1163.0,on  ite computer  inc
ESET,2026-04-01,Lexcloud.ca Corp,2,50250.0,1161.255209,1161.255209,lexcloud ca corp
Acronis,2026-02-01,Your IT Department,8,46375.240000000005,1160.6831439999999,1160.6831439999999,your it department
Acronis,2026-05-01,Jeff Computers,2,51208.82,1159.9201360000002,1159.9201360000002,jeff computer
Bitdefender,2026-02-01,Electronic Business Systems UK,1,1392.0,1154.4007,1154.4007,electronic bu ine   y tem  uk
ESET,2026-03-01,Lexcloud.ca Corp,2,51925.0,1154.3352320000001,1154.3352320000001,lexcloud ca corp
Bitdefender,2026-01-01,Electronic Business Systems UK,1,1386.0,1153.5851,1153.5851,electronic bu ine   y tem  uk
ESET,2026-01-01,Lexcloud.ca Corp,2,51925.0,1153.3394759999999,1153.3394759999999,lexcloud ca corp
Acronis,2026-04-01,Origami Technology Group,2,21199.94,1153.21673,1153.21673,origami technology group
Webroot,2026-02-01,EssentialNet Solutions,2,2210.0,1151.7,1151.7,e entialnet  olution
Webroot,2026-01-01,EssentialNet Solutions,2,2210.0,1151.7,1151.7,e entialnet  olution
Acronis,2026-07-01,Origami Technology Group,2,21174.57,1151.616065,1151.616065,origami technology group
Acronis,2026-05-01,Origami Technology Group,2,21171.71,1151.460195,1151.460195,origami technology group
Acronis,2026-06-01,Origami Technology Group,2,21169.39,1151.333755,1151.333755,origami technology group
Acronis,2026-03-01,Origami Technology Group,2,21159.59,1151.072155,1151.072155,origami technology group
Bitdefender,2026-02-01,On-Site Computers Inc.,1,1151.0,1151.0,1151.0,on  ite computer  inc
Acronis,2026-02-01,Origami Technology Group,2,21084.97,1147.059865,1147.059865,origami technology group
Proofpoint,2026-04-01,Network Center Communications,25,670.0,1146.3,1146.3,network center communication
Acronis,2026-01-01,Origami Technology Group,2,21041.43,1144.686935,1144.686935,origami technology group
Proofpoint,2026-01-01,"Total Technology Resources, LLC",20,701.0,1142.3500000000001,1142.3500000000001,total technology re ource  llc
Acronis,2026-01-01,Your IT Department,8,45392.12,1139.416368,1139.416368,your it department
Bitdefender,2026-03-01,Link High Technologies,3,1068.0,1134.1200000000001,1134.1200000000001,link high technologie
SentinelOne,2026-01-01,BIZITSS,2,1231.0,1130.947915,1130.947915,bizit
Webroot,2026-07-01,Bel USA LLC,3,2387.0,1129.45,1129.45,bel u a llc
Webroot,2026-06-01,Bel USA LLC,3,2387.0,1129.45,1129.45,bel u a llc
Webroot,2026-07-01,Empower Information Systems,1,2002.0,1121.12,1121.12,empower information  y tem
Webroot,2026-06-01,Empower Information Systems,1,2002.0,1121.12,1121.12,empower information  y tem
Bitdefender,2026-04-01,On-Site Computers Inc.,1,1121.0,1121.0,1121.0,on  ite computer  inc
KeepIT,2026-07-01,BCIT Solutions,1,1121.0,1121.0,1121.0,bcit  olution
Bitdefender,2026-03-01,On-Site Computers Inc.,1,1117.0,1117.0,1117.0,on  ite computer  inc
Acronis,2026-01-01,Jeff Computers,4,48828.59,1116.133232,1116.133232,jeff computer
Bitdefender,2026-05-01,On-Site Computers Inc.,1,1113.0,1113.0,1113.0,on  ite computer  inc
SentinelOne,2026-02-01,BIZITSS,2,1202.0,1112.81,1112.81,bizit
Acronis,2026-03-01,Moon Computers Ltd,11,41713.43,1110.727059,1110.727059,moon computer  ltd
Bitdefender,2026-03-01,Electronic Business Systems UK,1,1373.0,1109.3107,1109.3107,electronic bu ine   y tem  uk
Proofpoint,2026-03-01,MooIT,10,541.0,1109.05,1109.05,mooit
Bitdefender,2026-04-01,Electronic Business Systems UK,1,1348.0,1108.7089,1108.7089,electronic bu ine   y tem  uk
Auvik,2026-03-01,Grid4 Communications,3,132.0,1104.95,1104.95,grid4 communication
Proofpoint,2026-02-01,MooIT,10,533.0,1092.65,1092.65,mooit
Auvik,2026-02-01,Grid4 Communications,3,130.0,1087.71,1087.71,grid4 communication
Webroot,2026-02-01,Bel USA LLC,3,2387.0,1085.45,1085.45,bel u a llc
Webroot,2026-04-01,Bel USA LLC,3,2387.0,1085.45,1085.45,bel u a llc
Webroot,2026-03-01,Bel USA LLC,3,2387.0,1085.45,1085.45,bel u a llc
Webroot,2026-05-01,Bel USA LLC,3,2387.0,1085.45,1085.45,bel u a llc
Webroot,2026-01-01,Bel USA LLC,3,2387.0,1085.45,1085.45,bel u a llc
Webroot,2026-02-01,Empower Information Systems,1,2058.0,1070.16,1070.16,empower information  y tem
Webroot,2026-03-01,Empower Information Systems,1,2047.0,1064.44,1064.44,empower information  y tem
Bitdefender,2026-05-01,Electronic Business Systems UK,1,1289.0,1064.0198,1064.0198,electronic bu ine   y tem  uk
Acronis,2026-04-01,Five Rivers IT,2,19506.12,1063.31954,1063.31954,five river  it
Acronis,2026-04-01,Moon Computers Ltd,11,39308.74,1061.9435919999999,1061.9435919999999,moon computer  ltd
Bitdefender,2026-06-01,Electronic Business Systems UK,1,1298.0,1059.9393,1059.9393,electronic bu ine   y tem  uk
Acronis,2026-05-01,Five Rivers IT,2,19437.25,1059.566125,1059.566125,five river  it
Proofpoint,2026-07-01,Mason Infotech Ltd,22,644.0,1059.38,1059.38,ma on infotech ltd
Acronis,2026-02-01,Five Rivers IT,2,19374.79,1056.162055,1056.162055,five river  it
Auvik,2026-04-01,Grid4 Communications,3,126.0,1055.74,1055.74,grid4 communication
Acronis,2026-04-01,Jeff Computers,2,43894.87,1051.673676,1051.673676,jeff computer
Bitdefender,2026-07-01,Electronic Business Systems UK,1,1289.0,1048.8702,1048.8702,electronic bu ine   y tem  uk
Acronis,2026-01-01,WPG Consulting,5,53270.15,1045.6723200000001,1045.6723200000001,wpg con ulting
Webroot,2026-05-01,Empower Information Systems,1,2006.0,1043.12,1043.12,empower information  y tem
Proofpoint,2026-06-01,Mason Infotech Ltd,22,632.0,1039.64,1039.64,ma on infotech ltd
KeepIT,2026-01-01,Syzygy 3 Inc,2,1039.0,1039.0,1039.0,yzygy 3 inc
KeepIT,2026-02-01,Syzygy 3 Inc,2,1035.0,1035.0,1035.0,yzygy 3 inc
Auvik,2026-03-01,"ConnectWise, LLC",1,173.0,1034.0,1034.0,connectwi e llc
Exium,2026-06-01,Community Change,1,118.0,1032.5,1032.5,community change
SentinelOne,2026-03-01,BIZITSS,2,1087.0,1030.3,1030.3,bizit
Acronis,2026-03-01,Five Rivers IT,2,18868.39,1028.563255,1028.563255,five river  it
Webroot,2026-04-01,Empower Information Systems,1,1972.0,1025.44,1025.44,empower information  y tem
Exium,2026-07-01,Community Change,1,117.0,1023.75,1023.75,community change
Acronis,2026-03-01,"International Micro Systems, Inc.",3,18689.46,1020.6630700000001,1020.6630700000001,international micro  y tem  inc
Acronis,2026-02-01,"International Micro Systems, Inc.",3,18680.49,1020.174205,1020.174205,international micro  y tem  inc
Auvik,2026-01-01,Grid4 Communications,3,130.0,1018.42,1018.42,grid4 communication
Proofpoint,2026-05-01,Mason Infotech Ltd,22,618.0,1016.6100000000001,1016.6100000000001,ma on infotech ltd
Acronis,2026-01-01,"International Micro Systems, Inc.",3,18557.02,1013.5540900000001,1013.5540900000001,international micro  y tem  inc
Acronis,2026-07-01,"International Micro Systems, Inc.",3,18562.56,1013.51102,1013.51102,international micro  y tem  inc
Bitdefender,2026-04-01,BCIT Solutions,3,908.0,1012.3886,1012.3886,bcit  olution
Acronis,2026-03-01,Jeff Computers,2,51932.36,1008.465328,1008.465328,jeff computer
Acronis,2026-05-01,"International Micro Systems, Inc.",3,18450.22,1007.50649,1007.50649,international micro  y tem  inc
Exium,2026-07-01,TWC IT Solutions,1,115.0,1006.25,1006.25,twc it  olution
Exium,2026-02-01,TWC IT Solutions,1,115.0,1006.25,1006.25,twc it  olution
Acronis,2026-04-01,"International Micro Systems, Inc.",3,18388.2,1004.1264,1004.1264,international micro  y tem  inc
Acronis,2026-06-01,"International Micro Systems, Inc.",3,18370.84,1003.06228,1003.06228,international micro  y tem  inc
Acronis,2026-02-01,Jeff Computers,3,51200.51,1001.6886480000001,1001.6886480000001,jeff computer
Webroot,2026-01-01,Empower Information Systems,1,1926.0,1001.52,1001.52,empower information  y tem
Proofpoint,2026-03-01,Network Center Communications,22,582.0,1001.4999999999999,1001.4999999999999,network center communication
Exium,2026-04-01,TWC IT Solutions,1,114.0,997.5,997.5,twc it  olution
Exium,2026-06-01,TWC IT Solutions,1,114.0,997.5,997.5,twc it  olution
Acronis,2026-06-01,Myriad Technologies Services Pty Ltd,6,40468.55,996.5658400000001,996.5658400000001,myriad technologie   ervice  pty ltd
Proofpoint,2026-01-01,MooIT,8,484.0,992.2,992.2,mooit
Exium,2026-03-01,TWC IT Solutions,1,113.0,988.75,988.75,twc it  olution
SentinelOne,2026-04-01,BIZITSS,2,1023.0,987.3647149999999,987.3647149999999,bizit
Acronis,2026-04-01,Nuvex Solutions,6,36004.61,986.248328,986.248328,nuvex  olution
Exium,2026-05-01,TWC IT Solutions,1,112.0,980.0,980.0,twc it  olution
Bitdefender,2026-04-01,Link High Technologies,3,922.0,979.97,979.97,link high technologie
Bitdefender,2026-08-01,Electronic Business Systems UK,1,1188.0,977.615,977.615,electronic bu ine   y tem  uk
Acronis,2026-07-01,Myriad Technologies Services Pty Ltd,6,39421.24,975.117652,975.117652,myriad technologie   ervice  pty ltd
SentinelOne,2026-05-01,BIZITSS,2,998.0,973.47,973.47,bizit
Acronis,2026-01-01,Five Rivers IT,2,17843.01,972.562045,972.562045,five river  it
ESET,2026-07-01,E2E Technology Solutions,1,36890.0,960.122874,960.122874,e2e technology  olution
Auvik,2026-07-01,Krueger Communications,2,128.0,959.07,959.07,krueger communication
Bitdefender,2026-02-01,BCIT Solutions,3,869.0,953.2472,953.2472,bcit  olution
Proofpoint,2026-06-01,Leeward Holdings Corporation,24,955.0,950.86,950.86,leeward holding  corporation
KeepIT,2026-01-01,ProCom,2,1779.0,944.75,944.75,procom
Acronis,2026-06-01,WTA Consulting,3,11733.71,943.861908,943.861908,wta con ulting
Acronis,2026-07-01,WTA Consulting,3,11816.47,941.576956,941.576956,wta con ulting
Bitdefender,2026-06-01,On-Site Computers Inc.,1,855.0,940.5,940.5,on  ite computer  inc
SentinelOne,2026-06-01,BIZITSS,2,952.0,937.74,937.74,bizit
Auvik,2026-05-01,Grid4 Communications,3,111.0,936.4800000000001,936.4800000000001,grid4 communication
Acronis,2026-05-01,WTA Consulting,3,11711.71,934.615908,934.615908,wta con ulting
SentinelOne,2026-06-01,MooIT,1,924.0,933.24,933.24,mooit
ESET,2026-06-01,E2E Technology Solutions,1,35700.0,929.151169,929.151169,e2e technology  olution
Bitdefender,2026-03-01,BCIT Solutions,3,869.0,928.4827,928.4827,bcit  olution
Bitdefender,2026-05-01,BCIT Solutions,2,862.0,926.7132,926.7132,bcit  olution
Acronis,2026-02-01,Objective Technologies Ltd,4,17353.3,925.59548,925.59548,objective technologie  ltd
Acronis,2026-04-01,Axiom,3,22198.52,924.963418,924.963418,axiom
Proofpoint,2026-05-01,Leeward Holdings Corporation,24,923.0,924.57,924.57,leeward holding  corporation
KeepIT,2026-01-01,BCIT Solutions,2,1348.0,923.0,923.0,bcit  olution
Proofpoint,2026-04-01,Leeward Holdings Corporation,24,925.0,922.5100000000001,922.5100000000001,leeward holding  corporation
Acronis,2026-03-01,Objective Technologies Ltd,4,17259.260000000002,920.4703,920.4703,objective technologie  ltd
Acronis,2026-04-01,WTA Consulting,3,11420.04,919.902992,919.902992,wta con ulting
Acronis,2026-04-01,Objective Technologies Ltd,4,17240.43,919.444065,919.444065,objective technologie  ltd
Proofpoint,2026-02-01,Leeward Holdings Corporation,24,922.0,919.41,919.41,leeward holding  corporation
Auvik,2026-06-01,Grid4 Communications,3,109.0,919.2400000000001,919.2400000000001,grid4 communication
Exium,2026-05-01,Community Change,1,105.0,918.75,918.75,community change
Proofpoint,2026-03-01,Leeward Holdings Corporation,24,920.0,917.5199999999999,917.5199999999999,leeward holding  corporation
Acronis,2026-03-01,Axiom,3,21965.190000000002,915.250522,915.250522,axiom
Proofpoint,2026-07-01,Leeward Holdings Corporation,24,915.0,912.3999999999999,912.3999999999999,leeward holding  corporation
Acronis,2026-05-01,Objective Technologies Ltd,4,17075.04,910.43031,910.43031,objective technologie  ltd
Proofpoint,2026-01-01,Leeward Holdings Corporation,24,899.0,908.3399999999999,908.3399999999999,leeward holding  corporation
Acronis,2026-06-01,Objective Technologies Ltd,4,17007.3,906.73848,906.73848,objective technologie  ltd
Acronis,2026-02-01,BIZITSS,8,39227.62,905.826776,905.826776,bizit
Bitdefender,2026-07-01,On-Site Computers Inc.,1,821.0,903.1,903.1,on  ite computer  inc
Bitdefender,2026-01-01,BCIT Solutions,3,839.0,901.8042,901.8042,bcit  olution
Auvik,2026-07-01,Grid4 Communications,3,108.0,900.5799999999999,900.5799999999999,grid4 communication
Acronis,2026-07-01,Objective Technologies Ltd,3,16422.85,895.8401250000001,895.8401250000001,objective technologie  ltd
Acronis,2026-05-01,Mason Infotech Ltd,7,23557.47,889.554456,889.554456,ma on infotech ltd
Acronis,2026-01-01,Objective Technologies Ltd,4,16673.31,889.321833,889.321833,objective technologie  ltd
Auvik,2026-02-01,EAG 1Source,2,83.0,888.19,888.19,eag 1 ource
Auvik,2026-03-01,EAG 1Source,2,83.0,888.19,888.19,eag 1 ource
Acronis,2026-07-01,Mason Infotech Ltd,7,21876.54,887.0738920000001,887.0738920000001,ma on infotech ltd
Bitdefender,2026-05-01,Skynet Broadband Pty Ltd,3,674.0,885.8911,885.8911,kynet broadband pty ltd
Bitdefender,2026-08-01,On-Site Computers Inc.,1,805.0,885.5,885.5,on  ite computer  inc
Exium,2026-04-01,Community Change,1,101.0,883.75,883.75,community change
Bitdefender,2026-05-01,Link High Technologies,3,830.0,883.09,883.09,link high technologie
Acronis,2026-01-01,BIZITSS,8,38256.15,882.41312,882.41312,bizit
Auvik,2026-05-01,EAG 1Source,2,82.0,877.49,877.49,eag 1 ource
Auvik,2026-04-01,EAG 1Source,2,82.0,877.49,877.49,eag 1 ource
Acronis,2026-04-01,Mason Infotech Ltd,7,22943.59,873.602532,873.602532,ma on infotech ltd
Proofpoint,2026-01-01,Lighthouse IT,10,651.0,872.34,872.34,lighthou e it
Proofpoint,2026-03-01,Mason Infotech Ltd,18,528.0,868.56,868.56,ma on infotech ltd
Bitdefender,2026-04-01,Skynet Broadband Pty Ltd,3,665.0,868.2958,868.2958,kynet broadband pty ltd
Bitdefender,2026-06-01,BCIT Solutions,3,827.0,862.903,862.903,bcit  olution
Bitdefender,2026-06-01,Link High Technologies,3,810.0,862.6500000000001,862.6500000000001,link high technologie
Bitdefender,2026-08-01,BCIT Solutions,1,823.0,862.5236,862.5236,bcit  olution
Acronis,2026-06-01,Mason Infotech Ltd,7,20993.85,861.7870800000001,861.7870800000001,ma on infotech ltd
Bitdefender,2026-04-01,Allegiance Computer Technologies,1,747.0,859.05,859.05,allegiance computer technologie
Proofpoint,2026-01-01,P5 Ventures,11,434.0,858.6800000000001,858.6800000000001,p5 venture
Proofpoint,2026-04-01,Mason Infotech Ltd,18,520.0,855.4,855.4,ma on infotech ltd
Acronis,2026-07-01,The Computer Doctors,9,10700.35,854.27378,854.27378,the computer doctor
Acronis,2026-06-01,The Computer Doctors,9,10668.04,853.228792,853.228792,the computer doctor
Bitdefender,2026-03-01,Skynet Broadband Pty Ltd,3,674.0,849.1405,849.1405,kynet broadband pty ltd
Acronis,2026-05-01,The Computer Doctors,9,10670.83,848.728484,848.728484,the computer doctor
Bitdefender,2026-07-01,BCIT Solutions,2,821.0,848.5633,848.5633,bcit  olution
Bitdefender,2026-03-01,Allegiance Computer Technologies,1,736.0,846.4,846.4,allegiance computer technologie
Bitdefender,2026-05-01,Allegiance Computer Technologies,1,735.0,845.25,845.25,allegiance computer technologie
Acronis,2026-03-01,Mason Infotech Ltd,7,21401.91,839.3664180000001,839.3664180000001,ma on infotech ltd
Bitdefender,2026-08-01,Skynet Broadband Pty Ltd,3,644.0,838.5252,838.5252,kynet broadband pty ltd
Bitdefender,2026-02-01,Allegiance Computer Technologies,1,728.0,837.2,837.2,allegiance computer technologie
Proofpoint,2026-02-01,Mason Infotech Ltd,18,506.0,832.3700000000001,832.3700000000001,ma on infotech ltd
Bitdefender,2026-02-01,Skynet Broadband Pty Ltd,3,645.0,832.2799,832.2799,kynet broadband pty ltd
Acronis,2026-05-01,Myriad Technologies Services Pty Ltd,6,33810.19,831.8041119999999,831.8041119999999,myriad technologie   ervice  pty ltd
Acronis,2026-05-01,Nuvex Solutions,6,28231.54,829.773692,829.773692,nuvex  olution
Bitdefender,2026-08-01,Link High Technologies,3,776.0,826.96,826.96,link high technologie
Auvik,2026-05-01,"Advanced Office Systems, Inc.",1,105.0,826.14,826.14,advanced office  y tem  inc
Auvik,2026-02-01,"Advanced Office Systems, Inc.",1,105.0,826.14,826.14,advanced office  y tem  inc
Auvik,2026-03-01,"Advanced Office Systems, Inc.",1,105.0,826.14,826.14,advanced office  y tem  inc
Auvik,2026-04-01,"Advanced Office Systems, Inc.",1,105.0,826.14,826.14,advanced office  y tem  inc
Auvik,2026-07-01,"Advanced Office Systems, Inc.",1,105.0,826.14,826.14,advanced office  y tem  inc
Auvik,2026-06-01,"Advanced Office Systems, Inc.",1,105.0,826.14,826.14,advanced office  y tem  inc
Acronis,2026-07-01,MRL Network Solutions,8,27009.17,825.2081039999999,825.2081039999999,mrl network  olution
Bitdefender,2026-06-01,Allegiance Computer Technologies,1,717.0,824.55,824.55,allegiance computer technologie
Acronis,2026-06-01,MRL Network Solutions,8,26810.84,823.106876,823.106876,mrl network  olution
Bitdefender,2026-01-01,Allegiance Computer Technologies,1,715.0,822.25,822.25,allegiance computer technologie
SentinelOne,2026-07-01,BIZITSS,2,833.0,821.61,821.61,bizit
Acronis,2026-04-01,Myriad Technologies Services Pty Ltd,6,33029.27,820.2464960000001,820.2464960000001,myriad technologie   ervice  pty ltd
Webroot,2026-06-01,"Petra Technologies, Inc.",2,1505.0,820.15,820.15,petra technologie  inc
Webroot,2026-07-01,"Petra Technologies, Inc.",2,1505.0,820.15,820.15,petra technologie  inc
Bitdefender,2026-08-01,Allegiance Computer Technologies,1,713.0,819.95,819.95,allegiance computer technologie
Bitdefender,2026-05-01,Intalect Ltd,3,672.0,818.4247,818.4247,intalect ltd
Bitdefender,2026-06-01,Skynet Broadband Pty Ltd,3,637.0,817.7473,817.7473,kynet broadband pty ltd
Bitdefender,2026-07-01,Allegiance Computer Technologies,1,711.0,817.65,817.65,allegiance computer technologie
Bitdefender,2026-07-01,Skynet Broadband Pty Ltd,3,640.0,817.0047,817.0047,kynet broadband pty ltd
Acronis,2026-02-01,Myriad Technologies Services Pty Ltd,6,31895.39,813.8233720000001,813.8233720000001,myriad technologie   ervice  pty ltd
Exium,2026-03-01,Community Change,1,93.0,813.75,813.75,community change
Acronis,2026-05-01,Axiom,3,17735.17,810.4450919999999,810.4450919999999,axiom
Acronis,2026-03-01,Myriad Technologies Services Pty Ltd,6,32356.89,810.2956220000001,810.2956220000001,myriad technologie   ervice  pty ltd
Bitdefender,2026-07-01,Link High Technologies,3,760.0,809.84,809.84,link high technologie
Acronis,2026-07-01,COMHOME Network Solutions,4,16146.349999999999,807.55849,807.55849,comhome network  olution
Acronis,2026-04-01,BIZITSS,8,32614.54,805.091592,805.091592,bizit
Acronis,2026-01-01,Myriad Technologies Services Pty Ltd,6,31337.3,801.92194,801.92194,myriad technologie   ervice  pty ltd
Auvik,2026-01-01,EAG 1Source,2,80.0,800.0,800.0,eag 1 ource
Acronis,2026-03-01,BIZITSS,8,31860.19,797.334162,797.334162,bizit
Bitdefender,2026-06-01,TSAChoice,3,1038.0,795.34,795.34,t achoice
Bitdefender,2026-03-01,TSAChoice,3,1038.0,795.34,795.34,t achoice
Bitdefender,2026-02-01,TSAChoice,3,1038.0,795.34,795.34,t achoice
Bitdefender,2026-05-01,TSAChoice,3,1038.0,795.34,795.34,t achoice
Bitdefender,2026-04-01,TSAChoice,3,1038.0,795.3399999999999,795.3399999999999,t achoice
Bitdefender,2026-07-01,TSAChoice,3,1038.0,795.3399999999999,795.3399999999999,t achoice
Bitdefender,2026-08-01,TSAChoice,3,1038.0,795.3399999999999,795.3399999999999,t achoice
Bitdefender,2026-01-01,TSAChoice,3,1038.0,795.3399999999999,795.3399999999999,t achoice
Acronis,2026-06-01,COMHOME Network Solutions,4,15900.25,794.153583,794.153583,comhome network  olution
Proofpoint,2026-06-01,BIT Solution,4,389.0,793.5600000000001,793.5600000000001,bit  olution
Acronis,2026-05-01,MRL Network Solutions,8,25185.93,793.15534,793.15534,mrl network  olution
Webroot,2026-04-01,"Petra Technologies, Inc.",2,1505.0,790.15,790.15,petra technologie  inc
Webroot,2026-02-01,"Petra Technologies, Inc.",2,1505.0,790.15,790.15,petra technologie  inc
Webroot,2026-03-01,"Petra Technologies, Inc.",2,1505.0,790.15,790.15,petra technologie  inc
Webroot,2026-01-01,"Petra Technologies, Inc.",2,1505.0,790.15,790.15,petra technologie  inc
Webroot,2026-05-01,"Petra Technologies, Inc.",2,1505.0,790.15,790.15,petra technologie  inc
Proofpoint,2026-07-01,VMG Strategic Consulting,14,387.0,789.48,789.48,vmg  trategic con ulting
Acronis,2026-02-01,Mason Infotech Ltd,6,20027.35,789.45928,789.45928,ma on infotech ltd
SentinelOne,2026-07-01,STRATANETWORKS,2,857.0,789.3000000000001,789.3000000000001,tratanetwork
Bitdefender,2026-08-01,Intalect Ltd,3,650.0,789.1825,789.1825,intalect ltd
Acronis,2026-03-01,COMHOME Network Solutions,4,15806.05,788.667544,788.667544,comhome network  olution
Acronis,2026-07-01,Blue Line Technologies,4,33782.43,788.4618640000001,788.4618640000001,blue line technologie
Acronis,2026-02-01,COMHOME Network Solutions,4,15639.91,779.6228390000001,779.6228390000001,comhome network  olution
Acronis,2026-07-01,Balliante Ltd,10,17660.829999999998,779.410204,779.410204,balliante ltd
Bitdefender,2026-07-01,Intalect Ltd,3,649.0,779.1591999999999,779.1591999999999,intalect ltd
SentinelOne,2026-07-01,MooIT,1,771.0,778.71,778.71,mooit
KeepIT,2026-01-01,Colorado Network Management Inc.,2,1109.0,777.25,777.25,colorado network management inc
Acronis,2026-05-01,COMHOME Network Solutions,4,15586.47,777.054558,777.054558,comhome network  olution
KeepIT,2026-07-01,Colorado Network Management Inc.,2,1106.0,776.5,776.5,colorado network management inc
Bitdefender,2026-06-01,Intalect Ltd,3,644.0,775.8984,775.8984,intalect ltd
Acronis,2026-06-01,Blue Line Technologies,4,32862.41,774.845568,774.845568,blue line technologie
Proofpoint,2026-05-01,BIT Solution,3,378.0,771.1200000000001,771.1200000000001,bit  olution
Acronis,2026-01-01,Mason Infotech Ltd,6,19442.99,770.666152,770.666152,ma on infotech ltd
ESET,2026-02-01,VMG Strategic Consulting,1,26600.0,768.992267,768.992267,vmg  trategic con ulting
Acronis,2026-04-01,MRL Network Solutions,8,23751.12,766.234132,766.234132,mrl network  olution
Proofpoint,2026-04-01,BIT Solution,3,375.0,765.0,765.0,bit  olution
Bitdefender,2026-04-01,Intalect Ltd,3,630.0,764.506,764.506,intalect ltd
Acronis,2026-07-01,Five Rivers IT,2,14014.73,764.0387850000001,764.0387850000001,five river  it
Proofpoint,2026-06-01,VMG Strategic Consulting,13,374.0,762.9599999999999,762.9599999999999,vmg  trategic con ulting
Acronis,2026-04-01,COMHOME Network Solutions,4,15295.45,760.829125,760.829125,comhome network  olution
Acronis,2026-04-01,Blue Line Technologies,4,31670.46,760.583108,760.583108,blue line technologie
Acronis,2026-05-01,Blue Line Technologies,4,31861.74,760.035652,760.035652,blue line technologie
Webroot,2026-07-01,Right Click Solutions LLC,2,1413.0,759.45,759.45,right click  olution  llc
Webroot,2026-06-01,Right Click Solutions LLC,2,1413.0,759.45,759.45,right click  olution  llc
ESET,2026-07-01,Rigidnet LLC,1,29140.0,758.416388,758.416388,rigidnet llc
Acronis,2026-03-01,MRL Network Solutions,8,22646.190000000002,755.342126,755.342126,mrl network  olution
ESET,2026-01-01,VMG Strategic Consulting,1,29450.0,755.215523,755.215523,vmg  trategic con ulting
Acronis,2026-06-01,Balliante Ltd,10,16389.79,755.165612,755.165612,balliante ltd
Exium,2026-01-01,TWC IT Solutions,1,86.0,752.5,752.5,twc it  olution
Webroot,2026-01-01,Providence Technology Group,1,1447.0,752.44,752.44,providence technology group
Bitdefender,2026-02-01,Rigidnet LLC,1,500.0,750.0,750.0,rigidnet llc
Bitdefender,2026-05-01,Rigidnet LLC,1,500.0,750.0,750.0,rigidnet llc
Bitdefender,2026-08-01,Rigidnet LLC,1,500.0,750.0,750.0,rigidnet llc
Bitdefender,2026-03-01,Rigidnet LLC,1,500.0,750.0,750.0,rigidnet llc
Bitdefender,2026-07-01,Rigidnet LLC,1,500.0,750.0,750.0,rigidnet llc
Bitdefender,2026-04-01,Rigidnet LLC,1,500.0,750.0,750.0,rigidnet llc
Bitdefender,2026-01-01,Rigidnet LLC,1,500.0,750.0,750.0,rigidnet llc
Bitdefender,2026-06-01,Rigidnet LLC,1,500.0,750.0,750.0,rigidnet llc
KeepIT,2026-07-01,ProCom,1,1000.0,750.0,750.0,procom
ESET,2026-05-01,E2E Technology Solutions,3,36890.0,749.79244,749.79244,e2e technology  olution
Proofpoint,2026-03-01,BIT Solution,3,367.0,748.6800000000001,748.6800000000001,bit  olution
Acronis,2026-06-01,Five Rivers IT,2,13711.51,747.513295,747.513295,five river  it
ESET,2026-02-01,E2E Technology Solutions,3,33320.0,745.714435,745.714435,e2e technology  olution
Webroot,2026-02-01,Right Click Solutions LLC,2,1413.0,745.37,745.37,right click  olution  llc
Webroot,2026-05-01,Right Click Solutions LLC,2,1413.0,745.37,745.37,right click  olution  llc
Webroot,2026-03-01,Right Click Solutions LLC,2,1413.0,745.37,745.37,right click  olution  llc
Webroot,2026-04-01,Right Click Solutions LLC,2,1413.0,745.37,745.37,right click  olution  llc
Webroot,2026-01-01,Right Click Solutions LLC,2,1413.0,745.37,745.37,right click  olution  llc
KeepIT,2026-01-01,Heart Technologies Inc.,1,991.0,743.25,743.25,heart technologie  inc
Acronis,2026-03-01,Balliante Ltd,10,13091.300000000001,741.317207,741.317207,balliante ltd
Proofpoint,2026-02-01,BIT Solution,3,362.0,738.48,738.48,bit  olution
ESET,2026-04-01,E2E Technology Solutions,3,35700.0,738.240499,738.240499,e2e technology  olution
Acronis,2026-01-01,MRL Network Solutions,7,20950.53,735.6829439999999,735.6829439999999,mrl network  olution
Acronis,2026-01-01,Blue Line Technologies,4,29966.63,735.3262239999999,735.3262239999999,blue line technologie
ESET,2026-06-01,Rigidnet LLC,1,28200.0,733.951343,733.951343,rigidnet llc
ESET,2026-01-01,E2E Technology Solutions,3,36890.0,733.657768,733.657768,e2e technology  olution
ESET,2026-03-01,E2E Technology Solutions,3,36890.0,733.3777809999999,733.3777809999999,e2e technology  olution
Bitdefender,2026-01-01,Skynet Broadband Pty Ltd,3,577.0,729.8195999999999,729.8195999999999,kynet broadband pty ltd
Acronis,2026-01-01,COMHOME Network Solutions,4,14986.93,729.72477,729.72477,comhome network  olution
Acronis,2026-05-01,BIZITSS,8,31998.36,729.602528,729.602528,bizit
Acronis,2026-05-01,Balliante Ltd,10,14788.92,728.029136,728.029136,balliante ltd
Bitdefender,2026-01-01,ProCom,1,848.0,723.6052,723.6052,procom
Acronis,2026-03-01,Blue Line Technologies,4,30787.73,720.005954,720.005954,blue line technologie
Acronis,2026-02-01,MRL Network Solutions,7,20523.64,718.433972,718.433972,mrl network  olution
Proofpoint,2026-01-01,BIT Solution,3,352.0,718.0799999999999,718.0799999999999,bit  olution
Acronis,2026-02-01,Blue Line Technologies,4,29958.71,716.404708,716.404708,blue line technologie
SentinelOne,2026-07-01,PARROINFODEVELOPPEMENT,3,1206.0,715.56,715.56,parroinfodeveloppement
Acronis,2026-07-01,"Innovative Network, Inc.",8,34708.049999999996,714.330607,714.330607,innovative network inc
SentinelOne,2026-06-01,PARROINFODEVELOPPEMENT,3,1203.0,713.78,713.78,parroinfodeveloppement
Bitdefender,2026-01-01,Acclaim IT,3,581.0,708.8685,708.8685,acclaim it
Proofpoint,2026-01-01,Mason Infotech Ltd,18,430.0,707.35,707.35,ma on infotech ltd
Acronis,2026-04-01,Balliante Ltd,10,13898.34,705.485849,705.485849,balliante ltd
Acronis,2026-07-01,The Connected Office,6,10462.57,703.555983,703.555983,the connected office
Auvik,2026-01-01,"Advanced Office Systems, Inc.",1,105.0,700.0,700.0,advanced office  y tem  inc
Webroot,2026-07-01,Medical Technology Solutions LLC,1,1250.0,700.0,700.0,medical technology  olution  llc
Webroot,2026-06-01,Medical Technology Solutions LLC,1,1250.0,700.0,700.0,medical technology  olution  llc
Acronis,2026-04-01,"Innovative Network, Inc.",8,32946.49,698.617819,698.617819,innovative network inc
Acronis,2026-06-01,"Innovative Network, Inc.",8,33181.17,691.732783,691.732783,innovative network inc
Bitdefender,2026-01-01,Red Mosquito Ltd,4,1171.0,690.601,690.601,red mo quito ltd
Acronis,2026-02-01,"Innovative Network, Inc.",7,31938.25,690.412467,690.412467,innovative network inc
Acronis,2026-03-01,"Innovative Network, Inc.",7,32676.07,689.285553,689.285553,innovative network inc
Acronis,2026-05-01,"Innovative Network, Inc.",8,33009.659999999996,689.194435,689.194435,innovative network inc
Acronis,2026-07-01,Terminal B,5,24564.9,675.38262,675.38262,terminal b
Bitdefender,2026-03-01,Intalect Ltd,3,565.0,673.5097000000001,673.5097000000001,intalect ltd
Acronis,2026-04-01,The Computer Doctors,9,10319.51,673.492448,673.492448,the computer doctor
Bitdefender,2026-05-01,Red Mosquito Ltd,4,1103.0,671.0459999999999,671.0459999999999,red mo quito ltd
Bitdefender,2026-06-01,Red Mosquito Ltd,4,1094.0,669.9956,669.9956,red mo quito ltd
Acronis,2026-01-01,"Innovative Network, Inc.",8,30298.46,668.0939079999999,668.0939079999999,innovative network inc
Acronis,2026-03-01,The Computer Doctors,9,10007.54,665.9884920000001,665.9884920000001,the computer doctor
ESET,2026-07-01,"ConnectWise, Inc. PSA",1,25575.0,665.631405,665.631405,connectwi e inc p a
Acronis,2026-06-01,Terminal B,5,24104.41,664.925668,664.925668,terminal b
Acronis,2026-02-01,Axiom,3,15812.2,664.4157299999999,664.4157299999999,axiom
Auvik,2026-07-01,CSI,2,59.0,663.11,663.11,c i
Auvik,2026-06-01,CSI,2,59.0,663.11,663.11,c i
Auvik,2026-05-01,CSI,2,59.0,663.11,663.11,c i
Auvik,2026-04-01,CSI,2,59.0,663.11,663.11,c i
Auvik,2026-03-01,CSI,2,59.0,663.11,663.11,c i
Auvik,2026-02-01,CSI,2,59.0,663.11,663.11,c i
Acronis,2026-02-01,Balliante Ltd,9,7384.21,659.3951079999999,659.3951079999999,balliante ltd
Acronis,2026-02-01,The Computer Doctors,9,9927.01,657.9476480000001,657.9476480000001,the computer doctor
Bitdefender,2026-07-01,Red Mosquito Ltd,4,1073.0,657.7832,657.7832,red mo quito ltd
Acronis,2026-01-01,The Computer Doctors,9,9851.13,655.107524,655.107524,the computer doctor
Acronis,2026-04-01,Medical Technology Solutions LLC,2,11936.54,650.65943,650.65943,medical technology  olution  llc
Webroot,2026-03-01,Medical Technology Solutions LLC,1,1250.0,650.0,650.0,medical technology  olution  llc
Webroot,2026-02-01,Medical Technology Solutions LLC,1,1250.0,650.0,650.0,medical technology  olution  llc
Webroot,2026-04-01,Medical Technology Solutions LLC,1,1250.0,650.0,650.0,medical technology  olution  llc
Webroot,2026-01-01,Medical Technology Solutions LLC,1,1250.0,650.0,650.0,medical technology  olution  llc
Webroot,2026-05-01,Medical Technology Solutions LLC,1,1250.0,650.0,650.0,medical technology  olution  llc
Auvik,2026-02-01,Terminal B,1,75.0,648.38,648.38,terminal b
Auvik,2026-06-01,Terminal B,1,75.0,648.38,648.38,terminal b
Auvik,2026-04-01,Terminal B,1,75.0,648.38,648.38,terminal b
Auvik,2026-03-01,Terminal B,1,75.0,648.38,648.38,terminal b
Auvik,2026-05-01,Terminal B,1,75.0,648.38,648.38,terminal b
Auvik,2026-07-01,Terminal B,1,75.0,648.32,648.32,terminal b
Acronis,2026-02-01,The Connected Office,6,9479.18,647.422092,647.422092,the connected office
Proofpoint,2026-07-01,Lifeline Technology Solutions,19,565.0,646.4999999999999,646.4999999999999,lifeline technology  olution
KeepIT,2026-07-01,Wavehill IT Solutions,1,859.0,644.25,644.25,wavehill it  olution
ESET,2026-06-01,"ConnectWise, Inc. PSA",1,24750.0,644.159424,644.159424,connectwi e inc p a
Acronis,2026-07-01,"Superior Steel, Inc",2,37056.8,641.66534,641.66534,uperior  teel inc
Proofpoint,2026-06-01,Lifeline Technology Solutions,19,560.0,641.3799999999999,641.3799999999999,lifeline technology  olution
Bitdefender,2026-02-01,Red Mosquito Ltd,4,1076.0,639.6026,639.6026,red mo quito ltd
Proofpoint,2026-05-01,Lifeline Technology Solutions,19,554.0,634.9200000000001,634.9200000000001,lifeline technology  olution
Acronis,2026-04-01,The Connected Office,6,9122.710000000001,634.707627,634.707627,the connected office
Bitdefender,2026-07-01,Medic Cloud,2,557.0,632.8621,632.8621,medic cloud
Bitdefender,2026-08-01,Medic Cloud,2,547.0,629.225,629.225,medic cloud
Acronis,2026-05-01,Terminal B,5,22008.15,628.83342,628.83342,terminal b
SentinelOne,2026-07-01,SYSTECHNY,1,866.0,623.52,623.52,y techny
ESET,2026-01-01,SysTechNY,1,21700.0,620.574472,620.574472,y techny
Auvik,2026-01-01,CSI,2,59.0,619.5,619.5,c i
Bitdefender,2026-05-01,Medic Cloud,2,530.0,616.698,616.698,medic cloud
Acronis,2026-06-01,"Superior Steel, Inc",2,35316.92,615.915116,615.915116,uperior  teel inc
Acronis,2026-03-01,The Connected Office,6,8879.98,615.7919169999999,615.7919169999999,the connected office
Acronis,2026-05-01,"Superior Steel, Inc",2,35100.63,612.714024,612.714024,uperior  teel inc
Bitdefender,2026-04-01,Medic Cloud,2,528.0,612.5586999999999,612.5586999999999,medic cloud
Acronis,2026-06-01,The Connected Office,6,8687.65,611.8823930000001,611.8823930000001,the connected office
Bitdefender,2026-02-01,Medic Cloud,2,533.0,608.0458000000001,608.0458000000001,medic cloud
SentinelOne,2026-05-01,PARROINFODEVELOPPEMENT,3,1023.0,606.98,606.98,parroinfodeveloppement
Bitdefender,2026-06-01,Medic Cloud,2,533.0,605.7226,605.7226,medic cloud
Acronis,2026-05-01,The Connected Office,6,8605.98,603.800873,603.800873,the connected office
Bitdefender,2026-04-01,Tech Stream Solutions,2,444.0,603.4905,603.4905,tech  tream  olution
Bitdefender,2026-04-01,Red Mosquito Ltd,4,1023.0,601.4787,601.4787,red mo quito ltd
Proofpoint,2026-04-01,Lifeline Technology Solutions,17,534.0,601.01,601.01,lifeline technology  olution
Bitdefender,2026-03-01,Red Mosquito Ltd,4,1036.0,597.4433,597.4433,red mo quito ltd
Proofpoint,2026-01-01,WPG Consulting,4,451.0,594.77,594.77,wpg con ulting
Acronis,2026-01-01,The Connected Office,6,8501.66,593.653821,593.653821,the connected office
Exium,2026-03-01,ConnectWise Demo,2,25.0,590.0,590.0,connectwi e demo
Exium,2026-07-01,ConnectWise Demo,2,25.0,590.0,590.0,connectwi e demo
Acronis,2026-07-01,Nuvex Solutions,5,19727.47,586.6591559999999,586.6591559999999,nuvex  olution
Bitdefender,2026-03-01,Medic Cloud,2,522.0,585.8374,585.8374,medic cloud
Exium,2026-05-01,ConnectWise Demo,2,24.0,581.25,581.25,connectwi e demo
Exium,2026-04-01,ConnectWise Demo,2,24.0,581.25,581.25,connectwi e demo
Exium,2026-06-01,ConnectWise Demo,2,24.0,581.25,581.25,connectwi e demo
Proofpoint,2026-03-01,Lifeline Technology Solutions,16,517.0,579.8100000000001,579.8100000000001,lifeline technology  olution
Webroot,2026-06-01,IDT Support,1,1034.0,579.04,579.04,idt  upport
Webroot,2026-07-01,IDT Support,1,1034.0,579.04,579.04,idt  upport
Acronis,2026-01-01,Balliante Ltd,9,5297.9,576.41152,576.41152,balliante ltd
Acronis,2026-06-01,Nuvex Solutions,5,18799.8,576.30804,576.30804,nuvex  olution
Acronis,2026-07-01,Educational Records Bureau,1,10567.07,575.905315,575.905315,educational record  bureau
Webroot,2026-03-01,Providence Technology Group,1,1103.0,573.56,573.56,providence technology group
ESET,2026-05-01,Rigidnet LLC,2,29140.0,573.2322630000001,573.2322630000001,rigidnet llc
Webroot,2026-02-01,Providence Technology Group,1,1101.0,572.52,572.52,providence technology group
Exium,2026-01-01,ConnectWise Demo,2,23.0,572.5,572.5,connectwi e demo
Exium,2026-02-01,ConnectWise Demo,2,23.0,572.5,572.5,connectwi e demo
Acronis,2026-06-01,Educational Records Bureau,1,10493.64,571.90338,571.90338,educational record  bureau
ESET,2026-02-01,Rigidnet LLC,2,26320.0,570.728089,570.728089,rigidnet llc
Bitdefender,2026-01-01,Medic Cloud,2,503.0,568.0296999999999,568.0296999999999,medic cloud
Webroot,2026-01-01,DigitalBrainz,2,1083.0,567.12,567.12,digitalbrainz
Exium,2026-01-01,Community Change,1,103.0,566.5,566.5,community change
Acronis,2026-07-01,"HRI Properties, LLC",5,17118.0,565.5192000000001,565.5192000000001,hri propertie  llc
ESET,2026-04-01,Rigidnet LLC,2,28200.0,564.970783,564.970783,rigidnet llc
Bitdefender,2026-02-01,Acclaim IT,3,450.0,563.6858,563.6858,acclaim it
Acronis,2026-01-01,Carter Computer Consulting,6,24389.95,561.90046,561.90046,carter computer con ulting
ESET,2026-01-01,Rigidnet LLC,2,29140.0,561.52495,561.52495,rigidnet llc
ESET,2026-03-01,Rigidnet LLC,2,29140.0,561.0557249999999,561.0557249999999,rigidnet llc
ESET,2026-02-01,SysTechNY,1,19600.0,560.08734,560.08734,y techny
KeepIT,2026-01-01,AspireTech,2,831.0,558.25,558.25,a piretech
SentinelOne,2026-04-01,PARROINFODEVELOPPEMENT,3,939.0,557.14,557.14,parroinfodeveloppement
Acronis,2026-05-01,Educational Records Bureau,1,10218.27,556.895715,556.895715,educational record  bureau
Exium,2026-02-01,Community Change,1,101.0,555.5,555.5,community change
Acronis,2026-02-01,Carter Computer Consulting,6,24318.48,554.058104,554.058104,carter computer con ulting
Webroot,2026-02-01,DigitalBrainz,2,1056.0,553.24,553.24,digitalbrainz
Bitdefender,2026-01-01,"Cornerstone Computer Solutions, Inc",1,368.0,552.0,552.0,corner tone computer  olution  inc
SentinelOne,2026-06-01,SYSTECHNY,1,763.0,549.36,549.36,y techny
Acronis,2026-07-01,T3voicenet,4,12256.78,548.294357,548.294357,t3voicenet
Auvik,2026-02-01,ConnectWise - APAC,1,52.0,546.0,546.0,connectwi e apac
Acronis,2026-04-01,Educational Records Bureau,1,9977.78,543.78901,543.78901,educational record  bureau
Proofpoint,2026-02-01,Network Center Communications,15,329.0,542.8499999999999,542.8499999999999,network center communication
Proofpoint,2026-07-01,Torindrive,2,328.0,539.5600000000001,539.5600000000001,torindrive
Acronis,2026-06-01,"HRI Properties, LLC",4,16168.48,537.370504,537.370504,hri propertie  llc
ESET,2026-07-01,The Computer Doctors,1,20615.0,536.539253,536.539253,the computer doctor
Webroot,2026-04-01,IDT Support,1,1031.0,536.12,536.12,idt  upport
Auvik,2026-01-01,ConnectWise - APAC,1,51.0,535.5,535.5,connectwi e apac
Webroot,2026-03-01,DigitalBrainz,2,1021.0,534.95,534.95,digitalbrainz
ESET,2026-05-01,"ConnectWise, Inc. PSA",3,25575.0,532.236067,532.236067,connectwi e inc p a
Webroot,2026-06-01,"Excell It, Inc.",1,950.0,532.0,532.0,excell it inc
Webroot,2026-07-01,"Excell It, Inc.",1,950.0,532.0,532.0,excell it inc
Webroot,2026-03-01,IDT Support,1,1023.0,531.96,531.96,idt  upport
Acronis,2026-06-01,BIZITSS,6,25882.13,531.749324,531.749324,bizit
Acronis,2026-05-01,"HRI Properties, LLC",4,15783.12,531.667176,531.667176,hri propertie  llc
Acronis,2026-04-01,"HRI Properties, LLC",4,14267.46,530.518808,530.518808,hri propertie  llc
ESET,2026-02-01,"ConnectWise, Inc. PSA",3,23100.0,528.8608830000001,528.8608830000001,connectwi e inc p a
Webroot,2026-05-01,IDT Support,1,1016.0,528.32,528.32,idt  upport
Webroot,2026-02-01,IDT Support,1,1016.0,528.32,528.32,idt  upport
Auvik,2026-03-01,ConnectWise - APAC,1,50.0,525.0,525.0,connectwi e apac
Auvik,2026-02-01,Bizitss,2,56.0,524.36,524.36,bizit
ESET,2026-04-01,"ConnectWise, Inc. PSA",3,24750.0,523.645512,523.645512,connectwi e inc p a
Acronis,2026-03-01,Carter Computer Consulting,6,22091.87,521.643276,521.643276,carter computer con ulting
ESET,2026-01-01,"ConnectWise, Inc. PSA",3,25575.0,520.301888,520.301888,connectwi e inc p a
ESET,2026-03-01,"ConnectWise, Inc. PSA",3,25575.0,520.219556,520.219556,connectwi e inc p a
Webroot,2026-01-01,IDT Support,1,999.0,519.48,519.48,idt  upport
ESET,2026-06-01,The Computer Doctors,1,19950.0,519.231535,519.231535,the computer doctor
ESET,2026-02-01,ASAP Computer,2,8092.0,517.955734,517.955734,a ap computer
Proofpoint,2026-04-01,The Connected Office,18,336.0,516.6999999999999,516.6999999999999,the connected office
Acronis,2026-04-01,Carter Computer Consulting,6,21882.41,516.4130680000001,516.4130680000001,carter computer con ulting
Webroot,2026-04-01,DigitalBrainz,2,983.0,515.09,515.09,digitalbrainz
Auvik,2026-07-01,ConnectWise - APAC,1,49.0,514.5,514.5,connectwi e apac
Auvik,2026-04-01,ConnectWise - APAC,1,49.0,514.5,514.5,connectwi e apac
Acronis,2026-06-01,T3voicenet,4,11375.669999999998,510.825725,510.825725,t3voicenet
Acronis,2026-01-01,Axiom,3,12038.46,510.42617199999995,510.42617199999995,axiom
Proofpoint,2026-02-01,The Connected Office,18,332.0,510.4,510.4,the connected office
Acronis,2026-04-01,"Superior Steel, Inc",2,28813.12,509.30057600000004,509.30057600000004,uperior  teel inc
Proofpoint,2026-03-01,The Connected Office,18,330.0,507.8,507.8,the connected office
Proofpoint,2026-01-01,The Connected Office,18,330.0,507.79999999999995,507.79999999999995,the connected office
Acronis,2026-07-01,IT Automation,6,11481.46,505.466908,505.466908,it automation
ESET,2026-01-01,ASAP Computer,2,8959.0,504.586001,504.586001,a ap computer
Auvik,2026-06-01,ConnectWise - APAC,1,48.0,504.0,504.0,connectwi e apac
SentinelOne,2026-05-01,SYSTECHNY,1,700.0,504.0,504.0,y techny
Acronis,2026-03-01,Educational Records Bureau,1,9237.05,503.419225,503.419225,educational record  bureau
Acronis,2026-03-01,"HRI Properties, LLC",4,12565.51,501.688998,501.688998,hri propertie  llc
Auvik,2026-01-01,Bizitss,2,57.0,498.75,498.75,bizit
Webroot,2026-04-01,"Excell It, Inc.",1,950.0,494.0,494.0,excell it inc
Webroot,2026-01-01,"Excell It, Inc.",1,950.0,494.0,494.0,excell it inc
Webroot,2026-05-01,"Excell It, Inc.",1,950.0,494.0,494.0,excell it inc
Webroot,2026-02-01,"Excell It, Inc.",1,950.0,494.0,494.0,excell it inc
Webroot,2026-03-01,"Excell It, Inc.",1,950.0,494.0,494.0,excell it inc
ESET,2026-03-01,ASAP Computer,2,8827.0,493.531968,493.531968,a ap computer
Auvik,2026-05-01,ConnectWise - APAC,1,47.0,493.5,493.5,connectwi e apac
Acronis,2026-01-01,"Superior Steel, Inc",2,27689.8,492.67544,492.67544,uperior  teel inc
Acronis,2026-05-01,Carter Computer Consulting,6,21172.52,490.422496,490.422496,carter computer con ulting
ESET,2026-04-01,ASAP Computer,2,8010.0,489.201728,489.201728,a ap computer
Acronis,2026-07-01,Carter Computer Consulting,6,21170.44,487.567112,487.567112,carter computer con ulting
Acronis,2026-06-01,Carter Computer Consulting,6,20932.62,486.857176,486.857176,carter computer con ulting
Acronis,2026-06-01,IT Automation,5,11163.38,485.382024,485.382024,it automation
Proofpoint,2026-02-01,Lifeline Technology Solutions,14,442.0,484.84000000000003,484.84000000000003,lifeline technology  olution
KeepIT,2026-01-01,The HITCO Co,1,646.0,484.5,484.5,the hitco co
Acronis,2026-02-01,"Superior Steel, Inc",2,26948.49,481.704052,481.704052,uperior  teel inc
Acronis,2026-03-01,"Superior Steel, Inc",2,26719.83,478.320284,478.320284,uperior  teel inc
Acronis,2026-05-01,T3voicenet,4,10470.59,476.874675,476.874675,t3voicenet
Acronis,2026-02-01,"HRI Properties, LLC",5,11151.65,475.72092,475.72092,hri propertie  llc
Acronis,2026-05-01,IT Automation,5,10900.98,474.215104,474.215104,it automation
Bitdefender,2026-03-01,MobileTech Ltd,1,462.0,471.24,471.24,mobiletech ltd
Bitdefender,2026-04-01,MobileTech Ltd,1,462.0,471.24,471.24,mobiletech ltd
Bitdefender,2026-07-01,MobileTech Ltd,1,462.0,471.24,471.24,mobiletech ltd
Bitdefender,2026-01-01,MobileTech Ltd,1,462.0,471.24,471.24,mobiletech ltd
Bitdefender,2026-05-01,MobileTech Ltd,1,462.0,471.24,471.24,mobiletech ltd
Bitdefender,2026-02-01,MobileTech Ltd,1,462.0,471.24,471.24,mobiletech ltd
Bitdefender,2026-08-01,MobileTech Ltd,1,462.0,471.24,471.24,mobiletech ltd
Bitdefender,2026-06-01,MobileTech Ltd,2,924.0,471.24,471.24,mobiletech ltd
Proofpoint,2026-01-01,Lifeline Technology Solutions,11,440.0,471.09999999999997,471.09999999999997,lifeline technology  olution
Acronis,2026-04-01,IT Automation,5,10596.16,468.55356800000004,468.55356800000004,it automation
Acronis,2026-03-01,IT Automation,5,10449.63,466.399724,466.399724,it automation
Acronis,2026-01-01,"HRI Properties, LLC",5,9172.91,464.077268,464.077268,hri propertie  llc
Acronis,2026-01-01,IT Automation,6,10395.5,462.3321,462.3321,it automation
Proofpoint,2026-05-01,VMG Strategic Consulting,8,226.0,461.03999999999996,461.03999999999996,vmg  trategic con ulting
KeepIT,2026-07-01,AspireTech,2,783.0,459.25,459.25,a piretech
Bitdefender,2026-02-01,Xpower-IT,2,375.0,458.0841,458.0841,xpower it
Acronis,2026-02-01,IT Automation,5,10466.39,456.429172,456.429172,it automation
Webroot,2026-05-01,DigitalBrainz,2,868.0,454.68000000000006,454.68000000000006,digitalbrainz
Bitdefender,2026-05-01,Xpower-IT,1,375.0,453.5154,453.5154,xpower it
ESET,2026-05-01,ASAP Computer,2,8286.0,453.205593,453.205593,a ap computer
Bitdefender,2026-01-01,Lighthouse IT,1,405.0,453.1327,453.1327,lighthou e it
Proofpoint,2026-05-01,The Connected Office,15,297.0,452.75,452.75,the connected office
Acronis,2026-04-01,T3voicenet,4,9934.46,451.61090099999996,451.61090099999996,t3voicenet
KeepIT,2026-07-01,The HITCO Co,1,600.0,450.0,450.0,the hitco co
Bitdefender,2026-06-01,Xpower-IT,1,375.0,449.7727,449.7727,xpower it
Bitdefender,2026-01-01,Xpower-IT,2,375.0,449.6171,449.6171,xpower it
Bitdefender,2026-03-01,Xpower-IT,2,750.0,449.2063,449.2063,xpower it
Proofpoint,2026-07-01,BIT Solution,4,223.0,448.96,448.96,bit  olution
KeepIT,2026-07-01,Medic Cloud,1,448.0,448.0,448.0,medic cloud
ESET,2026-05-01,The Computer Doctors,4,20615.0,446.011789,446.011789,the computer doctor
Bitdefender,2026-04-01,Xpower-IT,1,375.0,444.9291,444.9291,xpower it
ESET,2026-02-01,The Computer Doctors,4,18620.0,443.096632,443.096632,the computer doctor
Proofpoint,2026-02-01,IDT Support,28,245.0,442.25,442.25,idt  upport
Acronis,2026-03-01,T3voicenet,4,9643.59,440.68247699999995,440.68247699999995,t3voicenet
ESET,2026-04-01,The Computer Doctors,4,19950.0,440.215782,440.215782,the computer doctor
Bitdefender,2026-08-01,Xpower-IT,1,375.0,440.1859,440.1859,xpower it
Bitdefender,2026-07-01,Xpower-IT,1,375.0,439.707,439.707,xpower it
ESET,2026-03-01,The Computer Doctors,4,20615.0,436.80191199999996,436.80191199999996,the computer doctor
ESET,2026-01-01,The Computer Doctors,4,20615.0,436.65092,436.65092,the computer doctor
Bitdefender,2026-02-01,Lighthouse IT,1,390.0,434.7764,434.7764,lighthou e it
Acronis,2026-07-01,BIZITSS,6,19648.51,434.615848,434.615848,bizit
Acronis,2026-05-01,Northern Saints Catholic Education Trust,3,159.0,433.80670000000003,433.80670000000003,northern  aint  catholic education tru t
Acronis,2026-04-01,Northern Saints Catholic Education Trust,3,159.0,433.80670000000003,433.80670000000003,northern  aint  catholic education tru t
Acronis,2026-01-01,Northern Saints Catholic Education Trust,3,159.0,433.8067,433.8067,northern  aint  catholic education tru t
Acronis,2026-02-01,Northern Saints Catholic Education Trust,3,159.0,433.8067,433.8067,northern  aint  catholic education tru t
Acronis,2026-07-01,Northern Saints Catholic Education Trust,3,157.0,432.9029,432.9029,northern  aint  catholic education tru t
Acronis,2026-06-01,Northern Saints Catholic Education Trust,3,157.0,432.9029,432.9029,northern  aint  catholic education tru t
Auvik,2026-02-01,WTA Consulting,2,38.0,427.02,427.02,wta con ulting
Bitdefender,2026-02-01,Intalect Ltd,3,348.0,425.80350000000004,425.80350000000004,intalect ltd
Acronis,2026-02-01,Box,1,28720.5,425.0634,425.0634,box
Acronis,2026-03-01,Box,1,28720.5,425.0634,425.0634,box
Acronis,2026-01-01,Box,1,28720.5,425.0634,425.0634,box
SentinelOne,2026-04-01,SYSTECHNY,1,595.0,424.886488,424.886488,y techny
Bitdefender,2026-03-01,Lighthouse IT,1,391.0,424.662,424.662,lighthou e it
SentinelOne,2026-03-01,SYSTECHNY,1,588.0,423.36,423.36,y techny
KeepIT,2026-07-01,NXT IT Solutions,2,661.0,422.25,422.25,nxt it  olution
Proofpoint,2026-01-01,IDT Support,26,235.0,421.75000000000006,421.75000000000006,idt  upport
ESET,2026-06-01,ASAP Computer,2,7800.0,421.731713,421.731713,a ap computer
Bitdefender,2026-08-01,Lighthouse IT,1,381.0,421.4639,421.4639,lighthou e it
Acronis,2026-05-01,Network Utilities,11,6906.379999999999,421.414212,421.414212,network utilitie
Bitdefender,2026-01-01,Intalect Ltd,3,342.0,419.97659999999996,419.97659999999996,intalect ltd
Acronis,2026-03-01,Network Utilities,11,6555.919999999999,419.716589,419.716589,network utilitie
Acronis,2026-02-01,Network Utilities,11,6395.56,418.52248399999996,418.52248399999996,network utilitie
Bitdefender,2026-04-01,Lighthouse IT,1,378.0,417.9299,417.9299,lighthou e it
Acronis,2026-01-01,BCIT Solutions,4,19809.95,417.62985999999995,417.62985999999995,bcit  olution
Acronis,2026-04-01,Network Utilities,11,6655.67,417.615056,417.615056,network utilitie
Acronis,2026-01-01,Network Utilities,11,6331.25,417.442259,417.442259,network utilitie
Bitdefender,2026-06-01,Lighthouse IT,1,380.0,417.1324,417.1324,lighthou e it
Bitdefender,2026-05-01,Lighthouse IT,1,375.0,416.1138,416.1138,lighthou e it
Bitdefender,2026-07-01,Lighthouse IT,1,378.0,413.4706,413.4706,lighthou e it
Proofpoint,2026-03-01,TSAChoice,4,308.0,412.72,412.72,t achoice
Acronis,2026-02-01,T3voicenet,4,8793.46,412.39642399999997,412.39642399999997,t3voicenet
Acronis,2026-02-01,BCIT Solutions,4,19396.01,411.503548,411.503548,bcit  olution
Bitdefender,2026-05-01,Montec IT Group,2,499.0,411.381,411.381,montec it group
Bitdefender,2026-08-01,SouthBridge Consulting,2,250.0,408.75,408.75,outhbridge con ulting
Bitdefender,2026-05-01,SouthBridge Consulting,2,250.0,408.75,408.75,outhbridge con ulting
Bitdefender,2026-04-01,SouthBridge Consulting,2,250.0,408.75,408.75,outhbridge con ulting
Bitdefender,2026-02-01,SouthBridge Consulting,2,250.0,408.75,408.75,outhbridge con ulting
Bitdefender,2026-06-01,SouthBridge Consulting,2,250.0,408.75,408.75,outhbridge con ulting
Bitdefender,2026-07-01,SouthBridge Consulting,2,250.0,408.75,408.75,outhbridge con ulting
Bitdefender,2026-01-01,SouthBridge Consulting,2,250.0,408.75,408.75,outhbridge con ulting
Bitdefender,2026-03-01,SouthBridge Consulting,2,250.0,408.75,408.75,outhbridge con ulting
SentinelOne,2026-03-01,PARROINFODEVELOPPEMENT,3,687.0,407.61999999999995,407.61999999999995,parroinfodeveloppement
Acronis,2026-07-01,CSI,1,7466.19,406.907355,406.907355,c i
Acronis,2026-07-01,WPG Consulting,4,12671.18,406.56306400000005,406.56306400000005,wpg con ulting
Acronis,2026-06-01,CSI,1,7448.08,405.92036,405.92036,c i
Auvik,2026-03-01,Network Bridge Solutions Ltd,3,44.0,405.52,405.52,network bridge  olution  ltd
Auvik,2026-02-01,Network Bridge Solutions Ltd,3,44.0,405.52,405.52,network bridge  olution  ltd
Acronis,2026-02-01,Educational Records Bureau,1,7433.59,405.130655,405.130655,educational record  bureau
Bitdefender,2026-04-01,Montec IT Group,2,495.0,404.9668,404.9668,montec it group
Acronis,2026-05-01,CSI,1,7427.28,404.78676,404.78676,c i
Acronis,2026-04-01,CSI,1,7415.47,404.143115,404.143115,c i
Acronis,2026-03-01,CSI,1,7397.21,403.147945,403.147945,c i
Acronis,2026-02-01,CSI,1,7382.19,402.329355,402.329355,c i
Acronis,2026-01-01,CSI,1,7359.17,401.074765,401.074765,c i
Acronis,2026-07-01,Network Utilities,11,6351.49,400.04855799999996,400.04855799999996,network utilitie
Acronis,2026-06-01,WPG Consulting,4,12078.62,399.945576,399.945576,wpg con ulting
Proofpoint,2026-06-01,"JTO Computer Solutions, LLC",13,216.0,399.19,399.19,jto computer  olution  llc
Bitdefender,2026-08-01,SZS Consulting,4,365.0,398.45,398.45,z  con ulting
Acronis,2026-02-01,WPG Consulting,4,9585.86,396.245728,396.245728,wpg con ulting
Auvik,2026-04-01,Network Bridge Solutions Ltd,3,43.0,396.15999999999997,396.15999999999997,network bridge  olution  ltd
Bitdefender,2026-07-01,SZS Consulting,4,363.0,395.85,395.85,z  con ulting
Acronis,2026-04-01,WPG Consulting,4,11470.15,395.58542,395.58542,wpg con ulting
Bitdefender,2026-02-01,Barry Communications Inc,1,527.0,395.25,395.25,barry communication  inc
Acronis,2026-06-01,"Harris Technology Services, LLC",4,13743.11,394.454228,394.454228,harri  technology  ervice  llc
Acronis,2026-01-01,Educational Records Bureau,1,7236.83,394.407235,394.407235,educational record  bureau
Acronis,2026-05-01,WPG Consulting,4,11468.18,394.346864,394.346864,wpg con ulting
Acronis,2026-01-01,MBACIO,4,14247.54,394.26199199999996,394.26199199999996,mbacio
Proofpoint,2026-07-01,"JTO Computer Solutions, LLC",12,213.0,393.88,393.88,jto computer  olution  llc
Bitdefender,2026-06-01,Montec IT Group,2,492.0,393.712,393.712,montec it group
Acronis,2026-01-01,T3voicenet,4,8222.3,393.399333,393.399333,t3voicenet
Acronis,2026-07-01,"Harris Technology Services, LLC",4,13911.9,393.31062,393.31062,harri  technology  ervice  llc
Bitdefender,2026-08-01,Think IP Systems,4,531.0,393.04,393.04,think ip  y tem
Proofpoint,2026-07-01,Hodge Systems & Consulting Service,6,302.0,392.6,392.6,hodge  y tem  con ulting  ervice
Acronis,2026-05-01,"Harris Technology Services, LLC",4,13605.48,392.417304,392.417304,harri  technology  ervice  llc
Acronis,2026-03-01,WPG Consulting,4,10386.46,392.036208,392.036208,wpg con ulting
Acronis,2026-06-01,Network Utilities,11,5972.889999999999,390.54470200000003,390.54470200000003,network utilitie
Proofpoint,2026-07-01,Enterprise Business IT Solutions Pty Ltd,23,295.0,390.24999999999994,390.24999999999994,enterpri e bu ine  it  olution  pty ltd
Bitdefender,2026-07-01,Montec IT Group,2,490.0,389.8635,389.8635,montec it group
Bitdefender,2026-03-01,Montec IT Group,2,494.0,389.4104,389.4104,montec it group
Bitdefender,2026-07-01,Think IP Systems,4,525.0,388.7199999999999,388.7199999999999,think ip  y tem
Acronis,2026-03-01,BCIT Solutions,4,18589.3,388.6392900000001,388.6392900000001,bcit  olution
Auvik,2026-01-01,WTA Consulting,2,37.0,388.5,388.5,wta con ulting
Bitdefender,2026-08-01,Montec IT Group,2,484.0,388.19370000000004,388.19370000000004,montec it group
ESET,2026-06-01,Heart Technologies Inc.,1,14913.0,388.135333,388.135333,heart technologie  inc
Auvik,2026-06-01,Network Bridge Solutions Ltd,2,42.0,386.8,386.8,network bridge  olution  ltd
Auvik,2026-07-01,Network Bridge Solutions Ltd,2,42.0,386.8,386.8,network bridge  olution  ltd
Auvik,2026-05-01,Network Bridge Solutions Ltd,2,42.0,386.8,386.8,network bridge  olution  ltd
Bitdefender,2026-05-01,Barry Communications Inc,1,515.0,386.25,386.25,barry communication  inc
Bitdefender,2026-07-01,Barry Communications Inc,1,515.0,386.25,386.25,barry communication  inc
Proofpoint,2026-01-01,"JTO Computer Solutions, LLC",13,206.0,383.39,383.39,jto computer  olution  llc
Bitdefender,2026-08-01,Barry Communications Inc,1,511.0,383.25,383.25,barry communication  inc
Bitdefender,2026-06-01,Barry Communications Inc,1,511.0,383.25,383.25,barry communication  inc
Acronis,2026-04-01,"Harris Technology Services, LLC",4,13193.47,382.677856,382.677856,harri  technology  ervice  llc
Proofpoint,2026-06-01,Enterprise Business IT Solutions Pty Ltd,23,289.0,382.45,382.45,enterpri e bu ine  it  olution  pty ltd
Acronis,2026-07-01,The Cloud Platform,7,17814.69,381.84981199999993,381.84981199999993,the cloud platform
Bitdefender,2026-06-01,University Computers,3,253.0,381.3,381.3,univer ity computer
Bitdefender,2026-04-01,Barry Communications Inc,1,508.0,381.0,381.0,barry communication  inc
Acronis,2026-06-01,The Cloud Platform,7,17737.68,380.71006399999993,380.71006399999993,the cloud platform
Bitdefender,2026-07-01,University Computers,3,255.0,380.6,380.6,univer ity computer
Bitdefender,2026-08-01,University Computers,3,255.0,380.5,380.5,univer ity computer
Bitdefender,2026-03-01,Barry Communications Inc,1,507.0,380.25,380.25,barry communication  inc
Proofpoint,2026-07-01,Elite Technical Services LLC,3,314.0,379.94,379.94,elite technical  ervice  llc
Acronis,2026-04-01,The Cloud Platform,7,17603.56,378.76948799999997,378.76948799999997,the cloud platform
Acronis,2026-05-01,The Cloud Platform,7,17629.36,378.015928,378.015928,the cloud platform
Acronis,2026-03-01,The Cloud Platform,7,17516.78,376.37934399999995,376.37934399999995,the cloud platform
Acronis,2026-05-01,IDT Support,5,108.0,374.2767,374.2767,idt  upport
Proofpoint,2026-04-01,"JTO Computer Solutions, LLC",13,203.0,373.41999999999996,373.41999999999996,jto computer  olution  llc
SentinelOne,2026-02-01,CYB3R,2,508.0,373.01,373.01,cyb3r
Acronis,2026-06-01,IDT Support,5,107.0,372.57270000000005,372.57270000000005,idt  upport
Acronis,2026-07-01,IDT Support,5,107.0,372.5727,372.5727,idt  upport
Acronis,2026-02-01,The Cloud Platform,7,17445.18,371.92826399999996,371.92826399999996,the cloud platform
Proofpoint,2026-02-01,Objective Technologies Ltd,2,675.0,371.25,371.25,objective technologie  ltd
Acronis,2026-01-01,The Cloud Platform,7,17376.54,370.912392,370.912392,the cloud platform
Proofpoint,2026-01-01,Objective Technologies Ltd,2,673.0,370.15,370.15,objective technologie  ltd
Proofpoint,2026-05-01,"JTO Computer Solutions, LLC",12,201.0,369.32000000000005,369.32000000000005,jto computer  olution  llc
Proofpoint,2026-03-01,"JTO Computer Solutions, LLC",13,201.0,369.32,369.32,jto computer  olution  llc
ESET,2026-07-01,ASAP Computer,2,7084.0,368.82008899999994,368.82008899999994,a ap computer
Bitdefender,2026-02-01,Montec IT Group,2,468.0,368.2561,368.2561,montec it group
KeepIT,2026-07-01,Lost in IT,1,491.0,368.25,368.25,lo t in it
Acronis,2026-02-01,Leading Technology Europe Ltd,7,738.44,367.26201199999997,367.26201199999997,leading technology europe ltd
Proofpoint,2026-02-01,"JTO Computer Solutions, LLC",12,198.0,366.15,366.15,jto computer  olution  llc
Acronis,2026-01-01,Leading Technology Europe Ltd,7,728.86,365.999628,365.999628,leading technology europe ltd
Acronis,2026-03-01,Leading Technology Europe Ltd,7,771.37,365.46377600000005,365.46377600000005,leading technology europe ltd
Proofpoint,2026-03-01,Objective Technologies Ltd,2,663.0,364.65,364.65,objective technologie  ltd
Bitdefender,2026-01-01,Barry Communications Inc,1,486.0,364.5,364.5,barry communication  inc
SentinelOne,2026-01-01,CYB3R,2,499.0,364.20095,364.20095,cyb3r
Acronis,2026-02-01,MBACIO,4,12405.83,363.348184,363.348184,mbacio
Proofpoint,2026-07-01,PC 911 LLC,6,200.0,363.0799999999999,363.0799999999999,pc 911 llc
Acronis,2026-04-01,BCIT Solutions,4,17775.4,362.59342000000004,362.59342000000004,bcit  olution
Auvik,2026-01-01,Network Bridge Solutions Ltd,2,42.0,361.42,361.42,network bridge  olution  ltd
Bitdefender,2026-06-01,Think IP Systems,3,499.0,360.64,360.64,think ip  y tem
Proofpoint,2026-04-01,Objective Technologies Ltd,2,655.0,360.25,360.25,objective technologie  ltd
Acronis,2026-01-01,Jilasoan,3,17352.36,359.63858400000004,359.63858400000004,jila oan
Auvik,2026-03-01,WTA Consulting,2,32.0,359.58,359.58,wta con ulting
Proofpoint,2026-05-01,Objective Technologies Ltd,2,650.0,357.5,357.5,objective technologie  ltd
Acronis,2026-03-01,"Harris Technology Services, LLC",4,12229.69,357.488812,357.488812,harri  technology  ervice  llc
Acronis,2026-06-01,BCIT Solutions,4,18134.67,356.985516,356.985516,bcit  olution
Proofpoint,2026-07-01,Objective Technologies Ltd,2,648.0,356.4,356.4,objective technologie  ltd
Proofpoint,2026-06-01,Objective Technologies Ltd,2,648.0,356.4,356.4,objective technologie  ltd
Acronis,2026-05-01,BCIT Solutions,4,17804.07,355.734336,355.734336,bcit  olution
Acronis,2026-02-01,Jilasoan,3,17160.37,355.100564,355.100564,jila oan
KeepIT,2026-07-01,Think IP Systems,2,354.0,354.0,354.0,think ip  y tem
Bitdefender,2026-01-01,Montec IT Group,2,460.0,353.9696,353.9696,montec it group
Webroot,2026-07-01,IDwellings DBA Bevlin,1,632.0,353.92,353.92,idwelling  dba bevlin
Webroot,2026-06-01,IDwellings DBA Bevlin,1,632.0,353.92,353.92,idwelling  dba bevlin
Bitdefender,2026-03-01,Acclaim IT,3,296.0,353.8441,353.8441,acclaim it
Bitdefender,2026-05-01,Think IP Systems,3,488.0,352.72,352.72,think ip  y tem
Bitdefender,2026-05-01,University Computers,3,229.0,351.7,351.7,univer ity computer
Bitdefender,2026-04-01,Think IP Systems,3,486.0,351.62,351.62,think ip  y tem
Acronis,2026-01-01,IDT Support,5,97.0,351.60589999999996,351.60589999999996,idt  upport
Acronis,2026-02-01,"Harris Technology Services, LLC",4,11297.57,350.97683600000005,350.97683600000005,harri  technology  ervice  llc
Acronis,2026-03-01,MBACIO,4,12575.25,350.0932,350.0932,mbacio
Bitdefender,2026-08-01,Adfranse Automatisering B V,1,266.0,349.9022,349.9022,adfran e automati ering b v
Bitdefender,2026-08-01,Western Capital Resources,1,367.0,348.65,348.65,we tern capital re ource
Proofpoint,2026-07-01,KIS Technologies Inc.,25,528.0,348.47999999999996,348.47999999999996,ki  technologie  inc
Acronis,2026-03-01,IDT Support,5,96.0,347.9497,347.9497,idt  upport
Acronis,2026-02-01,IDT Support,5,96.0,347.9495,347.9495,idt  upport
Acronis,2026-07-01,Leading Technology Europe Ltd,7,968.6,347.91598,347.91598,leading technology europe ltd
Bitdefender,2026-07-01,Western Capital Resources,1,364.0,345.8,345.8,we tern capital re ource
Bitdefender,2026-04-01,University Computers,3,225.0,345.8,345.8,univer ity computer
Bitdefender,2026-05-01,Adfranse Automatisering B V,1,261.0,343.4342,343.4342,adfran e automati ering b v
Bitdefender,2026-03-01,Think IP Systems,3,474.0,342.97999999999996,342.97999999999996,think ip  y tem
Bitdefender,2026-04-01,Acclaim IT,3,276.0,342.5238,342.5238,acclaim it
Acronis,2026-06-01,Leading Technology Europe Ltd,7,960.09,342.142632,342.142632,leading technology europe ltd
Acronis,2026-04-01,IDT Support,5,99.0,341.36780000000005,341.36780000000005,idt  upport
Bitdefender,2026-03-01,University Computers,3,220.0,340.79999999999995,340.79999999999995,univer ity computer
Webroot,2026-06-01,NIC Inc.,2,605.0,338.8,338.8,nic inc
Webroot,2026-07-01,NIC Inc.,2,605.0,338.8,338.8,nic inc
Bitdefender,2026-04-01,Adfranse Automatisering B V,1,255.0,338.3313,338.3313,adfran e automati ering b v
Bitdefender,2026-07-01,Adfranse Automatisering B V,1,262.0,337.4018,337.4018,adfran e automati ering b v
Acronis,2026-05-01,Leading Technology Europe Ltd,7,929.27,337.144896,337.144896,leading technology europe ltd
KeepIT,2026-01-01,Lost in IT,1,448.0,336.0,336.0,lo t in it
Webroot,2026-06-01,MRL Network Solutions,1,600.0,336.0,336.0,mrl network  olution
Webroot,2026-07-01,MRL Network Solutions,1,600.0,336.0,336.0,mrl network  olution
Proofpoint,2026-01-01,Enterprise Business IT Solutions Pty Ltd,19,253.0,335.65000000000003,335.65000000000003,enterpri e bu ine  it  olution  pty ltd
Bitdefender,2026-01-01,Think IP Systems,1,465.0,334.8,334.8,think ip  y tem
Acronis,2026-07-01,BCIT Solutions,4,16872.13,334.658224,334.658224,bcit  olution
Bitdefender,2026-06-01,Adfranse Automatisering B V,1,260.0,334.4619,334.4619,adfran e automati ering b v
Bitdefender,2026-03-01,Western Capital Resources,1,352.0,334.4,334.4,we tern capital re ource
Bitdefender,2026-02-01,Think IP Systems,1,464.0,334.08,334.08,think ip  y tem
Acronis,2026-04-01,Leading Technology Europe Ltd,7,793.8399999999999,334.005132,334.005132,leading technology europe ltd
Acronis,2026-07-01,Austin Computer Guys,2,6448.25,333.675,333.675,au tin computer guy
Proofpoint,2026-04-01,Enterprise Business IT Solutions Pty Ltd,19,251.0,333.05000000000007,333.05000000000007,enterpri e bu ine  it  olution  pty ltd
Proofpoint,2026-02-01,Enterprise Business IT Solutions Pty Ltd,19,251.0,333.04999999999995,333.04999999999995,enterpri e bu ine  it  olution  pty ltd
Proofpoint,2026-03-01,Enterprise Business IT Solutions Pty Ltd,19,251.0,333.04999999999995,333.04999999999995,enterpri e bu ine  it  olution  pty ltd
Proofpoint,2026-05-01,Enterprise Business IT Solutions Pty Ltd,19,251.0,333.04999999999995,333.04999999999995,enterpri e bu ine  it  olution  pty ltd
Bitdefender,2026-01-01,University Computers,3,213.0,331.2,331.2,univer ity computer
Proofpoint,2026-05-01,TSAChoice,3,247.0,330.98,330.98,t achoice
Bitdefender,2026-04-01,Western Capital Resources,1,347.0,329.65,329.65,we tern capital re ource
Proofpoint,2026-04-01,TSAChoice,3,246.0,329.64,329.64,t achoice
Acronis,2026-01-01,"Harris Technology Services, LLC",4,10776.15,328.69302000000005,328.69302000000005,harri  technology  ervice  llc
ESET,2026-02-01,NERD-1-1 IT Consultants,1,11368.0,328.643011,328.643011,nerd 1 1 it con ultant
Webroot,2026-03-01,IDwellings DBA Bevlin,1,632.0,328.64,328.64,idwelling  dba bevlin
Webroot,2026-05-01,IDwellings DBA Bevlin,1,632.0,328.64,328.64,idwelling  dba bevlin
Webroot,2026-02-01,IDwellings DBA Bevlin,1,632.0,328.64,328.64,idwelling  dba bevlin
Webroot,2026-01-01,IDwellings DBA Bevlin,1,632.0,328.64,328.64,idwelling  dba bevlin
Webroot,2026-04-01,IDwellings DBA Bevlin,1,632.0,328.64,328.64,idwelling  dba bevlin
Webroot,2026-03-01,NIC Inc.,2,631.0,328.12,328.12,nic inc
Bitdefender,2026-02-01,University Computers,3,211.0,328.0,328.0,univer ity computer
Bitdefender,2026-06-01,Western Capital Resources,1,345.0,327.75,327.75,we tern capital re ource
Webroot,2026-02-01,NIC Inc.,2,630.0,327.59999999999997,327.59999999999997,nic inc
ESET,2026-05-01,NERD-1-1 IT Consultants,1,12586.0,327.571334,327.571334,nerd 1 1 it con ultant
ESET,2026-07-01,NERD-1-1 IT Consultants,1,12586.0,327.571334,327.571334,nerd 1 1 it con ultant
SentinelOne,2026-03-01,CYB3R,2,444.0,326.93,326.93,cyb3r
ESET,2026-03-01,NERD-1-1 IT Consultants,1,12586.0,326.820103,326.820103,nerd 1 1 it con ultant
Bitdefender,2026-05-01,Western Capital Resources,1,343.0,325.85,325.85,we tern capital re ource
Bitdefender,2026-01-01,The Connected Office,2,271.0,325.08,325.08,the connected office
Bitdefender,2026-05-01,Acclaim IT,3,259.0,323.25870000000003,323.25870000000003,acclaim it
ESET,2026-01-01,NERD-1-1 IT Consultants,1,12547.0,321.75515,321.75515,nerd 1 1 it con ultant
ESET,2026-04-01,NERD-1-1 IT Consultants,1,12180.0,321.565249,321.565249,nerd 1 1 it con ultant
Bitdefender,2026-03-01,Adfranse Automatisering B V,1,247.0,321.5124,321.5124,adfran e automati ering b v
Bitdefender,2026-02-01,Adfranse Automatisering B V,1,240.0,319.9862,319.9862,adfran e automati ering b v
Webroot,2026-05-01,NIC Inc.,2,615.0,319.8,319.8,nic inc
Proofpoint,2026-06-01,KIS Technologies Inc.,23,484.0,319.44,319.44,ki  technologie  inc
Webroot,2026-04-01,NIC Inc.,2,614.0,319.28,319.28,nic inc
Acronis,2026-04-01,MBACIO,3,11715.07,317.974236,317.974236,mbacio
Bitdefender,2026-08-01,The Connected Office,3,240.0,317.47999999999996,317.47999999999996,the connected office
Bitdefender,2026-05-01,Flmakebusiness LLC,4,203.0,317.45,317.45,flmakebu ine  llc
Bitdefender,2026-01-01,Western Capital Resources,1,334.0,317.3,317.3,we tern capital re ource
Bitdefender,2026-02-01,Western Capital Resources,1,334.0,317.3,317.3,we tern capital re ource
ESET,2026-06-01,NERD-1-1 IT Consultants,1,12180.0,317.004516,317.004516,nerd 1 1 it con ultant
Webroot,2026-01-01,NIC Inc.,2,609.0,316.68,316.68,nic inc
Acronis,2026-05-01,MBACIO,3,11588.79,316.10529199999996,316.10529199999996,mbacio
SentinelOne,2026-06-01,ROMETEK,1,439.0,316.08,316.08,rometek
Bitdefender,2026-06-01,Flmakebusiness LLC,4,201.0,314.95000000000005,314.95000000000005,flmakebu ine  llc
SentinelOne,2026-05-01,ROMETEK,1,437.0,314.64,314.64,rometek
SentinelOne,2026-07-01,ROMETEK,1,437.0,314.64,314.64,rometek
Auvik,2026-06-01,WTA Consulting,2,28.0,314.62,314.62,wta con ulting
Auvik,2026-07-01,WTA Consulting,2,28.0,314.62,314.62,wta con ulting
Bitdefender,2026-01-01,Tech Stream Solutions,3,238.0,314.4393,314.4393,tech  tream  olution
Bitdefender,2026-02-01,The Connected Office,2,261.0,313.08,313.08,the connected office
KeepIT,2026-02-01,mysmbtech,1,481.0,312.65,312.65,my mbtech
Webroot,2026-02-01,MRL Network Solutions,1,600.0,312.0,312.0,mrl network  olution
Webroot,2026-01-01,MRL Network Solutions,1,600.0,312.0,312.0,mrl network  olution
Webroot,2026-03-01,MRL Network Solutions,1,600.0,312.0,312.0,mrl network  olution
Webroot,2026-05-01,MRL Network Solutions,1,600.0,312.0,312.0,mrl network  olution
Webroot,2026-04-01,MRL Network Solutions,1,600.0,312.0,312.0,mrl network  olution
Bitdefender,2026-04-01,The Connected Office,2,259.0,310.68,310.68,the connected office
ESET,2026-03-01,VMG Strategic Consulting,1,11900.0,309.006771,309.006771,vmg  trategic con ulting
SentinelOne,2026-04-01,CYB3R,2,426.0,308.643019,308.643019,cyb3r
Bitdefender,2026-03-01,The Connected Office,2,257.0,308.28,308.28,the connected office
Proofpoint,2026-04-01,VMG Strategic Consulting,6,151.0,308.04,308.04,vmg  trategic con ulting
SentinelOne,2026-06-01,CW DEV Fortify Dev Account 5,1,425.0,306.0,306.0,cw dev fortify dev account 5
SentinelOne,2026-07-01,CW DEV Fortify Dev Account 5,1,425.0,306.0,306.0,cw dev fortify dev account 5
Bitdefender,2026-05-01,The Connected Office,2,254.0,304.68,304.68,the connected office
Auvik,2026-01-01,Continuum - EMEA,1,29.0,304.5,304.5,continuum emea
Acronis,2026-06-01,Austin Computer Guys,2,5847.38,304.065524,304.065524,au tin computer guy
ESET,2026-05-01,Heart Technologies Inc.,2,15345.0,304.012267,304.012267,heart technologie  inc
Proofpoint,2026-02-01,KIS Technologies Inc.,20,460.0,303.6,303.6,ki  technologie  inc
ESET,2026-03-01,SysTechNY,1,11300.0,303.440746,303.440746,y techny
Auvik,2026-05-01,WTA Consulting,2,27.0,303.38,303.38,wta con ulting
Acronis,2026-05-01,Austin Computer Guys,2,5766.01,302.86124800000005,302.86124800000005,au tin computer guy
Acronis,2026-07-01,National Oak Distributors,1,5556.31,302.818895,302.818895,national oak di tributor
Proofpoint,2026-07-01,Sissine's Office Systems Inc.,2,184.0,302.68,302.68,i ine   office  y tem  inc
ESET,2026-02-01,Heart Technologies Inc.,2,13860.0,302.606667,302.606667,heart technologie  inc
SentinelOne,2026-05-01,CW DEV Fortify Dev Account 5,1,420.0,302.4,302.4,cw dev fortify dev account 5
Bitdefender,2026-06-01,The Connected Office,2,252.0,302.28,302.28,the connected office
Acronis,2026-01-01,National Oak Distributors,1,5532.92,301.54414,301.54414,national oak di tributor
Acronis,2026-06-01,National Oak Distributors,1,5506.22,300.08899,300.08899,national oak di tributor
KeepIT,2026-01-01,NXT IT Solutions,1,400.0,300.0,300.0,nxt it  olution
Acronis,2026-03-01,National Oak Distributors,1,5500.57,299.781065,299.781065,national oak di tributor
ESET,2026-04-01,Heart Technologies Inc.,2,14850.0,299.562905,299.562905,heart technologie  inc
Acronis,2026-05-01,National Oak Distributors,1,5492.48,299.34016,299.34016,national oak di tributor
SentinelOne,2026-04-01,ROMETEK,1,419.0,299.205779,299.205779,rometek
Acronis,2026-04-01,National Oak Distributors,1,5488.96,299.14832,299.14832,national oak di tributor
Acronis,2026-02-01,National Oak Distributors,1,5474.63,298.367335,298.367335,national oak di tributor
Proofpoint,2026-03-01,KIS Technologies Inc.,21,452.0,298.32000000000005,298.32000000000005,ki  technologie  inc
Proofpoint,2026-05-01,KIS Technologies Inc.,21,452.0,298.32,298.32,ki  technologie  inc
ESET,2026-01-01,Heart Technologies Inc.,2,15345.0,297.72477000000003,297.72477000000003,heart technologie  inc
KeepIT,2026-01-01,mysmbtech,1,458.0,297.7,297.7,my mbtech
ESET,2026-03-01,Heart Technologies Inc.,2,15345.0,297.502,297.502,heart technologie  inc
Proofpoint,2026-04-01,KIS Technologies Inc.,21,450.0,297.0,297.0,ki  technologie  inc
Bitdefender,2026-06-01,Acclaim IT,3,244.0,296.6776,296.6776,acclaim it
SentinelOne,2026-04-01,CW DEV Fortify Dev Account 5,1,415.0,296.349399,296.349399,cw dev fortify dev account 5
Bitdefender,2026-08-01,Flmakebusiness LLC,4,188.0,294.0,294.0,flmakebu ine  llc
Acronis,2026-03-01,The Ulven Companies,2,19681.43,293.753564,293.753564,the ulven companie
Acronis,2026-04-01,The Ulven Companies,2,19681.43,293.753564,293.753564,the ulven companie
Acronis,2026-01-01,The Ulven Companies,2,19681.43,293.753564,293.753564,the ulven companie
Acronis,2026-02-01,The Ulven Companies,2,19681.43,293.753564,293.753564,the ulven companie
Bitdefender,2026-01-01,Adfranse Automatisering B V,1,219.0,293.2891,293.2891,adfran e automati ering b v
Acronis,2026-03-01,"Consolidated Technology Management, Inc.",2,7209.77,293.059237,293.059237,con olidated technology management inc
Acronis,2026-02-01,"Consolidated Technology Management, Inc.",2,7209.77,293.059237,293.059237,con olidated technology management inc
Acronis,2026-01-01,"Consolidated Technology Management, Inc.",2,7209.77,293.059237,293.059237,con olidated technology management inc
Acronis,2026-07-01,The Ulven Companies,2,19599.3,292.53804,292.53804,the ulven companie
Acronis,2026-05-01,The Ulven Companies,2,19599.3,292.53804,292.53804,the ulven companie
Acronis,2026-06-01,The Ulven Companies,2,19599.3,292.53804,292.53804,the ulven companie
Auvik,2026-07-01,Intalect Ltd,2,26.0,292.14,292.14,intalect ltd
Webroot,2026-04-01,Providence Technology Group,1,560.0,291.2,291.2,providence technology group
Proofpoint,2026-04-01,Global Data Systems Inc,1,142.0,291.1,291.1,global data  y tem  inc
Bitdefender,2026-07-01,Flmakebusiness LLC,4,186.0,290.79999999999995,290.79999999999995,flmakebu ine  llc
Bitdefender,2026-01-01,Axiom,1,247.0,290.29,290.29,axiom
Bitdefender,2026-03-01,Axiom,1,247.0,290.29,290.29,axiom
Bitdefender,2026-06-01,Axiom,1,247.0,290.29,290.29,axiom
Bitdefender,2026-05-01,Axiom,1,247.0,290.29,290.29,axiom
Bitdefender,2026-04-01,Axiom,1,247.0,290.29,290.29,axiom
Bitdefender,2026-02-01,Axiom,1,247.0,290.29,290.29,axiom
Bitdefender,2026-08-01,Axiom,1,247.0,290.29,290.29,axiom
Bitdefender,2026-07-01,Axiom,1,247.0,290.29,290.29,axiom
SentinelOne,2026-05-01,CYB3R,1,403.0,290.16,290.16,cyb3r
Bitdefender,2026-03-01,Davis Advanced Technology,1,259.0,290.08,290.08,davi  advanced technology
Acronis,2026-01-01,PC Solutions,3,5280.81,290.07054500000004,290.07054500000004,pc  olution
SentinelOne,2026-03-01,ROMETEK,1,402.0,289.44,289.44,rometek
SentinelOne,2026-03-01,CW DEV Fortify Dev Account 5,1,402.0,289.44,289.44,cw dev fortify dev account 5
Acronis,2026-04-01,Austin Computer Guys,2,5545.31,289.236588,289.236588,au tin computer guy
Bitdefender,2026-04-01,Flmakebusiness LLC,3,180.0,288.9,288.9,flmakebu ine  llc
KeepIT,2026-01-01,Medic Cloud,2,394.0,288.0,288.0,medic cloud
Acronis,2026-03-01,Austin Computer Guys,2,5391.92,286.967416,286.967416,au tin computer guy
SentinelOne,2026-07-01,QUACKCOM,1,284.0,286.84,286.84,quackcom
Bitdefender,2026-01-01,Davis Advanced Technology,1,256.0,286.72,286.72,davi  advanced technology
Bitdefender,2026-04-01,Custom Solutions,1,220.0,286.0,286.0,cu tom  olution
Bitdefender,2026-05-01,Custom Solutions,1,220.0,286.0,286.0,cu tom  olution
Bitdefender,2026-07-01,Custom Solutions,1,220.0,286.0,286.0,cu tom  olution
Bitdefender,2026-01-01,Custom Solutions,1,220.0,286.0,286.0,cu tom  olution
Bitdefender,2026-06-01,Custom Solutions,1,220.0,286.0,286.0,cu tom  olution
Bitdefender,2026-08-01,Custom Solutions,1,220.0,286.0,286.0,cu tom  olution
Bitdefender,2026-02-01,Custom Solutions,1,220.0,286.0,286.0,cu tom  olution
Bitdefender,2026-03-01,Custom Solutions,1,220.0,286.0,286.0,cu tom  olution
Acronis,2026-02-01,Austin Computer Guys,2,5282.54,285.34759199999996,285.34759199999996,au tin computer guy
SentinelOne,2026-02-01,CW DEV Fortify Dev Account 5,1,396.0,285.12,285.12,cw dev fortify dev account 5
Proofpoint,2026-03-01,Global Data Systems Inc,1,139.0,284.95,284.95,global data  y tem  inc
Acronis,2026-01-01,Austin Computer Guys,2,5211.49,284.296052,284.296052,au tin computer guy
SentinelOne,2026-06-01,CYB3R,1,394.0,283.68,283.68,cyb3r
Bitdefender,2026-02-01,Davis Advanced Technology,1,253.0,283.36,283.36,davi  advanced technology
Proofpoint,2026-07-01,ONCi Networks Inc. dba ICMicro,2,322.0,283.36,283.36,onci network  inc dba icmicro
SentinelOne,2026-01-01,CW DEV Fortify Dev Account 5,1,396.0,283.174211,283.174211,cw dev fortify dev account 5
Proofpoint,2026-02-01,Global Data Systems Inc,1,138.0,282.9,282.9,global data  y tem  inc
Bitdefender,2026-08-01,TWC IT Solutions,3,226.0,282.51390000000004,282.51390000000004,twc it  olution
ESET,2026-07-01,Heart Technologies Inc.,1,10850.0,282.389081,282.389081,heart technologie  inc
Bitdefender,2026-03-01,Flmakebusiness LLC,3,175.0,281.04999999999995,281.04999999999995,flmakebu ine  llc
Auvik,2026-04-01,WTA Consulting,2,25.0,280.9,280.9,wta con ulting
Proofpoint,2026-01-01,Global Data Systems Inc,1,137.0,280.85,280.85,global data  y tem  inc
Acronis,2026-01-01,Metrix,5,3480.5,278.6581,278.6581,metrix
SentinelOne,2026-02-01,ROMETEK,1,387.0,278.64,278.64,rometek
SentinelOne,2026-07-01,HEROITSUPPORT,1,387.0,278.64,278.64,heroit upport
Proofpoint,2026-01-01,KIS Technologies Inc.,18,422.0,278.52,278.52,ki  technologie  inc
Acronis,2026-05-01,Medical Technology Solutions LLC,2,5101.09,278.127405,278.127405,medical technology  olution  llc
Acronis,2026-02-01,Metrix,5,3484.71,277.585008,277.585008,metrix
Acronis,2026-03-01,Metrix,5,3468.94,277.351862,277.351862,metrix
Acronis,2026-07-01,Medical Technology Solutions LLC,2,5044.05,275.018725,275.018725,medical technology  olution  llc
Acronis,2026-06-01,Medical Technology Solutions LLC,2,5016.26,273.50417,273.50417,medical technology  olution  llc
Proofpoint,2026-05-01,ASAP Computer,4,248.0,272.8,272.8,a ap computer
Bitdefender,2026-01-01,Flmakebusiness LLC,3,169.0,271.15,271.15,flmakebu ine  llc
Bitdefender,2026-08-01,NXT IT Solutions,1,256.0,270.1069,270.1069,nxt it  olution
Bitdefender,2026-02-01,TWC IT Solutions,3,209.0,269.7572,269.7572,twc it  olution
Bitdefender,2026-05-01,NXT IT Solutions,1,252.0,269.6671,269.6671,nxt it  olution
Auvik,2026-06-01,Intalect Ltd,2,24.0,269.65999999999997,269.65999999999997,intalect ltd
Acronis,2026-07-01,Prefix Technologies,8,5504.07,268.897525,268.897525,prefix technologie
Bitdefender,2026-05-01,TWC IT Solutions,3,208.0,268.5862,268.5862,twc it  olution
Bitdefender,2026-02-01,Flmakebusiness LLC,3,167.0,268.25,268.25,flmakebu ine  llc
Bitdefender,2026-02-01,"Harris Technology Services, LLC",3,185.0,267.90000000000003,267.90000000000003,harri  technology  ervice  llc
Acronis,2026-06-01,Prefix Technologies,8,5456.84,266.89358200000004,266.89358200000004,prefix technologie
Acronis,2026-05-01,Prefix Technologies,8,5424.549999999999,265.71816099999995,265.71816099999995,prefix technologie
Bitdefender,2026-01-01,"Harris Technology Services, LLC",3,182.0,264.0,264.0,harri  technology  ervice  llc
Bitdefender,2026-06-01,"Harris Technology Services, LLC",3,181.0,263.40000000000003,263.40000000000003,harri  technology  ervice  llc
Auvik,2026-01-01,S.J. Louis Construction Inc,2,30.0,262.5,262.5,j loui  con truction inc
Bitdefender,2026-08-01,"Harris Technology Services, LLC",3,180.0,262.2,262.2,harri  technology  ervice  llc
Webroot,2026-07-01,IT Automation,2,477.0,259.02,259.02,it automation
Webroot,2026-06-01,IT Automation,2,477.0,259.02,259.02,it automation
Bitdefender,2026-04-01,TWC IT Solutions,3,202.0,258.85339999999997,258.85339999999997,twc it  olution
SentinelOne,2026-01-01,ROMETEK,1,361.0,258.146187,258.146187,rometek
Bitdefender,2026-07-01,"Harris Technology Services, LLC",3,177.0,258.0,258.0,harri  technology  ervice  llc
Bitdefender,2026-05-01,"Harris Technology Services, LLC",3,176.0,257.4,257.4,harri  technology  ervice  llc
Acronis,2026-06-01,Quick Fix Network,3,9206.68,256.908564,256.908564,quick fix network
Bitdefender,2026-04-01,"Harris Technology Services, LLC",3,175.0,255.6,255.6,harri  technology  ervice  llc
Bitdefender,2026-03-01,TWC IT Solutions,3,203.0,255.4966,255.4966,twc it  olution
Bitdefender,2026-03-01,"Harris Technology Services, LLC",3,174.0,253.79999999999998,253.79999999999998,harri  technology  ervice  llc
Acronis,2026-05-01,Quick Fix Network,3,9083.46,253.395708,253.395708,quick fix network
Bitdefender,2026-06-01,Entre Technology Services,1,225.0,252.0,252.0,entre technology  ervice
Bitdefender,2026-07-01,Entre Technology Services,1,225.0,252.0,252.0,entre technology  ervice
Acronis,2026-04-01,Prefix Technologies,6,5332.6900000000005,251.96899100000002,251.96899100000002,prefix technologie
Bitdefender,2026-04-01,Davis Advanced Technology,1,250.0,250.0,250.0,davi  advanced technology
Acronis,2026-03-01,Prefix Technologies,6,5308.48,249.97627200000002,249.97627200000002,prefix technologie
Acronis,2026-03-01,Quick Fix Network,3,9094.17,248.486616,248.486616,quick fix network
Bitdefender,2026-06-01,NXT IT Solutions,1,238.0,248.3425,248.3425,nxt it  olution
Acronis,2026-02-01,Prefix Technologies,6,5275.88,248.21009100000003,248.21009100000003,prefix technologie
Auvik,2026-05-01,Intalect Ltd,2,22.0,247.17999999999998,247.17999999999998,intalect ltd
Bitdefender,2026-07-01,Davis Advanced Technology,1,247.0,247.0,247.0,davi  advanced technology
Bitdefender,2026-06-01,Davis Advanced Technology,1,247.0,247.0,247.0,davi  advanced technology
Acronis,2026-04-01,Quick Fix Network,3,8973.16,246.695668,246.695668,quick fix network
Bitdefender,2026-05-01,Davis Advanced Technology,1,246.0,246.0,246.0,davi  advanced technology
Bitdefender,2026-07-01,NXT IT Solutions,1,236.0,245.2444,245.2444,nxt it  olution
Acronis,2026-02-01,JWS Solutions,8,6716.22,244.765556,244.765556,jw   olution
Acronis,2026-03-01,JWS Solutions,8,6595.97,244.67515600000004,244.67515600000004,jw   olution
Bitdefender,2026-08-01,Davis Advanced Technology,1,244.0,244.0,244.0,davi  advanced technology
Acronis,2026-01-01,JWS Solutions,8,6671.94,243.250812,243.250812,jw   olution
Acronis,2026-04-01,JWS Solutions,8,6439.07,242.352936,242.352936,jw   olution
Webroot,2026-01-01,CSI,1,466.0,242.32,242.32,c i
ESET,2026-05-01,VMG Strategic Consulting,1,9300.0,242.047783,242.047783,vmg  trategic con ulting
Acronis,2026-07-01,E2E Technology Solutions,6,5825.83,241.906184,241.906184,e2e technology  olution
Auvik,2026-01-01,Empower Information Systems,2,23.0,241.5,241.5,empower information  y tem
Acronis,2026-01-01,Quick Fix Network,3,8480.24,239.40045200000003,239.40045200000003,quick fix network
Acronis,2026-02-01,Quick Fix Network,3,8476.14,239.339772,239.339772,quick fix network
Bitdefender,2026-04-01,COMHOME Network Solutions,1,183.0,237.9,237.9,comhome network  olution
Bitdefender,2026-07-01,The Connected Office,2,183.0,237.68,237.68,the connected office
ESET,2026-04-01,VMG Strategic Consulting,1,9000.0,237.60979,237.60979,vmg  trategic con ulting
Acronis,2026-04-01,E2E Technology Solutions,6,5399.45,237.54826000000003,237.54826000000003,e2e technology  olution
Bitdefender,2026-04-01,NXT IT Solutions,1,223.0,237.0654,237.0654,nxt it  olution
SentinelOne,2026-02-01,SYSTECHNY,1,328.0,236.16,236.16,y techny
Auvik,2026-02-01,Empower Information Systems,2,21.0,235.99,235.99,empower information  y tem
Auvik,2026-03-01,Empower Information Systems,2,21.0,235.99,235.99,empower information  y tem
Auvik,2026-03-01,Intalect Ltd,2,21.0,235.94,235.94,intalect ltd
Auvik,2026-04-01,Intalect Ltd,2,21.0,235.94,235.94,intalect ltd
Auvik,2026-02-01,Intalect Ltd,2,21.0,235.94,235.94,intalect ltd
Bitdefender,2026-02-01,COMHOME Network Solutions,1,181.0,235.3,235.3,comhome network  olution
Acronis,2026-06-01,E2E Technology Solutions,6,5372.34,235.194532,235.194532,e2e technology  olution
Webroot,2026-07-01,Providence Technology Group,1,419.0,234.64,234.64,providence technology group
Webroot,2026-06-01,Providence Technology Group,1,419.0,234.64,234.64,providence technology group
Webroot,2026-02-01,CSI,1,451.0,234.52,234.52,c i
Bitdefender,2026-07-01,TWC IT Solutions,3,189.0,234.34810000000002,234.34810000000002,twc it  olution
Bitdefender,2026-05-01,COMHOME Network Solutions,1,180.0,234.0,234.0,comhome network  olution
Acronis,2026-01-01,Prefix Technologies,6,5146.110000000001,233.941269,233.941269,prefix technologie
Acronis,2026-03-01,E2E Technology Solutions,6,5019.13,231.919824,231.919824,e2e technology  olution
Bitdefender,2026-03-01,COMHOME Network Solutions,1,178.0,231.4,231.4,comhome network  olution
Bitdefender,2026-06-01,TWC IT Solutions,3,183.0,229.34250000000003,229.34250000000003,twc it  olution
Bitdefender,2026-06-01,"BITS Consulting, LLC",1,79.0,227.52,227.52,bit  con ulting llc
Bitdefender,2026-05-01,"BITS Consulting, LLC",1,79.0,227.52,227.52,bit  con ulting llc
Acronis,2026-05-01,E2E Technology Solutions,6,4963.85,227.45968,227.45968,e2e technology  olution
Acronis,2026-02-01,"1 Up Tech, LLC",4,5437.54,226.645545,226.645545,1 up tech llc
Acronis,2026-06-01,Jilasoan,2,13148.91,225.67876800000002,225.67876800000002,jila oan
Acronis,2026-03-01,EZ Solutions,6,8125.08,225.661484,225.661484,ez  olution
Acronis,2026-01-01,EZ Solutions,6,8125.08,225.66148399999997,225.66148399999997,ez  olution
Acronis,2026-02-01,EZ Solutions,6,8125.08,225.66148399999997,225.66148399999997,ez  olution
KeepIT,2026-07-01,Pegasus Technology Pty Ltd,1,300.0,225.0,225.0,pega u  technology pty ltd
KeepIT,2026-01-01,Pegasus Technology Pty Ltd,1,300.0,225.0,225.0,pega u  technology pty ltd
Auvik,2026-04-01,Empower Information Systems,2,20.0,224.75,224.75,empower information  y tem
Bitdefender,2026-01-01,COMHOME Network Solutions,1,172.0,223.6,223.6,comhome network  olution
Bitdefender,2026-04-01,"BITS Consulting, LLC",1,77.0,221.76,221.76,bit  con ulting llc
Bitdefender,2026-08-01,COMHOME Network Solutions,1,170.0,221.0,221.0,comhome network  olution
Bitdefender,2026-02-01,Tech Stream Solutions,2,163.0,220.6009,220.6009,tech  tream  olution
Auvik,2026-01-01,Intalect Ltd,2,21.0,220.5,220.5,intalect ltd
Acronis,2026-01-01,DigitalBrainz,5,7001.8,220.21794,220.21794,digitalbrainz
Acronis,2026-02-01,E2E Technology Solutions,6,4928.2,220.21545999999998,220.21545999999998,e2e technology  olution
Bitdefender,2026-07-01,COMHOME Network Solutions,1,169.0,219.7,219.7,comhome network  olution
Webroot,2026-04-01,IT Automation,2,417.0,219.20999999999998,219.20999999999998,it automation
Proofpoint,2026-07-01,SecureTrust Technologies N.V,2,168.0,218.39999999999998,218.39999999999998,ecuretru t technologie  n v
Proofpoint,2026-06-01,SecureTrust Technologies N.V,2,168.0,218.39999999999998,218.39999999999998,ecuretru t technologie  n v
Webroot,2026-05-01,IT Automation,2,415.0,218.14999999999998,218.14999999999998,it automation
Proofpoint,2026-02-01,Montec IT Group,5,295.0,217.8,217.8,montec it group
Acronis,2026-01-01,E2E Technology Solutions,6,4622.66,217.382668,217.382668,e2e technology  olution
Acronis,2026-04-01,Jilasoan,2,12580.67,217.26881600000002,217.26881600000002,jila oan
Bitdefender,2026-06-01,COMHOME Network Solutions,1,167.0,217.1,217.1,comhome network  olution
Acronis,2026-01-01,"1 Up Tech, LLC",4,5066.54,216.827108,216.827108,1 up tech llc
Proofpoint,2026-01-01,Montec IT Group,5,293.0,216.48,216.48,montec it group
Proofpoint,2026-07-01,TRIO Technical Solutions Ltd,1,106.0,216.24,216.24,trio technical  olution  ltd
Acronis,2026-03-01,DigitalBrainz,5,6732.23,216.22875399999998,216.22875399999998,digitalbrainz
Acronis,2026-02-01,DigitalBrainz,5,6714.85,215.97108,215.97108,digitalbrainz
Acronis,2026-05-01,JWS Solutions,7,6328.03,214.950044,214.950044,jw   olution
Acronis,2026-03-01,PC Solutions,3,3927.19,214.826655,214.826655,pc  olution
Acronis,2026-05-01,Jilasoan,2,12414.37,214.807576,214.807576,jila oan
Acronis,2026-02-01,PC Solutions,3,3915.59,214.19445499999998,214.19445499999998,pc  olution
Acronis,2026-03-01,Jilasoan,2,12370.58,214.159634,214.159634,jila oan
Acronis,2026-06-01,JWS Solutions,7,6247.39,213.756572,213.756572,jw   olution
Acronis,2026-07-01,JWS Solutions,7,6294.36,213.592328,213.592328,jw   olution
Auvik,2026-05-01,Empower Information Systems,2,19.0,213.51,213.51,empower information  y tem
Webroot,2026-03-01,IT Automation,2,405.0,212.87,212.87,it automation
Webroot,2026-05-01,Providence Technology Group,1,409.0,212.68,212.68,providence technology group
Auvik,2026-02-01,ConnectWise - EMEA,1,20.0,210.0,210.0,connectwi e emea
Bitdefender,2026-03-01,NXT IT Solutions,1,203.0,208.3215,208.3215,nxt it  olution
Acronis,2026-04-01,Microtel Systems Corp,5,11309.29,206.706692,206.706692,microtel  y tem  corp
Acronis,2026-03-01,Microtel Systems Corp,5,11136.33,204.14703400000002,204.14703400000002,microtel  y tem  corp
Acronis,2026-02-01,Microtel Systems Corp,5,11103.27,203.65759599999998,203.65759599999998,microtel  y tem  corp
Bitdefender,2026-05-01,Tech Stream Solutions,3,149.0,203.6436,203.6436,tech  tream  olution
KeepIT,2026-03-01,CMD2CWTestPartnerPROD015,2,203.0,203.0,203.0,cmd2cwte tpartnerprod015
KeepIT,2026-02-01,CMD2CWTestPartnerPROD015,2,203.0,203.0,203.0,cmd2cwte tpartnerprod015
Proofpoint,2026-04-01,SecureTrust Technologies N.V,2,156.0,202.8,202.8,ecuretru t technologie  n v
Proofpoint,2026-01-01,SecureTrust Technologies N.V,2,156.0,202.8,202.8,ecuretru t technologie  n v
Proofpoint,2026-03-01,SecureTrust Technologies N.V,2,156.0,202.8,202.8,ecuretru t technologie  n v
Proofpoint,2026-02-01,SecureTrust Technologies N.V,2,156.0,202.8,202.8,ecuretru t technologie  n v
Proofpoint,2026-05-01,SecureTrust Technologies N.V,2,156.0,202.8,202.8,ecuretru t technologie  n v
Acronis,2026-01-01,Microtel Systems Corp,5,11027.75,202.5399,202.5399,microtel  y tem  corp
Bitdefender,2026-05-01,Balliante Ltd,1,258.0,202.4952,202.4952,balliante ltd
Proofpoint,2026-04-01,ASAP Computer,2,184.0,202.4,202.4,a ap computer
Auvik,2026-06-01,Empower Information Systems,2,18.0,202.26999999999998,202.26999999999998,empower information  y tem
Auvik,2026-07-01,Empower Information Systems,2,18.0,202.26999999999998,202.26999999999998,empower information  y tem
Bitdefender,2026-02-01,NXT IT Solutions,1,192.0,201.8213,201.8213,nxt it  olution
Bitdefender,2026-03-01,Tech Stream Solutions,2,148.0,201.1635,201.1635,tech  tream  olution
KeepIT,2026-01-01,CMD2CWTestPartnerPROD015,2,201.0,201.0,201.0,cmd2cwte tpartnerprod015
Acronis,2026-03-01,Oscar Wilson Engine & Parts,4,7024.05,200.98049,200.98049,o car wil on engine part
Bitdefender,2026-01-01,NXT IT Solutions,1,194.0,200.4672,200.4672,nxt it  olution
Acronis,2026-07-01,SZS Consulting,8,47.0,200.45825000000002,200.45825000000002,z  con ulting
Acronis,2026-06-01,SZS Consulting,8,47.0,200.45825000000002,200.45825000000002,z  con ulting
Acronis,2026-05-01,SZS Consulting,8,47.0,200.45825,200.45825,z  con ulting
Proofpoint,2026-06-01,ASAP Computer,2,121.0,199.65,199.65,a ap computer
Proofpoint,2026-07-01,ASAP Computer,2,120.0,198.0,198.0,a ap computer
Acronis,2026-02-01,Sanchez Management Corp,5,2011.78,197.256744,197.256744,anchez management corp
Bitdefender,2026-06-01,Balliante Ltd,1,254.0,197.2142,197.2142,balliante ltd
Acronis,2026-03-01,Sanchez Management Corp,5,2120.1800000000003,196.575464,196.575464,anchez management corp
Acronis,2026-01-01,Sanchez Management Corp,5,2043.52,195.455696,195.455696,anchez management corp
Acronis,2026-05-01,Sanchez Management Corp,5,2112.4300000000003,194.18996399999997,194.18996399999997,anchez management corp
Acronis,2026-04-01,Sanchez Management Corp,5,2163.81,193.81498800000003,193.81498800000003,anchez management corp
Acronis,2026-05-01,Microtel Systems Corp,4,11356.13,193.663224,193.663224,microtel  y tem  corp
Acronis,2026-06-01,Sanchez Management Corp,5,2126.52,193.24829600000004,193.24829600000004,anchez management corp
Bitdefender,2026-02-01,Balliante Ltd,1,244.0,192.4001,192.4001,balliante ltd
Webroot,2026-02-01,IT Automation,2,366.0,192.26999999999998,192.26999999999998,it automation
Acronis,2026-01-01,"NXC Holdings, LLC",6,4302.33,192.10538400000002,192.10538400000002,nxc holding  llc
Acronis,2026-02-01,"Petra Technologies, Inc.",4,4339.65,191.79721999999998,191.79721999999998,petra technologie  inc
Bitdefender,2026-04-01,Balliante Ltd,1,243.0,190.0343,190.0343,balliante ltd
Bitdefender,2026-08-01,Balliante Ltd,1,241.0,188.5674,188.5674,balliante ltd
Webroot,2026-01-01,IT Automation,2,357.0,187.54000000000002,187.54000000000002,it automation
Bitdefender,2026-01-01,"BITS Consulting, LLC",1,65.0,187.2,187.2,bit  con ulting llc
Bitdefender,2026-02-01,"BITS Consulting, LLC",1,65.0,187.2,187.2,bit  con ulting llc
Acronis,2026-07-01,Today's Business Computers Inc,6,5300.47,186.56705600000004,186.56705600000004,today   bu ine  computer  inc
Bitdefender,2026-07-01,Balliante Ltd,1,241.0,186.4593,186.4593,balliante ltd
Exium,2026-07-01,MooIT,2,32.0,185.75,185.75,mooit
Acronis,2026-06-01,Today's Business Computers Inc,6,5188.21,184.90560800000003,184.90560800000003,today   bu ine  computer  inc
Acronis,2026-05-01,"1 Up Tech, LLC",3,4408.820000000001,184.876914,184.876914,1 up tech llc
SentinelOne,2026-04-01,LutheranMetro,1,183.0,184.83,184.83,lutheranmetro
Acronis,2026-05-01,Today's Business Computers Inc,6,5170.63,184.64542400000002,184.64542400000002,today   bu ine  computer  inc
Bitdefender,2026-07-01,Acclaim IT,3,237.0,184.3308,184.3308,acclaim it
Bitdefender,2026-03-01,"BITS Consulting, LLC",1,64.0,184.32,184.32,bit  con ulting llc
Acronis,2026-04-01,"1 Up Tech, LLC",3,4387.0599999999995,184.18730499999998,184.18730499999998,1 up tech llc
Acronis,2026-04-01,Today's Business Computers Inc,6,5077.97,183.27405600000003,183.27405600000003,today   bu ine  computer  inc
Acronis,2026-03-01,"1 Up Tech, LLC",3,4359.13,183.01614299999997,183.01614299999997,1 up tech llc
Bitdefender,2026-03-01,Balliante Ltd,1,238.0,182.8343,182.8343,balliante ltd
Acronis,2026-07-01,Sanchez Management Corp,5,1913.26,182.764248,182.764248,anchez management corp
Acronis,2026-03-01,Today's Business Computers Inc,6,5034.92,182.637266,182.637266,today   bu ine  computer  inc
Acronis,2026-02-01,Oscar Wilson Engine & Parts,4,5765.33,182.35098399999998,182.35098399999998,o car wil on engine part
Acronis,2026-02-01,Today's Business Computers Inc,6,5010.94,182.282012,182.282012,today   bu ine  computer  inc
Bitdefender,2026-08-01,Acclaim IT,3,231.0,182.0587,182.0587,acclaim it
SentinelOne,2026-02-01,LutheranMetro,1,180.0,181.8,181.8,lutheranmetro
SentinelOne,2026-01-01,LutheranMetro,1,179.0,180.79,180.79,lutheranmetro
SentinelOne,2026-07-01,PROSEARCH,1,251.0,180.72,180.72,pro earch
Acronis,2026-04-01,T3 Networks,4,650.4,180.30172,180.30172,t3 network
SentinelOne,2026-03-01,LutheranMetro,1,178.0,179.78,179.78,lutheranmetro
Bitdefender,2026-07-01,TRIO Technical Solutions Ltd,1,146.0,179.1759,179.1759,trio technical  olution  ltd
Bitdefender,2026-06-01,Tech Stream Solutions,2,134.0,178.82309999999998,178.82309999999998,tech  tream  olution
Acronis,2026-05-01,T3 Networks,4,658.11,178.726628,178.726628,t3 network
Acronis,2026-06-01,T3 Networks,4,649.13,178.59372399999998,178.59372399999998,t3 network
Acronis,2026-07-01,T3 Networks,4,648.27,178.580996,178.580996,t3 network
Bitdefender,2026-01-01,Balliante Ltd,1,225.0,178.0603,178.0603,balliante ltd
Proofpoint,2026-07-01,WPG Consulting,3,108.0,177.1,177.1,wpg con ulting
Acronis,2026-02-01,T3 Networks,4,678.23,176.808604,176.808604,t3 network
Acronis,2026-01-01,T3 Networks,4,677.04,176.790992,176.790992,t3 network
SentinelOne,2026-07-01,LutheranMetro,1,175.0,176.75,176.75,lutheranmetro
Acronis,2026-04-01,EZ Solutions,4,8094.08,176.728284,176.728284,ez  olution
Bitdefender,2026-07-01,Tech Stream Solutions,3,133.0,176.5545,176.5545,tech  tream  olution
Acronis,2026-01-01,Archer McKinley Inc,1,11908.04,176.238992,176.238992,archer mckinley inc
Acronis,2026-03-01,Archer McKinley Inc,1,11908.04,176.238992,176.238992,archer mckinley inc
Acronis,2026-02-01,Archer McKinley Inc,1,11908.04,176.238992,176.238992,archer mckinley inc
Acronis,2026-01-01,Oscar Wilson Engine & Parts,4,5339.76,176.052548,176.052548,o car wil on engine part
Acronis,2026-07-01,"1 Up Tech, LLC",3,4238.37,175.59801900000002,175.59801900000002,1 up tech llc
Proofpoint,2026-03-01,VMG Strategic Consulting,2,86.0,175.44,175.44,vmg  trategic con ulting
Acronis,2026-02-01,Allied Business Systems,7,5507.32,174.986336,174.986336,allied bu ine   y tem
Acronis,2026-01-01,Allied Business Systems,7,5506.75,174.97789999999998,174.97789999999998,allied bu ine   y tem
Acronis,2026-06-01,"1 Up Tech, LLC",3,4216.01,173.99422800000002,173.99422800000002,1 up tech llc
Acronis,2026-05-01,Oscar Wilson Engine & Parts,4,5079.05,172.19404,172.19404,o car wil on engine part
Proofpoint,2026-06-01,WPG Consulting,3,105.0,172.14999999999998,172.14999999999998,wpg con ulting
Bitdefender,2026-08-01,Wavehill IT Solutions,2,132.0,171.8529,171.8529,wavehill it  olution
Acronis,2026-06-01,Oscar Wilson Engine & Parts,4,5021.7,171.34526,171.34526,o car wil on engine part
SentinelOne,2026-06-01,LutheranMetro,1,169.0,170.69,170.69,lutheranmetro
SentinelOne,2026-05-01,LutheranMetro,1,169.0,170.69,170.69,lutheranmetro
Bitdefender,2026-02-01,Wavehill IT Solutions,2,132.0,170.06310000000002,170.06310000000002,wavehill it  olution
Bitdefender,2026-08-01,Tech Stream Solutions,2,126.0,170.05599999999998,170.05599999999998,tech  tream  olution
Acronis,2026-07-01,Oscar Wilson Engine & Parts,4,4915.27,169.770096,169.770096,o car wil on engine part
Proofpoint,2026-02-01,The HITCO Co,2,130.0,169.0,169.0,the hitco co
Proofpoint,2026-01-01,The HITCO Co,2,130.0,169.0,169.0,the hitco co
Proofpoint,2026-03-01,The HITCO Co,2,130.0,169.0,169.0,the hitco co
Bitdefender,2026-06-01,TRIO Technical Solutions Ltd,1,137.0,168.7271,168.7271,trio technical  olution  ltd
Acronis,2026-04-01,Metrix,4,1361.49,168.566552,168.566552,metrix
Webroot,2026-01-01,"WorldTech Management Solutions, LLC",2,461.0,168.15,168.15,worldtech management  olution  llc
Acronis,2026-03-01,T3 Networks,4,651.25,167.74044999999998,167.74044999999998,t3 network
Proofpoint,2026-02-01,TSAChoice,2,125.0,167.5,167.5,t achoice
Proofpoint,2026-01-01,TSAChoice,2,125.0,167.5,167.5,t achoice
Proofpoint,2026-07-01,Montec IT Group,5,214.0,167.09,167.09,montec it group
Acronis,2026-07-01,Metrix,4,1360.0,166.2441,166.2441,metrix
Bitdefender,2026-07-01,Wavehill IT Solutions,2,130.0,166.2366,166.2366,wavehill it  olution
Exium,2026-02-01,ShipSafe,3,24.0,166.0,166.0,hip afe
Exium,2026-01-01,ShipSafe,3,24.0,166.0,166.0,hip afe
Exium,2026-03-01,ShipSafe,3,24.0,166.0,166.0,hip afe
Bitdefender,2026-03-01,Wavehill IT Solutions,2,132.0,165.98669999999998,165.98669999999998,wavehill it  olution
Bitdefender,2026-05-01,TRIO Technical Solutions Ltd,1,133.0,165.5794,165.5794,trio technical  olution  ltd
Bitdefender,2026-04-01,Wavehill IT Solutions,2,129.0,165.3868,165.3868,wavehill it  olution
Proofpoint,2026-06-01,Montec IT Group,5,213.0,165.33,165.33,montec it group
Acronis,2026-06-01,Metrix,4,1360.46,165.130308,165.130308,metrix
Acronis,2026-05-01,Metrix,4,1357.97,165.093456,165.093456,metrix
Proofpoint,2026-05-01,Montec IT Group,5,213.0,164.78,164.78,montec it group
Acronis,2026-04-01,Oscar Wilson Engine & Parts,4,4539.85,164.21388,164.21388,o car wil on engine part
Bitdefender,2026-06-01,Wavehill IT Solutions,2,128.0,164.0417,164.0417,wavehill it  olution
KeepIT,2026-01-01,Sort IT Out,2,244.0,163.5,163.5,ort it out
Proofpoint,2026-07-01,TSAChoice,2,122.0,163.48,163.48,t achoice
Proofpoint,2026-06-01,TSAChoice,2,122.0,163.48,163.48,t achoice
Proofpoint,2026-04-01,Montec IT Group,5,209.0,161.59,161.59,montec it group
Bitdefender,2026-01-01,Wavehill IT Solutions,2,125.0,161.3731,161.3731,wavehill it  olution
Bitdefender,2026-05-01,Wavehill IT Solutions,2,125.0,161.2897,161.2897,wavehill it  olution
Webroot,2026-06-01,Allied Business Systems,1,288.0,161.28,161.28,allied bu ine   y tem
Webroot,2026-07-01,Allied Business Systems,1,288.0,161.28,161.28,allied bu ine   y tem
Acronis,2026-01-01,Omni Technologies Alliance,7,8343.69,160.89071200000004,160.89071200000004,omni technologie  alliance
Proofpoint,2026-02-01,VMG Strategic Consulting,1,78.0,159.12,159.12,vmg  trategic con ulting
Acronis,2026-02-01,Omni Technologies Alliance,7,8191.07,158.63193600000002,158.63193600000002,omni technologie  alliance
Acronis,2026-07-01,Jilasoan,1,10653.78,157.675944,157.675944,jila oan
Bitdefender,2026-04-01,TRIO Technical Solutions Ltd,1,127.0,157.5395,157.5395,trio technical  olution  ltd
Auvik,2026-05-01,Tech Mesa,2,14.0,157.31,157.31,tech me a
Auvik,2026-07-01,Tech Mesa,2,14.0,157.31,157.31,tech me a
Auvik,2026-06-01,Tech Mesa,2,14.0,157.31,157.31,tech me a
Bitdefender,2026-08-01,Entre Technology Services,1,140.0,156.8,156.8,entre technology  ervice
Webroot,2026-01-01,Morris Business Solutions,1,301.0,156.52,156.52,morri  bu ine   olution
Webroot,2026-06-01,"WorldTech Management Solutions, LLC",2,439.0,155.11999999999998,155.11999999999998,worldtech management  olution  llc
Webroot,2026-07-01,"WorldTech Management Solutions, LLC",2,438.0,154.14000000000001,154.14000000000001,worldtech management  olution  llc
Webroot,2026-02-01,"WorldTech Management Solutions, LLC",2,436.0,154.13,154.13,worldtech management  olution  llc
KeepIT,2026-07-01,Sort IT Out,2,206.0,154.0,154.0,ort it out
Proofpoint,2026-05-01,WPG Consulting,3,94.0,154.0,154.0,wpg con ulting
Exium,2026-06-01,MooIT,2,26.0,152.75,152.75,mooit
Webroot,2026-04-01,"WorldTech Management Solutions, LLC",2,433.0,152.57,152.57,worldtech management  olution  llc
Proofpoint,2026-06-01,The Connected Office,10,88.0,152.4,152.4,the connected office
Webroot,2026-03-01,"WorldTech Management Solutions, LLC",2,432.0,152.39,152.39,worldtech management  olution  llc
Proofpoint,2026-04-01,WPG Consulting,3,93.0,152.35000000000002,152.35000000000002,wpg con ulting
Webroot,2026-05-01,"WorldTech Management Solutions, LLC",2,431.0,152.21,152.21,worldtech management  olution  llc
Webroot,2026-02-01,Morris Business Solutions,1,292.0,151.84,151.84,morri  bu ine   olution
Acronis,2026-03-01,Omni Technologies Alliance,7,7705.41,151.444268,151.444268,omni technologie  alliance
Proofpoint,2026-03-01,Montec IT Group,4,196.0,150.26,150.26,montec it group
Webroot,2026-03-01,Morris Business Solutions,1,288.0,149.76,149.76,morri  bu ine   olution
Acronis,2026-02-01,"NXC Holdings, LLC",6,1647.61,149.36492800000002,149.36492800000002,nxc holding  llc
KeepIT,2026-07-01,The Hill Country Tech,1,199.0,149.25,149.25,the hill country tech
Proofpoint,2026-03-01,WPG Consulting,3,91.0,149.04999999999998,149.04999999999998,wpg con ulting
Webroot,2026-07-01,Morris Business Solutions,1,266.0,148.96,148.96,morri  bu ine   olution
Webroot,2026-06-01,Morris Business Solutions,1,266.0,148.96,148.96,morri  bu ine   olution
Acronis,2026-03-01,"NXC Holdings, LLC",5,1633.17,148.59761600000002,148.59761600000002,nxc holding  llc
KeepIT,2026-06-01,The Greentree Group,1,197.0,147.75,147.75,the greentree group
Bitdefender,2026-03-01,TRIO Technical Solutions Ltd,1,119.0,147.6157,147.6157,trio technical  olution  ltd
Webroot,2026-07-01,Glory Global Solutions NZ,1,262.0,146.72,146.72,glory global  olution  nz
Webroot,2026-06-01,Glory Global Solutions NZ,1,262.0,146.72,146.72,glory global  olution  nz
Webroot,2026-04-01,Morris Business Solutions,1,280.0,145.6,145.6,morri  bu ine   olution
Bitdefender,2026-05-01,Leeward Holdings Corporation,2,147.0,145.5,145.5,leeward holding  corporation
KeepIT,2026-05-01,The Greentree Group,1,194.0,145.5,145.5,the greentree group
Acronis,2026-07-01,"Boston HelpDesk, Inc.",3,7556.32,144.042036,144.042036,bo ton helpde k inc
Acronis,2026-03-01,Direct Distributors,2,18.0,143.37095000000002,143.37095000000002,direct di tributor
Acronis,2026-02-01,Direct Distributors,2,18.0,143.37030000000001,143.37030000000001,direct di tributor
Acronis,2026-07-01,Direct Distributors,2,18.0,143.37030000000001,143.37030000000001,direct di tributor
Acronis,2026-04-01,Direct Distributors,2,18.0,143.37030000000001,143.37030000000001,direct di tributor
Acronis,2026-06-01,Direct Distributors,2,18.0,143.37030000000001,143.37030000000001,direct di tributor
Acronis,2026-05-01,Direct Distributors,2,18.0,143.37030000000001,143.37030000000001,direct di tributor
Acronis,2026-02-01,"Boston HelpDesk, Inc.",4,7226.89,142.965872,142.965872,bo ton helpde k inc
Acronis,2026-01-01,"Boston HelpDesk, Inc.",4,7216.53,142.812544,142.812544,bo ton helpde k inc
Acronis,2026-03-01,"Boston HelpDesk, Inc.",4,7214.84,142.78758200000001,142.78758200000001,bo ton helpde k inc
Acronis,2026-06-01,Omni Technologies Alliance,7,7341.63,142.260824,142.260824,omni technologie  alliance
Acronis,2026-01-01,Direct Distributors,2,17.0,141.6663,141.6663,direct di tributor
Acronis,2026-06-01,"Boston HelpDesk, Inc.",3,7388.35,141.55607999999998,141.55607999999998,bo ton helpde k inc
Webroot,2026-01-01,Allied Business Systems,1,272.0,141.44,141.44,allied bu ine   y tem
Acronis,2026-04-01,"Boston HelpDesk, Inc.",4,7107.6,141.20038,141.20038,bo ton helpde k inc
Acronis,2026-05-01,Omni Technologies Alliance,7,7233.93,140.666864,140.666864,omni technologie  alliance
Acronis,2026-04-01,"NXC Holdings, LLC",5,1615.81,140.318688,140.318688,nxc holding  llc
KeepIT,2026-04-01,The Greentree Group,1,187.0,140.25,140.25,the greentree group
Bitdefender,2026-02-01,ProCom,1,165.0,140.1709,140.1709,procom
Webroot,2026-04-01,Allied Business Systems,1,269.0,139.88,139.88,allied bu ine   y tem
Acronis,2026-05-01,"Boston HelpDesk, Inc.",4,7235.91,139.457668,139.457668,bo ton helpde k inc
Webroot,2026-03-01,Allied Business Systems,1,266.0,138.32,138.32,allied bu ine   y tem
Webroot,2026-06-01,EuGenius Solutions,1,246.0,137.76,137.76,eugeniu   olution
Webroot,2026-05-01,Allied Business Systems,1,264.0,137.28,137.28,allied bu ine   y tem
Webroot,2026-05-01,Morris Business Solutions,1,264.0,137.28,137.28,morri  bu ine   olution
Webroot,2026-02-01,Allied Business Systems,1,264.0,137.28,137.28,allied bu ine   y tem
Acronis,2026-06-01,Eugenius,2,2568.83,137.208938,137.208938,eugeniu
Webroot,2026-07-01,EuGenius Solutions,1,245.0,137.2,137.2,eugeniu   olution
Acronis,2026-07-01,Eugenius,2,2561.1299999999997,136.794627,136.794627,eugeniu
Acronis,2026-04-01,Eugenius,2,2554.4100000000003,136.47896699999998,136.47896699999998,eugeniu
Webroot,2026-05-01,Glory Global Solutions NZ,1,262.0,136.24,136.24,glory global  olution  nz
Webroot,2026-02-01,Glory Global Solutions NZ,1,262.0,136.24,136.24,glory global  olution  nz
Webroot,2026-04-01,Glory Global Solutions NZ,1,262.0,136.24,136.24,glory global  olution  nz
Webroot,2026-01-01,Glory Global Solutions NZ,1,262.0,136.24,136.24,glory global  olution  nz
Webroot,2026-03-01,Glory Global Solutions NZ,1,262.0,136.24,136.24,glory global  olution  nz
Acronis,2026-05-01,Eugenius,2,2534.5299999999997,135.423888,135.423888,eugeniu
KeepIT,2026-01-01,CW2RMMEUTestPartner2,4,149.0,135.35,135.35,cw2rmmeute tpartner2
Webroot,2026-02-01,Technical Drive,1,260.0,135.2,135.2,technical drive
Bitdefender,2026-01-01,"Business Data Solutions, Inc.",1,280.0,134.4,134.4,bu ine  data  olution  inc
Acronis,2026-03-01,Eugenius,2,2510.4900000000002,134.141527,134.141527,eugeniu
Acronis,2026-02-01,Eugenius,2,2509.13,134.013736,134.013736,eugeniu
Acronis,2026-01-01,Law Office of David M. Sperling,2,3063.62,133.459445,133.459445,law office of david m  perling
Webroot,2026-01-01,Technical Drive,1,255.0,132.6,132.6,technical drive
Proofpoint,2026-02-01,WPG Consulting,3,81.0,132.55,132.55,wpg con ulting
Acronis,2026-02-01,Law Office of David M. Sperling,2,3040.48,132.198315,132.198315,law office of david m  perling
KeepIT,2026-01-01,CBH Computers,1,176.0,132.0,132.0,cbh computer
Acronis,2026-07-01,Omni Technologies Alliance,7,6623.69,131.635312,131.635312,omni technologie  alliance
Acronis,2026-04-01,Omni Technologies Alliance,7,6913.08,131.402384,131.402384,omni technologie  alliance
Webroot,2026-06-01,Technical Drive,1,234.0,131.04,131.04,technical drive
Webroot,2026-01-01,A Tech 4 U,1,252.0,131.04,131.04,a tech 4 u
Exium,2026-05-01,MooIT,2,22.0,130.75,130.75,mooit
Acronis,2026-07-01,Quick Fix Network,2,7776.42,130.293816,130.293816,quick fix network
Bitdefender,2026-02-01,"Business Data Solutions, Inc.",1,271.0,130.08,130.08,bu ine  data  olution  inc
Bitdefender,2026-05-01,Avalon Hills,1,100.0,130.0,130.0,avalon hill
Bitdefender,2026-02-01,Avalon Hills,1,100.0,130.0,130.0,avalon hill
Bitdefender,2026-04-01,Avalon Hills,1,100.0,130.0,130.0,avalon hill
Bitdefender,2026-08-01,Avalon Hills,1,100.0,130.0,130.0,avalon hill
Bitdefender,2026-07-01,Avalon Hills,1,100.0,130.0,130.0,avalon hill
Bitdefender,2026-06-01,Avalon Hills,1,100.0,130.0,130.0,avalon hill
Bitdefender,2026-03-01,Avalon Hills,2,200.0,130.0,130.0,avalon hill
Bitdefender,2026-01-01,Avalon Hills,1,100.0,130.0,130.0,avalon hill
KeepIT,2026-02-01,CW2RMMEUTestPartner2,2,130.0,130.0,130.0,cw2rmmeute tpartner2
KeepIT,2026-03-01,CW2RMMEUTestPartner2,2,130.0,130.0,130.0,cw2rmmeute tpartner2
Acronis,2026-01-01,Eugenius,2,2430.7999999999997,129.854903,129.854903,eugeniu
Acronis,2026-05-01,"Meantide Associates, LLC",5,4256.21,129.59817999999999,129.59817999999999,meantide a ociate  llc
Webroot,2026-05-01,EuGenius Solutions,1,249.0,129.48,129.48,eugeniu   olution
Auvik,2026-06-01,EuGenius Solutions,1,10.0,128.4,128.4,eugeniu   olution
Auvik,2026-05-01,EuGenius Solutions,1,10.0,128.4,128.4,eugeniu   olution
Auvik,2026-03-01,EuGenius Solutions,1,10.0,128.4,128.4,eugeniu   olution
Auvik,2026-07-01,EuGenius Solutions,1,10.0,128.4,128.4,eugeniu   olution
Auvik,2026-04-01,EuGenius Solutions,1,10.0,128.4,128.4,eugeniu   olution
Auvik,2026-02-01,EuGenius Solutions,1,10.0,128.4,128.4,eugeniu   olution
Acronis,2026-04-01,Law Office of David M. Sperling,2,2964.33,128.04814,128.04814,law office of david m  perling
Acronis,2026-03-01,Law Office of David M. Sperling,2,2957.29,127.66446,127.66446,law office of david m  perling
Acronis,2026-05-01,Law Office of David M. Sperling,2,2956.77,127.63612,127.63612,law office of david m  perling
Acronis,2026-04-01,"Meantide Associates, LLC",5,4116.64,127.50960400000001,127.50960400000001,meantide a ociate  llc
Webroot,2026-04-01,EuGenius Solutions,1,244.0,126.88,126.88,eugeniu   olution
Bitdefender,2026-01-01,Network Utilities,2,82.0,126.3886,126.3886,network utilitie
Bitdefender,2026-01-01,Leeward Holdings Corporation,2,136.0,126.0,126.0,leeward holding  corporation
KeepIT,2026-07-01,Enterprise Business IT Solutions Pty Ltd,1,126.0,126.0,126.0,enterpri e bu ine  it  olution  pty ltd
Webroot,2026-03-01,EuGenius Solutions,1,242.0,125.84,125.84,eugeniu   olution
Acronis,2026-06-01,Law Office of David M. Sperling,2,2917.2200000000003,125.48064500000001,125.48064500000001,law office of david m  perling
Webroot,2026-02-01,EuGenius Solutions,1,241.0,125.32,125.32,eugeniu   olution
Acronis,2026-07-01,Law Office of David M. Sperling,2,2913.48,125.276815,125.276815,law office of david m  perling
Bitdefender,2026-05-01,Omni Technologies Alliance,1,125.0,125.0,125.0,omni technologie  alliance
Bitdefender,2026-04-01,Omni Technologies Alliance,1,125.0,125.0,125.0,omni technologie  alliance
Bitdefender,2026-01-01,Omni Technologies Alliance,1,125.0,125.0,125.0,omni technologie  alliance
Bitdefender,2026-07-01,Omni Technologies Alliance,1,125.0,125.0,125.0,omni technologie  alliance
Bitdefender,2026-06-01,Omni Technologies Alliance,1,125.0,125.0,125.0,omni technologie  alliance
Bitdefender,2026-02-01,Omni Technologies Alliance,1,125.0,125.0,125.0,omni technologie  alliance
Bitdefender,2026-03-01,Omni Technologies Alliance,1,125.0,125.0,125.0,omni technologie  alliance
Bitdefender,2026-08-01,Omni Technologies Alliance,1,125.0,125.0,125.0,omni technologie  alliance
Acronis,2026-03-01,"Meantide Associates, LLC",5,3938.21,124.875488,124.875488,meantide a ociate  llc
Webroot,2026-02-01,A Tech 4 U,1,239.0,124.28,124.28,a tech 4 u
Bitdefender,2026-02-01,Leeward Holdings Corporation,2,135.0,123.9,123.9,leeward holding  corporation
Acronis,2026-05-01,"NXC Holdings, LLC",5,790.74,122.93415200000001,122.93415200000001,nxc holding  llc
Bitdefender,2026-01-01,TRIO Technical Solutions Ltd,1,97.0,121.7632,121.7632,trio technical  olution  ltd
Webroot,2026-01-01,EuGenius Solutions,1,234.0,121.68,121.68,eugeniu   olution
Acronis,2026-04-01,Medic Cloud,4,4884.2,121.60976,121.60976,medic cloud
Webroot,2026-05-01,Technical Drive,1,231.0,120.12,120.12,technical drive
Auvik,2026-01-01,EuGenius Solutions,1,10.0,120.0,120.0,eugeniu   olution
Webroot,2026-07-01,Technical Drive,1,213.0,119.28,119.28,technical drive
Proofpoint,2026-03-01,IDwellings DBA Bevlin,1,72.0,118.8,118.8,idwelling  dba bevlin
Webroot,2026-07-01,Lost in IT,1,212.0,118.72,118.72,lo t in it
Webroot,2026-07-01,A Tech 4 U,1,212.0,118.72,118.72,a tech 4 u
Webroot,2026-06-01,Lost in IT,1,212.0,118.72,118.72,lo t in it
Webroot,2026-06-01,A Tech 4 U,1,212.0,118.72,118.72,a tech 4 u
Webroot,2026-03-01,Technical Drive,1,228.0,118.56,118.56,technical drive
Webroot,2026-04-01,Technical Drive,1,227.0,118.04,118.04,technical drive
Acronis,2026-01-01,"Meantide Associates, LLC",5,3670.7200000000003,117.59197600000002,117.59197600000002,meantide a ociate  llc
Bitdefender,2026-02-01,TRIO Technical Solutions Ltd,1,94.0,117.5718,117.5718,trio technical  olution  ltd
Bitdefender,2026-03-01,Leeward Holdings Corporation,2,129.0,117.3,117.3,leeward holding  corporation
Acronis,2026-02-01,"Meantide Associates, LLC",5,3654.7,117.260144,117.260144,meantide a ociate  llc
Proofpoint,2026-07-01,IDwellings DBA Bevlin,1,71.0,117.15,117.15,idwelling  dba bevlin
Acronis,2026-03-01,Prime Tech Support,1,2148.55,117.095975,117.095975,prime tech  upport
Acronis,2026-02-01,Prime Tech Support,1,2148.55,117.095975,117.095975,prime tech  upport
Acronis,2026-01-01,Prime Tech Support,1,2148.55,117.095975,117.095975,prime tech  upport
Acronis,2026-03-01,Medic Cloud,4,4472.34,115.514332,115.514332,medic cloud
Proofpoint,2026-06-01,IDwellings DBA Bevlin,1,70.0,115.5,115.5,idwelling  dba bevlin
Acronis,2026-06-01,Genone Technology Services Inc,3,2240.04,115.38863100000002,115.38863100000002,genone technology  ervice  inc
Webroot,2026-03-01,A Tech 4 U,1,221.0,114.92,114.92,a tech 4 u
Bitdefender,2026-06-01,Leeward Holdings Corporation,2,126.0,114.6,114.6,leeward holding  corporation
Bitdefender,2026-07-01,Sanchez Management Corp,3,73.0,114.4,114.4,anchez management corp
Acronis,2026-07-01,Genone Technology Services Inc,3,2209.66,114.139247,114.139247,genone technology  ervice  inc
Webroot,2026-04-01,A Tech 4 U,1,219.0,113.88,113.88,a tech 4 u
Proofpoint,2026-05-01,IDwellings DBA Bevlin,1,69.0,113.85,113.85,idwelling  dba bevlin
Acronis,2026-05-01,Genone Technology Services Inc,3,2195.34,113.01542500000001,113.01542500000001,genone technology  ervice  inc
Acronis,2026-04-01,Genone Technology Services Inc,3,2182.2200000000003,112.65107300000001,112.65107300000001,genone technology  ervice  inc
Auvik,2026-02-01,TDI Vertical,1,10.0,112.35,112.35,tdi vertical
Auvik,2026-02-01,Tech Mesa,1,10.0,112.35,112.35,tech me a
Auvik,2026-04-01,Tech Mesa,1,10.0,112.35,112.35,tech me a
Auvik,2026-03-01,Tech Mesa,1,10.0,112.35,112.35,tech me a
Proofpoint,2026-04-01,IDwellings DBA Bevlin,1,68.0,112.2,112.2,idwelling  dba bevlin
Bitdefender,2026-05-01,Sanchez Management Corp,3,72.0,112.0,112.0,anchez management corp
Webroot,2026-06-01,LifeBrite Hosptial Group,1,200.0,112.0,112.0,lifebrite ho ptial group
Webroot,2026-07-01,LifeBrite Hosptial Group,1,200.0,112.0,112.0,lifebrite ho ptial group
Bitdefender,2026-04-01,Leeward Holdings Corporation,2,122.0,111.0,111.0,leeward holding  corporation
Acronis,2026-03-01,Genone Technology Services Inc,3,2139.82,110.662018,110.662018,genone technology  ervice  inc
Webroot,2026-02-01,Lost in IT,1,212.0,110.24,110.24,lo t in it
Webroot,2026-04-01,Lost in IT,1,212.0,110.24,110.24,lo t in it
Webroot,2026-03-01,Lost in IT,1,212.0,110.24,110.24,lo t in it
Webroot,2026-01-01,Lost in IT,1,212.0,110.24,110.24,lo t in it
Webroot,2026-05-01,Lost in IT,1,212.0,110.24,110.24,lo t in it
Bitdefender,2026-06-01,Sanchez Management Corp,3,71.0,110.19999999999999,110.19999999999999,anchez management corp
ESET,2026-01-01,"Velocity Network, Inc.",2,5580.0,109.96108,109.96108,velocity network inc
Bitdefender,2026-01-01,CRDS Operational Corp.,1,79.0,109.9135,109.9135,crd  operational corp
KeepIT,2026-07-01,CBH Computers,1,146.0,109.5,109.5,cbh computer
Bitdefender,2026-08-01,Sanchez Management Corp,3,69.0,108.69999999999999,108.69999999999999,anchez management corp
Acronis,2026-02-01,Genone Technology Services Inc,3,2086.26,107.99055899999999,107.99055899999999,genone technology  ervice  inc
Acronis,2026-07-01,Medic Cloud,4,4064.62,107.790776,107.790776,medic cloud
Webroot,2026-01-01,The Greentree Group,1,206.0,107.12,107.12,the greentree group
Acronis,2026-03-01,Manning's Office Solutions,2,1938.32,106.46444,106.46444,manning   office  olution
Webroot,2026-05-01,A Tech 4 U,1,204.0,106.08,106.08,a tech 4 u
Acronis,2026-06-01,Medic Cloud,4,3891.04,105.221792,105.221792,medic cloud
Acronis,2026-07-01,LifeBrite Hosptial Group,2,5373.97,105.026656,105.026656,lifebrite ho ptial group
Auvik,2026-01-01,TDI Vertical,1,10.0,105.0,105.0,tdi vertical
Auvik,2026-01-01,Tech Mesa,1,10.0,105.0,105.0,tech me a
Bitdefender,2026-02-01,CRDS Operational Corp.,1,75.0,104.4006,104.4006,crd  operational corp
Acronis,2026-01-01,Genone Technology Services Inc,3,2011.02,104.097076,104.097076,genone technology  ervice  inc
Webroot,2026-02-01,LifeBrite Hosptial Group,1,200.0,104.0,104.0,lifebrite ho ptial group
Webroot,2026-04-01,LifeBrite Hosptial Group,1,200.0,104.0,104.0,lifebrite ho ptial group
Webroot,2026-03-01,LifeBrite Hosptial Group,1,200.0,104.0,104.0,lifebrite ho ptial group
Webroot,2026-01-01,LifeBrite Hosptial Group,1,200.0,104.0,104.0,lifebrite ho ptial group
Webroot,2026-05-01,LifeBrite Hosptial Group,1,200.0,104.0,104.0,lifebrite ho ptial group
Acronis,2026-05-01,Medic Cloud,4,3803.19,103.921612,103.921612,medic cloud
Acronis,2026-02-01,Medic Cloud,4,3925.97,103.78625600000001,103.78625600000001,medic cloud
Acronis,2026-02-01,Manning's Office Solutions,2,1868.46,102.65706999999999,102.65706999999999,manning   office  olution
Acronis,2026-01-01,Manning's Office Solutions,2,1861.96,102.30282,102.30282,manning   office  olution
Proofpoint,2026-07-01,"America One Technologies, Inc.",5,61.0,102.25,102.25,america one technologie  inc
Acronis,2026-06-01,LifeBrite Hosptial Group,2,5142.04,101.594092,101.594092,lifebrite ho ptial group
Acronis,2026-02-01,Unique Appliances,3,132.17000000000002,101.294116,101.294116,unique appliance
Acronis,2026-03-01,Unique Appliances,3,132.17000000000002,101.294116,101.294116,unique appliance
SentinelOne,2026-07-01,MAPLETRONICS260428,1,100.0,101.0,101.0,mapletronic 260428
Acronis,2026-01-01,Medic Cloud,4,3732.0,100.91550000000001,100.91550000000001,medic cloud
Acronis,2026-01-01,Unique Appliances,3,130.17000000000002,100.143916,100.143916,unique appliance
SentinelOne,2026-04-01,MOOIT,2,132.0,99.66,99.66,mooit
Bitdefender,2026-04-01,Sanchez Management Corp,3,65.0,99.6,99.6,anchez management corp
Acronis,2026-05-01,Comstar Technologies,1,1823.1,99.35895,99.35895,com tar technologie
Acronis,2026-04-01,Comstar Technologies,1,1822.44,99.32298,99.32298,com tar technologie
Acronis,2026-07-01,Comstar Technologies,1,1821.33,99.262485,99.262485,com tar technologie
Proofpoint,2026-07-01,Go Eco,12,76.0,98.8,98.8,go eco
Bitdefender,2026-03-01,CRDS Operational Corp.,1,72.0,98.6726,98.6726,crd  operational corp
Acronis,2026-06-01,Comstar Technologies,1,1810.46,98.67007,98.67007,com tar technologie
Acronis,2026-04-01,DigitalBrainz,2,6607.62,98.409876,98.409876,digitalbrainz
Proofpoint,2026-01-01,Emerge Digital,1,48.0,98.4,98.4,emerge digital
Proofpoint,2026-07-01,Emerge Digital,1,48.0,98.4,98.4,emerge digital
Acronis,2026-01-01,Comstar Technologies,1,1803.56,98.29402,98.29402,com tar technologie
Acronis,2026-02-01,Comstar Technologies,1,1803.34,98.28203,98.28203,com tar technologie
Acronis,2026-03-01,Comstar Technologies,1,1803.0,98.2635,98.2635,com tar technologie
Acronis,2026-05-01,DigitalBrainz,2,6539.51,97.401848,97.401848,digitalbrainz
Acronis,2026-06-01,DigitalBrainz,2,6539.34,97.399332,97.399332,digitalbrainz
ESET,2026-02-01,"COSYS - Systems Solutions Group, Inc.",1,3360.0,97.135865,97.135865,co y   y tem   olution  group inc
ESET,2026-05-01,"COSYS - Systems Solutions Group, Inc.",1,3720.0,96.819113,96.819113,co y   y tem   olution  group inc
ESET,2026-07-01,"COSYS - Systems Solutions Group, Inc.",1,3720.0,96.819113,96.819113,co y   y tem   olution  group inc
ESET,2026-03-01,"COSYS - Systems Solutions Group, Inc.",1,3720.0,96.597075,96.597075,co y   y tem   olution  group inc
KeepIT,2026-07-01,Computers Etc,2,186.0,96.5,96.5,computer  etc
Proofpoint,2026-04-01,Emerge Digital,1,47.0,96.35,96.35,emerge digital
Proofpoint,2026-02-01,Emerge Digital,1,47.0,96.35,96.35,emerge digital
Proofpoint,2026-03-01,Emerge Digital,1,47.0,96.35,96.35,emerge digital
Proofpoint,2026-06-01,Emerge Digital,1,47.0,96.35,96.35,emerge digital
Proofpoint,2026-05-01,Emerge Digital,1,47.0,96.35,96.35,emerge digital
Acronis,2026-02-01,LifeBrite Hosptial Group,2,4496.89,95.68757199999999,95.68757199999999,lifebrite ho ptial group
ESET,2026-01-01,"COSYS - Systems Solutions Group, Inc.",1,3720.0,95.395645,95.395645,co y   y tem   olution  group inc
SentinelOne,2026-07-01,ELEVAIT,2,126.0,95.13,95.13,elevait
ESET,2026-04-01,"COSYS - Systems Solutions Group, Inc.",1,3600.0,95.043916,95.043916,co y   y tem   olution  group inc
KeepIT,2026-01-01,Computers Etc,2,180.0,95.0,95.0,computer  etc
Acronis,2026-03-01,Custom Solutions,5,1170.87,94.084526,94.084526,cu tom  olution
Acronis,2026-04-01,Custom Solutions,5,1170.87,94.08427599999999,94.08427599999999,cu tom  olution
Acronis,2026-02-01,Custom Solutions,5,1170.87,94.08427599999999,94.08427599999999,cu tom  olution
Acronis,2026-01-01,Custom Solutions,5,1170.87,94.08427599999999,94.08427599999999,cu tom  olution
Acronis,2026-07-01,Custom Solutions,5,1170.79,94.083092,94.083092,cu tom  olution
Acronis,2026-05-01,Custom Solutions,5,1170.79,94.083092,94.083092,cu tom  olution
Acronis,2026-06-01,Custom Solutions,5,1170.79,94.08309199999998,94.08309199999998,cu tom  olution
ESET,2026-06-01,VMG Strategic Consulting,1,3600.0,93.695916,93.695916,vmg  trategic con ulting
ESET,2026-06-01,"COSYS - Systems Solutions Group, Inc.",1,3600.0,93.695916,93.695916,co y   y tem   olution  group inc
Webroot,2026-01-01,JEC Technologies Group,1,180.0,93.6,93.6,jec technologie  group
Acronis,2026-05-01,LifeBrite Hosptial Group,2,4564.96,93.053308,93.053308,lifebrite ho ptial group
KeepIT,2026-01-01,Enterprise Business IT Solutions Pty Ltd,1,124.0,93.0,93.0,enterpri e bu ine  it  olution  pty ltd
Acronis,2026-04-01,LifeBrite Hosptial Group,2,4540.95,92.69796,92.69796,lifebrite ho ptial group
ESET,2026-05-01,"ConnectWise, Inc. DataCenter",1,3100.0,92.578602,92.578602,connectwi e inc datacenter
Acronis,2026-03-01,LifeBrite Hosptial Group,2,4517.82,92.355636,92.355636,lifebrite ho ptial group
Bitdefender,2026-05-01,Go Eco,3,129.0,92.05999999999999,92.05999999999999,go eco
Acronis,2026-01-01,LifeBrite Hosptial Group,2,4485.87,91.882776,91.882776,lifebrite ho ptial group
ESET,2026-02-01,"ConnectWise, Inc. DataCenter",1,2800.0,91.035285,91.035285,connectwi e inc datacenter
ESET,2026-04-01,"ConnectWise, Inc. DataCenter",1,3000.0,90.246658,90.246658,connectwi e inc datacenter
ESET,2026-03-01,"ConnectWise, Inc. DataCenter",1,3100.0,89.84115,89.84115,connectwi e inc datacenter
Bitdefender,2026-03-01,ProCom,1,108.0,89.5733,89.5733,procom
ESET,2026-01-01,"ConnectWise, Inc. DataCenter",1,3100.0,89.533722,89.533722,connectwi e inc datacenter
Acronis,2026-03-01,Blackleaf Solutions LLC,3,16.0,89.06264999999999,89.06264999999999,blackleaf  olution  llc
Acronis,2026-04-01,Blackleaf Solutions LLC,3,16.0,89.0624,89.0624,blackleaf  olution  llc
Acronis,2026-02-01,Blackleaf Solutions LLC,3,16.0,89.0624,89.0624,blackleaf  olution  llc
Acronis,2026-01-01,Blackleaf Solutions LLC,3,16.0,89.0624,89.0624,blackleaf  olution  llc
Acronis,2026-06-01,Blackleaf Solutions LLC,3,16.0,89.0624,89.0624,blackleaf  olution  llc
Acronis,2026-05-01,Blackleaf Solutions LLC,3,16.0,89.0624,89.0624,blackleaf  olution  llc
Acronis,2026-07-01,Blackleaf Solutions LLC,3,16.0,89.0624,89.0624,blackleaf  olution  llc
Proofpoint,2026-07-01,Loyality Inc.,4,43.0,88.15,88.15,loyality inc
Acronis,2026-01-01,Trahan Computer Tech,6,2017.47,87.928456,87.928456,trahan computer tech
Acronis,2026-03-01,Trahan Computer Tech,6,2007.83,87.785884,87.785884,trahan computer tech
Acronis,2026-02-01,Trahan Computer Tech,6,1979.84,87.371532,87.371532,trahan computer tech
KeepIT,2026-01-01,Davis Advanced Technology,1,116.0,87.0,87.0,davi  advanced technology
Bitdefender,2026-03-01,Sanchez Management Corp,3,69.0,86.96000000000001,86.96000000000001,anchez management corp
Proofpoint,2026-06-01,Go Eco,2,66.0,85.80000000000001,85.80000000000001,go eco
Proofpoint,2026-07-01,"Meantide Associates, LLC",4,66.0,85.80000000000001,85.80000000000001,meantide a ociate  llc
Bitdefender,2026-01-01,Sanchez Management Corp,3,68.0,85.46,85.46,anchez management corp
Webroot,2026-02-01,JEC Technologies Group,1,164.0,85.28,85.28,jec technologie  group
Webroot,2026-06-01,Bebaios Solutions LLC,1,152.0,85.12,85.12,bebaio   olution  llc
Webroot,2026-07-01,Bebaios Solutions LLC,1,152.0,85.12,85.12,bebaio   olution  llc
Acronis,2026-02-01,The Hill Country Tech,4,3474.59,85.068832,85.068832,the hill country tech
Acronis,2026-04-01,The Hill Country Tech,4,3458.57,84.83173599999999,84.83173599999999,the hill country tech
Acronis,2026-03-01,The Hill Country Tech,4,3456.48,84.800904,84.800904,the hill country tech
Acronis,2026-01-01,The Hill Country Tech,4,3436.42,84.503916,84.503916,the hill country tech
Acronis,2026-06-01,Network Enginuity,5,1588.24,83.125687,83.125687,network enginuity
Acronis,2026-07-01,"Meantide Associates, LLC",5,2281.71,83.109763,83.109763,meantide a ociate  llc
Bitdefender,2026-04-01,ProCom,1,98.0,82.848,82.848,procom
Acronis,2026-07-01,Avalon Hills,3,2042.69,82.795422,82.795422,avalon hill
Acronis,2026-07-01,Network Enginuity,5,1576.24,82.471687,82.471687,network enginuity
Acronis,2026-05-01,Avalon Hills,3,2021.0700000000002,81.84839500000001,81.84839500000001,avalon hill
Webroot,2026-04-01,Trahan Computer Tech,2,166.0,81.22,81.22,trahan computer tech
Acronis,2026-06-01,Avalon Hills,3,2009.08,81.215172,81.215172,avalon hill
Webroot,2026-02-01,Bebaios Solutions LLC,1,156.0,81.12,81.12,bebaio   olution  llc
SentinelOne,2026-07-01,DUPLICATINGPRODUCTSINC,1,80.0,80.8,80.8,duplicatingproduct inc
ESET,2026-07-01,"ConnectWise, Inc. DataCenter",1,3100.0,80.682594,80.682594,connectwi e inc datacenter
ESET,2026-07-01,VMG Strategic Consulting,1,3100.0,80.682594,80.682594,vmg  trategic con ulting
SentinelOne,2026-07-01,IMPLIEDNETWORKS,1,112.0,80.64,80.64,impliednetwork
Acronis,2026-05-01,Network Enginuity,5,1542.52,80.633947,80.633947,network enginuity
Webroot,2026-03-01,Bebaios Solutions LLC,1,155.0,80.6,80.6,bebaio   olution  llc
KeepIT,2026-07-01,Your IT Department,1,80.0,80.0,80.0,your it department
Bitdefender,2026-07-01,Lucid Technologies,1,94.0,79.9,79.9,lucid technologie
Bitdefender,2026-08-01,Lucid Technologies,1,94.0,79.9,79.9,lucid technologie
Webroot,2026-07-01,Trahan Computer Tech,2,152.0,78.82,78.82,trahan computer tech
Webroot,2026-06-01,Trahan Computer Tech,2,152.0,78.82,78.82,trahan computer tech
Bitdefender,2026-05-01,ProCom,1,94.0,78.8107,78.8107,procom
Proofpoint,2026-01-01,E-Safe Technologies,3,50.0,78.36,78.36,e  afe technologie
Webroot,2026-03-01,Trahan Computer Tech,2,160.0,78.1,78.1,trahan computer tech
ESET,2026-06-01,"ConnectWise, Inc. DataCenter",1,3000.0,78.07993,78.07993,connectwi e inc datacenter
Webroot,2026-01-01,Bebaios Solutions LLC,1,150.0,78.0,78.0,bebaio   olution  llc
Webroot,2026-02-01,Trahan Computer Tech,2,159.0,77.58,77.58,trahan computer tech
Bitdefender,2026-02-01,Sanchez Management Corp,3,61.0,76.86,76.86,anchez management corp
Acronis,2026-01-01,Enterprise Business IT Solutions Pty Ltd,3,3724.08,76.399784,76.399784,enterpri e bu ine  it  olution  pty ltd
Webroot,2026-05-01,Trahan Computer Tech,2,156.0,76.02,76.02,trahan computer tech
Webroot,2026-03-01,JEC Technologies Group,1,146.0,75.92,75.92,jec technologie  group
Acronis,2026-06-01,"Meantide Associates, LLC",5,1745.6299999999999,75.170168,75.170168,meantide a ociate  llc
Webroot,2026-06-01,JEC Technologies Group,1,134.0,75.04,75.04,jec technologie  group
Webroot,2026-07-01,JEC Technologies Group,1,134.0,75.04,75.04,jec technologie  group
Bitdefender,2026-08-01,Today's Business Computers Inc,2,53.0,75.0,75.0,today   bu ine  computer  inc
Bitdefender,2026-07-01,Today's Business Computers Inc,2,53.0,75.0,75.0,today   bu ine  computer  inc
KeepIT,2026-07-01,Davis Advanced Technology,1,100.0,75.0,75.0,davi  advanced technology
KeepIT,2026-01-01,One Communications,1,100.0,75.0,75.0,one communication
KeepIT,2026-07-01,One Communications,1,100.0,75.0,75.0,one communication
SentinelOne,2026-07-01,CYB3R,1,104.0,74.88,74.88,cyb3r
Bitdefender,2026-06-01,Lucid Technologies,1,88.0,74.8,74.8,lucid technologie
Acronis,2026-07-01,TCT Federal Credit Union,2,3304.53,74.398944,74.398944,tct federal credit union
Webroot,2026-05-01,Bebaios Solutions LLC,1,143.0,74.36,74.36,bebaio   olution  llc
Acronis,2026-05-01,TCT Federal Credit Union,2,3268.35,73.86348000000001,73.86348000000001,tct federal credit union
Proofpoint,2026-01-01,"NXC Holdings, LLC",4,78.0,73.71000000000001,73.71000000000001,nxc holding  llc
Acronis,2026-04-01,Enterprise Business IT Solutions Pty Ltd,3,3534.99,73.601252,73.601252,enterpri e bu ine  it  olution  pty ltd
Acronis,2026-04-01,TCT Federal Credit Union,2,3248.31,73.566888,73.566888,tct federal credit union
Acronis,2026-03-01,Enterprise Business IT Solutions Pty Ltd,3,3523.79,73.435542,73.435542,enterpri e bu ine  it  olution  pty ltd
Acronis,2026-03-01,Network Enginuity,2,1423.35,73.398882,73.398882,network enginuity
Acronis,2026-05-01,Enterprise Business IT Solutions Pty Ltd,3,3517.03,73.335444,73.335444,enterpri e bu ine  it  olution  pty ltd
Acronis,2026-06-01,Enterprise Business IT Solutions Pty Ltd,3,3510.61,73.24042800000001,73.24042800000001,enterpri e bu ine  it  olution  pty ltd
Acronis,2026-02-01,Enterprise Business IT Solutions Pty Ltd,3,3504.1,73.14408,73.14408,enterpri e bu ine  it  olution  pty ltd
Acronis,2026-07-01,Enterprise Business IT Solutions Pty Ltd,3,3501.74,73.109152,73.109152,enterpri e bu ine  it  olution  pty ltd
Bitdefender,2026-05-01,Lucid Technologies,1,86.0,73.1,73.1,lucid technologie
Acronis,2026-07-01,PC Solutions,2,1337.67,73.021015,73.021015,pc  olution
Acronis,2026-06-01,TCT Federal Credit Union,2,3205.22,72.929156,72.929156,tct federal credit union
Acronis,2026-03-01,TCT Federal Credit Union,2,3204.7,72.92146,72.92146,tct federal credit union
Acronis,2026-04-01,Network Enginuity,2,1408.33,72.580292,72.580292,network enginuity
Acronis,2026-02-01,Network Enginuity,2,1407.7,72.545957,72.545957,network enginuity
Acronis,2026-06-01,PC Solutions,2,1328.74,72.53433,72.53433,pc  olution
Acronis,2026-05-01,PC Solutions,2,1324.46,72.30107,72.30107,pc  olution
Webroot,2026-04-01,Bebaios Solutions LLC,1,139.0,72.28,72.28,bebaio   olution  llc
Acronis,2026-04-01,PC Solutions,2,1321.65,72.147925,72.147925,pc  olution
Webroot,2026-01-01,Trahan Computer Tech,2,148.0,72.03,72.03,trahan computer tech
Bitdefender,2026-02-01,"Cornerstone Computer Solutions, Inc",1,48.0,72.0,72.0,corner tone computer  olution  inc
Acronis,2026-03-01,TC IT Solutions,2,1320.88,71.98796,71.98796,tc it  olution
Acronis,2026-02-01,TCT Federal Credit Union,2,3138.17,71.936816,71.936816,tct federal credit union
Webroot,2026-04-01,JEC Technologies Group,1,138.0,71.76,71.76,jec technologie  group
Proofpoint,2026-02-01,E-Safe Technologies,3,45.0,71.66,71.66,e  afe technologie
Proofpoint,2026-03-01,E-Safe Technologies,3,45.0,71.66,71.66,e  afe technologie
Acronis,2026-04-01,You Must Be Lost,5,3448.73,71.50750400000001,71.50750400000001,you mu t be lo t
Acronis,2026-01-01,Network Enginuity,2,1385.17,71.318072,71.318072,network enginuity
Acronis,2026-01-01,TCT Federal Credit Union,2,3076.05,71.01744,71.01744,tct federal credit union
Bitdefender,2026-06-01,Today's Business Computers Inc,2,50.0,70.8,70.8,today   bu ine  computer  inc
Bitdefender,2026-02-01,Today's Business Computers Inc,2,50.0,70.8,70.8,today   bu ine  computer  inc
Acronis,2026-02-01,TC IT Solutions,2,1287.1,70.14695,70.14695,tc it  olution
Acronis,2026-02-01,Avalon Hills,4,1496.26,69.717739,69.717739,avalon hill
Webroot,2026-05-01,JEC Technologies Group,1,134.0,69.68,69.68,jec technologie  group
Acronis,2026-01-01,TC IT Solutions,2,1277.9,69.64555,69.64555,tc it  olution
Acronis,2026-07-01,You Must Be Lost,5,3315.63,69.537624,69.537624,you mu t be lo t
SentinelOne,2026-01-01,MBACIO,1,97.0,69.36338,69.36338,mbacio
ESET,2026-04-01,"Info-Tek Computer Resources, LLC",1,1500.0,68.971423,68.971423,info tek computer re ource  llc
Acronis,2026-07-01,The Hill Country Tech,4,3091.59,68.884432,68.884432,the hill country tech
Bitdefender,2026-04-01,Lucid Technologies,1,81.0,68.85,68.85,lucid technologie
Acronis,2026-06-01,The Hill Country Tech,4,3045.32,68.199636,68.199636,the hill country tech
Webroot,2026-01-01,"Complete Network Management, Inc.",1,131.0,68.12,68.12,complete network management inc
Acronis,2026-05-01,The Hill Country Tech,4,3039.29,68.110392,68.110392,the hill country tech
Bitdefender,2026-05-01,Today's Business Computers Inc,2,48.0,68.0,68.0,today   bu ine  computer  inc
Bitdefender,2026-04-01,Today's Business Computers Inc,2,48.0,68.0,68.0,today   bu ine  computer  inc
KeepIT,2026-01-01,"Function4, LLC",1,68.0,68.0,68.0,function4 llc
Acronis,2026-03-01,Community Action Partnership Huntsville / Madison,7,1273.34,67.183132,67.183132,community action partner hip hunt ville madi on
Webroot,2026-03-01,"Complete Network Management, Inc.",1,129.0,67.08,67.08,complete network management inc
Webroot,2026-02-01,"Complete Network Management, Inc.",1,129.0,67.08,67.08,complete network management inc
Acronis,2026-01-01,Montec IT Group,4,28.0,67.03790000000001,67.03790000000001,montec it group
Bitdefender,2026-03-01,PCPLUS NETWORKS1,1,87.0,66.99,66.99,pcplu  network 1
Acronis,2026-04-01,Unique Appliances,3,107.17,66.788116,66.788116,unique appliance
Acronis,2026-02-01,Community Action Partnership Huntsville / Madison,7,1242.84,66.731732,66.731732,community action partner hip hunt ville madi on
Bitdefender,2026-06-01,"JTO Computer Solutions, LLC",1,70.0,66.5,66.5,jto computer  olution  llc
Bitdefender,2026-01-01,"JTO Computer Solutions, LLC",1,70.0,66.5,66.5,jto computer  olution  llc
Bitdefender,2026-08-01,"JTO Computer Solutions, LLC",1,70.0,66.5,66.5,jto computer  olution  llc
Acronis,2026-04-01,Avalon Hills,4,1404.58,66.297308,66.297308,avalon hill
Bitdefender,2026-07-01,Leeward Holdings Corporation,2,72.0,66.0,66.0,leeward holding  corporation
Acronis,2026-01-01,Avalon Hills,4,1435.42,65.910209,65.910209,avalon hill
Bitdefender,2026-01-01,Mountaineer IT,1,47.0,65.8,65.8,mountaineer it
Proofpoint,2026-07-01,BEAU TECH,1,24.0,65.76,65.76,beau tech
Acronis,2026-05-01,Unique Appliances,3,109.36,65.67032800000001,65.67032800000001,unique appliance
Bitdefender,2026-03-01,"JTO Computer Solutions, LLC",1,69.0,65.55,65.55,jto computer  olution  llc
Bitdefender,2026-04-01,PCPLUS NETWORKS1,1,85.0,65.45,65.45,pcplu  network 1
Proofpoint,2026-06-01,"Meantide Associates, LLC",3,56.0,65.3,65.3,meantide a ociate  llc
Acronis,2026-01-01,Community Action Partnership Huntsville / Madison,7,1220.41,65.264368,65.264368,community action partner hip hunt ville madi on
Bitdefender,2026-03-01,Today's Business Computers Inc,2,46.0,65.2,65.2,today   bu ine  computer  inc
Acronis,2026-04-01,Community Action Partnership Huntsville / Madison,7,1278.1,64.95318,64.95318,community action partner hip hunt ville madi on
Acronis,2026-07-01,BrainWave Computers,3,3103.79,64.74039200000001,64.74039200000001,brainwave computer
Bitdefender,2026-07-01,PCPLUS NETWORKS1,1,84.0,64.68,64.68,pcplu  network 1
Bitdefender,2026-06-01,PCPLUS NETWORKS1,1,84.0,64.68,64.68,pcplu  network 1
Bitdefender,2026-02-01,"JTO Computer Solutions, LLC",1,68.0,64.6,64.6,jto computer  olution  llc
Bitdefender,2026-04-01,"JTO Computer Solutions, LLC",1,68.0,64.6,64.6,jto computer  olution  llc
Bitdefender,2026-01-01,AspireTech,1,46.0,64.4,64.4,a piretech
Acronis,2026-07-01,Montec IT Group,3,29.0,64.2692,64.2692,montec it group
Acronis,2026-05-01,You Must Be Lost,5,2955.87,64.213176,64.213176,you mu t be lo t
Acronis,2026-03-01,Avalon Hills,4,1337.5900000000001,64.042361,64.042361,avalon hill
Bitdefender,2026-05-01,PCPLUS NETWORKS1,1,83.0,63.91,63.91,pcplu  network 1
Bitdefender,2026-07-01,"JTO Computer Solutions, LLC",1,67.0,63.65,63.65,jto computer  olution  llc
Acronis,2026-06-01,BrainWave Computers,3,3028.98,63.633204000000006,63.633204000000006,brainwave computer
Bitdefender,2026-08-01,"Business Data Solutions, Inc.",4,75.0,63.620000000000005,63.620000000000005,bu ine  data  olution  inc
Acronis,2026-05-01,BrainWave Computers,3,3018.76,63.481947999999996,63.481947999999996,brainwave computer
Bitdefender,2026-02-01,PCPLUS NETWORKS1,1,82.0,63.14,63.14,pcplu  network 1
Bitdefender,2026-08-01,PCPLUS NETWORKS1,1,82.0,63.14,63.14,pcplu  network 1
Acronis,2026-04-01,BrainWave Computers,3,2995.43,63.136663999999996,63.136663999999996,brainwave computer
Proofpoint,2026-06-01,EZ Solutions,17,23.0,63.02000000000001,63.02000000000001,ez  olution
Proofpoint,2026-05-01,EZ Solutions,17,23.0,63.019999999999996,63.019999999999996,ez  olution
Acronis,2026-02-01,BrainWave Computers,3,2980.13,62.910224,62.910224,brainwave computer
Acronis,2026-05-01,Community Action Partnership Huntsville / Madison,7,1353.83,62.71218399999999,62.71218399999999,community action partner hip hunt ville madi on
Bitdefender,2026-05-01,"JTO Computer Solutions, LLC",1,66.0,62.7,62.7,jto computer  olution  llc
SentinelOne,2026-07-01,CHAMPIONSOFCHANGE,1,87.0,62.64,62.64,champion ofchange
Acronis,2026-06-01,Unique Appliances,3,107.42,62.220616,62.220616,unique appliance
Acronis,2026-03-01,BrainWave Computers,3,2925.25,62.09805,62.09805,brainwave computer
Acronis,2026-01-01,SMB Cloud KY,2,1139.3,61.98285,61.98285,mb cloud ky
Acronis,2026-01-01,BrainWave Computers,3,2917.31,61.980488,61.980488,brainwave computer
Acronis,2026-06-01,Montec IT Group,3,27.0,61.933299999999996,61.933299999999996,montec it group
SentinelOne,2026-02-01,MBACIO,1,86.0,61.92,61.92,mbacio
Acronis,2026-06-01,You Must Be Lost,5,2787.96,61.728108,61.728108,you mu t be lo t
Bitdefender,2026-06-01,"Business Data Solutions, Inc.",3,73.0,61.72,61.72,bu ine  data  olution  inc
Webroot,2026-06-01,"International Micro Systems, Inc.",1,110.0,61.6,61.6,international micro  y tem  inc
Webroot,2026-07-01,"International Micro Systems, Inc.",1,110.0,61.6,61.6,international micro  y tem  inc
Acronis,2026-07-01,Unique Appliances,3,108.42,61.070416,61.070416,unique appliance
Acronis,2026-06-01,Community Action Partnership Huntsville / Madison,7,1347.3,60.926339999999996,60.926339999999996,community action partner hip hunt ville madi on
Acronis,2026-06-01,Adfranse Automatisering B V,9,699.52,60.857096,60.857096,adfran e automati ering b v
Acronis,2026-05-01,Adfranse Automatisering B V,9,691.4,60.736920000000005,60.736920000000005,adfran e automati ering b v
Acronis,2026-04-01,Adfranse Automatisering B V,9,679.04,60.553991999999994,60.553991999999994,adfran e automati ering b v
Webroot,2026-06-01,"Complete Network Management, Inc.",1,108.0,60.48,60.48,complete network management inc
Acronis,2026-03-01,SKC Inc,1,1107.01,60.332045,60.332045,kc inc
Acronis,2026-02-01,SKC Inc,1,1107.01,60.332045,60.332045,kc inc
Acronis,2026-01-01,SKC Inc,1,1107.01,60.332045,60.332045,kc inc
Acronis,2026-03-01,Adfranse Automatisering B V,9,655.2,60.201260000000005,60.201260000000005,adfran e automati ering b v
Bitdefender,2026-07-01,"Business Data Solutions, Inc.",3,72.0,60.08,60.08,bu ine  data  olution  inc
Proofpoint,2026-05-01,"Meantide Associates, LLC",2,46.0,59.8,59.8,meantide a ociate  llc
Proofpoint,2026-04-01,"Meantide Associates, LLC",2,46.0,59.8,59.8,meantide a ociate  llc
ESET,2026-02-01,"Info-Tek Computer Resources, LLC",1,1400.0,59.567081,59.567081,info tek computer re ource  llc
Bitdefender,2026-04-01,"Advanced Office Systems, Inc.",2,42.0,59.36,59.36,advanced office  y tem  inc
Bitdefender,2026-07-01,"Advanced Office Systems, Inc.",2,42.0,59.36,59.36,advanced office  y tem  inc
Bitdefender,2026-01-01,"Advanced Office Systems, Inc.",2,42.0,59.36,59.36,advanced office  y tem  inc
Bitdefender,2026-03-01,"Advanced Office Systems, Inc.",2,42.0,59.36,59.36,advanced office  y tem  inc
Bitdefender,2026-02-01,"Advanced Office Systems, Inc.",2,42.0,59.36,59.36,advanced office  y tem  inc
Bitdefender,2026-05-01,"Advanced Office Systems, Inc.",2,42.0,59.36,59.36,advanced office  y tem  inc
Bitdefender,2026-08-01,"Advanced Office Systems, Inc.",2,42.0,59.36,59.36,advanced office  y tem  inc
Bitdefender,2026-06-01,"Advanced Office Systems, Inc.",2,42.0,59.36,59.36,advanced office  y tem  inc
Bitdefender,2026-01-01,Aztech IT Solutions,1,87.0,59.3534,59.3534,aztech it  olution
Webroot,2026-04-01,"Complete Network Management, Inc.",1,114.0,59.28,59.28,complete network management inc
Proofpoint,2026-06-01,I-Virtualize,4,57.0,59.24,59.24,i virtualize
Proofpoint,2026-07-01,I-Virtualize,4,57.0,59.239999999999995,59.239999999999995,i virtualize
Acronis,2026-06-01,Manning's Office Solutions,2,1064.24,58.59108,58.59108,manning   office  olution
SentinelOne,2026-03-01,MBACIO,1,81.0,58.32,58.32,mbacio
SentinelOne,2026-07-01,CYPHERCONNECTMSP,1,81.0,58.32,58.32,cypherconnectm p
Bitdefender,2026-03-01,I-Virtualize,1,19.0,58.2443,58.2443,i virtualize
Acronis,2026-02-01,You Must Be Lost,5,2521.15,57.77932,57.77932,you mu t be lo t
Acronis,2026-07-01,Community Action Partnership Huntsville / Madison,7,1051.21,57.679607999999995,57.679607999999995,community action partner hip hunt ville madi on
SentinelOne,2026-01-01,CONNECTWISE-CORPORATE,1,57.0,57.57,57.57,connectwi e corporate
Bitdefender,2026-03-01,AspireTech,1,41.0,57.4,57.4,a piretech
Bitdefender,2026-02-01,AspireTech,1,41.0,57.4,57.4,a piretech
Acronis,2026-05-01,Manning's Office Solutions,2,1041.78,57.36701,57.36701,manning   office  olution
Proofpoint,2026-03-01,"Meantide Associates, LLC",2,44.0,57.2,57.2,meantide a ociate  llc
Proofpoint,2026-01-01,"Meantide Associates, LLC",2,44.0,57.2,57.2,meantide a ociate  llc
Webroot,2026-02-01,"International Micro Systems, Inc.",1,110.0,57.2,57.2,international micro  y tem  inc
Webroot,2026-04-01,"International Micro Systems, Inc.",1,110.0,57.2,57.2,international micro  y tem  inc
Webroot,2026-05-01,"International Micro Systems, Inc.",1,110.0,57.2,57.2,international micro  y tem  inc
Webroot,2026-01-01,"International Micro Systems, Inc.",1,110.0,57.2,57.2,international micro  y tem  inc
Webroot,2026-03-01,"International Micro Systems, Inc.",1,110.0,57.2,57.2,international micro  y tem  inc
Webroot,2026-07-01,"Complete Network Management, Inc.",1,102.0,57.12,57.12,complete network management inc
SentinelOne,2026-06-01,TAM-DEMO,4,105.0,56.22,56.22,tam demo
Bitdefender,2026-04-01,AspireTech,1,40.0,56.0,56.0,a piretech
Webroot,2026-07-01,"WDCS, Inc.",1,100.0,56.0,56.0,wdc  inc
Webroot,2026-06-01,"WDCS, Inc.",1,100.0,56.0,56.0,wdc  inc
Bitdefender,2026-02-01,Trenmead,3,30.0,55.396499999999996,55.396499999999996,trenmead
Bitdefender,2026-03-01,Trenmead,3,30.0,55.196799999999996,55.196799999999996,trenmead
KeepIT,2026-03-01,RecoverProd01,1,55.0,55.0,55.0,recoverprod01
KeepIT,2026-02-01,RecoverProd01,1,55.0,55.0,55.0,recoverprod01
Bitdefender,2026-06-01,Trenmead,3,30.0,54.940599999999996,54.940599999999996,trenmead
Acronis,2026-01-01,You Must Be Lost,5,2324.62,54.870675999999996,54.870675999999996,you mu t be lo t
Proofpoint,2026-04-01,EZ Solutions,14,20.0,54.80000000000002,54.80000000000002,ez  olution
Acronis,2026-04-01,Manning's Office Solutions,2,994.21,54.774445,54.774445,manning   office  olution
Bitdefender,2026-05-01,Trenmead,3,30.0,54.7424,54.7424,trenmead
SentinelOne,2026-07-01,NOFERNO,1,76.0,54.72,54.72,noferno
Bitdefender,2026-08-01,AspireTech,1,39.0,54.6,54.6,a piretech
Webroot,2026-03-01,Leading Technology Europe Ltd,1,105.0,54.6,54.6,leading technology europe ltd
Proofpoint,2026-02-01,"Meantide Associates, LLC",2,42.0,54.599999999999994,54.599999999999994,meantide a ociate  llc
SentinelOne,2026-02-01,CONNECTWISE-CORPORATE,1,54.0,54.54,54.54,connectwi e corporate
Bitdefender,2026-01-01,Trenmead,3,30.0,54.395799999999994,54.395799999999994,trenmead
Bitdefender,2026-07-01,Trenmead,3,30.0,54.3504,54.3504,trenmead
Acronis,2026-02-01,Cooper Communications,1,995.79,54.270555,54.270555,cooper communication
Acronis,2026-01-01,Cooper Communications,1,995.79,54.270555,54.270555,cooper communication
Acronis,2026-03-01,Cooper Communications,1,995.79,54.270555,54.270555,cooper communication
Bitdefender,2026-08-01,Trenmead,3,30.0,54.1582,54.1582,trenmead
Acronis,2026-03-01,You Must Be Lost,5,2276.44,54.157662,54.157662,you mu t be lo t
Webroot,2026-05-01,"Complete Network Management, Inc.",1,104.0,54.08,54.08,complete network management inc
Acronis,2026-03-01,Montec IT Group,3,24.0,53.9884,53.9884,montec it group
Acronis,2026-05-01,Montec IT Group,3,24.0,53.9884,53.9884,montec it group
Acronis,2026-04-01,Montec IT Group,3,24.0,53.9884,53.9884,montec it group
Acronis,2026-02-01,Montec IT Group,3,24.0,53.9884,53.9884,montec it group
Bitdefender,2026-04-01,Trenmead,3,30.0,53.7748,53.7748,trenmead
SentinelOne,2026-07-01,ALICECOMPUTER,1,53.0,53.53,53.53,alicecomputer
SentinelOne,2026-03-01,TAM-DEMO,4,101.0,53.41,53.41,tam demo
Webroot,2026-02-01,T3 Networks,2,102.0,53.25,53.25,t3 network
Bitdefender,2026-05-01,AspireTech,1,38.0,53.2,53.2,a piretech
ESET,2026-01-01,"Info-Tek Computer Resources, LLC",1,1550.0,53.167098,53.167098,info tek computer re ource  llc
Webroot,2026-02-01,Leading Technology Europe Ltd,1,102.0,53.04,53.04,leading technology europe ltd
KeepIT,2026-01-01,RecoverProd01,1,53.0,53.0,53.0,recoverprod01
Bitdefender,2026-04-01,"Business Data Solutions, Inc.",3,64.0,52.980000000000004,52.980000000000004,bu ine  data  olution  inc
Bitdefender,2026-01-01,"Excell It, Inc.",2,56.0,52.738,52.738,excell it inc
ESET,2026-03-01,"Info-Tek Computer Resources, LLC",1,1550.0,52.45648,52.45648,info tek computer re ource  llc
Proofpoint,2026-07-01,PVK Technology Solutions LLC,2,40.0,52.0,52.0,pvk technology  olution  llc
Webroot,2026-02-01,"WDCS, Inc.",1,100.0,52.0,52.0,wdc  inc
Webroot,2026-04-01,"WDCS, Inc.",1,100.0,52.0,52.0,wdc  inc
Webroot,2026-03-01,"WDCS, Inc.",1,100.0,52.0,52.0,wdc  inc
Webroot,2026-05-01,"WDCS, Inc.",1,100.0,52.0,52.0,wdc  inc
Webroot,2026-01-01,"WDCS, Inc.",1,100.0,52.0,52.0,wdc  inc
Bitdefender,2026-05-01,"Business Data Solutions, Inc.",3,62.0,51.94,51.94,bu ine  data  olution  inc
Webroot,2026-01-01,T3 Networks,2,99.0,51.690000000000005,51.690000000000005,t3 network
Webroot,2026-04-01,T3 Networks,2,99.0,51.66,51.66,t3 network
ESET,2026-07-01,"Info-Tek Computer Resources, LLC",1,1550.0,51.562201,51.562201,info tek computer re ource  llc
ESET,2026-05-01,"Info-Tek Computer Resources, LLC",1,1550.0,51.562201,51.562201,info tek computer re ource  llc
SentinelOne,2026-06-01,CYPHERCONNECTMSP,1,71.0,51.12,51.12,cypherconnectm p
Bitdefender,2026-06-01,Aztech IT Solutions,1,76.0,50.8698,50.8698,aztech it  olution
Proofpoint,2026-06-01,SYST99 -  Systems Engineering,1,42.0,50.82,50.82,y t99  y tem  engineering
Webroot,2026-02-01,The Greentree Group,1,97.0,50.44,50.44,the greentree group
Bitdefender,2026-06-01,AspireTech,1,36.0,50.4,50.4,a piretech
KeepIT,2026-02-01,Test123,1,50.0,50.0,50.0,te t123
KeepIT,2026-04-01,Test123,1,50.0,50.0,50.0,te t123
KeepIT,2026-06-01,Test123,1,50.0,50.0,50.0,te t123
KeepIT,2026-01-01,Test123,1,50.0,50.0,50.0,te t123
KeepIT,2026-03-01,Test123,1,50.0,50.0,50.0,te t123
KeepIT,2026-05-01,Test123,1,50.0,50.0,50.0,te t123
KeepIT,2026-07-01,Smy IT service,1,50.0,50.0,50.0,my it  ervice
KeepIT,2026-07-01,Test123,1,50.0,50.0,50.0,te t123
Webroot,2026-01-01,Leading Technology Europe Ltd,1,96.0,49.92,49.92,leading technology europe ltd
ESET,2026-06-01,"Info-Tek Computer Resources, LLC",1,1500.0,49.898905,49.898905,info tek computer re ource  llc
SentinelOne,2026-07-01,ANYTIMEITSOLUTIONS,1,69.0,49.68,49.68,anytimeit olution
Proofpoint,2026-05-01,SYST99 -  Systems Engineering,1,41.0,49.61,49.61,y t99  y tem  engineering
Proofpoint,2026-03-01,SYST99 -  Systems Engineering,1,41.0,49.61,49.61,y t99  y tem  engineering
Proofpoint,2026-04-01,SYST99 -  Systems Engineering,1,41.0,49.61,49.61,y t99  y tem  engineering
Proofpoint,2026-02-01,SYST99 -  Systems Engineering,1,41.0,49.61,49.61,y t99  y tem  engineering
Webroot,2026-06-01,T3 Networks,2,89.0,49.33,49.33,t3 network
Webroot,2026-06-01,The Cloud Platform,1,88.0,49.28,49.28,the cloud platform
Bitdefender,2026-03-01,"Business Data Solutions, Inc.",3,71.0,49.120000000000005,49.120000000000005,bu ine  data  olution  inc
Webroot,2026-05-01,T3 Networks,2,94.0,49.06,49.06,t3 network
Webroot,2026-02-01,B4B Telecoms,1,94.0,48.88,48.88,b4b telecom
Webroot,2026-01-01,B4B Telecoms,1,94.0,48.88,48.88,b4b telecom
Webroot,2026-03-01,B4B Telecoms,1,94.0,48.88,48.88,b4b telecom
SentinelOne,2026-05-01,TAM-DEMO,4,92.0,48.7,48.7,tam demo
SentinelOne,2026-04-01,TAM-DEMO,4,92.0,48.699999999999996,48.699999999999996,tam demo
SentinelOne,2026-02-01,TAM-DEMO,4,88.0,48.519999999999996,48.519999999999996,tam demo
Proofpoint,2026-01-01,SYST99 -  Systems Engineering,1,40.0,48.4,48.4,y t99  y tem  engineering
SentinelOne,2026-07-01,CONNECTWISE-CORPORATE,2,88.0,48.4,48.4,connectwi e corporate
Webroot,2026-04-01,BulletProof Systems,1,93.0,48.36,48.36,bulletproof  y tem
Bitdefender,2026-03-01,Aztech IT Solutions,1,73.0,48.3443,48.3443,aztech it  olution
Acronis,2026-01-01,Shristi Systems & Solutions,1,3264.67,48.317116,48.317116,hri ti  y tem   olution
Acronis,2026-02-01,Shristi Systems & Solutions,1,3259.96,48.247408,48.247408,hri ti  y tem   olution
Acronis,2026-03-01,Shristi Systems & Solutions,1,3259.96,48.247408,48.247408,hri ti  y tem   olution
SentinelOne,2026-07-01,MRGA,1,67.0,48.24,48.24,mrga
Webroot,2026-03-01,T3 Networks,2,92.0,48.03,48.03,t3 network
Webroot,2026-06-01,Caspian IT Group,1,137.0,47.95,47.95,ca pian it group
Webroot,2026-07-01,Caspian IT Group,1,137.0,47.95,47.95,ca pian it group
Webroot,2026-07-01,The Cloud Platform,1,85.0,47.6,47.6,the cloud platform
Proofpoint,2026-07-01,SYST99 -  Systems Engineering,1,39.0,47.19,47.19,y t99  y tem  engineering
Webroot,2026-06-01,BulletProof Systems,1,84.0,47.04,47.04,bulletproof  y tem
Webroot,2026-07-01,BulletProof Systems,1,84.0,47.04,47.04,bulletproof  y tem
Webroot,2026-03-01,BulletProof Systems,1,90.0,46.8,46.8,bulletproof  y tem
Proofpoint,2026-02-01,EZ Solutions,12,17.0,46.58000000000001,46.58000000000001,ez  olution
Proofpoint,2026-03-01,EZ Solutions,12,17.0,46.580000000000005,46.580000000000005,ez  olution
Proofpoint,2026-01-01,EZ Solutions,12,17.0,46.58,46.58,ez  olution
SentinelOne,2026-03-01,CONNECTWISE-CORPORATE,1,46.0,46.46,46.46,connectwi e corporate
SentinelOne,2026-04-01,CONNECTWISE-CORPORATE,1,46.0,46.46,46.46,connectwi e corporate
Bitdefender,2026-01-01,PCPLUS NETWORKS1,1,60.0,46.2,46.2,pcplu  network 1
Webroot,2026-04-01,B4B Telecoms,1,88.0,45.76,45.76,b4b telecom
SentinelOne,2026-07-01,TAM-DEMO,4,87.0,45.51,45.51,tam demo
Acronis,2026-01-01,IT Mindshare,1,834.45,45.477525,45.477525,it mind hare
Acronis,2026-03-01,IT Mindshare,1,834.45,45.477525,45.477525,it mind hare
Acronis,2026-02-01,IT Mindshare,1,834.45,45.477525,45.477525,it mind hare
Proofpoint,2026-07-01,"Northwest Reliable, LLC",2,22.0,45.1,45.1,northwe t reliable llc
SentinelOne,2026-06-01,CONNECTWISE-CORPORATE,2,82.0,45.099999999999994,45.099999999999994,connectwi e corporate
Bitdefender,2026-02-01,Aztech IT Solutions,1,66.0,44.8644,44.8644,aztech it  olution
Bitdefender,2026-07-01,AspireTech,1,32.0,44.8,44.8,a piretech
SentinelOne,2026-07-01,BCIT Solutions,2,70.0,44.8,44.8,bcit  olution
Webroot,2026-05-01,The Cloud Platform,1,86.0,44.72,44.72,the cloud platform
Webroot,2026-04-01,The Cloud Platform,1,86.0,44.72,44.72,the cloud platform
Webroot,2026-01-01,BulletProof Systems,1,86.0,44.72,44.72,bulletproof  y tem
Acronis,2026-07-01,Adfranse Automatisering B V,8,670.58,44.627784000000005,44.627784000000005,adfran e automati ering b v
Bitdefender,2026-08-01,Leeward Holdings Corporation,2,48.0,44.4,44.4,leeward holding  corporation
KeepIT,2026-01-01,StormWarden Pty Ltd,1,59.0,44.25,44.25,tormwarden pty ltd
KeepIT,2026-07-01,RecoverProd01,1,59.0,44.25,44.25,recoverprod01
Webroot,2026-03-01,The Greentree Group,1,85.0,44.2,44.2,the greentree group
Webroot,2026-05-01,BulletProof Systems,1,85.0,44.2,44.2,bulletproof  y tem
Bitdefender,2026-03-01,"Excell It, Inc.",2,44.0,43.9844,43.9844,excell it inc
Bitdefender,2026-08-01,Aztech IT Solutions,1,65.0,43.8435,43.8435,aztech it  olution
Webroot,2026-07-01,T3 Networks,2,79.0,43.699999999999996,43.699999999999996,t3 network
KeepIT,2026-05-01,RecoverProd01,1,58.0,43.5,43.5,recoverprod01
KeepIT,2026-06-01,RecoverProd01,1,58.0,43.5,43.5,recoverprod01
Webroot,2026-01-01,The Cloud Platform,1,83.0,43.16,43.16,the cloud platform
Webroot,2026-02-01,BulletProof Systems,1,83.0,43.16,43.16,bulletproof  y tem
Bitdefender,2026-04-01,"Excell It, Inc.",2,41.0,42.156800000000004,42.156800000000004,excell it inc
Bitdefender,2026-08-01,"Excell It, Inc.",2,42.0,42.113,42.113,excell it inc
ESET,2026-05-01,SysTechNY,1,1550.0,42.022577,42.022577,y techny
Bitdefender,2026-05-01,Aztech IT Solutions,1,62.0,41.9497,41.9497,aztech it  olution
Bitdefender,2026-02-01,"Excell It, Inc.",2,41.0,41.9214,41.9214,excell it inc
Proofpoint,2026-02-01,Dasilva Consulting LLC,4,38.0,41.8,41.8,da ilva con ulting llc
Proofpoint,2026-01-01,Dasilva Consulting LLC,4,38.0,41.8,41.8,da ilva con ulting llc
Webroot,2026-03-01,The Cloud Platform,1,80.0,41.6,41.6,the cloud platform
SentinelOne,2026-05-01,CONNECTWISE-CORPORATE,1,41.0,41.41,41.41,connectwi e corporate
Bitdefender,2026-07-01,Aztech IT Solutions,1,62.0,41.3524,41.3524,aztech it  olution
KeepIT,2026-04-01,RecoverProd01,1,55.0,41.25,41.25,recoverprod01
Webroot,2026-06-01,You Must Be Lost,1,73.0,40.88,40.88,you mu t be lo t
Webroot,2026-07-01,You Must Be Lost,1,73.0,40.88,40.88,you mu t be lo t
SentinelOne,2026-07-01,CORPWEST,2,54.0,40.769999999999996,40.769999999999996,corpwe t
Acronis,2026-01-01,"ZMR, Inc.",1,2750.08,40.701184,40.701184,zmr inc
Acronis,2026-03-01,"ZMR, Inc.",1,2750.08,40.701184,40.701184,zmr inc
Acronis,2026-02-01,"ZMR, Inc.",1,2750.08,40.701184,40.701184,zmr inc
SentinelOne,2026-01-01,TAM-DEMO,4,74.0,40.54,40.54,tam demo
ESET,2026-07-01,SysTechNY,1,1550.0,40.341297,40.341297,y techny
SentinelOne,2026-07-01,NETGATETECH,1,56.0,40.32,40.32,netgatetech
Acronis,2026-01-01,TheSoftwareConsultant,4,1418.68,40.29588,40.29588,the oftwarecon ultant
Acronis,2026-02-01,TheSoftwareConsultant,4,1418.1,40.283699999999996,40.283699999999996,the oftwarecon ultant
Acronis,2026-07-01,"GSG Computers, Inc.",2,2474.04,40.257492,40.257492,g g computer  inc
Bitdefender,2026-04-01,CRDS Operational Corp.,1,29.0,40.2433,40.2433,crd  operational corp
ESET,2026-06-01,SysTechNY,2,1500.0,40.233131,40.233131,y techny
ESET,2026-04-01,SysTechNY,1,1500.0,40.215242,40.215242,y techny
Bitdefender,2026-05-01,"Excell It, Inc.",2,39.0,40.1483,40.1483,excell it inc
Acronis,2026-04-01,TheSoftwareConsultant,4,1411.42,40.14342,40.14342,the oftwarecon ultant
Bitdefender,2026-07-01,Quick Fix Network,1,59.0,40.12,40.12,quick fix network
Acronis,2026-03-01,TheSoftwareConsultant,4,1409.03,40.101153999999994,40.101153999999994,the oftwarecon ultant
Acronis,2026-07-01,TheSoftwareConsultant,4,1407.13,40.0617,40.0617,the oftwarecon ultant
Acronis,2026-05-01,TheSoftwareConsultant,4,1407.22,40.05522,40.05522,the oftwarecon ultant
Acronis,2026-06-01,"GSG Computers, Inc.",2,2458.61,40.029128,40.029128,g g computer  inc
Acronis,2026-06-01,TheSoftwareConsultant,4,1396.98,39.84018,39.84018,the oftwarecon ultant
Acronis,2026-05-01,"GSG Computers, Inc.",2,2445.8,39.83954,39.83954,g g computer  inc
Bitdefender,2026-04-01,Aztech IT Solutions,1,59.0,39.7759,39.7759,aztech it  olution
Acronis,2026-04-01,"GSG Computers, Inc.",2,2436.41,39.700568000000004,39.700568000000004,g g computer  inc
Webroot,2026-02-01,The Cloud Platform,1,76.0,39.52,39.52,the cloud platform
Webroot,2026-02-01,Flex IT Solutions,1,76.0,39.52,39.52,flex it  olution
Acronis,2026-03-01,"GSG Computers, Inc.",2,2420.43,39.464064,39.464064,g g computer  inc
Proofpoint,2026-05-01,I-Virtualize,3,43.0,39.22,39.22,i virtualize
Acronis,2026-02-01,"GSG Computers, Inc.",2,2393.0,39.0581,39.0581,g g computer  inc
Webroot,2026-01-01,Flex IT Solutions,1,75.0,39.0,39.0,flex it  olution
Bitdefender,2026-05-01,CRDS Operational Corp.,1,28.0,38.9193,38.9193,crd  operational corp
SentinelOne,2026-07-01,CW DEV Fortify Dev Account 6,1,54.0,38.88,38.88,cw dev fortify dev account 6
Bitdefender,2026-06-01,"Excell It, Inc.",2,39.0,38.867200000000004,38.867200000000004,excell it inc
Bitdefender,2026-08-01,Quick Fix Network,1,57.0,38.76,38.76,quick fix network
Acronis,2026-01-01,"GSG Computers, Inc.",2,2372.2,38.750260000000004,38.750260000000004,g g computer  inc
Webroot,2026-03-01,Flex IT Solutions,1,73.0,37.96,37.96,flex it  olution
Bitdefender,2026-04-01,Go Eco,3,51.0,37.9,37.9,go eco
Webroot,2026-07-01,"Continuum Holdco 1, LLC",2,106.0,37.73,37.73,continuum holdco 1 llc
Webroot,2026-06-01,"Continuum Holdco 1, LLC",2,106.0,37.73,37.73,continuum holdco 1 llc
Bitdefender,2026-06-01,CRDS Operational Corp.,1,28.0,37.6539,37.6539,crd  operational corp
Webroot,2026-04-01,"Continuum Holdco 1, LLC",2,106.0,37.61,37.61,continuum holdco 1 llc
Webroot,2026-05-01,"Continuum Holdco 1, LLC",2,106.0,37.61,37.61,continuum holdco 1 llc
Webroot,2026-02-01,"Continuum Holdco 1, LLC",2,106.0,37.61,37.61,continuum holdco 1 llc
KeepIT,2026-01-01,"IT Management Services, Inc.",1,50.0,37.5,37.5,it management  ervice  inc
KeepIT,2026-07-01,"IT Management Services, Inc.",1,50.0,37.5,37.5,it management  ervice  inc
Webroot,2026-04-01,Flex IT Solutions,1,72.0,37.44,37.44,flex it  olution
Webroot,2026-03-01,CSI,1,72.0,37.44,37.44,c i
Proofpoint,2026-07-01,Dasilva Consulting LLC,2,34.0,37.4,37.4,da ilva con ulting llc
Bitdefender,2026-02-01,Network Utilities,1,37.0,37.2238,37.2238,network utilitie
Webroot,2026-01-01,"Continuum Holdco 1, LLC",2,105.0,37.089999999999996,37.089999999999996,continuum holdco 1 llc
Webroot,2026-06-01,Oscar Wilson Engine & Parts,1,66.0,36.96,36.96,o car wil on engine part
Webroot,2026-07-01,Oscar Wilson Engine & Parts,1,66.0,36.96,36.96,o car wil on engine part
Webroot,2026-01-01,Continuum-ConnectWise,1,71.0,36.92,36.92,continuum connectwi e
Webroot,2026-03-01,You Must Be Lost,1,71.0,36.92,36.92,you mu t be lo t
Webroot,2026-03-01,"Continuum Holdco 1, LLC",2,104.0,36.57,36.57,continuum holdco 1 llc
Webroot,2026-02-01,You Must Be Lost,1,70.0,36.4,36.4,you mu t be lo t
Webroot,2026-05-01,You Must Be Lost,1,70.0,36.4,36.4,you mu t be lo t
Webroot,2026-05-01,Flex IT Solutions,1,70.0,36.4,36.4,flex it  olution
Bitdefender,2026-06-01,Quick Fix Network,1,53.0,36.04,36.04,quick fix network
KeepIT,2026-07-01,Recover Continuum,1,36.0,36.0,36.0,recover continuum
KeepIT,2026-04-01,Recover Continuum,1,36.0,36.0,36.0,recover continuum
KeepIT,2026-01-01,Recover Continuum,1,36.0,36.0,36.0,recover continuum
KeepIT,2026-02-01,Recover Continuum,1,36.0,36.0,36.0,recover continuum
KeepIT,2026-05-01,Recover Continuum,1,36.0,36.0,36.0,recover continuum
KeepIT,2026-03-01,Recover Continuum,1,36.0,36.0,36.0,recover continuum
KeepIT,2026-06-01,Recover Continuum,1,36.0,36.0,36.0,recover continuum
SentinelOne,2026-06-01,CW DEV Fortify Dev Account 6,1,50.0,36.0,36.0,cw dev fortify dev account 6
SentinelOne,2026-06-01,NETGATETECH,1,50.0,36.0,36.0,netgatetech
Bitdefender,2026-08-01,Network Utilities,1,36.0,35.9382,35.9382,network utilitie
Webroot,2026-04-01,Metrix,1,69.0,35.88,35.88,metrix
Webroot,2026-04-01,You Must Be Lost,1,69.0,35.88,35.88,you mu t be lo t
Webroot,2026-07-01,Metrix,1,64.0,35.84,35.84,metrix
Webroot,2026-06-01,Metrix,1,64.0,35.84,35.84,metrix
Bitdefender,2026-07-01,"Excell It, Inc.",2,36.0,35.8279,35.8279,excell it inc
Webroot,2026-02-01,Metrix,1,68.0,35.36,35.36,metrix
Webroot,2026-02-01,Continuum-ConnectWise,1,68.0,35.36,35.36,continuum connectwi e
Webroot,2026-01-01,Metrix,1,68.0,35.36,35.36,metrix
Webroot,2026-03-01,Metrix,1,68.0,35.36,35.36,metrix
Proofpoint,2026-05-01,Dasilva Consulting LLC,2,32.0,35.2,35.2,da ilva con ulting llc
Proofpoint,2026-03-01,I-Virtualize,2,40.0,35.2,35.2,i virtualize
Proofpoint,2026-06-01,Dasilva Consulting LLC,2,32.0,35.2,35.2,da ilva con ulting llc
Proofpoint,2026-04-01,I-Virtualize,2,40.0,35.2,35.2,i virtualize
Webroot,2026-03-01,Continuum-ConnectWise,1,67.0,34.84,34.84,continuum connectwi e
Bitdefender,2026-06-01,Network Utilities,1,35.0,34.6718,34.6718,network utilitie
Bitdefender,2026-04-01,"Cornerstone Computer Solutions, Inc",1,23.0,34.5,34.5,corner tone computer  olution  inc
Webroot,2026-03-01,Oscar Wilson Engine & Parts,1,66.0,34.32,34.32,o car wil on engine part
Webroot,2026-01-01,Oscar Wilson Engine & Parts,1,66.0,34.32,34.32,o car wil on engine part
Webroot,2026-02-01,Oscar Wilson Engine & Parts,1,66.0,34.32,34.32,o car wil on engine part
Webroot,2026-05-01,Oscar Wilson Engine & Parts,1,66.0,34.32,34.32,o car wil on engine part
Webroot,2026-04-01,Oscar Wilson Engine & Parts,1,66.0,34.32,34.32,o car wil on engine part
Webroot,2026-02-01,Caspian IT Group,1,98.0,34.3,34.3,ca pian it group
Bitdefender,2026-01-01,BIT Solution,4,32.0,34.2335,34.2335,bit  olution
Bitdefender,2026-02-01,Pegasus Technology Pty Ltd,1,19.0,34.1801,34.1801,pega u  technology pty ltd
Bitdefender,2026-08-01,CRDS Operational Corp.,1,25.0,34.1127,34.1127,crd  operational corp
Bitdefender,2026-05-01,Network Utilities,1,34.0,34.0469,34.0469,network utilitie
Webroot,2026-03-01,Caspian IT Group,1,97.0,33.95,33.95,ca pian it group
Webroot,2026-01-01,Caspian IT Group,1,97.0,33.95,33.95,ca pian it group
Webroot,2026-04-01,Caspian IT Group,1,97.0,33.95,33.95,ca pian it group
Webroot,2026-01-01,You Must Be Lost,1,65.0,33.8,33.8,you mu t be lo t
Bitdefender,2026-07-01,CRDS Operational Corp.,1,25.0,33.6196,33.6196,crd  operational corp
Bitdefender,2026-01-01,Pegasus Technology Pty Ltd,1,19.0,33.6008,33.6008,pega u  technology pty ltd
Webroot,2026-03-01,Austin Computer Guys,1,64.0,33.28,33.28,au tin computer guy
Webroot,2026-01-01,Austin Computer Guys,1,64.0,33.28,33.28,au tin computer guy
Bitdefender,2026-08-01,"Cornerstone Computer Solutions, Inc",1,22.0,33.0,33.0,corner tone computer  olution  inc
Proofpoint,2026-04-01,Dasilva Consulting LLC,2,30.0,33.0,33.0,da ilva con ulting llc
Proofpoint,2026-03-01,Dasilva Consulting LLC,2,30.0,33.0,33.0,da ilva con ulting llc
Bitdefender,2026-05-01,Pegasus Technology Pty Ltd,1,18.0,32.9651,32.9651,pega u  technology pty ltd
Webroot,2026-05-01,Metrix,1,63.0,32.76,32.76,metrix
Webroot,2026-02-01,Austin Computer Guys,1,63.0,32.76,32.76,au tin computer guy
Bitdefender,2026-07-01,Network Utilities,1,33.0,32.575,32.575,network utilitie
Webroot,2026-04-01,Austin Computer Guys,1,62.0,32.24,32.24,au tin computer guy
Acronis,2026-04-01,Trahan Computer Tech,3,2003.46,31.957507999999997,31.957507999999997,trahan computer tech
Webroot,2026-06-01,Continuum-ConnectWise,1,57.0,31.92,31.92,continuum connectwi e
Webroot,2026-07-01,Continuum-ConnectWise,1,57.0,31.92,31.92,continuum connectwi e
Webroot,2026-05-01,Caspian IT Group,1,91.0,31.85,31.85,ca pian it group
Webroot,2026-04-01,Continuum-ConnectWise,1,61.0,31.72,31.72,continuum connectwi e
Acronis,2026-04-01,"Backroom IT, LLC",2,579.8,31.607339,31.607339,backroom it llc
Acronis,2026-03-01,"Backroom IT, LLC",2,579.8,31.590862,31.590862,backroom it llc
Acronis,2026-07-01,"Backroom IT, LLC",2,579.8,31.590862,31.590862,backroom it llc
Acronis,2026-06-01,"Backroom IT, LLC",2,579.8,31.590862,31.590862,backroom it llc
Acronis,2026-02-01,"Backroom IT, LLC",2,579.8,31.590862,31.590862,backroom it llc
Acronis,2026-05-01,"Backroom IT, LLC",2,579.8,31.590862,31.590862,backroom it llc
Acronis,2026-01-01,"Backroom IT, LLC",2,579.8,31.582622999999998,31.582622999999998,backroom it llc
Acronis,2026-06-01,"NXC Holdings, LLC",5,269.18,31.582064000000003,31.582064000000003,nxc holding  llc
Acronis,2026-05-01,Trahan Computer Tech,3,1973.71,31.517208000000004,31.517208000000004,trahan computer tech
Acronis,2026-07-01,Trahan Computer Tech,3,1973.71,31.517208000000004,31.517208000000004,trahan computer tech
Acronis,2026-06-01,Trahan Computer Tech,3,1973.71,31.517208,31.517208,trahan computer tech
Bitdefender,2026-03-01,Network Utilities,1,32.0,31.3642,31.3642,network utilitie
Webroot,2026-07-01,Austin Computer Guys,1,56.0,31.36,31.36,au tin computer guy
Webroot,2026-06-01,Austin Computer Guys,1,56.0,31.36,31.36,au tin computer guy
Webroot,2026-05-01,Continuum-ConnectWise,1,60.0,31.2,31.2,continuum connectwi e
Webroot,2026-01-01,Professional Computer Support,3,67.0,30.96,30.96,profe ional computer  upport
Bitdefender,2026-04-01,Network Utilities,1,31.0,30.9308,30.9308,network utilitie
SentinelOne,2026-07-01,ICQ COMPUTERS,2,48.0,30.72,30.72,icq computer
Bitdefender,2026-02-01,KIS Technologies Inc.,1,27.0,30.463,30.463,ki  technologie  inc
Bitdefender,2026-01-01,KIS Technologies Inc.,1,27.0,30.4477,30.4477,ki  technologie  inc
Acronis,2026-07-01,"NXC Holdings, LLC",5,266.34,30.404632,30.404632,nxc holding  llc
Acronis,2026-01-01,"HT Solutions, LLC",1,555.6,30.2802,30.2802,ht  olution  llc
Acronis,2026-02-01,"HT Solutions, LLC",1,555.6,30.2802,30.2802,ht  olution  llc
Acronis,2026-03-01,"HT Solutions, LLC",1,555.6,30.2802,30.2802,ht  olution  llc
Bitdefender,2026-05-01,"Cornerstone Computer Solutions, Inc",1,20.0,30.0,30.0,corner tone computer  olution  inc
Bitdefender,2026-06-01,"Cornerstone Computer Solutions, Inc",1,20.0,30.0,30.0,corner tone computer  olution  inc
Bitdefender,2026-03-01,"Cornerstone Computer Solutions, Inc",1,20.0,30.0,30.0,corner tone computer  olution  inc
Acronis,2026-04-01,TC IT Solutions,1,540.75,29.470875,29.470875,tc it  olution
Webroot,2026-02-01,Professional Computer Support,3,64.0,29.380000000000003,29.380000000000003,profe ional computer  upport
Acronis,2026-03-01,Arthur Allen Technology,3,541.02,29.340896000000004,29.340896000000004,arthur allen technology
Bitdefender,2026-08-01,I-Virtualize,3,24.0,29.1933,29.1933,i virtualize
Acronis,2026-04-01,Arthur Allen Technology,3,530.77,29.189096000000003,29.189096000000003,arthur allen technology
Acronis,2026-06-01,TC IT Solutions,1,535.25,29.171125,29.171125,tc it  olution
Acronis,2026-05-01,TC IT Solutions,1,535.25,29.171125,29.171125,tc it  olution
Acronis,2026-05-01,Arthur Allen Technology,3,528.49,29.155352,29.155352,arthur allen technology
Bitdefender,2026-04-01,Pegasus Technology Pty Ltd,1,16.0,29.1097,29.1097,pega u  technology pty ltd
Bitdefender,2026-06-01,I-Virtualize,3,24.0,29.0539,29.0539,i virtualize
Acronis,2026-07-01,Arthur Allen Technology,3,513.6600000000001,28.935868000000003,28.935868000000003,arthur allen technology
Acronis,2026-02-01,Arthur Allen Technology,3,512.5699999999999,28.919736,28.919736,arthur allen technology
Bitdefender,2026-03-01,KIS Technologies Inc.,1,26.0,28.8805,28.8805,ki  technologie  inc
Bitdefender,2026-07-01,I-Virtualize,3,24.0,28.771300000000004,28.771300000000004,i virtualize
Acronis,2026-06-01,Arthur Allen Technology,3,499.07,28.719936,28.719936,arthur allen technology
Acronis,2026-01-01,Arthur Allen Technology,3,493.97,28.644456,28.644456,arthur allen technology
Webroot,2026-04-01,The Greentree Group,1,55.0,28.6,28.6,the greentree group
Bitdefender,2026-07-01,Pegasus Technology Pty Ltd,1,16.0,28.4552,28.4552,pega u  technology pty ltd
Acronis,2026-02-01,Netcom Solutions,1,1912.39,28.303372,28.303372,netcom  olution
Acronis,2026-01-01,Netcom Solutions,1,1912.39,28.303372,28.303372,netcom  olution
Acronis,2026-03-01,Netcom Solutions,1,1912.39,28.303372,28.303372,netcom  olution
Bitdefender,2026-05-01,KIS Technologies Inc.,1,25.0,28.1653,28.1653,ki  technologie  inc
SentinelOne,2026-06-01,BCIT Solutions,2,44.0,28.16,28.16,bcit  olution
Bitdefender,2026-04-01,KIS Technologies Inc.,1,25.0,28.1192,28.1192,ki  technologie  inc
SentinelOne,2026-05-01,CW DEV Fortify Dev Account 6,1,39.0,28.08,28.08,cw dev fortify dev account 6
Webroot,2026-05-01,Austin Computer Guys,1,54.0,28.08,28.08,au tin computer guy
Proofpoint,2026-07-01,The Connected Office,2,17.0,28.05,28.05,the connected office
Bitdefender,2026-01-01,Computer Network Solutions,1,28.0,28.0,28.0,computer network  olution
Webroot,2026-05-01,The Greentree Group,1,53.0,27.56,27.56,the greentree group
Webroot,2026-03-01,Professional Computer Support,3,60.0,27.3,27.3,profe ional computer  upport
SentinelOne,2026-04-01,CW DEV Fortify Dev Account 6,1,38.0,27.135608,27.135608,cw dev fortify dev account 6
Bitdefender,2026-05-01,I-Virtualize,2,23.0,26.629,26.629,i virtualize
Webroot,2026-01-01,Prime Tech Support,1,51.0,26.52,26.52,prime tech  upport
Proofpoint,2026-03-01,AD Infogestion,2,24.0,26.4,26.4,ad infoge tion
Proofpoint,2026-01-01,AD Infogestion,2,24.0,26.4,26.4,ad infoge tion
Proofpoint,2026-02-01,AD Infogestion,2,24.0,26.4,26.4,ad infoge tion
Exium,2026-03-01,Edge IT,1,3.0,26.25,26.25,edge it
Exium,2026-01-01,Edge IT,1,3.0,26.25,26.25,edge it
Exium,2026-07-01,Edge IT,1,3.0,26.25,26.25,edge it
Exium,2026-05-01,Edge IT,1,3.0,26.25,26.25,edge it
Exium,2026-04-01,Edge IT,1,3.0,26.25,26.25,edge it
Exium,2026-02-01,Edge IT,1,3.0,26.25,26.25,edge it
Exium,2026-06-01,Edge IT,1,3.0,26.25,26.25,edge it
Webroot,2026-03-01,Prime Tech Support,1,50.0,26.0,26.0,prime tech  upport
SentinelOne,2026-02-01,ZLAN,1,36.0,25.92,25.92,zlan
Bitdefender,2026-02-01,Infoxchange,1,63.0,25.7779,25.7779,infoxchange
Bitdefender,2026-04-01,I-Virtualize,2,22.0,25.489800000000002,25.489800000000002,i virtualize
Proofpoint,2026-03-01,"K & A Innovations, LLC",3,19.0,25.45,25.45,k a innovation  llc
Proofpoint,2026-02-01,"K & A Innovations, LLC",3,19.0,25.45,25.45,k a innovation  llc
Proofpoint,2026-07-01,Canaan Technology - Client Accounts,1,21.0,25.41,25.41,canaan technology client account
Webroot,2026-02-01,Network Bridge Solutions Ltd,3,51.0,25.39,25.39,network bridge  olution  ltd
Bitdefender,2026-06-01,KIS Technologies Inc.,1,23.0,25.3159,25.3159,ki  technologie  inc
Bitdefender,2026-06-01,Pegasus Technology Pty Ltd,1,14.0,25.0009,25.0009,pega u  technology pty ltd
Bitdefender,2026-02-01,Computer Network Solutions,1,25.0,25.0,25.0,computer network  olution
Bitdefender,2026-05-01,Computer Network Solutions,1,25.0,25.0,25.0,computer network  olution
Bitdefender,2026-04-01,Computer Network Solutions,1,25.0,25.0,25.0,computer network  olution
Acronis,2026-03-01,Empower Information Systems,2,1604.28,24.977543999999998,24.977543999999998,empower information  y tem
Acronis,2026-01-01,Empower Information Systems,2,1604.28,24.977543999999998,24.977543999999998,empower information  y tem
Acronis,2026-04-01,Empower Information Systems,2,1604.28,24.977543999999998,24.977543999999998,empower information  y tem
Acronis,2026-02-01,Empower Information Systems,2,1604.28,24.977543999999998,24.977543999999998,empower information  y tem
Acronis,2026-05-01,Empower Information Systems,2,1604.21,24.976508,24.976508,empower information  y tem
Acronis,2026-06-01,Empower Information Systems,2,1604.21,24.976508,24.976508,empower information  y tem
Acronis,2026-07-01,Empower Information Systems,2,1597.94,24.883712,24.883712,empower information  y tem
Proofpoint,2026-03-01,"NXC Holdings, LLC",2,26.0,24.57,24.57,nxc holding  llc
Proofpoint,2026-02-01,"NXC Holdings, LLC",2,26.0,24.57,24.57,nxc holding  llc
Bitdefender,2026-01-01,Infoxchange,1,61.0,24.5365,24.5365,infoxchange
Webroot,2026-01-01,Symmetry-IT,1,47.0,24.44,24.44,ymmetry it
Webroot,2026-01-01,Network Bridge Solutions Ltd,3,49.0,24.339999999999996,24.339999999999996,network bridge  olution  ltd
Bitdefender,2026-08-01,KIS Technologies Inc.,1,22.0,24.3313,24.3313,ki  technologie  inc
Bitdefender,2026-07-01,"Cornerstone Computer Solutions, Inc",1,16.0,24.0,24.0,corner tone computer  olution  inc
Bitdefender,2026-03-01,Computer Network Solutions,1,24.0,24.0,24.0,computer network  olution
Bitdefender,2026-07-01,KIS Technologies Inc.,1,22.0,23.9796,23.9796,ki  technologie  inc
Webroot,2026-04-01,Prime Tech Support,1,46.0,23.92,23.92,prime tech  upport
Bitdefender,2026-08-01,Solution Boss,1,24.0,23.76,23.76,olution bo
SentinelOne,2026-03-01,ZLAN,1,33.0,23.76,23.76,zlan
SentinelOne,2026-01-01,ZLAN,1,33.0,23.597851,23.597851,zlan
Webroot,2026-07-01,Flex IT Solutions,1,42.0,23.52,23.52,flex it  olution
Webroot,2026-06-01,Flex IT Solutions,1,42.0,23.52,23.52,flex it  olution
ESET,2026-04-01,DG Network Solutions LLC,1,510.0,23.450284,23.450284,dg network  olution  llc
Proofpoint,2026-01-01,"K & A Innovations, LLC",2,18.0,23.4,23.4,k a innovation  llc
Webroot,2026-03-01,Network Bridge Solutions Ltd,3,47.0,23.31,23.31,network bridge  olution  ltd
Webroot,2026-02-01,Prime Tech Support,1,44.0,22.88,22.88,prime tech  upport
Proofpoint,2026-04-01,"NXC Holdings, LLC",2,24.0,22.68,22.68,nxc holding  llc
Webroot,2026-01-01,Tech Stream Solutions,1,43.0,22.36,22.36,tech  tream  olution
Webroot,2026-01-01,Continuum,1,43.0,22.36,22.36,continuum
Bitdefender,2026-06-01,Infoxchange,1,55.0,22.3398,22.3398,infoxchange
Bitdefender,2026-07-01,Infoxchange,1,55.0,22.248,22.248,infoxchange
Bitdefender,2026-05-01,Infoxchange,1,53.0,22.0773,22.0773,infoxchange
KeepIT,2026-01-01,Leeward Holdings Corporation,2,38.0,22.0,22.0,leeward holding  corporation
Bitdefender,2026-03-01,Infoxchange,1,55.0,21.9706,21.9706,infoxchange
Acronis,2026-05-01,Flex IT Solutions,3,1069.03,21.931744000000002,21.931744000000002,flex it  olution
Webroot,2026-02-01,Continuum,1,42.0,21.84,21.84,continuum
Webroot,2026-04-01,Continuum,1,42.0,21.84,21.84,continuum
Acronis,2026-01-01,2C SERVICES LIMITED,1,1449.2,21.44816,21.44816,2c  ervice  limited
Acronis,2026-03-01,2C SERVICES LIMITED,1,1449.2,21.44816,21.44816,2c  ervice  limited
Acronis,2026-02-01,2C SERVICES LIMITED,1,1449.2,21.44816,21.44816,2c  ervice  limited
SentinelOne,2026-04-01,ZLAN,1,30.0,21.422848,21.422848,zlan
Webroot,2026-02-01,Tech Stream Solutions,1,41.0,21.32,21.32,tech  tream  olution
Webroot,2026-04-01,CSI,1,41.0,21.32,21.32,c i
Bitdefender,2026-04-01,Infoxchange,1,51.0,21.1045,21.1045,infoxchange
SentinelOne,2026-03-01,CW DEV Fortify Dev Account 6,1,29.0,20.88,20.88,cw dev fortify dev account 6
KeepIT,2026-07-01,Leeward Holdings Corporation,2,32.0,20.5,20.5,leeward holding  corporation
Bitdefender,2026-01-01,AD Infogestion,3,18.0,20.393700000000003,20.393700000000003,ad infoge tion
Proofpoint,2026-05-01,CBH Computers,2,37.0,20.35,20.35,cbh computer
Proofpoint,2026-06-01,CBH Computers,2,37.0,20.35,20.35,cbh computer
Proofpoint,2026-04-01,CBH Computers,2,37.0,20.35,20.35,cbh computer
Proofpoint,2026-07-01,CBH Computers,2,37.0,20.35,20.35,cbh computer
Webroot,2026-05-01,Prime Tech Support,1,39.0,20.28,20.28,prime tech  upport
Webroot,2026-03-01,Continuum,1,39.0,20.28,20.28,continuum
Webroot,2026-05-01,CSI,1,39.0,20.28,20.28,c i
ESET,2026-02-01,DG Network Solutions LLC,1,476.0,20.252808,20.252808,dg network  olution  llc
Webroot,2026-07-01,CSI,1,36.0,20.16,20.16,c i
Webroot,2026-06-01,CSI,1,36.0,20.16,20.16,c i
SentinelOne,2026-04-01,RD_EliteSupport,5,35.0,20.090000000000003,20.090000000000003,rd elite upport
Acronis,2026-06-01,Flex IT Solutions,2,1173.65,19.83842,19.83842,flex it  olution
Proofpoint,2026-07-01,Maverick Gardner ITS Inc.,1,36.0,19.8,19.8,maverick gardner it  inc
Webroot,2026-06-01,Entre Technology Services,1,35.0,19.6,19.6,entre technology  ervice
Webroot,2026-06-01,Prime Tech Support,1,35.0,19.6,19.6,prime tech  upport
Webroot,2026-07-01,Prime Tech Support,1,35.0,19.6,19.6,prime tech  upport
Webroot,2026-07-01,Entre Technology Services,1,35.0,19.6,19.6,entre technology  ervice
Bitdefender,2026-05-01,BIT Solution,4,19.0,19.503600000000002,19.503600000000002,bit  olution
Bitdefender,2026-04-01,BIT Solution,4,19.0,19.471600000000002,19.471600000000002,bit  olution
Acronis,2026-04-01,Flex IT Solutions,3,857.72,18.804356,18.804356,flex it  olution
Webroot,2026-04-01,PC Solutions,3,39.0,18.68,18.68,pc  olution
Webroot,2026-02-01,PC Solutions,3,39.0,18.68,18.68,pc  olution
Webroot,2026-03-01,PC Solutions,3,39.0,18.68,18.68,pc  olution
Webroot,2026-05-01,Network Bridge Solutions Ltd,3,38.0,18.580000000000002,18.580000000000002,network bridge  olution  ltd
Webroot,2026-06-01,Nuvex Solutions,1,33.0,18.48,18.48,nuvex  olution
Webroot,2026-07-01,Nuvex Solutions,1,33.0,18.48,18.48,nuvex  olution
Webroot,2026-02-01,Entre Technology Services,1,35.0,18.2,18.2,entre technology  ervice
Webroot,2026-03-01,Entre Technology Services,1,35.0,18.2,18.2,entre technology  ervice
Webroot,2026-01-01,Entre Technology Services,1,35.0,18.2,18.2,entre technology  ervice
Webroot,2026-05-01,Entre Technology Services,1,35.0,18.2,18.2,entre technology  ervice
Webroot,2026-01-01,"Cornerstone Computer Solutions, Inc",1,35.0,18.2,18.2,corner tone computer  olution  inc
Webroot,2026-04-01,Entre Technology Services,1,35.0,18.2,18.2,entre technology  ervice
Acronis,2026-07-01,Microtel Systems Corp,3,281.79,18.170492000000003,18.170492000000003,microtel  y tem  corp
Webroot,2026-01-01,PC Solutions,3,38.0,18.16,18.16,pc  olution
ESET,2026-01-01,DG Network Solutions LLC,1,527.0,18.076813,18.076813,dg network  olution  llc
Acronis,2026-06-01,Microtel Systems Corp,3,266.59,17.945532,17.945532,microtel  y tem  corp
ESET,2026-03-01,DG Network Solutions LLC,1,527.0,17.835203,17.835203,dg network  olution  llc
Webroot,2026-07-01,emeademoal,3,33.0,17.759999999999998,17.759999999999998,emeademoal
Webroot,2026-06-01,emeademoal,3,33.0,17.759999999999998,17.759999999999998,emeademoal
Webroot,2026-02-01,"Cornerstone Computer Solutions, Inc",1,34.0,17.68,17.68,corner tone computer  olution  inc
Webroot,2026-03-01,"Cornerstone Computer Solutions, Inc",1,34.0,17.68,17.68,corner tone computer  olution  inc
Webroot,2026-01-01,"BITS Consulting, LLC",1,34.0,17.68,17.68,bit  con ulting llc
Acronis,2026-01-01,JEC Technologies Group,3,471.77,17.498196,17.498196,jec technologie  group
Bitdefender,2026-08-01,BIT Solution,4,17.0,17.4083,17.4083,bit  olution
Webroot,2026-07-01,"Cornerstone Computer Solutions, Inc",1,31.0,17.36,17.36,corner tone computer  olution  inc
Bitdefender,2026-06-01,BIT Solution,4,17.0,17.3251,17.3251,bit  olution
SentinelOne,2026-06-01,ZLAN,1,24.0,17.28,17.28,zlan
SentinelOne,2026-03-01,JD_EliteSupport,5,30.0,17.22,17.22,jd elite upport
SentinelOne,2026-05-01,RD_EliteSupport,5,30.0,17.22,17.22,rd elite upport
SentinelOne,2026-06-01,RD_EliteSupport,5,30.0,17.22,17.22,rd elite upport
SentinelOne,2026-02-01,JD_EliteSupport,5,30.0,17.22,17.22,jd elite upport
Webroot,2026-04-01,Nuvex Solutions,1,33.0,17.16,17.16,nuvex  olution
Webroot,2026-03-01,Nuvex Solutions,1,33.0,17.16,17.16,nuvex  olution
Webroot,2026-05-01,Nuvex Solutions,1,33.0,17.16,17.16,nuvex  olution
Webroot,2026-01-01,Nuvex Solutions,1,33.0,17.16,17.16,nuvex  olution
Webroot,2026-02-01,Nuvex Solutions,1,33.0,17.16,17.16,nuvex  olution
Bitdefender,2026-07-01,BIT Solution,4,17.0,17.1566,17.1566,bit  olution
ESET,2026-05-01,DG Network Solutions LLC,1,506.0,16.832564,16.832564,dg network  olution  llc
Webroot,2026-06-01,"Cornerstone Computer Solutions, Inc",1,30.0,16.8,16.8,corner tone computer  olution  inc
Webroot,2026-04-01,"Cornerstone Computer Solutions, Inc",1,32.0,16.64,16.64,corner tone computer  olution  inc
Webroot,2026-03-01,"BITS Consulting, LLC",1,32.0,16.64,16.64,bit  con ulting llc
Webroot,2026-05-01,Continuum,1,32.0,16.64,16.64,continuum
Webroot,2026-01-01,Trenmead,1,32.0,16.64,16.64,trenmead
Webroot,2026-04-01,Network Bridge Solutions Ltd,3,34.0,16.509999999999998,16.509999999999998,network bridge  olution  ltd
SentinelOne,2026-05-01,CW DEV CW01Dnd3,2,30.0,16.5,16.5,cw dev cw01dnd3
SentinelOne,2026-07-01,CW DEV CW01Dnd3,2,30.0,16.5,16.5,cw dev cw01dnd3
SentinelOne,2026-06-01,CW DEV CW01Dnd3,2,30.0,16.5,16.5,cw dev cw01dnd3
SentinelOne,2026-03-01,CW DEV CW01Dnd3,2,30.0,16.5,16.5,cw dev cw01dnd3
Webroot,2026-07-01,Network Bridge Solutions Ltd,3,32.0,16.419999999999998,16.419999999999998,network bridge  olution  ltd
Webroot,2026-06-01,Network Bridge Solutions Ltd,3,32.0,16.419999999999998,16.419999999999998,network bridge  olution  ltd
SentinelOne,2026-04-01,CW DEV CW01Dnd3,2,30.0,16.411424,16.411424,cw dev cw01dnd3
KeepIT,2026-01-01,UrTechNow,1,25.0,16.25,16.25,urtechnow
KeepIT,2026-02-01,UrTechNow,1,25.0,16.25,16.25,urtechnow
KeepIT,2026-03-01,UrTechNow,1,25.0,16.25,16.25,urtechnow
Webroot,2026-02-01,"BITS Consulting, LLC",1,31.0,16.12,16.12,bit  con ulting llc
Webroot,2026-03-01,Tech Stream Solutions,1,31.0,16.12,16.12,tech  tream  olution
Webroot,2026-04-01,Leading Technology Europe Ltd,1,31.0,16.12,16.12,leading technology europe ltd
Acronis,2026-02-01,Holst Consulting,1,1074.24,15.898752,15.898752,hol t con ulting
Acronis,2026-01-01,Holst Consulting,1,1074.24,15.898752,15.898752,hol t con ulting
Acronis,2026-03-01,Holst Consulting,1,1074.24,15.898752,15.898752,hol t con ulting
SentinelOne,2026-05-01,ZLAN,1,22.0,15.84,15.84,zlan
SentinelOne,2026-07-01,ZLAN,1,22.0,15.84,15.84,zlan
Webroot,2026-06-01,"BITS Consulting, LLC",1,28.0,15.68,15.68,bit  con ulting llc
Webroot,2026-07-01,"BITS Consulting, LLC",1,28.0,15.68,15.68,bit  con ulting llc
Webroot,2026-06-01,Tech Stream Solutions,1,28.0,15.68,15.68,tech  tream  olution
Bitdefender,2026-01-01,TC IT Solutions,1,17.0,15.64,15.64,tc it  olution
KeepIT,2026-03-01,AMG Services,1,24.0,15.6,15.6,amg  ervice
Webroot,2026-05-01,"BITS Consulting, LLC",1,30.0,15.6,15.6,bit  con ulting llc
Webroot,2026-05-01,"Cornerstone Computer Solutions, Inc",1,30.0,15.6,15.6,corner tone computer  olution  inc
Webroot,2026-01-01,TheSoftwareConsultant,1,30.0,15.6,15.6,the oftwarecon ultant
Webroot,2026-04-01,"BITS Consulting, LLC",1,30.0,15.6,15.6,bit  con ulting llc
SentinelOne,2026-02-01,CW DEV CW01Dnd3,2,28.0,15.4,15.4,cw dev cw01dnd3
SentinelOne,2026-01-01,CW DEV CW01Dnd3,2,28.0,15.331209,15.331209,cw dev cw01dnd3
SentinelOne,2026-02-01,CW DEV Fortify Dev Account 6,1,21.0,15.12,15.12,cw dev fortify dev account 6
Webroot,2026-06-01,Continuum,1,27.0,15.12,15.12,continuum
Webroot,2026-07-01,Trenmead,1,27.0,15.12,15.12,trenmead
Webroot,2026-07-01,Continuum,1,27.0,15.12,15.12,continuum
Webroot,2026-06-01,Trenmead,1,27.0,15.12,15.12,trenmead
Bitdefender,2026-03-01,BIT Solution,4,15.0,15.0533,15.0533,bit  olution
KeepIT,2026-03-01,DevQAPune,1,15.0,15.0,15.0,devqapune
KeepIT,2026-01-01,DevQAPune,1,15.0,15.0,15.0,devqapune
KeepIT,2026-04-01,DevQAPune,1,15.0,15.0,15.0,devqapune
KeepIT,2026-07-01,DevQAPune,1,15.0,15.0,15.0,devqapune
KeepIT,2026-02-01,DevQAPune,1,15.0,15.0,15.0,devqapune
KeepIT,2026-05-01,DevQAPune,1,15.0,15.0,15.0,devqapune
KeepIT,2026-06-01,DevQAPune,1,15.0,15.0,15.0,devqapune
KeepIT,2026-02-01,AMG Services,1,23.0,14.95,14.95,amg  ervice
KeepIT,2026-01-01,AMG Services,1,23.0,14.95,14.95,amg  ervice
Bitdefender,2026-07-01,Go Eco,2,12.0,14.88,14.88,go eco
Bitdefender,2026-01-01,Insight Tech Advisors,1,18.0,14.76,14.76,in ight tech advi or
Acronis,2026-03-01,Flex IT Solutions,3,579.2,14.68226,14.68226,flex it  olution
Bitdefender,2026-06-01,Jilasoan,3,17.0,14.64,14.64,jila oan
Webroot,2026-04-01,Trenmead,1,28.0,14.56,14.56,trenmead
Webroot,2026-02-01,Symmetry-IT,1,28.0,14.56,14.56,ymmetry it
Webroot,2026-05-01,Tech Stream Solutions,1,28.0,14.56,14.56,tech  tream  olution
Webroot,2026-04-01,Tech Stream Solutions,1,28.0,14.56,14.56,tech  tream  olution
Webroot,2026-03-01,Trenmead,1,28.0,14.56,14.56,trenmead
Webroot,2026-02-01,Trenmead,1,28.0,14.56,14.56,trenmead
Webroot,2026-07-01,Tech Stream Solutions,1,25.0,14.0,14.0,tech  tream  olution
Webroot,2026-07-01,Arthur Allen Technology,1,25.0,14.0,14.0,arthur allen technology
Webroot,2026-06-01,Arthur Allen Technology,1,25.0,14.0,14.0,arthur allen technology
Bitdefender,2026-02-01,AD Infogestion,2,12.0,13.693000000000001,13.693000000000001,ad infoge tion
SentinelOne,2026-03-01,BCDR NOC,2,18.0,13.59,13.59,bcdr noc
Acronis,2026-03-01,Professional Computer Support,1,915.91,13.555468,13.555468,profe ional computer  upport
Acronis,2026-04-01,Professional Computer Support,1,915.91,13.555468,13.555468,profe ional computer  upport
Acronis,2026-01-01,Professional Computer Support,1,915.91,13.555468,13.555468,profe ional computer  upport
Acronis,2026-05-01,Professional Computer Support,1,915.91,13.555468,13.555468,profe ional computer  upport
Acronis,2026-06-01,Professional Computer Support,1,915.91,13.555468,13.555468,profe ional computer  upport
Acronis,2026-02-01,Professional Computer Support,1,915.91,13.555468,13.555468,profe ional computer  upport
Webroot,2026-05-01,Trenmead,1,26.0,13.52,13.52,trenmead
Bitdefender,2026-02-01,BIT Solution,3,12.0,13.2314,13.2314,bit  olution
Proofpoint,2026-01-01,Next Level,2,8.0,13.16,13.16,next level
Proofpoint,2026-02-01,Next Level,2,8.0,13.16,13.16,next level
Webroot,2026-03-01,Arthur Allen Technology,1,25.0,13.0,13.0,arthur allen technology
Webroot,2026-01-01,Arthur Allen Technology,1,25.0,13.0,13.0,arthur allen technology
Webroot,2026-02-01,Arthur Allen Technology,1,25.0,13.0,13.0,arthur allen technology
Webroot,2026-04-01,Arthur Allen Technology,1,25.0,13.0,13.0,arthur allen technology
Webroot,2026-05-01,Arthur Allen Technology,1,25.0,13.0,13.0,arthur allen technology
Webroot,2026-06-01,TheSoftwareConsultant,1,23.0,12.88,12.88,the oftwarecon ultant
Webroot,2026-07-01,TheSoftwareConsultant,1,23.0,12.88,12.88,the oftwarecon ultant
Webroot,2026-02-01,TheSoftwareConsultant,1,24.0,12.48,12.48,the oftwarecon ultant
Webroot,2026-04-01,TheSoftwareConsultant,1,24.0,12.48,12.48,the oftwarecon ultant
Webroot,2026-05-01,TheSoftwareConsultant,1,24.0,12.48,12.48,the oftwarecon ultant
Bitdefender,2026-02-01,Unique Appliances,2,10.0,12.344899999999999,12.344899999999999,unique appliance
Bitdefender,2026-01-01,Unique Appliances,2,10.0,12.3387,12.3387,unique appliance
Bitdefender,2026-05-01,Unique Appliances,2,10.0,12.3269,12.3269,unique appliance
Webroot,2026-06-01,Leading Technology Europe Ltd,1,22.0,12.32,12.32,leading technology europe ltd
Webroot,2026-07-01,Leading Technology Europe Ltd,1,22.0,12.32,12.32,leading technology europe ltd
Bitdefender,2026-02-01,Insight Tech Advisors,1,15.0,12.3,12.3,in ight tech advi or
ESET,2026-02-01,"Velocity Network, Inc.",2,540.0,11.974936999999999,11.974936999999999,velocity network inc
Bitdefender,2026-02-01,TC IT Solutions,1,13.0,11.96,11.96,tc it  olution
Webroot,2026-03-01,TheSoftwareConsultant,1,23.0,11.96,11.96,the oftwarecon ultant
SentinelOne,2026-01-01,JD_EliteSupport,5,30.0,11.94,11.94,jd elite upport
Proofpoint,2026-01-01,Network Center Communications,2,7.0,11.55,11.55,network center communication
Bitdefender,2026-05-01,Insight Tech Advisors,1,14.0,11.48,11.48,in ight tech advi or
Bitdefender,2026-02-01,Go Eco,3,12.0,11.379999999999999,11.379999999999999,go eco
Bitdefender,2026-03-01,Go Eco,3,12.0,11.379999999999999,11.379999999999999,go eco
KeepIT,2026-07-01,University Computers,1,15.0,11.25,11.25,univer ity computer
SentinelOne,2026-05-01,CW DEV Fortify Dev Account Complete_1,1,11.0,11.11,11.11,cw dev fortify dev account complete 1
SentinelOne,2026-02-01,CW DEV Fortify Dev Account Complete_1,1,11.0,11.11,11.11,cw dev fortify dev account complete 1
SentinelOne,2026-04-01,CW DEV Fortify Dev Account Complete_1,1,11.0,11.11,11.11,cw dev fortify dev account complete 1
SentinelOne,2026-07-01,CW DEV Fortify Dev Account Complete_1,1,11.0,11.11,11.11,cw dev fortify dev account complete 1
SentinelOne,2026-06-01,CW DEV Fortify Dev Account Complete_1,1,11.0,11.11,11.11,cw dev fortify dev account complete 1
SentinelOne,2026-01-01,CW DEV Fortify Dev Account Complete_1,1,11.0,11.11,11.11,cw dev fortify dev account complete 1
SentinelOne,2026-03-01,CW DEV Fortify Dev Account Complete_1,1,11.0,11.11,11.11,cw dev fortify dev account complete 1
Webroot,2026-03-01,Dasilva Consulting LLC,2,31.0,11.02,11.02,da ilva con ulting llc
Webroot,2026-02-01,Dasilva Consulting LLC,2,31.0,11.02,11.02,da ilva con ulting llc
Webroot,2026-01-01,Dasilva Consulting LLC,2,31.0,11.02,11.02,da ilva con ulting llc
Exium,2026-03-01,day1cyber,2,2.0,11.0,11.0,day1cyber
Exium,2026-01-01,day1cyber,2,2.0,11.0,11.0,day1cyber
Exium,2026-02-01,day1cyber,2,2.0,11.0,11.0,day1cyber
Bitdefender,2026-01-01,Symmetry-IT,1,9.0,10.9853,10.9853,ymmetry it
Webroot,2026-04-01,Continuum Mumbai,1,21.0,10.92,10.92,continuum mumbai
Webroot,2026-05-01,Leading Technology Europe Ltd,1,21.0,10.92,10.92,leading technology europe ltd
Bitdefender,2026-03-01,Insight Tech Advisors,1,13.0,10.66,10.66,in ight tech advi or
Acronis,2026-02-01,Flex IT Solutions,3,295.41,10.482168,10.482168,flex it  olution
Bitdefender,2026-06-01,SZS Consulting,1,11.0,10.45,10.45,z  con ulting
Acronis,2026-01-01,Flex IT Solutions,3,290.37,10.407575999999999,10.407575999999999,flex it  olution
Webroot,2026-01-01,EAG 1Source,1,20.0,10.4,10.4,eag 1 ource
Webroot,2026-07-01,Network Enginuity,3,22.0,10.399999999999999,10.399999999999999,network enginuity
Acronis,2026-01-01,Co-Managed Backup Testing,5,12.77,10.258796,10.258796,co managed backup te ting
Acronis,2026-05-01,Co-Managed Backup Testing,5,12.77,10.258796,10.258796,co managed backup te ting
Acronis,2026-02-01,Co-Managed Backup Testing,5,12.77,10.258796,10.258796,co managed backup te ting
Acronis,2026-04-01,Co-Managed Backup Testing,5,12.77,10.258795999999998,10.258795999999998,co managed backup te ting
Acronis,2026-07-01,Co-Managed Backup Testing,5,12.77,10.258795999999998,10.258795999999998,co managed backup te ting
Acronis,2026-03-01,Co-Managed Backup Testing,5,12.77,10.258795999999998,10.258795999999998,co managed backup te ting
Acronis,2026-06-01,Co-Managed Backup Testing,5,12.77,10.258795999999998,10.258795999999998,co managed backup te ting
Proofpoint,2026-03-01,Barry Communications Inc,1,5.0,10.25,10.25,barry communication  inc
Proofpoint,2026-05-01,Barry Communications Inc,1,5.0,10.25,10.25,barry communication  inc
Proofpoint,2026-06-01,Barry Communications Inc,1,5.0,10.25,10.25,barry communication  inc
Proofpoint,2026-04-01,Barry Communications Inc,1,5.0,10.25,10.25,barry communication  inc
Proofpoint,2026-01-01,Barry Communications Inc,1,5.0,10.25,10.25,barry communication  inc
Proofpoint,2026-07-01,Barry Communications Inc,1,5.0,10.25,10.25,barry communication  inc
Proofpoint,2026-02-01,Barry Communications Inc,1,5.0,10.25,10.25,barry communication  inc
Bitdefender,2026-03-01,TC IT Solutions,1,11.0,10.12,10.12,tc it  olution
SentinelOne,2026-07-01,TTOWNTECH,1,14.0,10.08,10.08,ttowntech
Webroot,2026-06-01,EAG 1Source,1,18.0,10.08,10.08,eag 1 ource
KeepIT,2026-03-01,PM Continuum,1,10.0,10.0,10.0,pm continuum
KeepIT,2026-01-01,PM Continuum,1,10.0,10.0,10.0,pm continuum
KeepIT,2026-05-01,PM Continuum,1,10.0,10.0,10.0,pm continuum
KeepIT,2026-04-01,PM ConnectWise,1,10.0,10.0,10.0,pm connectwi e
KeepIT,2026-06-01,PM ConnectWise,1,10.0,10.0,10.0,pm connectwi e
KeepIT,2026-07-01,PM Continuum,1,10.0,10.0,10.0,pm continuum
KeepIT,2026-03-01,PM ConnectWise,1,10.0,10.0,10.0,pm connectwi e
KeepIT,2026-02-01,PM Continuum,1,10.0,10.0,10.0,pm continuum
KeepIT,2026-06-01,PM Continuum,1,10.0,10.0,10.0,pm continuum
KeepIT,2026-04-01,PM Continuum,1,10.0,10.0,10.0,pm continuum
KeepIT,2026-01-01,PM ConnectWise,1,10.0,10.0,10.0,pm connectwi e
KeepIT,2026-05-01,PM ConnectWise,1,10.0,10.0,10.0,pm connectwi e
KeepIT,2026-07-01,PM ConnectWise,1,10.0,10.0,10.0,pm connectwi e
KeepIT,2026-02-01,PM ConnectWise,1,10.0,10.0,10.0,pm connectwi e
ESET,2026-06-01,DG Network Solutions LLC,1,300.0,9.979781,9.979781,dg network  olution  llc
Bitdefender,2026-08-01,Go Eco,2,8.0,9.92,9.92,go eco
Bitdefender,2026-06-01,Go Eco,2,8.0,9.92,9.92,go eco
Webroot,2026-02-01,TRIO Technical Solutions Ltd,1,19.0,9.88,9.88,trio technical  olution  ltd
Webroot,2026-05-01,Continuum Mumbai,1,19.0,9.88,9.88,continuum mumbai
Webroot,2026-03-01,Symmetry-IT,1,19.0,9.88,9.88,ymmetry it
Webroot,2026-01-01,TRIO Technical Solutions Ltd,1,19.0,9.88,9.88,trio technical  olution  ltd
Webroot,2026-03-01,EAG 1Source,1,19.0,9.88,9.88,eag 1 ource
Proofpoint,2026-03-01,Next Level,2,6.0,9.870000000000001,9.870000000000001,next level
Bitdefender,2026-04-01,Unique Appliances,2,8.0,9.845400000000001,9.845400000000001,unique appliance
Bitdefender,2026-06-01,Insight Tech Advisors,1,12.0,9.84,9.84,in ight tech advi or
KeepIT,2026-06-01,University Computers,1,13.0,9.75,9.75,univer ity computer
Bitdefender,2026-03-01,Unique Appliances,2,8.0,9.723099999999999,9.723099999999999,unique appliance
ESET,2026-07-01,"ConnectWise, Inc. TEST",1,372.0,9.681911,9.681911,connectwi e inc te t
Bitdefender,2026-06-01,Unique Appliances,2,8.0,9.6346,9.6346,unique appliance
Webroot,2026-06-01,Towner Communications,1,17.0,9.52,9.52,towner communication
Webroot,2026-07-01,EAG 1Source,1,17.0,9.52,9.52,eag 1 ource
Webroot,2026-07-01,Towner Communications,1,17.0,9.52,9.52,towner communication
ESET,2026-06-01,"ConnectWise, Inc. TEST",1,360.0,9.369592,9.369592,connectwi e inc te t
Webroot,2026-04-01,EAG 1Source,1,18.0,9.36,9.36,eag 1 ource
Webroot,2026-02-01,EAG 1Source,1,18.0,9.36,9.36,eag 1 ource
Webroot,2026-03-01,TRIO Technical Solutions Ltd,1,18.0,9.36,9.36,trio technical  olution  ltd
Webroot,2026-04-01,Symmetry-IT,1,18.0,9.36,9.36,ymmetry it
ESET,2026-07-01,DG Network Solutions LLC,1,280.0,9.314462,9.314462,dg network  olution  llc
Bitdefender,2026-08-01,Insight Tech Advisors,1,11.0,9.02,9.02,in ight tech advi or
Bitdefender,2026-04-01,Insight Tech Advisors,1,11.0,9.02,9.02,in ight tech advi or
Bitdefender,2026-07-01,Insight Tech Advisors,1,11.0,9.02,9.02,in ight tech advi or
Webroot,2026-07-01,DigitalBrainz,1,17.0,9.01,9.01,digitalbrainz
Webroot,2026-06-01,DigitalBrainz,1,17.0,9.01,9.01,digitalbrainz
Webroot,2026-07-01,PC Solutions,1,16.0,8.96,8.96,pc  olution
Webroot,2026-05-01,Towner Communications,1,17.0,8.84,8.84,towner communication
Webroot,2026-05-01,PC Solutions,1,17.0,8.84,8.84,pc  olution
Webroot,2026-04-01,TRIO Technical Solutions Ltd,1,17.0,8.84,8.84,trio technical  olution  ltd
Webroot,2026-02-01,Towner Communications,1,17.0,8.84,8.84,towner communication
Webroot,2026-04-01,Towner Communications,1,17.0,8.84,8.84,towner communication
Webroot,2026-03-01,Towner Communications,1,17.0,8.84,8.84,towner communication
Webroot,2026-02-01,Continuum Mumbai,1,17.0,8.84,8.84,continuum mumbai
Webroot,2026-01-01,Towner Communications,1,17.0,8.84,8.84,towner communication
Webroot,2026-05-01,EAG 1Source,1,17.0,8.84,8.84,eag 1 ource
SentinelOne,2026-03-01,CW DEV Fortify Dev Account 3,2,14.0,8.72,8.72,cw dev fortify dev account 3
SentinelOne,2026-05-01,CW DEV Fortify Dev Account 3,2,14.0,8.72,8.72,cw dev fortify dev account 3
SentinelOne,2026-06-01,CW DEV Fortify Dev Account 3,2,14.0,8.72,8.72,cw dev fortify dev account 3
SentinelOne,2026-02-01,CW DEV Fortify Dev Account 3,2,14.0,8.72,8.72,cw dev fortify dev account 3
SentinelOne,2026-07-01,CW DEV Fortify Dev Account 3,2,14.0,8.72,8.72,cw dev fortify dev account 3
SentinelOne,2026-01-01,CW DEV Fortify Dev Account 3,2,14.0,8.670864,8.670864,cw dev fortify dev account 3
SentinelOne,2026-04-01,CW DEV Fortify Dev Account 3,2,14.0,8.660949,8.660949,cw dev fortify dev account 3
Acronis,2026-01-01,PCPLUS NETWORKS1,1,5.0,8.52,8.52,pcplu  network 1
Acronis,2026-07-01,PCPLUS NETWORKS1,1,5.0,8.52,8.52,pcplu  network 1
Acronis,2026-06-01,PCPLUS NETWORKS1,1,5.0,8.52,8.52,pcplu  network 1
Acronis,2026-04-01,PCPLUS NETWORKS1,1,5.0,8.52,8.52,pcplu  network 1
Acronis,2026-05-01,PCPLUS NETWORKS1,1,5.0,8.52,8.52,pcplu  network 1
Acronis,2026-02-01,PCPLUS NETWORKS1,1,5.0,8.52,8.52,pcplu  network 1
Acronis,2026-03-01,PCPLUS NETWORKS1,1,5.0,8.52,8.52,pcplu  network 1
Bitdefender,2026-03-01,"K & A Innovations, LLC",1,6.0,8.4,8.4,k a innovation  llc
Bitdefender,2026-07-01,Tech Mesa,1,6.0,8.4,8.4,tech me a
Bitdefender,2026-02-01,"K & A Innovations, LLC",1,6.0,8.4,8.4,k a innovation  llc
Bitdefender,2026-01-01,Tech Mesa,1,6.0,8.4,8.4,tech me a
Bitdefender,2026-03-01,Tech Mesa,1,6.0,8.4,8.4,tech me a
Bitdefender,2026-01-01,"K & A Innovations, LLC",1,6.0,8.4,8.4,k a innovation  llc
Bitdefender,2026-04-01,Tech Mesa,1,6.0,8.4,8.4,tech me a
Bitdefender,2026-06-01,Tech Mesa,1,6.0,8.4,8.4,tech me a
Bitdefender,2026-02-01,Tech Mesa,1,6.0,8.4,8.4,tech me a
Bitdefender,2026-05-01,Tech Mesa,1,6.0,8.4,8.4,tech me a
Bitdefender,2026-04-01,"K & A Innovations, LLC",1,6.0,8.4,8.4,k a innovation  llc
Webroot,2026-05-01,emeademoal,3,17.0,8.36,8.36,emeademoal
Webroot,2026-06-01,Network Enginuity,3,16.0,8.3,8.3,network enginuity
SentinelOne,2026-02-01,Team-40-ai-test,7,14.0,8.08,8.08,team 40 ai te t
ESET,2026-05-01,"ConnectWise, Inc. TEST",2,372.0,7.915813,7.915813,connectwi e inc te t
ESET,2026-02-01,"ConnectWise, Inc. TEST",2,336.0,7.859679999999999,7.859679999999999,connectwi e inc te t
Bitdefender,2026-07-01,Jilasoan,3,7.0,7.840000000000001,7.840000000000001,jila oan
Bitdefender,2026-05-01,Jilasoan,3,7.0,7.84,7.84,jila oan
Webroot,2026-05-01,Network Enginuity,3,16.0,7.83,7.83,network enginuity
Webroot,2026-03-01,Continuum Mumbai,1,15.0,7.8,7.8,continuum mumbai
ESET,2026-04-01,"ConnectWise, Inc. TEST",2,360.0,7.782848,7.782848,connectwi e inc te t
ESET,2026-03-01,"ConnectWise, Inc. TEST",2,372.0,7.733077,7.733077,connectwi e inc te t
ESET,2026-01-01,"ConnectWise, Inc. TEST",2,372.0,7.732304,7.732304,connectwi e inc te t
SentinelOne,2026-01-01,GOXTECHNOLOGIESINC,2,10.0,7.55,7.55,goxtechnologie inc
Bitdefender,2026-01-01,T3voicenet,2,6.0,7.44,7.44,t3voicenet
Webroot,2026-06-01,TRIO Technical Solutions Ltd,1,13.0,7.28,7.28,trio technical  olution  ltd
Webroot,2026-07-01,TRIO Technical Solutions Ltd,1,13.0,7.28,7.28,trio technical  olution  ltd
Webroot,2026-06-01,PC Solutions,1,13.0,7.28,7.28,pc  olution
Webroot,2026-05-01,TRIO Technical Solutions Ltd,1,14.0,7.28,7.28,trio technical  olution  ltd
Bitdefender,2026-08-01,Unique Appliances,2,6.0,7.2606,7.2606,unique appliance
Bitdefender,2026-08-01,Jilasoan,3,6.0,7.16,7.16,jila oan
Bitdefender,2026-07-01,Unique Appliances,2,6.0,7.1557,7.1557,unique appliance
SentinelOne,2026-04-01,MBACIO,1,10.0,7.140949,7.140949,mbacio
SentinelOne,2026-01-01,CRU-Test,2,12.0,7.14,7.14,cru te t
Acronis,2026-05-01,MobileTech Ltd,4,145.64,7.130772,7.130772,mobiletech ltd
Bitdefender,2026-08-01,Tech Mesa,1,5.0,7.0,7.0,tech me a
Acronis,2026-06-01,Associated Time & Parking Controls,1,126.74,6.90733,6.90733,a ociated time parking control
Webroot,2026-01-01,Computer Network Solutions,1,13.0,6.76,6.76,computer network  olution
Webroot,2026-06-01,Computer Network Solutions,1,12.0,6.72,6.72,computer network  olution
Webroot,2026-07-01,Computer Network Solutions,1,12.0,6.72,6.72,computer network  olution
Acronis,2026-03-01,Associated Time & Parking Controls,1,123.25,6.717125,6.717125,a ociated time parking control
Acronis,2026-02-01,Associated Time & Parking Controls,1,122.91,6.698595,6.698595,a ociated time parking control
Acronis,2026-05-01,Associated Time & Parking Controls,1,122.91,6.698595,6.698595,a ociated time parking control
Acronis,2026-07-01,Associated Time & Parking Controls,1,122.44,6.67298,6.67298,a ociated time parking control
Acronis,2026-04-01,Associated Time & Parking Controls,1,121.99,6.648455,6.648455,a ociated time parking control
Acronis,2026-04-01,JEC Technologies Group,1,443.48,6.563504,6.563504,jec technologie  group
Acronis,2026-05-01,JEC Technologies Group,1,443.48,6.563504,6.563504,jec technologie  group
Acronis,2026-06-01,JEC Technologies Group,1,443.48,6.563504,6.563504,jec technologie  group
Acronis,2026-07-01,JEC Technologies Group,1,443.48,6.563504,6.563504,jec technologie  group
Acronis,2026-03-01,JEC Technologies Group,1,443.48,6.563504,6.563504,jec technologie  group
Acronis,2026-02-01,JEC Technologies Group,1,443.48,6.563504,6.563504,jec technologie  group
Acronis,2026-01-01,Associated Time & Parking Controls,1,118.55,6.460975,6.460975,a ociated time parking control
SentinelOne,2026-01-01,Team-40-ai-test,7,14.0,6.32,6.32,team 40 ai te t
Webroot,2026-01-01,emeademoal,3,13.0,6.29,6.29,emeademoal
Webroot,2026-04-01,emeademoal,3,13.0,6.28,6.28,emeademoal
Webroot,2026-02-01,emeademoal,3,13.0,6.28,6.28,emeademoal
Webroot,2026-03-01,emeademoal,3,13.0,6.28,6.28,emeademoal
Webroot,2026-04-01,Computer Network Solutions,1,12.0,6.24,6.24,computer network  olution
Webroot,2026-05-01,Computer Network Solutions,1,12.0,6.24,6.24,computer network  olution
Webroot,2026-02-01,Computer Network Solutions,1,12.0,6.24,6.24,computer network  olution
Webroot,2026-03-01,Computer Network Solutions,1,12.0,6.24,6.24,computer network  olution
SentinelOne,2026-05-01,CW DEV Fortify Dev Account 4,2,11.0,6.220000000000001,6.220000000000001,cw dev fortify dev account 4
SentinelOne,2026-06-01,CW DEV Fortify Dev Account 4,2,11.0,6.220000000000001,6.220000000000001,cw dev fortify dev account 4
SentinelOne,2026-07-01,CW DEV Fortify Dev Account 4,2,11.0,6.220000000000001,6.220000000000001,cw dev fortify dev account 4
SentinelOne,2026-04-01,CW DEV Fortify Dev Account 4,2,11.0,6.184570000000001,6.184570000000001,cw dev fortify dev account 4
Bitdefender,2026-03-01,Lucid Technologies,1,7.0,5.95,5.95,lucid technologie
Webroot,2026-02-01,Network Enginuity,2,12.0,5.9,5.9,network enginuity
Webroot,2026-04-01,Network Enginuity,2,12.0,5.9,5.9,network enginuity
Webroot,2026-03-01,Network Enginuity,2,12.0,5.9,5.9,network enginuity
Acronis,2026-07-01,Towner Communications,1,107.1,5.83695,5.83695,towner communication
SentinelOne,2026-07-01,LANGISTIC,1,8.0,5.76,5.76,langi tic
SentinelOne,2026-01-01,CW Automate,1,8.0,5.720691,5.720691,cw automate
SentinelOne,2026-03-01,RUSHAB,10,10.0,5.319999999999999,5.319999999999999,ru hab
Acronis,2026-06-01,Towner Communications,1,96.34,5.25053,5.25053,towner communication
Bitdefender,2026-07-01,Microtel Systems Corp,1,3.0,5.25,5.25,microtel  y tem  corp
Bitdefender,2026-05-01,Microtel Systems Corp,1,3.0,5.25,5.25,microtel  y tem  corp
Bitdefender,2026-04-01,Microtel Systems Corp,1,3.0,5.25,5.25,microtel  y tem  corp
Bitdefender,2026-02-01,Microtel Systems Corp,1,3.0,5.25,5.25,microtel  y tem  corp
Bitdefender,2026-03-01,Microtel Systems Corp,1,3.0,5.25,5.25,microtel  y tem  corp
Bitdefender,2026-06-01,Microtel Systems Corp,1,3.0,5.25,5.25,microtel  y tem  corp
Bitdefender,2026-08-01,Microtel Systems Corp,1,3.0,5.25,5.25,microtel  y tem  corp
Webroot,2026-01-01,Continuum Mumbai,1,10.0,5.2,5.2,continuum mumbai
Proofpoint,2026-03-01,Jeff Computers,2,4.0,5.199999999999999,5.199999999999999,jeff computer
Proofpoint,2026-05-01,Jeff Computers,2,4.0,5.199999999999999,5.199999999999999,jeff computer
Proofpoint,2026-01-01,Jeff Computers,2,4.0,5.199999999999999,5.199999999999999,jeff computer
Proofpoint,2026-04-01,Jeff Computers,2,4.0,5.199999999999999,5.199999999999999,jeff computer
Proofpoint,2026-06-01,Jeff Computers,2,4.0,5.199999999999999,5.199999999999999,jeff computer
Proofpoint,2026-07-01,Jeff Computers,2,4.0,5.199999999999999,5.199999999999999,jeff computer
Proofpoint,2026-02-01,Jeff Computers,2,4.0,5.199999999999999,5.199999999999999,jeff computer
Proofpoint,2026-07-01,NJ Tech Solutions,2,4.0,5.199999999999999,5.199999999999999,nj tech  olution
SentinelOne,2026-03-01,CW DEV Fortify Dev Account 4,2,9.0,5.12,5.12,cw dev fortify dev account 4
SentinelOne,2026-02-01,CW DEV Fortify Dev Account 4,2,9.0,5.12,5.12,cw dev fortify dev account 4
SentinelOne,2026-01-01,CW DEV Fortify Dev Account 4,2,9.0,5.095432000000001,5.095432000000001,cw dev fortify dev account 4
SentinelOne,2026-07-01,ONENET,3,9.0,5.069999999999999,5.069999999999999,onenet
SentinelOne,2026-06-01,CW DEV Fortify Dev Account 2,1,7.0,5.04,5.04,cw dev fortify dev account 2
SentinelOne,2026-05-01,CW DEV Fortify Dev Account 2,1,7.0,5.04,5.04,cw dev fortify dev account 2
SentinelOne,2026-02-01,CW Automate,1,7.0,5.04,5.04,cw automate
SentinelOne,2026-03-01,CW DEV Fortify Dev Account 2,1,7.0,5.04,5.04,cw dev fortify dev account 2
SentinelOne,2026-07-01,CW DEV Fortify Dev Account 2,1,7.0,5.04,5.04,cw dev fortify dev account 2
SentinelOne,2026-02-01,CW DEV Fortify Dev Account 2,1,7.0,5.04,5.04,cw dev fortify dev account 2
Webroot,2026-07-01,Continuum Mumbai,1,9.0,5.04,5.04,continuum mumbai
Webroot,2026-06-01,Continuum Mumbai,1,9.0,5.04,5.04,continuum mumbai
Bitdefender,2026-04-01,Symmetry-IT,1,4.0,5.0228,5.0228,ymmetry it
SentinelOne,2026-01-01,CW DEV Fortify Dev Account 2,1,7.0,5.005605,5.005605,cw dev fortify dev account 2
SentinelOne,2026-04-01,CW DEV Fortify Dev Account 2,1,7.0,4.998665,4.998665,cw dev fortify dev account 2
Bitdefender,2026-02-01,Symmetry-IT,1,4.0,4.9665,4.9665,ymmetry it
Acronis,2026-05-01,Towner Communications,1,90.42,4.92789,4.92789,towner communication
Acronis,2026-04-01,Towner Communications,1,87.43,4.764935,4.764935,towner communication
SentinelOne,2026-02-01,CRU-Test,2,8.0,4.76,4.76,cru te t
Acronis,2026-03-01,Towner Communications,1,86.59,4.719155,4.719155,towner communication
Webroot,2026-05-01,Symmetry-IT,1,9.0,4.68,4.68,ymmetry it
SentinelOne,2026-06-01,RUSHAB,9,9.0,4.6000000000000005,4.6000000000000005,ru hab
SentinelOne,2026-05-01,RUSHAB,9,9.0,4.6,4.6,ru hab
Webroot,2026-06-01,Lucid Technologies,1,8.0,4.48,4.48,lucid technologie
Webroot,2026-07-01,Lucid Technologies,1,8.0,4.48,4.48,lucid technologie
Acronis,2026-02-01,Towner Communications,1,81.37,4.434665,4.434665,towner communication
Webroot,2026-01-01,Network Enginuity,2,9.0,4.34,4.34,network enginuity
SentinelOne,2026-06-01,CAISOFTWARE-COVID731ACCESS,1,6.0,4.32,4.32,cai oftware covid731acce
SentinelOne,2026-07-01,PMT-Test,1,6.0,4.32,4.32,pmt te t
SentinelOne,2026-07-01,CAISOFTWARE-COVID731ACCESS,1,6.0,4.32,4.32,cai oftware covid731acce
SentinelOne,2026-02-01,PMT-Test,1,6.0,4.32,4.32,pmt te t
SentinelOne,2026-01-01,CW DEV Fortify Dev Account 6,1,6.0,4.290518,4.290518,cw dev fortify dev account 6
SentinelOne,2026-01-01,PMT-Test,1,6.0,4.290518,4.290518,pmt te t
SentinelOne,2026-04-01,PMT-Test,1,6.0,4.28457,4.28457,pmt te t
Bitdefender,2026-01-01,"WorldTech Management Solutions, LLC",1,3.0,4.2,4.2,worldtech management  olution  llc
Bitdefender,2026-03-01,"WorldTech Management Solutions, LLC",1,3.0,4.2,4.2,worldtech management  olution  llc
Webroot,2026-01-01,Certified CIO,2,8.0,4.17,4.17,certified cio
Webroot,2026-05-01,Lucid Technologies,1,8.0,4.16,4.16,lucid technologie
Webroot,2026-03-01,Lucid Technologies,1,8.0,4.16,4.16,lucid technologie
Acronis,2026-01-01,Towner Communications,1,76.22,4.15399,4.15399,towner communication
SentinelOne,2026-05-01,Team-40-ai-test,7,7.0,4.04,4.04,team 40 ai te t
SentinelOne,2026-07-01,Team-40-ai-test,7,7.0,4.04,4.04,team 40 ai te t
SentinelOne,2026-04-01,Team-40-ai-test,7,7.0,4.04,4.04,team 40 ai te t
SentinelOne,2026-03-01,Team-40-ai-test,7,7.0,4.039999999999999,4.039999999999999,team 40 ai te t
SentinelOne,2026-06-01,Team-40-ai-test,7,7.0,4.039999999999999,4.039999999999999,team 40 ai te t
Webroot,2026-07-01,Symmetry-IT,1,7.0,3.92,3.92,ymmetry it
Webroot,2026-06-01,Symmetry-IT,1,7.0,3.92,3.92,ymmetry it
SentinelOne,2026-07-01,CWSIEM SecEng,4,8.0,3.7399999999999998,3.7399999999999998,cw iem  eceng
Webroot,2026-04-01,Lucid Technologies,1,7.0,3.64,3.64,lucid technologie
Bitdefender,2026-03-01,Symmetry-IT,1,3.0,3.6365,3.6365,ymmetry it
Acronis,2026-03-01,UrTechnow,2,161.62,3.626176,3.626176,urtechnow
Acronis,2026-01-01,UrTechnow,2,161.62,3.626176,3.626176,urtechnow
Acronis,2026-02-01,UrTechnow,2,161.62,3.626176,3.626176,urtechnow
SentinelOne,2026-02-01,CW DEV CW01Dnd1,1,5.0,3.6,3.6,cw dev cw01dnd1
SentinelOne,2026-05-01,CW DEV CW01Dnd1,1,5.0,3.6,3.6,cw dev cw01dnd1
SentinelOne,2026-03-01,CW DEV CW01Dnd1,1,5.0,3.6,3.6,cw dev cw01dnd1
SentinelOne,2026-06-01,CW DEV CW01Dnd1,1,5.0,3.6,3.6,cw dev cw01dnd1
SentinelOne,2026-07-01,CW DEV CW01Dnd1,1,5.0,3.6,3.6,cw dev cw01dnd1
SentinelOne,2026-06-01,PMT-Test,1,5.0,3.6,3.6,pmt te t
SentinelOne,2026-05-01,PMT-Test,1,5.0,3.6,3.6,pmt te t
SentinelOne,2026-07-01,724NETWORKS,1,5.0,3.6,3.6,724network
SentinelOne,2026-03-01,PMT-Test,1,5.0,3.6,3.6,pmt te t
SentinelOne,2026-01-01,CW DEV CW01Dnd1,1,5.0,3.575432,3.575432,cw dev cw01dnd1
SentinelOne,2026-04-01,CW DEV CW01Dnd1,1,5.0,3.570475,3.570475,cw dev cw01dnd1
Proofpoint,2026-06-01,Next Level,2,2.0,3.29,3.29,next level
Proofpoint,2026-07-01,Next Level,2,2.0,3.29,3.29,next level
KeepIT,2026-01-01,Network Visual Solutions,1,5.0,3.25,3.25,network vi ual  olution
KeepIT,2026-02-01,Network Visual Solutions,1,5.0,3.25,3.25,network vi ual  olution
Bitdefender,2026-02-01,Jilasoan,2,3.0,3.16,3.16,jila oan
Webroot,2026-04-01,OT Group,1,6.0,3.12,3.12,ot group
Webroot,2026-05-01,OT Group,1,6.0,3.12,3.12,ot group
Webroot,2026-02-01,Certified CIO,1,6.0,3.12,3.12,certified cio
Webroot,2026-03-01,OT Group,1,6.0,3.12,3.12,ot group
Bitdefender,2026-05-01,AD Infogestion,2,4.0,3.1163999999999996,3.1163999999999996,ad infoge tion
Bitdefender,2026-04-01,AD Infogestion,2,4.0,3.1113999999999997,3.1113999999999997,ad infoge tion
Bitdefender,2026-03-01,AD Infogestion,2,4.0,3.0727,3.0727,ad infoge tion
Bitdefender,2026-08-01,AD Infogestion,2,4.0,3.0593,3.0593,ad infoge tion
Bitdefender,2026-06-01,AD Infogestion,2,4.0,3.0448,3.0448,ad infoge tion
SentinelOne,2026-05-01,BCDR NOC,2,4.0,3.02,3.02,bcdr noc
SentinelOne,2026-04-01,BCDR NOC,2,4.0,3.02,3.02,bcdr noc
SentinelOne,2026-07-01,BCDR NOC,2,4.0,3.02,3.02,bcdr noc
SentinelOne,2026-06-01,BCDR NOC,2,4.0,3.02,3.02,bcdr noc
SentinelOne,2026-07-01,LUMANOCLLC,2,4.0,3.02,3.02,lumanocllc
Bitdefender,2026-07-01,AD Infogestion,2,4.0,3.0152,3.0152,ad infoge tion
SentinelOne,2026-02-01,CW DEV Fortify Dev Account 1,1,4.0,2.88,2.88,cw dev fortify dev account 1
SentinelOne,2026-07-01,CW DEV Fortify Dev Account 1,1,4.0,2.88,2.88,cw dev fortify dev account 1
SentinelOne,2026-06-01,CW DEV Fortify Dev Account 1,1,4.0,2.88,2.88,cw dev fortify dev account 1
SentinelOne,2026-03-01,CW DEV Fortify Dev Account 1,1,4.0,2.88,2.88,cw dev fortify dev account 1
SentinelOne,2026-06-01,CW Automate,1,4.0,2.88,2.88,cw automate
SentinelOne,2026-07-01,AVIOMSP,1,4.0,2.88,2.88,aviom p
SentinelOne,2026-05-01,CW DEV Fortify Dev Account 1,1,4.0,2.88,2.88,cw dev fortify dev account 1
SentinelOne,2026-01-01,CW DEV Fortify Dev Account 1,1,4.0,2.860346,2.860346,cw dev fortify dev account 1
SentinelOne,2026-04-01,CW DEV Fortify Dev Account 1,1,4.0,2.85638,2.85638,cw dev fortify dev account 1
Bitdefender,2026-02-01,"WorldTech Management Solutions, LLC",1,2.0,2.8,2.8,worldtech management  olution  llc
Bitdefender,2026-07-01,"WorldTech Management Solutions, LLC",1,2.0,2.8,2.8,worldtech management  olution  llc
Bitdefender,2026-06-01,"WorldTech Management Solutions, LLC",1,2.0,2.8,2.8,worldtech management  olution  llc
Bitdefender,2026-05-01,"WorldTech Management Solutions, LLC",1,2.0,2.8,2.8,worldtech management  olution  llc
Bitdefender,2026-08-01,"WorldTech Management Solutions, LLC",1,2.0,2.8,2.8,worldtech management  olution  llc
Webroot,2026-06-01,The Greentree Group,1,5.0,2.8,2.8,the greentree group
Webroot,2026-06-01,OT Group,1,5.0,2.8,2.8,ot group
Proofpoint,2026-03-01,CBH Computers,1,5.0,2.75,2.75,cbh computer
Acronis,2026-07-01,MobileTech Ltd,2,143.64,2.742972,2.742972,mobiletech ltd
Acronis,2026-06-01,MobileTech Ltd,2,143.64,2.742972,2.742972,mobiletech ltd
Bitdefender,2026-05-01,Quick Fix Network,1,4.0,2.72,2.72,quick fix network
Acronis,2026-06-01,Glory Global Solutions NZ,1,49.74,2.71083,2.71083,glory global  olution  nz
Webroot,2026-01-01,Acclaim IT,1,5.0,2.65,2.65,acclaim it
Acronis,2026-05-01,Glory Global Solutions NZ,1,48.59,2.648155,2.648155,glory global  olution  nz
Acronis,2026-07-01,Glory Global Solutions NZ,1,48.01,2.616545,2.616545,glory global  olution  nz
Webroot,2026-02-01,OT Group,1,5.0,2.6,2.6,ot group
Webroot,2026-01-01,OT Group,1,5.0,2.6,2.6,ot group
SentinelOne,2026-02-01,RUSHAB,3,4.0,2.57,2.57,ru hab
SentinelOne,2026-01-01,RUSHAB,3,4.0,2.560173,2.560173,ru hab
Acronis,2026-04-01,Glory Global Solutions NZ,1,46.18,2.51681,2.51681,glory global  olution  nz
Acronis,2026-01-01,Glory Global Solutions NZ,1,45.77,2.494465,2.494465,glory global  olution  nz
Acronis,2026-03-01,Glory Global Solutions NZ,1,45.46,2.47757,2.47757,glory global  olution  nz
Acronis,2026-02-01,Glory Global Solutions NZ,1,45.06,2.45577,2.45577,glory global  olution  nz
SentinelOne,2026-07-01,CRU-Test,2,4.0,2.38,2.38,cru te t
SentinelOne,2026-06-01,CRU-Test,2,4.0,2.38,2.38,cru te t
SentinelOne,2026-05-01,CRU-Test,2,4.0,2.38,2.38,cru te t
SentinelOne,2026-02-01,SOCTEST,2,4.0,2.38,2.38,octe t
SentinelOne,2026-03-01,SOCTEST,2,4.0,2.38,2.38,octe t
SentinelOne,2026-04-01,SOCTEST,2,4.0,2.38,2.38,octe t
Proofpoint,2026-01-01,Alice Book,1,1.0,2.34,2.34,alice book
Proofpoint,2026-02-01,Alice Book,1,1.0,2.34,2.34,alice book
Proofpoint,2026-04-01,Alice Book,1,1.0,2.34,2.34,alice book
Proofpoint,2026-05-01,Alice Book,1,1.0,2.34,2.34,alice book
Proofpoint,2026-03-01,Alice Book,1,1.0,2.34,2.34,alice book
Proofpoint,2026-06-01,Alice Book,1,1.0,2.34,2.34,alice book
Webroot,2026-07-01,OT Group,1,4.0,2.24,2.24,ot group
Bitdefender,2026-05-01,Symmetry-IT,1,3.0,2.1546,2.1546,ymmetry it
Proofpoint,2026-07-01,Pegasus Technology Pty Ltd,2,2.0,2.1500000000000004,2.1500000000000004,pega u  technology pty ltd
Proofpoint,2026-06-01,Pegasus Technology Pty Ltd,2,2.0,2.1500000000000004,2.1500000000000004,pega u  technology pty ltd
Webroot,2026-05-01,Certified CIO,1,4.0,2.08,2.08,certified cio
Proofpoint,2026-05-01,"1 Up Tech, LLC",1,1.0,2.04,2.04,1 up tech llc
Proofpoint,2026-03-01,"1 Up Tech, LLC",1,1.0,2.04,2.04,1 up tech llc
Proofpoint,2026-04-01,"1 Up Tech, LLC",1,1.0,2.04,2.04,1 up tech llc
Proofpoint,2026-06-01,TRIO Technical Solutions Ltd,1,1.0,2.04,2.04,trio technical  olution  ltd
Proofpoint,2026-07-01,"1 Up Tech, LLC",1,1.0,2.04,2.04,1 up tech llc
Proofpoint,2026-06-01,"1 Up Tech, LLC",1,1.0,2.04,2.04,1 up tech llc
SentinelOne,2026-05-01,Mahesh-Test,4,4.0,1.99,1.99,mahe h te t
SentinelOne,2026-03-01,Mahesh-Test,4,4.0,1.99,1.99,mahe h te t
SentinelOne,2026-06-01,Mahesh-Test,4,4.0,1.99,1.99,mahe h te t
SentinelOne,2026-06-01,Packaging Corp - Test,4,4.0,1.87,1.87,packaging corp te t
SentinelOne,2026-01-01,Exium Test Account,4,4.0,1.87,1.87,exium te t account
SentinelOne,2026-07-01,Packaging Corp - Test,4,4.0,1.87,1.87,packaging corp te t
SentinelOne,2026-07-01,Exium Test Account,4,4.0,1.87,1.87,exium te t account
SentinelOne,2026-02-01,Exium Test Account,4,4.0,1.87,1.87,exium te t account
SentinelOne,2026-05-01,CWSIEM SecEng,4,4.0,1.87,1.87,cw iem  eceng
SentinelOne,2026-06-01,CWSIEM SecEng,4,4.0,1.87,1.87,cw iem  eceng
SentinelOne,2026-04-01,Exium Test Account,4,4.0,1.87,1.87,exium te t account
SentinelOne,2026-04-01,CWSIEM SecEng,4,4.0,1.87,1.87,cw iem  eceng
SentinelOne,2026-05-01,Exium Test Account,4,4.0,1.87,1.87,exium te t account
SentinelOne,2026-03-01,Exium Test Account,4,4.0,1.87,1.87,exium te t account
SentinelOne,2026-06-01,Exium Test Account,4,4.0,1.8699999999999999,1.8699999999999999,exium te t account
Proofpoint,2026-02-01,Wavehill IT Solutions,2,2.0,1.76,1.76,wavehill it  olution
Proofpoint,2026-07-01,Wavehill IT Solutions,2,2.0,1.76,1.76,wavehill it  olution
Proofpoint,2026-06-01,Wavehill IT Solutions,2,2.0,1.76,1.76,wavehill it  olution
Proofpoint,2026-05-01,Wavehill IT Solutions,2,2.0,1.76,1.76,wavehill it  olution
Proofpoint,2026-04-01,Wavehill IT Solutions,2,2.0,1.76,1.76,wavehill it  olution
Proofpoint,2026-03-01,Wavehill IT Solutions,2,2.0,1.76,1.76,wavehill it  olution
Proofpoint,2026-01-01,Wavehill IT Solutions,2,2.0,1.76,1.76,wavehill it  olution
Acronis,2026-01-01,SouthBridge Consulting,1,1.0,1.704,1.704,outhbridge con ulting
Acronis,2026-02-01,SouthBridge Consulting,1,1.0,1.704,1.704,outhbridge con ulting
Acronis,2026-04-01,SouthBridge Consulting,1,1.0,1.704,1.704,outhbridge con ulting
Acronis,2026-03-01,SouthBridge Consulting,1,1.0,1.704,1.704,outhbridge con ulting
SentinelOne,2026-02-01,Sahil,3,3.0,1.69,1.69,ahil
SentinelOne,2026-02-01,Tisdale_Demo,3,3.0,1.69,1.69,ti dale demo
SentinelOne,2026-01-01,Sahil,3,3.0,1.69,1.69,ahil
SentinelOne,2026-03-01,Sahil,3,3.0,1.69,1.69,ahil
Webroot,2026-07-01,Certified CIO,1,3.0,1.68,1.68,certified cio
Webroot,2026-06-01,Certified CIO,1,3.0,1.68,1.68,certified cio
Proofpoint,2026-04-01,Link High Technologies,1,1.0,1.65,1.65,link high technologie
Proofpoint,2026-05-01,Pegasus Technology Pty Ltd,1,1.0,1.6,1.6,pega u  technology pty ltd
Proofpoint,2026-07-01,Tech Success,1,1.0,1.6,1.6,tech  ucce
Webroot,2026-01-01,WebrootIntegration,1,3.0,1.56,1.56,webrootintegration
Webroot,2026-04-01,Certified CIO,1,3.0,1.56,1.56,certified cio
Webroot,2026-03-01,Certified CIO,1,3.0,1.56,1.56,certified cio
SentinelOne,2026-02-01,CW DEV Fortify Dev Account 7,1,2.0,1.44,1.44,cw dev fortify dev account 7
SentinelOne,2026-07-01,BKC-CPA,1,2.0,1.44,1.44,bkc cpa
SentinelOne,2026-03-01,CW DEV Fortify Dev Account 7,1,2.0,1.44,1.44,cw dev fortify dev account 7
SentinelOne,2026-06-01,CW DEV Fortify Dev Account 7,1,2.0,1.44,1.44,cw dev fortify dev account 7
SentinelOne,2026-03-01,MP-AmarTest1,1,2.0,1.44,1.44,mp amarte t1
SentinelOne,2026-05-01,CW DEV Fortify Dev Account 7,1,2.0,1.44,1.44,cw dev fortify dev account 7
SentinelOne,2026-07-01,CW DEV Fortify Dev Account 7,1,2.0,1.44,1.44,cw dev fortify dev account 7
SentinelOne,2026-01-01,CW DEV Fortify Dev Account 7,1,2.0,1.430173,1.430173,cw dev fortify dev account 7
SentinelOne,2026-04-01,CW Automate,1,2.0,1.42819,1.42819,cw automate
SentinelOne,2026-04-01,CW DEV Fortify Dev Account 7,1,2.0,1.42819,1.42819,cw dev fortify dev account 7
Bitdefender,2026-04-01,"WorldTech Management Solutions, LLC",1,1.0,1.4,1.4,worldtech management  olution  llc
Bitdefender,2026-04-01,Jilasoan,1,2.0,1.36,1.36,jila oan
SentinelOne,2026-01-01,Testing Grounds v1,2,2.0,1.31,1.31,te ting ground  v1
SentinelOne,2026-05-01,Testing Grounds v1,2,2.0,1.31,1.31,te ting ground  v1
SentinelOne,2026-06-01,Testing Grounds v1,2,2.0,1.31,1.31,te ting ground  v1
SentinelOne,2026-02-01,Testing Grounds v1,2,2.0,1.31,1.31,te ting ground  v1
SentinelOne,2026-07-01,Testing Grounds v1,2,2.0,1.31,1.31,te ting ground  v1
SentinelOne,2026-03-01,Testing Grounds v1,2,2.0,1.31,1.31,te ting ground  v1
SentinelOne,2026-04-01,Testing Grounds v1,2,2.0,1.31,1.31,te ting ground  v1
SentinelOne,2026-07-01,RUSHAB,2,2.0,1.28,1.28,ru hab
Proofpoint,2026-04-01,Pegasus Technology Pty Ltd,1,1.0,1.21,1.21,pega u  technology pty ltd
SentinelOne,2026-07-01,Chambersburg Peach Orchard,2,2.0,1.19,1.19,chamber burg peach orchard
SentinelOne,2026-02-01,Brittany Ward,2,2.0,1.19,1.19,brittany ward
SentinelOne,2026-02-01,Chambersburg Peach Orchard,2,2.0,1.19,1.19,chamber burg peach orchard
SentinelOne,2026-01-01,SOCTEST,2,2.0,1.19,1.19,octe t
SentinelOne,2026-03-01,Chambersburg Peach Orchard,2,2.0,1.19,1.19,chamber burg peach orchard
SentinelOne,2026-05-01,AAKARSHITA-SPSTRAINING,2,2.0,1.19,1.19,aakar hita  p training
SentinelOne,2026-05-01,Chambersburg Peach Orchard,2,2.0,1.19,1.19,chamber burg peach orchard
SentinelOne,2026-06-01,AAKARSHITA-SPSTRAINING,2,2.0,1.19,1.19,aakar hita  p training
SentinelOne,2026-04-01,Chambersburg Peach Orchard,2,2.0,1.19,1.19,chamber burg peach orchard
SentinelOne,2026-01-01,Brittany Ward,2,2.0,1.19,1.19,brittany ward
SentinelOne,2026-03-01,Brittany Ward,2,2.0,1.19,1.19,brittany ward
SentinelOne,2026-04-01,CRU-Test,2,2.0,1.19,1.19,cru te t
SentinelOne,2026-03-01,CRU-Test,2,2.0,1.19,1.19,cru te t
SentinelOne,2026-07-01,SOCTEST,2,2.0,1.19,1.19,octe t
SentinelOne,2026-04-01,AAKARSHITA-SPSTRAINING,2,2.0,1.19,1.19,aakar hita  p training
SentinelOne,2026-07-01,AAKARSHITA-SPSTRAINING,2,2.0,1.19,1.19,aakar hita  p training
SentinelOne,2026-05-01,SOCTEST,2,2.0,1.19,1.19,octe t
SentinelOne,2026-06-01,Chambersburg Peach Orchard,2,2.0,1.19,1.19,chamber burg peach orchard
SentinelOne,2026-06-01,Brittany Ward,2,2.0,1.19,1.19,brittany ward
SentinelOne,2026-07-01,Brittany Ward,2,2.0,1.19,1.19,brittany ward
SentinelOne,2026-04-01,Brittany Ward,2,2.0,1.19,1.19,brittany ward
SentinelOne,2026-01-01,AAKARSHITA-SPSTRAINING,2,2.0,1.19,1.19,aakar hita  p training
SentinelOne,2026-05-01,Brittany Ward,2,2.0,1.19,1.19,brittany ward
SentinelOne,2026-03-01,AAKARSHITA-SPSTRAINING,2,2.0,1.19,1.19,aakar hita  p training
SentinelOne,2026-06-01,SOCTEST,2,2.0,1.19,1.19,octe t
SentinelOne,2026-01-01,Chambersburg Peach Orchard,2,2.0,1.19,1.19,chamber burg peach orchard
SentinelOne,2026-02-01,AAKARSHITA-SPSTRAINING,2,2.0,1.19,1.19,aakar hita  p training
Bitdefender,2026-03-01,Nuvex Solutions,1,1.0,1.1795,1.1795,nuvex  olution
Bitdefender,2026-02-01,Nuvex Solutions,1,1.0,1.179,1.179,nuvex  olution
Bitdefender,2026-06-01,Nuvex Solutions,1,1.0,1.1778,1.1778,nuvex  olution
Bitdefender,2026-04-01,Nuvex Solutions,1,1.0,1.1759,1.1759,nuvex  olution
Bitdefender,2026-05-01,Nuvex Solutions,1,1.0,1.1759,1.1759,nuvex  olution
Bitdefender,2026-01-01,Nuvex Solutions,1,1.0,1.1693,1.1693,nuvex  olution
Bitdefender,2026-07-01,Nuvex Solutions,1,1.0,1.1507,1.1507,nuvex  olution
Bitdefender,2026-08-01,Nuvex Solutions,1,1.0,1.1395,1.1395,nuvex  olution
Webroot,2026-06-01,hareshn,1,2.0,1.12,1.12,hare hn
Webroot,2026-07-01,hareshn,1,2.0,1.12,1.12,hare hn
SentinelOne,2026-05-01,CW DEV EMEA-FORTIFYDEV-1,2,2.0,1.1,1.1,cw dev emea fortifydev 1
SentinelOne,2026-05-01,CW DEV EMEA_CW02-FORTIFYDEV-2,2,2.0,1.1,1.1,cw dev emea cw02 fortifydev 2
SentinelOne,2026-03-01,CW DEV EMEA_CW02-FORTIFYDEV-2,2,2.0,1.1,1.1,cw dev emea cw02 fortifydev 2
SentinelOne,2026-03-01,CW DEV CW03Dnd3,2,2.0,1.1,1.1,cw dev cw03dnd3
SentinelOne,2026-07-01,CW DEV CW03Dnd3,2,2.0,1.1,1.1,cw dev cw03dnd3
SentinelOne,2026-05-01,CW DEV CW03Dnd3,2,2.0,1.1,1.1,cw dev cw03dnd3
SentinelOne,2026-03-01,CW DEV EMEA-FORTIFYDEV-1,2,2.0,1.1,1.1,cw dev emea fortifydev 1
SentinelOne,2026-07-01,CW DEV EMEA-FORTIFYDEV-1,2,2.0,1.1,1.1,cw dev emea fortifydev 1
SentinelOne,2026-06-01,CW DEV EMEA-FORTIFYDEV-1,2,2.0,1.1,1.1,cw dev emea fortifydev 1
SentinelOne,2026-02-01,CW DEV CW03Dnd3,2,2.0,1.1,1.1,cw dev cw03dnd3
SentinelOne,2026-06-01,CW DEV CW03Dnd3,2,2.0,1.1,1.1,cw dev cw03dnd3
SentinelOne,2026-07-01,CW DEV EMEA_CW02-FORTIFYDEV-2,2,2.0,1.1,1.1,cw dev emea cw02 fortifydev 2
SentinelOne,2026-06-01,CW DEV EMEA_CW02-FORTIFYDEV-2,2,2.0,1.1,1.1,cw dev emea cw02 fortifydev 2
SentinelOne,2026-02-01,CW DEV EMEA_CW02-FORTIFYDEV-2,2,2.0,1.1,1.1,cw dev emea cw02 fortifydev 2
SentinelOne,2026-02-01,CW DEV EMEA-FORTIFYDEV-1,2,2.0,1.1,1.1,cw dev emea fortifydev 1
SentinelOne,2026-01-01,CW DEV CW03Dnd3,2,2.0,1.095086,1.095086,cw dev cw03dnd3
SentinelOne,2026-01-01,CW DEV EMEA-FORTIFYDEV-1,2,2.0,1.095086,1.095086,cw dev emea fortifydev 1
SentinelOne,2026-01-01,CW DEV EMEA_CW02-FORTIFYDEV-2,2,2.0,1.095086,1.095086,cw dev emea cw02 fortifydev 2
SentinelOne,2026-04-01,CW DEV CW03Dnd3,2,2.0,1.094095,1.094095,cw dev cw03dnd3
SentinelOne,2026-04-01,CW DEV EMEA-FORTIFYDEV-1,2,2.0,1.094095,1.094095,cw dev emea fortifydev 1
SentinelOne,2026-04-01,CW DEV EMEA_CW02-FORTIFYDEV-2,2,2.0,1.094095,1.094095,cw dev emea cw02 fortifydev 2
Bitdefender,2026-08-01,Tech Savvy Team LLC,1,1.0,1.05,1.05,tech  avvy team llc
Bitdefender,2026-05-01,Tech Savvy Team LLC,1,1.0,1.05,1.05,tech  avvy team llc
Webroot,2026-02-01,WebrootIntegration,1,2.0,1.04,1.04,webrootintegration
Webroot,2026-05-01,hareshn,1,2.0,1.04,1.04,hare hn
SentinelOne,2026-05-01,CW DEV Account 2,1,1.0,1.01,1.01,cw dev account 2
SentinelOne,2026-05-01,CW DEV Account 4,1,1.0,1.01,1.01,cw dev account 4
SentinelOne,2026-02-01,CW DEV Account 2,1,1.0,1.01,1.01,cw dev account 2
SentinelOne,2026-01-01,CW DEV Account 2,1,1.0,1.01,1.01,cw dev account 2
SentinelOne,2026-03-01,CW DEV Account 2,1,1.0,1.01,1.01,cw dev account 2
SentinelOne,2026-06-01,CW DEV Account 4,1,1.0,1.01,1.01,cw dev account 4
SentinelOne,2026-04-01,CW DEV Account 2,1,1.0,1.01,1.01,cw dev account 2
SentinelOne,2026-07-01,CW DEV Account 2,1,1.0,1.01,1.01,cw dev account 2
SentinelOne,2026-02-01,CW DEV Account 4,1,1.0,1.01,1.01,cw dev account 4
SentinelOne,2026-01-01,CW DEV Account 4,1,1.0,1.01,1.01,cw dev account 4
SentinelOne,2026-06-01,CW DEV Account 2,1,1.0,1.01,1.01,cw dev account 2
SentinelOne,2026-07-01,OZONEITSERVICES,1,1.0,1.01,1.01,ozoneit ervice
SentinelOne,2026-07-01,CW DEV Account 4,1,1.0,1.01,1.01,cw dev account 4
SentinelOne,2026-04-01,CW DEV Account 4,1,1.0,1.01,1.01,cw dev account 4
SentinelOne,2026-03-01,CW DEV Account 4,1,1.0,1.01,1.01,cw dev account 4
Bitdefender,2026-04-01,Advantage IT Services,1,1.0,0.95,0.95,advantage it  ervice
Bitdefender,2026-03-01,Advantage IT Services,1,1.0,0.95,0.95,advantage it  ervice
Bitdefender,2026-02-01,Advantage IT Services,1,1.0,0.95,0.95,advantage it  ervice
Bitdefender,2026-01-01,Advantage IT Services,1,1.0,0.95,0.95,advantage it  ervice
Bitdefender,2026-06-01,Advantage IT Services,1,1.0,0.95,0.95,advantage it  ervice
Bitdefender,2026-05-01,Advantage IT Services,1,1.0,0.95,0.95,advantage it  ervice
SentinelOne,2026-02-01,CW DEV Account 1,1,1.0,0.72,0.72,cw dev account 1
SentinelOne,2026-07-01,CW DEV CONTINUUM-SOC,1,1.0,0.72,0.72,cw dev continuum  oc
SentinelOne,2026-03-01,CW DEV Account 1,1,1.0,0.72,0.72,cw dev account 1
SentinelOne,2026-05-01,CW DEV CONTINUUM-SOC,1,1.0,0.72,0.72,cw dev continuum  oc
SentinelOne,2026-07-01,CW Automate,1,1.0,0.72,0.72,cw automate
SentinelOne,2026-07-01,CW DEV Account 3,1,1.0,0.72,0.72,cw dev account 3
SentinelOne,2026-05-01,CONTINUUM-TEST,1,1.0,0.72,0.72,continuum te t
SentinelOne,2026-03-01,CW DEV Account 3,1,1.0,0.72,0.72,cw dev account 3
SentinelOne,2026-02-01,CW DEV CW01Dnd2,1,1.0,0.72,0.72,cw dev cw01dnd2
SentinelOne,2026-07-01,CW DEV CW01Dnd2,1,1.0,0.72,0.72,cw dev cw01dnd2
SentinelOne,2026-07-01,MP-AmarTest1,1,1.0,0.72,0.72,mp amarte t1
SentinelOne,2026-05-01,CW DEV Account 1,1,1.0,0.72,0.72,cw dev account 1
SentinelOne,2026-02-01,CW DEV Account 3,1,1.0,0.72,0.72,cw dev account 3
SentinelOne,2026-05-01,CW DEV CW01Dnd2,1,1.0,0.72,0.72,cw dev cw01dnd2
SentinelOne,2026-07-01,MANSFIELDCOMPUTINGSOLUTIONS,1,1.0,0.72,0.72,man fieldcomputing olution
SentinelOne,2026-06-01,MP-AmarTest1,1,1.0,0.72,0.72,mp amarte t1
SentinelOne,2026-03-01,IQTECH,1,1.0,0.72,0.72,iqtech
SentinelOne,2026-06-01,CW DEV Account 1,1,1.0,0.72,0.72,cw dev account 1
SentinelOne,2026-03-01,CW DEV CW01Dnd2,1,1.0,0.72,0.72,cw dev cw01dnd2
SentinelOne,2026-06-01,CW DEV Account 3,1,1.0,0.72,0.72,cw dev account 3
SentinelOne,2026-06-01,CW DEV CW01Dnd2,1,1.0,0.72,0.72,cw dev cw01dnd2
SentinelOne,2026-05-01,CW DEV Account 3,1,1.0,0.72,0.72,cw dev account 3
SentinelOne,2026-05-01,CW Automate,1,1.0,0.72,0.72,cw automate
SentinelOne,2026-06-01,CW DEV CONTINUUM-SOC,1,1.0,0.72,0.72,cw dev continuum  oc
SentinelOne,2026-07-01,CW DEV Account 1,1,1.0,0.72,0.72,cw dev account 1
SentinelOne,2026-07-01,CONTINUUM-TEST,1,1.0,0.72,0.72,continuum te t
SentinelOne,2026-02-01,CW DEV CONTINUUM-SOC,1,1.0,0.72,0.72,cw dev continuum  oc
SentinelOne,2026-06-01,CONTINUUM-TEST,1,1.0,0.72,0.72,continuum te t
SentinelOne,2026-03-01,CW DEV CONTINUUM-SOC,1,1.0,0.72,0.72,cw dev continuum  oc
SentinelOne,2026-07-01,NJTECH,1,1.0,0.72,0.72,njtech
SentinelOne,2026-01-01,CW DEV Account 1,1,1.0,0.715086,0.715086,cw dev account 1
SentinelOne,2026-01-01,CW DEV CW01Dnd2,1,1.0,0.715086,0.715086,cw dev cw01dnd2
SentinelOne,2026-01-01,CW DEV Account 3,1,1.0,0.715086,0.715086,cw dev account 3
SentinelOne,2026-01-01,CW DEV CONTINUUM-SOC,1,1.0,0.715086,0.715086,cw dev continuum  oc
SentinelOne,2026-04-01,RUSHAB,1,1.0,0.714095,0.714095,ru hab
SentinelOne,2026-04-01,CW DEV CW01Dnd2,1,1.0,0.714095,0.714095,cw dev cw01dnd2
SentinelOne,2026-04-01,CONTINUUM-TEST,1,1.0,0.714095,0.714095,continuum te t
SentinelOne,2026-04-01,MP-AmarTest1,1,1.0,0.714095,0.714095,mp amarte t1
SentinelOne,2026-04-01,CW DEV Account 1,1,1.0,0.714095,0.714095,cw dev account 1
SentinelOne,2026-04-01,CW DEV Account 3,1,1.0,0.714095,0.714095,cw dev account 3
SentinelOne,2026-04-01,CW DEV CONTINUUM-SOC,1,1.0,0.714095,0.714095,cw dev continuum  oc
Bitdefender,2026-01-01,Jilasoan,1,1.0,0.68,0.68,jila oan
Bitdefender,2026-03-01,Jilasoan,1,1.0,0.68,0.68,jila oan
Bitdefender,2026-01-01,Quick Fix Network,1,1.0,0.68,0.68,quick fix network
Acronis,2026-05-01,"Cook Consulting & Services, LLC",3,2.04,0.666116,0.666116,cook con ulting  ervice  llc
Acronis,2026-01-01,"Cook Consulting & Services, LLC",3,2.04,0.666116,0.666116,cook con ulting  ervice  llc
Acronis,2026-07-01,"Cook Consulting & Services, LLC",3,2.04,0.666116,0.666116,cook con ulting  ervice  llc
Acronis,2026-06-01,"Cook Consulting & Services, LLC",3,2.04,0.666116,0.666116,cook con ulting  ervice  llc
Acronis,2026-02-01,"Cook Consulting & Services, LLC",3,2.04,0.666116,0.666116,cook con ulting  ervice  llc
Acronis,2026-03-01,"Cook Consulting & Services, LLC",3,2.04,0.666116,0.666116,cook con ulting  ervice  llc
Acronis,2026-04-01,"Cook Consulting & Services, LLC",3,2.04,0.666116,0.666116,cook con ulting  ervice  llc
Acronis,2026-04-01,Tech Savvy Team LLC,1,1.0,0.6319,0.6319,tech  avvy team llc
Acronis,2026-02-01,Tech Savvy Team LLC,1,1.0,0.6319,0.6319,tech  avvy team llc
Acronis,2026-06-01,Tech Savvy Team LLC,1,1.0,0.6319,0.6319,tech  avvy team llc
Acronis,2026-03-01,Tech Savvy Team LLC,1,1.0,0.6319,0.6319,tech  avvy team llc
Acronis,2026-03-01,Dork 2 Door Solutions,1,1.0,0.6319,0.6319,dork 2 door  olution
Acronis,2026-05-01,Tech Savvy Team LLC,1,1.0,0.6319,0.6319,tech  avvy team llc
Acronis,2026-07-01,Tech Savvy Team LLC,1,1.0,0.6319,0.6319,tech  avvy team llc
Acronis,2026-01-01,Tech Savvy Team LLC,1,1.0,0.6319,0.6319,tech  avvy team llc
Acronis,2026-02-01,Dork 2 Door Solutions,1,1.0,0.6319,0.6319,dork 2 door  olution
Acronis,2026-01-01,Dork 2 Door Solutions,1,1.0,0.6319,0.6319,dork 2 door  olution
Webroot,2026-07-01,CommandQA,1,1.0,0.56,0.56,commandqa
Webroot,2026-07-01,QATestMemberOSS676,1,1.0,0.56,0.56,qate tmembero 676
Webroot,2026-06-01,QATestMemberOSS676,1,1.0,0.56,0.56,qate tmembero 676
Webroot,2026-06-01,CommandQA,1,1.0,0.56,0.56,commandqa
Webroot,2026-07-01,Flmakebusiness LLC,1,1.0,0.56,0.56,flmakebu ine  llc
Webroot,2026-06-01,Flmakebusiness LLC,1,1.0,0.56,0.56,flmakebu ine  llc
Proofpoint,2026-02-01,"1 Up Tech, LLC",1,1.0,0.55,0.55,1 up tech llc
Webroot,2026-04-01,American Computer Consultants Inc  (ACCi),1,1.0,0.53,0.53,american computer con ultant  inc acci
Webroot,2026-02-01,American Computer Consultants Inc  (ACCi),1,1.0,0.53,0.53,american computer con ultant  inc acci
Webroot,2026-03-01,American Computer Consultants Inc  (ACCi),1,1.0,0.53,0.53,american computer con ultant  inc acci
Webroot,2026-01-01,American Computer Consultants Inc  (ACCi),1,1.0,0.53,0.53,american computer con ultant  inc acci
Webroot,2026-05-01,American Computer Consultants Inc  (ACCi),1,1.0,0.53,0.53,american computer con ultant  inc acci
Webroot,2026-02-01,hareshn,1,1.0,0.52,0.52,hare hn
Webroot,2026-05-01,CWProdTestPartner,1,1.0,0.52,0.52,cwprodte tpartner
Webroot,2026-03-01,hareshn,1,1.0,0.52,0.52,hare hn
Webroot,2026-02-01,CommandQA,1,1.0,0.52,0.52,commandqa
Webroot,2026-01-01,hareshn,1,1.0,0.52,0.52,hare hn
Webroot,2026-01-01,CommandQA,1,1.0,0.52,0.52,commandqa
Webroot,2026-04-01,CWProdTestPartner,1,1.0,0.52,0.52,cwprodte tpartner
Webroot,2026-02-01,CWProdTestPartner,1,1.0,0.52,0.52,cwprodte tpartner
Webroot,2026-03-01,CWProdTestPartner,1,1.0,0.52,0.52,cwprodte tpartner
Webroot,2026-04-01,CommandQA,1,1.0,0.52,0.52,commandqa
Webroot,2026-01-01,Flmakebusiness LLC,1,1.0,0.52,0.52,flmakebu ine  llc
Webroot,2026-02-01,Flmakebusiness LLC,1,1.0,0.52,0.52,flmakebu ine  llc
Webroot,2026-05-01,QATestMemberOSS676,1,1.0,0.52,0.52,qate tmembero 676
Webroot,2026-01-01,CWProdTestPartner,1,1.0,0.52,0.52,cwprodte tpartner
Webroot,2026-05-01,CommandQA,1,1.0,0.52,0.52,commandqa
Webroot,2026-03-01,CommandQA,1,1.0,0.52,0.52,commandqa
Webroot,2026-01-01,QATestMemberOSS676,1,1.0,0.52,0.52,qate tmembero 676
Webroot,2026-05-01,Flmakebusiness LLC,1,1.0,0.52,0.52,flmakebu ine  llc
Webroot,2026-04-01,QATestMemberOSS676,1,1.0,0.52,0.52,qate tmembero 676
Webroot,2026-04-01,hareshn,1,1.0,0.52,0.52,hare hn
Webroot,2026-02-01,QATestMemberOSS676,1,1.0,0.52,0.52,qate tmembero 676
Webroot,2026-03-01,QATestMemberOSS676,1,1.0,0.52,0.52,qate tmembero 676
Webroot,2026-04-01,Flmakebusiness LLC,1,1.0,0.52,0.52,flmakebu ine  llc
Webroot,2026-03-01,Flmakebusiness LLC,1,1.0,0.52,0.52,flmakebu ine  llc
